account_number,customer_cif,customer_branch_ifsc,account_category,account_type,account_status,account_opening_date,inoperative_status_date,credit_summation_period,debit_summation_period
21955574410087,794695104831,HDFC041754,Savings,Premium,Active,08-08-2019,,1380042.02,1607463.35
21383267247965,794695104831,HDFC041754,Savings,Premium,Active,22-06-2018,,753638.31,3258141.21
242560291266,742395798557,KKBK061223,Salary,BSBD,Active,05-05-2022,,1514110.25,2749157.55
48953286670777,292085902906,HDFC053164,Fixed Deposit,Regular,Active,15-10-2021,,4950761.94,3557443.51
9357986825181815,538445601393,PUNB089871,Salary,BSBD,Closed,26-02-2018,,0.0,0.0
34227665050,128904137467,SBIN037912,Savings,Basic,Active,02-01-2024,,89959.72,831621.53
83486093989151,975567584922,BARB030617,Salary,Premium,Active,30-04-2024,,2562117.93,6512582.27
951649230434,973001796990,CNRB038918,Salary,Regular,Active,06-07-2024,,2444560.58,3084926.33
5914859512113,973001796990,CNRB038918,Savings,BSBD,Active,19-11-2024,,609799.99,2848022.27
9299838634927,199943049672,UTIB020594,Recurring Deposit,Basic,Active,15-02-2023,,540850.78,1344495.57
9235408796159,199943049672,UTIB020594,Savings,Regular,Active,11-04-2020,,1384528.74,3027787.0
31160491711664,933786795023,HDFC045599,Salary,Regular,Active,27-03-2023,,1936237.59,2441895.02
56489275152630,933786795023,HDFC045599,Savings,Premium,Active,11-06-2019,,2146068.79,3201103.76
936002118571,524834551942,ICIC080542,Savings,Premium,Active,24-04-2022,,4240365.29,6495581.64
98399881134,898734675667,CNRB018710,Savings,Basic,Active,03-04-2024,,1552107.46,4422790.86
9164181889378,493049218308,UTIB075235,Savings,Regular,Active,26-10-2019,,1571100.05,5959550.3
10579615508,325099757838,SBIN019785,Savings,Premium,Active,16-04-2021,,235324.62,861771.01
57309344665,618610719387,SBIN025990,Salary,BSBD,Active,30-06-2022,,2210252.5,3461146.27
369734407593,924750859951,IOBA026768,Current,Corporate,Active,20-11-2019,,4191940.14,8980652.8
7823107521141,924750859951,IOBA026768,Current,Regular,Active,04-03-2016,,1137707.1,2992339.03
60762683067,420142077431,KKBK019356,Recurring Deposit,Regular,Active,01-04-2023,,1284253.87,3414478.78
27247338186553,420142077431,KKBK019356,Savings,Regular,Active,08-02-2021,,2836102.47,2450713.88
1086506198253,580030035342,CNRB049587,Savings,BSBD,Active,12-12-2016,,468607.49,2577038.27
6684460792172,580030035342,CNRB049587,Savings,Basic,Active,14-04-2024,,1399026.02,5574998.29
39958152903283,342253202781,HDFC041951,Savings,BSBD,Active,22-04-2020,,3314854.64,4823708.47
66402238694874,342253202781,HDFC041951,Fixed Deposit,Basic,Active,03-11-2020,,530326.89,2404814.02
69273047994918,118212024877,HDFC021973,Fixed Deposit,BSBD,Active,07-07-2024,,1569931.79,1836977.56
57652807119544,118212024877,HDFC021973,Current,BSBD,Active,21-02-2024,,1681394.12,2076004.02
27600947373,773350518711,SBIN055441,Salary,Regular,Active,01-09-2022,,2142995.69,2994729.41
8716100705114496,472907235387,PUNB012217,Fixed Deposit,Corporate,Active,31-01-2018,,611688.15,6395598.02
5417153708732455,472907235387,PUNB012217,Current,Corporate,Active,22-07-2017,,3147767.16,12061927.65
239999619897,882985460655,KKBK066176,Savings,BSBD,Active,21-06-2020,,718118.9,2865099.77
9281769540817,698870655646,UTIB062255,Savings,Premium,Active,19-12-2020,,787053.95,2011604.96
9185248508606,698870655646,UTIB062255,Salary,Basic,Active,17-08-2021,,2407523.3,4649676.94
68984937650149,175178937402,HDFC049384,Current,Basic,Active,23-07-2023,,1479022.61,4264475.44
471043264524,239397949975,KKBK050603,Savings,Premium,Active,13-06-2021,,2740010.01,3531902.35
62465765292,239397949975,KKBK050603,Recurring Deposit,Basic,Active,15-12-2019,,687394.6,895891.16
9188888688749,962253449747,UTIB079160,Savings,Basic,Active,22-09-2021,,1108516.23,1837290.92
88285580211254,349635520956,KKBK027264,Current,Premium,Dormant,20-12-2024,26-12-2024,0.0,74781.75
3906724442931,552126147876,CNRB031788,Salary,Regular,Active,29-03-2023,,2804182.14,2445102.86
9199365012022,957989786003,UTIB019710,Recurring Deposit,BSBD,Active,13-05-2022,,1678398.6,3258357.01
272804251846,427979789165,ICIC072700,Current,Regular,Active,24-01-2020,,3387278.25,3206955.95
9269624957809,961825242710,UTIB060765,Current,Basic,Active,30-10-2023,,798500.5,2001112.52
9133416244173,961825242710,UTIB060765,Savings,Premium,Active,12-10-2016,,3371860.31,4947985.89
46005929096,356175208746,BKID011037,Fixed Deposit,Basic,Active,22-09-2017,,668201.37,1598094.24
58740079642534,286757508076,HDFC017458,Current,Basic,Active,23-12-2023,,3481149.54,3493331.05
65786857705135,286757508076,HDFC017458,Savings,Premium,Active,14-01-2022,,1000840.92,2067113.15
29554442418723,202802468872,IOBA080373,Savings,BSBD,Active,01-08-2023,,2190059.96,8120896.79
978206059747,563718601548,IOBA057743,Current,Premium,Active,27-11-2024,,484643.64,1220191.63
1633670555567073,966862384610,PUNB038799,Salary,Premium,Active,14-09-2024,,234854.13,2358069.22
4046052892309707,966862384610,PUNB038799,Savings,Basic,Active,19-12-2023,,4718500.91,4397663.5
96706579775056,397109192186,KKBK093008,NRE,Regular,Active,16-09-2019,,3509081.63,4480195.56
5146006476605,397109192186,KKBK093008,NRE,Premium,Active,23-03-2019,,2130658.53,3565484.1
83052427791,871428545290,SBIN037672,Savings,Regular,Active,02-03-2024,,1420483.17,1815986.17
1238732866194229,448535696130,PUNB015196,Savings,Premium,Active,25-04-2023,,1112975.97,3592458.85
751094094727,384616220940,BARB071604,Recurring Deposit,BSBD,Dormant,21-09-2018,16-12-2018,0.0,2426.36
460623490328,362494979597,IOBA054419,Current,Regular,Active,09-04-2022,,1411578.9,2951523.53
6729863541888,821500873854,KKBK037063,Salary,Premium,Active,21-10-2024,,655638.26,2478275.63
88454932149477,821500873854,KKBK037063,Current,Basic,Active,18-03-2024,,2797504.87,5072137.9
6769299792984975,471023581202,PUNB071527,Savings,Basic,Active,05-10-2021,,4188038.39,3873084.56
22926079916,197267014080,IOBA014272,Savings,Regular,Active,05-03-2020,,454552.27,2667307.9
768993745602,188137560389,ICIC056721,Fixed Deposit,Corporate,Active,10-12-2024,,7288443.46,7745666.37
392483169418,188137560389,ICIC056721,Fixed Deposit,Regular,Active,02-07-2023,,5774274.68,17004468.51
78600790035603,780458408943,BKID094897,Salary,Basic,Active,07-03-2023,,2925315.3,5432109.19
7153568841199,780458408943,BKID094897,Savings,BSBD,Active,04-06-2024,,1513491.09,2690259.1
22153594587532,628409369928,BKID081931,Recurring Deposit,BSBD,Dormant,22-02-2024,27-02-2025,23447.7,137302.34
6321044762707,875670521927,CNRB027632,Recurring Deposit,Basic,Active,30-04-2023,,739174.11,1651013.81
61267342551,312933912166,KKBK043605,Fixed Deposit,Regular,Active,16-01-2020,,1243437.72,3254958.47
422230148380,312933912166,KKBK043605,Savings,Basic,Active,13-05-2020,,1073165.75,1919950.83
9227673378272,826858616540,UTIB052252,Salary,BSBD,Dormant,20-12-2021,30-01-2022,511.41,225902.88
33325868943,830077101394,IOBA010561,Current,Premium,Active,30-10-2024,,620395.34,3239032.54
4581274123188,830077101394,IOBA010561,Salary,Basic,Active,19-10-2024,,3366635.8,5034169.62
28798486623,207157358355,KKBK019786,Salary,Premium,Active,28-08-2024,,960986.31,538348.69
7189343515634,962218814920,CNRB067292,Current,Regular,Active,18-07-2024,,1661457.0,5498706.25
677937834888,388335837406,BKID055762,Savings,Basic,Active,14-08-2024,,5447745.54,5824492.26
48924737298,388335837406,BKID055762,Savings,BSBD,Active,17-06-2023,,1964523.42,3309678.59
9201371749583,918213250911,UTIB053229,Salary,Regular,Active,24-04-2017,,2948228.39,5715348.04
36103930558339,280981065296,IOBA028508,Savings,BSBD,Active,18-06-2024,,551317.5,2792231.27
635597339478,280981065296,IOBA028508,Fixed Deposit,Regular,Active,02-02-2023,,1762338.27,3205092.4
85757583030264,598818299877,HDFC023907,Recurring Deposit,BSBD,Active,29-06-2024,,2562421.44,3105807.54
3946345057708,155661467965,CNRB028009,Recurring Deposit,Basic,Active,13-01-2022,,892747.03,2296860.74
81618706844624,232899555128,HDFC058623,Savings,Regular,Active,09-08-2017,,3503820.44,5240565.09
69819775509061,232899555128,HDFC058623,Salary,Regular,Active,19-06-2020,,1719033.97,2177059.28
57470514140262,407474850174,BKID036781,Recurring Deposit,Premium,Active,20-05-2024,,1858875.48,3075138.01
43219407187474,909330639711,CNRB041225,Fixed Deposit,BSBD,Active,22-09-2024,,2757328.42,3828927.06
45360996530490,909330639711,CNRB041225,Current,BSBD,Active,04-04-2019,,1578145.49,4058088.02
3730362791596297,455566797129,PUNB048499,Current,Basic,Active,21-03-2020,,893954.84,1059548.0
2683980988719077,455566797129,PUNB048499,Savings,BSBD,Dormant,26-05-2023,29-05-2024,4959.36,0.0
10166343361421,809408551281,CNRB013613,Fixed Deposit,Corporate,Active,20-07-2024,,8089551.11,3063648.44
8321404249131,809408551281,CNRB013613,Current,Regular,Active,24-11-2020,,5996181.34,16431425.05
827484110756,332805120469,KKBK056367,Salary,Premium,Active,03-12-2024,,200024.44,1208688.43
184963358714,156673114300,ICIC073397,Fixed Deposit,Basic,Active,24-09-2018,,1727409.63,2946634.82
9983736639473,717024468395,CNRB042320,Savings,Premium,Active,07-04-2023,,630996.12,4351256.24
83439247916268,164933822742,HDFC099202,NRO,Regular,Active,05-02-2019,,1590387.06,3137876.71
505050637883,445662465609,KKBK020301,Fixed Deposit,Premium,Active,26-07-2023,,1718402.63,1301502.36
68825877750,445662465609,KKBK020301,Fixed Deposit,Regular,Active,16-10-2024,,1022684.41,2180571.16
323868878327,306894921590,ICIC095009,Recurring Deposit,Regular,Active,29-03-2021,,140687.44,519122.49
11548511978,503796039124,BKID044999,Current,Regular,Active,06-02-2023,,9045612.23,18065655.68
77200651560,503796039124,BKID044999,Current,Corporate,Active,24-12-2022,,3574437.27,6671720.19
5438347906809,716435337980,BKID033469,Savings,Basic,Active,29-11-2022,,1221269.71,2474736.76
35712892516509,716435337980,BKID033469,Savings,Regular,Active,13-11-2022,,1470604.51,6228655.24
9135539462664,163579691953,UTIB044990,Fixed Deposit,Basic,Active,29-08-2016,,1234002.58,2632832.05
3893978163026817,688437321284,PUNB067574,Salary,BSBD,Active,01-07-2022,,4742590.29,3746116.13
8788264365112697,688437321284,PUNB067574,Salary,Premium,Active,04-09-2020,,2709702.42,3970109.0
5653899979641588,304020802247,PUNB098114,Current,BSBD,Active,01-02-2020,,357724.27,3714790.0
9184807514791,319890230252,UTIB082100,Savings,BSBD,Active,30-03-2022,,1682620.82,2659470.01
982325040241,968191536603,KKBK077490,Savings,Regular,Active,19-02-2023,,1488549.43,4234541.67
59026690275,839125901369,SBIN035456,Savings,BSBD,Active,30-09-2023,,1612634.36,2834536.27
90933305578,839125901369,SBIN035456,Recurring Deposit,Regular,Active,30-12-2023,,1072894.43,2368877.03
717129954501,843617747862,ICIC072079,Savings,Regular,Active,09-08-2021,,1955058.34,5364303.49
48624008753,419209226548,CNRB075981,Savings,Premium,Active,24-02-2024,,3701946.67,6014785.27
9187453509695,191643902853,UTIB021186,Savings,Regular,Active,24-08-2023,,693884.24,2420227.84
73193777418743,797316678077,IOBA019770,Current,BSBD,Active,19-04-2018,,723636.51,1869703.72
26964398906958,797316678077,IOBA019770,Fixed Deposit,Premium,Active,02-02-2022,,675669.47,736837.9
9259031344033,834537927308,UTIB025678,Savings,BSBD,Active,31-05-2017,,2660408.7,4471941.12
67248798298,622013735179,SBIN049977,Salary,Regular,Active,13-03-2023,,754676.86,2179207.22
65454409387138,774156275925,HDFC012304,Savings,BSBD,Dormant,04-03-2024,27-09-2024,1761.66,0.0
8845622898974958,114266795994,PUNB090389,Savings,Basic,Active,29-12-2021,,1757393.77,3959162.52
2800495091867,837460061583,BARB020030,Salary,Regular,Active,21-11-2024,,1175035.47,2205280.51
925329044909,960640379677,ICIC060993,Current,Basic,Active,13-10-2023,,584079.38,2376760.89
3081965616104,331909387454,BARB095684,Salary,Regular,Active,19-10-2020,,1733387.74,4226180.87
16820338815,306117726762,IOBA088677,Savings,Regular,Frozen,22-01-2019,,0.0,0.0
51435005595881,263560809632,BARB015392,Current,Corporate,Active,10-08-2024,,7949392.38,4368680.65
70893609033016,263560809632,BARB015392,Fixed Deposit,Regular,Active,14-10-2020,,14078124.61,15634381.97
51549318504855,151882308245,KKBK012360,Salary,Premium,Active,23-05-2023,,2260485.72,13008883.57
3558898663707,105696953180,KKBK014780,Salary,Regular,Active,12-07-2024,,960668.7,2805960.23
13119289677,105696953180,KKBK014780,Savings,Basic,Active,26-08-2022,,228912.76,1201275.79
765718654917,718982651235,KKBK025942,Salary,Basic,Active,13-05-2024,,1403886.13,2222704.05
14906487711,486885076516,KKBK099383,Fixed Deposit,Basic,Active,23-04-2022,,2783916.53,3612357.23
8670844875243,486885076516,KKBK099383,Current,Basic,Active,09-07-2020,,2533032.24,3536109.23
1102130472157948,680481307586,PUNB044004,Salary,Premium,Active,03-11-2024,,2306639.32,3731694.09
4289424025720757,680481307586,PUNB044004,Savings,BSBD,Active,26-11-2022,,705838.41,789856.8
28726746730,608801262290,SBIN037313,Fixed Deposit,Regular,Active,01-05-2022,,1004740.08,1059393.77
39475152267,608801262290,SBIN037313,Fixed Deposit,Regular,Active,04-03-2019,,3214104.18,3723447.27
9266288235089,869810579519,UTIB085693,Savings,Basic,Active,09-11-2022,,2199412.45,2390793.24
9226122501116,869810579519,UTIB085693,Current,Regular,Active,05-06-2022,,1675390.92,3947577.04
435149574233,896859805308,BKID071340,Fixed Deposit,Corporate,Active,14-08-2024,,12883074.92,4981897.83
296674776090,306447784470,IOBA079291,Savings,Basic,Active,01-01-2024,,68452.68,2418114.8
93068787626,306447784470,IOBA079291,Fixed Deposit,BSBD,Active,05-07-2024,,1866283.2,5359289.12
2141874169902442,624465348864,PUNB046095,Savings,Basic,Active,12-01-2019,,3348066.69,3046987.91
9142673589933950,624465348864,PUNB046095,Recurring Deposit,Regular,Active,12-05-2021,,342136.04,539177.57
34527625518300,771274781663,IOBA098226,Savings,BSBD,Active,19-09-2020,,1588611.93,3734188.69
4894005011709,157564993656,BARB069431,Savings,Basic,Active,07-07-2022,,1403060.68,2808639.15
183203029153,711083679372,ICIC092653,Savings,Regular,Active,29-12-2022,,1464764.6,3598088.59
545380767942,678949556763,IOBA071309,Salary,Basic,Active,15-11-2024,,206660.89,987984.74
79970230616,678949556763,IOBA071309,Recurring Deposit,Premium,Active,04-02-2024,,401112.9,2430216.22
92457981517,583816330039,CNRB045869,Current,Basic,Active,13-11-2024,,4341779.89,4822529.08
1025058851340,583816330039,CNRB045869,Fixed Deposit,Regular,Active,14-09-2022,,758381.68,5857661.77
46908346089738,555121677421,CNRB063454,NRE,Premium,Active,09-11-2019,,1088558.62,3173130.55
94909583801,555121677421,CNRB063454,NRE,Premium,Active,28-02-2022,,1927269.88,4357170.98
312207200414,103783496133,BKID079958,Current,Basic,Active,19-11-2017,,1683757.68,5298546.32
9226754182553,390533986340,UTIB037180,Fixed Deposit,Corporate,Dormant,19-12-2021,27-05-2022,52204.45,22052.63
679576113997,487302694608,ICIC043526,Savings,Regular,Active,27-10-2021,,627154.31,1785837.74
954080463035,738067783030,KKBK046609,Savings,Premium,Active,18-02-2024,,1153417.02,1199118.03
58009832051,738067783030,KKBK046609,Savings,Regular,Active,22-09-2019,,185461.85,2621257.34
71961712758,448111749947,IOBA066886,Current,BSBD,Frozen,03-03-2024,,0.0,0.0
764440358260,261566223535,IOBA041555,Savings,Premium,Active,11-01-2019,,856327.69,1822552.78
227857710140,261566223535,IOBA041555,Salary,Premium,Active,06-03-2024,,1088291.39,3084252.66
7341007561132,172260486129,CNRB076499,Salary,BSBD,Active,30-01-2020,,931383.4,2653777.32
42888540479,172260486129,CNRB076499,Recurring Deposit,Premium,Active,20-08-2024,,2313349.67,4060678.11
195144946919,656832040779,ICIC085652,Current,Premium,Active,20-08-2024,,4284016.57,7938340.22
9129584428688,356644880281,UTIB076640,Savings,Basic,Active,10-01-2024,,1108712.89,3279837.14
238628354029,426675585182,IOBA077457,Current,Premium,Dormant,08-10-2024,01-12-2024,0.0,0.0
8268790543556201,542914720298,PUNB039342,Fixed Deposit,Regular,Active,27-03-2019,,3074579.8,8404832.25
4585674549628028,542914720298,PUNB039342,Fixed Deposit,Regular,Active,17-05-2017,,17436268.53,5044119.42
5616354288963,216196967742,IOBA023867,Fixed Deposit,Regular,Active,18-01-2020,,1645206.53,5745022.2
1370970009014,561434334566,KKBK038990,Savings,Regular,Dormant,24-12-2021,31-08-2022,0.0,0.0
717710063881,832565995353,BKID011726,Savings,Basic,Dormant,13-10-2021,09-11-2022,126886.29,139869.59
2194995554988270,820041939748,PUNB030927,Savings,Regular,Active,22-02-2017,,694470.61,2138273.2
86609194132,343568404501,SBIN093780,NRE,Regular,Active,20-11-2019,,1083024.19,2393729.46
29929345011,343568404501,SBIN093780,NRE,Premium,Active,29-10-2018,,534898.41,814608.9
2399153491705,494188509102,BARB010029,Savings,Premium,Active,19-09-2022,,1459046.47,3358557.99
2801950003914310,494689487638,PUNB076986,Current,Regular,Active,14-09-2022,,297511.15,1347035.81
77537662444120,341647391801,BKID054220,Salary,Regular,Active,08-05-2023,,1426601.36,2764672.53
9305498866867,341647391801,BKID054220,Current,Premium,Active,04-07-2018,,1076343.93,3254051.64
318767561610,231476568357,ICIC053513,Recurring Deposit,Basic,Active,22-12-2024,,1369134.5,2847862.58
39368785601,898977259383,CNRB063351,Recurring Deposit,BSBD,Active,24-12-2022,,2844887.12,4713301.0
13963447908192,898977259383,CNRB063351,Salary,Basic,Closed,25-04-2023,,0.0,0.0
82934900573400,110131052544,HDFC077520,Current,Corporate,Active,11-01-2020,,6694460.05,3272147.47
49727350016232,280614211864,HDFC039410,NRO,Regular,Active,15-04-2022,,2180172.56,3787133.39
83268008583550,280614211864,HDFC039410,NRO,Premium,Active,08-10-2022,,677199.03,1654758.58
34482102356707,883958426631,HDFC075203,Fixed Deposit,Regular,Active,19-03-2024,,1616156.59,6070382.38
202307262417,959094952073,BARB027505,Fixed Deposit,Premium,Active,25-05-2020,,1276507.74,1357318.25
54168243971,864927650579,SBIN082293,Fixed Deposit,Regular,Active,30-03-2024,,2190936.82,4130763.04
41250117088,702406349098,KKBK087370,Recurring Deposit,Basic,Active,06-02-2018,,742881.75,2632631.03
4694339412420747,852593299483,PUNB051955,Salary,BSBD,Active,28-05-2020,,966828.32,1449248.02
3813640743295321,852593299483,PUNB051955,Current,Basic,Frozen,07-06-2022,,0.0,0.0
9028559777912,231792650241,BARB057853,Savings,Basic,Active,15-08-2019,,1758596.85,4119974.45
1267484241945,911103412327,BKID058252,Current,Regular,Active,24-12-2017,,2811385.27,3140988.84
84710702174,911103412327,BKID058252,Savings,Basic,Closed,06-11-2019,,0.0,0.0
9205079392905,596198389708,UTIB056147,Salary,Basic,Active,17-09-2022,,1464018.92,2509423.57
9387754050332844,516263402233,PUNB093243,Recurring Deposit,BSBD,Active,14-06-2020,,4094672.92,7838854.49
3785842675359150,516263402233,PUNB093243,Savings,Premium,Active,24-08-2019,,1463522.78,4449384.74
9153446077416,288922835965,UTIB046735,Salary,Premium,Frozen,24-02-2018,,0.0,0.0
783580031794,129648098055,CNRB070527,Salary,Regular,Active,23-07-2023,,507933.97,299440.14
1529697002396967,546255045499,PUNB030466,Savings,Basic,Active,29-05-2024,,74339.8,2566359.46
3527245118193,537990129966,BARB026446,Current,Regular,Active,12-12-2017,,1522654.11,2249850.56
38907379975764,405421460024,HDFC090160,Savings,Basic,Active,10-10-2022,,520822.88,1055423.83
69887088222666,405421460024,HDFC090160,Salary,Regular,Active,31-07-2024,,1460172.06,4097866.4
944465683829,368999165042,ICIC027976,Salary,Basic,Active,08-08-2023,,1088527.84,2135540.68
134285671615,368999165042,ICIC027976,Savings,Premium,Active,23-04-2024,,1534729.54,4138810.07
35862786732575,176473637954,HDFC015978,Savings,Regular,Active,24-11-2019,,2313418.45,2753928.71
62657681304702,176473637954,HDFC015978,Savings,Basic,Active,08-05-2022,,596427.98,4418080.41
49994040027663,943088704409,BKID058366,Savings,BSBD,Closed,29-09-2023,,0.0,0.0
99465046058932,943088704409,BKID058366,Salary,Regular,Active,22-12-2024,,493924.94,1940486.53
431119291182,607896451530,IOBA030890,Current,Corporate,Active,30-12-2024,,14353414.78,18227835.3
88519876480,607896451530,IOBA030890,Fixed Deposit,Corporate,Active,12-09-2020,,5522662.1,1781133.05
16392809992,180952081341,SBIN045367,Salary,BSBD,Dormant,30-08-2023,21-12-2024,0.0,123685.35
5801054066129,965924286520,BKID084326,Current,BSBD,Active,16-04-2024,,377747.95,1986377.63
964274174882,510442328249,ICIC072936,NRE,Premium,Active,29-04-2024,,509706.6,1104163.05
4031245872065,739731722160,BARB089441,Fixed Deposit,Regular,Active,04-08-2023,,18950.12,597992.0
470714412569,739731722160,BARB089441,Current,Regular,Active,16-02-2024,,824287.47,1892890.59
8668408333110289,560982681681,PUNB014538,Fixed Deposit,Regular,Active,26-02-2023,,5814397.3,20674935.73
2380927646157574,560982681681,PUNB014538,Current,Regular,Active,12-12-2015,,10966350.15,5519784.15
41484215954789,880236046047,BARB026468,Savings,BSBD,Active,31-05-2022,,2334124.12,3503890.16
9627519333520,880236046047,BARB026468,Savings,Basic,Active,27-12-2021,,212113.79,1127165.45
58052252385,678410532051,SBIN053017,Recurring Deposit,BSBD,Active,06-02-2022,,2659719.67,3339630.96
1828544464250,700451817129,BKID076839,Fixed Deposit,Corporate,Active,05-03-2024,,8001706.12,3188325.75
4480022359812,700451817129,BKID076839,Current,Corporate,Frozen,04-09-2024,,0.0,0.0
595955273300,269913854980,ICIC056694,Fixed Deposit,Corporate,Active,06-08-2021,,6813164.99,7301457.63
954528814471,314584911838,KKBK072615,Savings,BSBD,Active,14-05-2024,,448239.88,3512069.19
687608754624,314584911838,KKBK072615,Salary,Regular,Dormant,14-11-2024,13-02-2025,1599.81,33711.92
97481591561145,768468576114,IOBA089956,Current,Basic,Active,10-10-2022,,2813578.23,1084899.53
42729107747332,987458106619,HDFC097606,NRE,Regular,Active,15-08-2016,,1119107.29,1152732.28
85305655765288,987458106619,HDFC097606,NRE,Premium,Frozen,30-08-2017,,0.0,0.0
74582483087644,139810852683,HDFC019575,Salary,Basic,Active,22-09-2022,,1030486.48,1549582.26
79798651955211,139810852683,HDFC019575,Current,Premium,Active,20-08-2023,,2274424.15,3276072.37
59858459277417,280047382886,CNRB048513,Savings,Premium,Active,28-02-2024,,1102684.74,2658653.38
1775774854788116,734121477113,PUNB079719,Recurring Deposit,Basic,Active,13-09-2018,,863418.89,2566053.02
67459108310855,393032660729,HDFC015896,Savings,Basic,Active,02-08-2016,,1391510.89,2085484.3
72932329760071,988189244194,HDFC066234,Current,BSBD,Active,15-02-2020,,297462.45,1653705.41
96486084822021,988189244194,HDFC066234,Salary,BSBD,Active,27-07-2024,,1426491.73,3704004.14
305847611923,895088604457,ICIC090111,Current,Regular,Active,19-01-2023,,2638332.79,3200291.89
24803833803,257845050772,SBIN069997,Fixed Deposit,Premium,Active,13-10-2019,,1865695.42,2739029.38
31577337007,257845050772,SBIN069997,Savings,Premium,Frozen,29-12-2023,,0.0,0.0
20818662934847,120253489120,BARB094441,Savings,Premium,Active,27-05-2021,,1029094.49,3210950.59
93414091371,120253489120,BARB094441,Current,Premium,Active,28-01-2021,,1743070.66,2645242.76
368016699772,139479548475,BARB056542,Savings,Regular,Active,31-12-2022,,17091275.28,9637261.31
3056508405809,139479548475,BARB056542,Fixed Deposit,BSBD,Active,25-10-2022,,213539.82,6214233.67
82524399054,626109766845,CNRB057933,Salary,BSBD,Active,23-11-2020,,642606.17,4908982.06
37934718162,563021875144,SBIN057084,Fixed Deposit,Basic,Active,15-04-2024,,984558.88,3042896.87
9219875719279,926676050206,UTIB096509,Current,BSBD,Dormant,19-04-2015,15-01-2025,0.0,0.0
62328932634916,101413793163,HDFC059588,Fixed Deposit,Corporate,Active,09-03-2024,,686625.24,2180946.82
92146912535202,101413793163,HDFC059588,Fixed Deposit,Regular,Active,05-05-2019,,4213724.94,1914415.57
57365291954285,780781824496,HDFC029750,Fixed Deposit,Corporate,Active,29-09-2022,,1165792.16,3654092.3
91054272934877,834028609737,BARB061650,Fixed Deposit,Regular,Active,29-10-2024,,229271.39,1031960.36
57612647867,983731765246,IOBA041187,Current,BSBD,Active,03-06-2020,,856904.06,1451512.83
793019924767,983731765246,IOBA041187,Savings,BSBD,Active,03-03-2023,,1271483.14,3219757.53
9184683303628,321439837926,UTIB023030,Savings,Premium,Active,21-12-2021,,1582644.53,2701596.89
7855315152466853,946577102028,PUNB047356,Salary,Regular,Active,26-07-2021,,1313127.05,2778767.09
58251809953472,156541629111,CNRB026063,Current,Regular,Active,25-11-2022,,2211744.96,2382233.7
7495916018481,107121082878,KKBK046145,Fixed Deposit,Basic,Active,31-07-2024,,1283940.91,3416946.52
26382323536,107121082878,KKBK046145,Savings,Premium,Active,12-07-2024,,1312247.09,2922657.06
27177541439348,166831163112,IOBA070250,Savings,Basic,Active,01-01-2022,,2481626.56,2714606.59
369144699958,906708930443,ICIC035961,Fixed Deposit,Regular,Active,15-08-2022,,5749248.48,7983966.43
3828325160345403,191717661692,PUNB087365,Savings,BSBD,Active,01-12-2021,,822370.92,1233810.35
62476029525,654137072292,KKBK053996,Current,Regular,Active,09-06-2020,,1770234.13,5276967.08
72116963364,198740690766,BARB073864,Savings,Basic,Active,05-07-2023,,918015.58,1684605.21
97067960591487,198740690766,BARB073864,Salary,BSBD,Active,07-09-2024,,1512080.7,3641256.4
92635903358172,127829040931,HDFC054293,Salary,BSBD,Active,14-04-2023,,1402181.12,1581954.46
48726821235234,266976253307,KKBK063968,Fixed Deposit,BSBD,Active,15-07-2019,,935855.84,963736.07
24670363528039,305601643064,KKBK078748,Savings,Basic,Active,20-08-2024,,1630229.15,1935392.81
96500934950298,870525456224,HDFC021265,Savings,Premium,Active,16-02-2023,,1231581.88,3447606.75
83545060986543,568215749677,BARB084022,Recurring Deposit,BSBD,Closed,29-08-2024,,0.0,0.0
4530209762253,860237839457,BKID048126,Savings,BSBD,Active,25-03-2016,,598909.32,970215.66
43591145538,860237839457,BKID048126,Savings,Regular,Active,20-11-2019,,1289356.84,3126928.82
5778383511081,140823838429,BARB035843,Salary,Regular,Closed,20-05-2023,,0.0,0.0
26927016163929,608806038339,CNRB020546,Fixed Deposit,Corporate,Active,15-06-2018,,5138924.6,3823601.8
40623488445151,498976169855,HDFC026784,Salary,BSBD,Active,02-06-2024,,346227.27,1633333.19
95015887853269,498976169855,HDFC026784,Salary,BSBD,Active,13-07-2024,,2102764.77,4498932.89
386652041556,439066057330,CNRB031269,Savings,BSBD,Active,17-10-2024,,2170102.6,2617775.3
27334614656,439066057330,CNRB031269,Fixed Deposit,Premium,Closed,03-06-2024,,0.0,0.0
562360004003,495405079763,ICIC057030,Current,Premium,Frozen,26-05-2024,,0.0,0.0
73015863410815,651433617990,CNRB063045,Fixed Deposit,Basic,Dormant,15-06-2020,30-06-2023,93860.44,61582.78
72950270901957,651433617990,CNRB063045,Fixed Deposit,BSBD,Active,29-08-2024,,380017.41,1514855.66
825023182749,489335378464,ICIC035982,Savings,BSBD,Active,06-05-2021,,3567972.23,5574167.69
7317044441122102,865396323001,PUNB099123,Savings,Premium,Active,25-10-2023,,1923444.81,4822408.16
9279268134587,924156878512,UTIB022932,Fixed Deposit,Regular,Active,30-09-2023,,1389671.18,3313369.33
69454590175714,508657715365,HDFC026342,Current,BSBD,Active,08-03-2024,,2499865.07,4186061.99
17105149331202,508657715365,HDFC026342,Fixed Deposit,BSBD,Active,17-10-2024,,4124000.31,3988937.46
9831368728302,966457666667,BARB053887,Savings,BSBD,Active,30-06-2020,,646087.39,3991681.38
6484085002326,739367474432,BKID027632,Salary,Regular,Active,24-12-2024,,93697.48,547822.88
9201618342096,639986704357,UTIB076432,Current,Regular,Active,09-07-2022,,920532.68,3870754.81
6915383093764,246071933564,KKBK035631,Salary,BSBD,Active,09-04-2021,,1521564.11,2531153.48
9100145354599,842179568774,UTIB077530,Fixed Deposit,BSBD,Active,28-02-2022,,1273556.33,1322446.0
9109289808532,842179568774,UTIB077530,Salary,Regular,Active,04-10-2021,,2448061.65,5790154.57
243009141963,709699106351,ICIC019603,Savings,Regular,Active,13-11-2019,,2228394.72,4153461.39
249366231986,709699106351,ICIC019603,Savings,Premium,Frozen,05-12-2019,,0.0,0.0
11651789107869,333450306167,IOBA054269,Savings,Regular,Active,25-02-2020,,2682553.86,5556228.96
86561695477,333450306167,IOBA054269,Salary,Premium,Active,12-05-2021,,287884.91,503870.51
2414266976656,274581034328,CNRB011235,Savings,Premium,Active,08-07-2022,,1265435.51,1548942.65
557954647501,485175598451,ICIC098558,Fixed Deposit,Regular,Active,02-04-2024,,14370634.06,7401264.63
620895087934,485175598451,ICIC098558,Current,Corporate,Active,13-12-2024,,9241957.0,3214379.89
88791814052,576817403428,CNRB026917,Salary,BSBD,Active,16-01-2021,,451245.04,1167815.69
15147070606,576817403428,CNRB026917,Salary,Regular,Active,09-09-2022,,1978138.4,2770217.72
9113823920475,869494655725,UTIB052135,Current,Basic,Active,04-07-2019,,1092362.22,2680510.7
9144577942333,660481758234,UTIB062722,Fixed Deposit,Regular,Active,11-05-2022,,4519996.15,5934602.01
9183423578036,660481758234,UTIB062722,Current,Regular,Active,30-08-2020,,387979.6,1976157.23
9223865377149,198368197539,UTIB061218,Savings,Basic,Active,23-02-2024,,1188253.45,6086544.83
9283438486361,198368197539,UTIB061218,Recurring Deposit,Basic,Active,06-09-2024,,5070161.29,5881783.62
2665437522747551,452394641800,PUNB010657,Savings,BSBD,Active,04-03-2024,,428831.9,1236808.08
23696247367945,637849233310,KKBK084167,Fixed Deposit,Premium,Active,08-12-2016,,982755.1,851990.54
96916171065383,637849233310,KKBK084167,Savings,Basic,Active,07-07-2022,,1833877.86,2110680.11
17138437503615,313194663827,IOBA043167,Salary,Basic,Active,11-02-2021,,4107018.62,5695532.19
1211588889941,313194663827,IOBA043167,Savings,Basic,Active,13-04-2024,,1789373.93,2189460.43
3164010945369450,877768627959,PUNB043513,Savings,Regular,Active,02-02-2024,,1401547.62,2263619.69
783750694800,563347141352,ICIC057500,Savings,Premium,Active,23-10-2024,,4358932.53,5886356.34
664302047719,563347141352,ICIC057500,Savings,Premium,Dormant,09-05-2024,18-05-2024,0.0,4670.32
9549632269148217,862443524129,PUNB045536,Savings,BSBD,Active,16-11-2024,,306414.51,1622245.41
1905918577760934,862443524129,PUNB045536,Savings,Regular,Active,12-08-2024,,86830.96,1629858.6
93165274221957,978715596274,HDFC035646,Savings,BSBD,Active,20-12-2023,,1967687.69,3404970.43
9102365429134,217533516791,UTIB073226,Current,Regular,Active,02-04-2024,,191492.07,2918057.73
1308430388669741,789876568849,PUNB077074,Salary,Premium,Active,15-08-2020,,833868.07,680681.64
9651805506119374,789876568849,PUNB077074,Salary,BSBD,Active,03-03-2024,,441246.58,1672339.77
9485054984284,638674793872,IOBA084239,Current,Basic,Active,29-07-2022,,1136686.42,2147183.6
72381948761,638674793872,IOBA084239,Recurring Deposit,Regular,Active,04-08-2021,,5174562.08,5184716.37
82915101225,320110009446,SBIN094660,Current,BSBD,Active,23-11-2019,,1353274.61,6124919.37
9113961457823,250302876088,UTIB089638,Salary,Premium,Active,03-08-2020,,1945003.33,2689982.5
9219691662477,250302876088,UTIB089638,Savings,Premium,Active,21-07-2022,,2447835.5,2656290.68
7030268069141925,386475154485,PUNB066875,Current,Basic,Active,23-08-2024,,2559251.34,3894163.78
955465576252,985303411102,ICIC083636,Recurring Deposit,Regular,Frozen,21-03-2020,,0.0,0.0
47052272849354,597809957580,KKBK053317,Savings,BSBD,Active,26-12-2023,,1075066.63,1174262.89
7858384734530279,447021476644,PUNB025542,Fixed Deposit,Regular,Active,02-02-2024,,1046458.86,4984993.51
51695266323,248787059938,CNRB039702,Savings,BSBD,Active,24-08-2020,,1903020.66,3284786.94
8229277832060,248787059938,CNRB039702,Fixed Deposit,Regular,Active,09-02-2022,,3428484.84,2738273.16
35482143493038,802538158000,CNRB072116,Salary,BSBD,Frozen,25-11-2023,,0.0,0.0
5796175297814,560735247750,BARB064172,Savings,Regular,Active,03-06-2021,,1065882.57,1408979.12
5902325989105,560735247750,BARB064172,Savings,Regular,Active,29-09-2024,,1918073.83,2157654.46
347021765035,923885428827,ICIC074773,Current,BSBD,Closed,03-08-2024,,0.0,0.0
10791769274,219510800127,KKBK077295,Fixed Deposit,Regular,Active,17-05-2023,,2809381.12,4606946.31
50477757831,785024901777,SBIN076357,Fixed Deposit,Premium,Active,21-10-2024,,2709419.42,2686244.36
92443369839278,431818184320,CNRB094474,Recurring Deposit,Premium,Active,05-07-2023,,1018074.03,2860104.52
60720895893,431818184320,CNRB094474,Current,Premium,Active,06-07-2023,,2019935.31,2661013.48
5296431524900247,247627726932,PUNB042230,Fixed Deposit,Premium,Active,02-11-2021,,1778678.53,3087544.34
2553885425012362,247627726932,PUNB042230,Current,Basic,Active,30-12-2023,,1961342.06,3871600.63
60276152123,648304703429,IOBA060797,Fixed Deposit,BSBD,Active,27-03-2024,,1220137.48,2358485.99
1741616053220,648304703429,IOBA060797,Savings,BSBD,Active,10-12-2024,,861129.7,1153634.87
84036323253,455405182830,IOBA054984,Fixed Deposit,Regular,Active,16-04-2024,,1374712.78,5417610.45
33680548813353,455405182830,IOBA054984,Fixed Deposit,Corporate,Active,14-09-2022,,6294511.25,4219475.85
9112022093547,817802872290,UTIB023021,Savings,Premium,Active,16-05-2020,,1520460.3,3054757.31
64649923363663,797266620951,HDFC028404,Savings,BSBD,Active,22-07-2021,,1490082.45,3838010.71
81837166724729,797266620951,HDFC028404,Fixed Deposit,BSBD,Active,01-06-2020,,1385887.1,1334475.68
9389700433612285,572344074010,PUNB058216,Current,Regular,Active,03-01-2018,,2351212.37,4405555.2
51501038560700,515075353684,BARB062571,Current,Premium,Active,27-07-2018,,1792455.06,4409563.71
3238266438534196,694569883180,PUNB021062,Savings,BSBD,Active,07-10-2024,,1759235.77,5397465.15
87645029612077,188888852510,HDFC051756,Current,Premium,Active,09-08-2019,,1493717.65,1388575.2
301865400230,992202655201,ICIC092004,Current,BSBD,Frozen,09-09-2024,,0.0,0.0
71211488681,255832156573,IOBA023566,Savings,BSBD,Active,30-08-2023,,2129077.64,4744545.12
996405786700,420059899450,BARB017514,Current,Premium,Active,06-06-2020,,1488064.08,2664842.45
200742265695,420059899450,BARB017514,Current,BSBD,Active,17-04-2022,,783826.83,1597121.09
6534182063692353,523905329395,PUNB028903,Current,Basic,Active,11-06-2024,,1045492.74,1336033.88
249131104330,815047513711,ICIC075023,Savings,Regular,Active,11-08-2024,,2241701.41,6138889.61
258724033552,815047513711,ICIC075023,Current,Basic,Active,01-08-2023,,2004734.62,3725620.08
97043965543040,282962415305,BKID036164,Salary,Regular,Active,08-10-2024,,2839762.91,4984256.54
6099612287418,282962415305,BKID036164,Fixed Deposit,Regular,Active,28-04-2022,,1971941.15,4861062.61
23341702466969,579990950412,IOBA018385,Savings,Premium,Active,24-06-2022,,1708847.6,3515833.89
733732353338,329524337013,IOBA012733,Fixed Deposit,Premium,Active,17-07-2024,,1492788.42,3174559.55
9550763083647,971667661846,KKBK011860,Current,Corporate,Active,30-07-2023,,7895203.69,4193704.03
78327884427,971667661846,KKBK011860,Current,Corporate,Frozen,10-03-2019,,0.0,0.0
97824090598,903397977645,SBIN010310,Recurring Deposit,Premium,Active,12-11-2022,,3108172.46,2798921.02
78235489739734,108250599576,HDFC080869,Salary,Regular,Active,23-11-2016,,115138.59,534863.07
3724447235330809,332344952809,PUNB096735,Savings,Regular,Active,08-03-2021,,1497914.58,2421841.98
7681171661065137,332344952809,PUNB096735,Savings,Basic,Active,26-01-2023,,1631458.26,3631436.41
316914365431,121097412612,BKID083414,Current,BSBD,Active,18-11-2021,,2351018.43,2044442.4
86131037341627,831546246704,HDFC089068,Savings,BSBD,Active,14-04-2017,,379909.23,534923.95
63940601659191,397088447238,HDFC020605,Fixed Deposit,Corporate,Active,20-09-2024,,12286682.33,13389214.74
85743583242,702181008293,BKID064548,Savings,Regular,Active,06-10-2021,,1128370.34,2999171.51
9289281856125,986401075748,UTIB096355,Savings,Premium,Active,16-07-2018,,1265960.88,3425863.85
3197787973994,369346843977,BKID085198,Savings,Basic,Active,01-04-2019,,909529.79,1529558.62
6782040265635,369346843977,BKID085198,Salary,BSBD,Active,28-03-2021,,327671.63,1496481.88
554923722414,905863738571,BARB042798,Salary,Basic,Active,08-11-2019,,2107127.26,2625481.73
30077412036597,118120415174,IOBA029683,Savings,Basic,Active,29-03-2023,,1886358.2,3784575.66
34362985348,118120415174,IOBA029683,Fixed Deposit,Basic,Active,17-08-2022,,626939.38,2727675.93
4152620324931014,274705032997,PUNB023484,Fixed Deposit,Regular,Active,12-07-2016,,2713221.54,5198266.49
19433251459,720511001957,SBIN055194,Salary,Regular,Active,23-03-2019,,1406706.42,5425145.37
355317274968,377106999811,CNRB013583,Savings,BSBD,Active,14-02-2022,,2631212.48,4967351.92
3342711513352,752807674652,BARB096996,Current,Premium,Active,25-08-2024,,2465617.57,1526807.41
9256318681821,339447246547,UTIB084649,Savings,BSBD,Active,05-10-2023,,1667955.83,2180317.64
9270298286432,339447246547,UTIB084649,Fixed Deposit,Basic,Frozen,25-10-2022,,0.0,0.0
988843006985,322275628554,ICIC015431,Savings,Regular,Active,20-12-2024,,3653926.74,4437367.15
727401863204,322275628554,ICIC015431,Savings,BSBD,Active,05-06-2024,,400350.46,1164595.01
279643535771,625735745614,BARB079095,Salary,BSBD,Active,01-10-2022,,817656.37,2441367.08
185683563698,645373019279,KKBK038506,Salary,BSBD,Active,25-11-2018,,3307531.33,5697373.04
4096024395787,645373019279,KKBK038506,Savings,Regular,Active,13-01-2023,,626197.4,1817855.22
36000544434,741327766625,SBIN064814,Fixed Deposit,Basic,Active,30-06-2022,,1252770.23,5693755.24
13612299706773,938253404314,HDFC073622,Current,Regular,Active,29-01-2022,,1168772.12,1473064.59
20185197683835,938253404314,HDFC073622,Salary,Premium,Active,18-06-2022,,1183804.68,2310029.27
834643499966,575786301287,ICIC096647,Salary,Premium,Active,14-04-2022,,1822134.13,3248067.12
96278138621929,482329891654,KKBK040250,Fixed Deposit,Basic,Active,14-12-2021,,1471301.03,4812491.03
9470530085775,482329891654,KKBK040250,Current,BSBD,Active,26-05-2023,,1389129.69,1927852.13
62173834562174,770790381948,BARB092330,Salary,Regular,Active,09-08-2021,,2622305.85,4535739.95
9403888122292,770790381948,BARB092330,Fixed Deposit,Regular,Active,07-01-2016,,2055746.81,2438766.93
210257391820,624982694072,ICIC026691,Fixed Deposit,Basic,Active,22-08-2020,,1631528.64,9254886.45
9142685299339,686346979606,UTIB017156,Recurring Deposit,Premium,Dormant,29-08-2024,22-09-2024,2805.47,3405.94
116427973211,310621981445,ICIC095071,Current,Regular,Frozen,11-02-2024,,0.0,0.0
411108704826,310621981445,ICIC095071,Fixed Deposit,Regular,Active,16-11-2023,,263709.17,5207986.18
307799282672,266948330751,ICIC018202,Recurring Deposit,Basic,Active,22-12-2021,,3372224.88,5447305.88
16521442416,445402635337,SBIN067898,Fixed Deposit,Premium,Active,15-11-2024,,1806661.8,3012562.17
57950474469,804290573788,KKBK010957,Current,Regular,Active,26-04-2020,,10110063.14,7208794.87
1993228826226,281754158955,IOBA035813,Fixed Deposit,Regular,Active,28-07-2023,,15276789.81,5409450.06
9116685726873,582149202067,UTIB053941,Current,Corporate,Dormant,19-12-2015,07-07-2017,0.0,3678.62
9140609750980,732454704960,UTIB061637,Fixed Deposit,BSBD,Active,06-03-2024,,177725.33,546491.74
9131055728081,732454704960,UTIB061637,Current,Premium,Dormant,26-08-2022,08-12-2022,235092.53,15328.09
364977502934,561593640501,ICIC091770,Savings,Regular,Active,18-09-2020,,3174217.04,7188085.55
48341691809,915991081812,CNRB033255,Savings,Premium,Active,05-09-2024,,2495309.05,3683373.79
25470621980700,830078221354,CNRB028203,Savings,Premium,Active,26-03-2021,,1145078.76,1641233.93
69917920992758,830078221354,CNRB028203,Fixed Deposit,Basic,Active,20-03-2017,,1069538.99,3346756.09
9147468036697,204291901485,UTIB020757,Savings,BSBD,Active,09-03-2022,,194147.84,1046697.28
9249974407580,204291901485,UTIB020757,Salary,BSBD,Active,23-02-2023,,448838.44,1414216.39
26510821650,260637644143,SBIN035538,Savings,Basic,Active,10-08-2016,,3231296.13,2960778.25
58031133711016,235372501964,CNRB085066,Fixed Deposit,Premium,Active,06-06-2022,,370834.37,2586737.93
46569179060053,235372501964,CNRB085066,Fixed Deposit,BSBD,Active,17-08-2024,,3651848.43,5855776.24
615246523218,211342338292,IOBA026973,Salary,BSBD,Active,08-12-2016,,4295039.26,5372289.14
14492933195713,107066142350,HDFC071526,Salary,Regular,Active,31-12-2023,,1088520.02,972588.39
50099235198999,107066142350,HDFC071526,Fixed Deposit,Basic,Active,02-11-2024,,1442035.87,1387557.44
181161985532,101128442852,KKBK026367,Savings,Basic,Active,10-11-2024,,1617395.02,2279671.09
76461066609724,101128442852,KKBK026367,Savings,Basic,Active,15-02-2024,,1820035.15,2792245.48
835113098716,444405396501,ICIC082720,Fixed Deposit,Premium,Active,19-09-2022,,569231.89,4647774.45
57661284495,425916674396,SBIN017537,Fixed Deposit,Regular,Active,26-01-2024,,889960.13,3939841.28
360242222541,484595887883,BKID078882,Savings,BSBD,Active,19-11-2024,,3893585.91,6402312.99
666505661578,520482862419,ICIC075586,Recurring Deposit,Basic,Active,11-10-2020,,2673811.51,2347469.29
57838975664213,373805972912,HDFC075141,Salary,Premium,Dormant,27-08-2021,04-12-2024,0.0,36388.47
26860311169041,373805972912,HDFC075141,Salary,Basic,Active,20-03-2022,,151211.9,424322.81
28399262053187,636870780234,CNRB068583,Salary,Basic,Active,11-09-2019,,801798.26,4439642.82
208833331949,636870780234,CNRB068583,Current,BSBD,Active,22-02-2021,,654447.97,2235285.31
26258407039,903405498856,SBIN073361,Salary,Regular,Active,10-11-2021,,82083.95,758291.88
546300049710,893544484411,CNRB093293,Savings,BSBD,Active,19-06-2022,,2994736.57,4469871.36
7639126976992,927971848889,BKID039586,Recurring Deposit,Premium,Active,21-08-2024,,493935.82,1412063.08
904999429977,247386685994,ICIC035998,Savings,Regular,Active,22-05-2022,,1507086.46,2213690.95
868549809502,247386685994,ICIC035998,Current,BSBD,Active,01-10-2022,,2007569.57,2206775.65
9272834040559,266086422369,UTIB077477,Salary,Premium,Active,15-07-2024,,1544751.67,4619395.58
9170425364060,266086422369,UTIB077477,Salary,BSBD,Active,10-04-2024,,1106627.46,1907789.04
93165062850576,997830709294,BARB027132,Recurring Deposit,Basic,Active,15-03-2024,,295312.47,978983.32
45433145471,997830709294,BARB027132,Salary,Basic,Active,12-10-2022,,1875469.23,3713927.82
9240694682023,728396645004,UTIB098749,Salary,Premium,Active,25-09-2021,,1244394.94,2373105.72
83218627837832,238604083638,CNRB074217,Salary,Regular,Active,20-10-2023,,1428699.23,3164556.46
8166120042970,238604083638,CNRB074217,Recurring Deposit,BSBD,Active,09-04-2017,,1099110.9,1899748.26
9262033830189,190837032767,UTIB070836,Current,Regular,Active,29-05-2021,,617512.89,762952.33
9214485698881,190837032767,UTIB070836,Fixed Deposit,Corporate,Active,19-09-2022,,7273820.35,19313653.29
9104809715065,304191363626,UTIB052087,Salary,Basic,Active,09-03-2022,,1497675.87,1658170.48
9131996784899,304191363626,UTIB052087,Savings,Regular,Active,19-09-2021,,491643.44,870592.95
9259180980970,484932343890,UTIB073940,Current,Regular,Active,05-06-2021,,3375671.48,3938958.46
25888629644,472158707702,KKBK088152,Current,Premium,Active,04-02-2024,,3652687.85,4750956.76
904801233879,472158707702,KKBK088152,Salary,Regular,Dormant,31-07-2023,09-01-2024,1735.97,2183.11
502833075159,730049935180,BARB070561,Current,Corporate,Active,10-04-2017,,1938997.95,3908744.34
233944850451,730049935180,BARB070561,Current,Corporate,Active,14-07-2017,,13803637.46,8782180.11
19984508399389,960670610701,CNRB024670,Salary,Premium,Active,14-04-2017,,881373.42,2249504.01
427840026320,544084480371,ICIC047298,NRO,Regular,Active,28-08-2024,,4576813.49,6433554.53
7939935836383823,926465338272,PUNB016992,Salary,BSBD,Active,01-12-2019,,4374726.14,3736565.9
9232808566709088,926465338272,PUNB016992,Salary,Basic,Active,06-08-2024,,1582516.78,2160974.61
9226446675809,600411884517,UTIB025485,Fixed Deposit,Basic,Active,07-11-2022,,1600539.04,2363363.67
575920248045,673055546576,ICIC051400,Savings,BSBD,Active,26-02-2024,,302674.18,4452660.52
926473941320,673055546576,ICIC051400,Savings,BSBD,Active,19-10-2024,,3747198.83,4571328.67
9102663569726,841568852020,UTIB059143,Savings,Premium,Active,27-01-2017,,349449.61,1498355.28
9154777593955,373368259976,UTIB015293,Savings,BSBD,Dormant,25-04-2023,15-03-2024,11988.45,1734.68
9285963736627,373368259976,UTIB015293,Salary,Premium,Dormant,08-02-2023,04-12-2024,1014.6,0.0
24779931601645,774977567107,CNRB053239,Savings,Premium,Active,04-08-2023,,1762644.2,2289632.16
67125672253609,438507558592,HDFC022507,Fixed Deposit,Basic,Active,18-10-2022,,1015268.89,2658573.8
51517435987361,438507558592,HDFC022507,Savings,BSBD,Dormant,11-03-2024,14-05-2024,149617.41,0.0
604618915099,791087796625,CNRB098049,Recurring Deposit,BSBD,Dormant,08-04-2024,15-04-2024,0.0,0.0
95365431466,791087796625,CNRB098049,Salary,Premium,Active,14-05-2024,,824200.91,1177151.32
779218848972,926546045524,ICIC026164,Recurring Deposit,BSBD,Active,06-01-2018,,1015449.72,2702944.84
22076519761534,286446892405,KKBK046135,Savings,Regular,Active,01-06-2022,,2322666.47,2667339.56
62738819664,282720124616,SBIN088179,Savings,Regular,Active,10-02-2018,,782621.97,2277963.09
65042263825,514936037989,CNRB082053,Savings,BSBD,Active,09-11-2024,,1476179.3,2807658.37
66457940060,514936037989,CNRB082053,Fixed Deposit,BSBD,Active,25-06-2022,,1591572.67,1625481.98
4063087998558778,831323251000,PUNB014928,Recurring Deposit,BSBD,Active,16-01-2022,,2345687.64,2256749.38
9195894679953,350354695648,UTIB088048,Recurring Deposit,Basic,Active,15-01-2024,,3240706.22,4095215.72
77811051593896,928539556810,IOBA031471,Current,Regular,Active,01-03-2021,,412440.36,864934.21
1712090200430,928539556810,IOBA031471,Salary,Basic,Dormant,13-09-2020,27-08-2023,3027.27,41892.31
43039739616679,504008014898,HDFC091196,Fixed Deposit,Corporate,Active,02-12-2023,,462284.45,10567293.53
53663095889,561484725075,BARB085578,Current,Regular,Active,19-11-2024,,242355.36,1343652.87
55772312642,561484725075,BARB085578,Savings,BSBD,Active,19-11-2024,,1699795.76,4172223.36
61931418445,741320671622,KKBK010601,Current,Corporate,Active,06-08-2022,,4261300.65,7502228.45
79962388851,976743631597,CNRB081813,Fixed Deposit,Regular,Closed,08-09-2022,,0.0,0.0
1410204299332,976743631597,CNRB081813,Fixed Deposit,Regular,Active,21-04-2018,,2977487.32,11724157.71
80663984694365,611684979737,HDFC069161,Recurring Deposit,BSBD,Dormant,25-01-2023,19-06-2023,89420.62,143.6
12131614815,193188816399,SBIN088414,Savings,Basic,Active,20-02-2024,,3796484.31,5783204.23
35270308574413,777333294204,HDFC022954,Current,Regular,Active,04-05-2024,,1065766.57,3318088.41
9208800401127,654006499557,UTIB067686,Fixed Deposit,Corporate,Closed,22-04-2022,,0.0,0.0
5756887460716,777203535982,IOBA064272,Salary,Premium,Active,22-04-2023,,2352258.03,4649731.76
73694240687280,777203535982,IOBA064272,Current,Premium,Active,13-03-2024,,585703.25,3402459.59
221656185991,229142956773,ICIC066881,Current,BSBD,Active,05-01-2024,,1630944.78,1856475.38
381067373941,879715593227,BKID032439,Current,Basic,Active,23-04-2017,,3914503.78,10561556.33
3656525715236,879715593227,BKID032439,Salary,Premium,Active,16-03-2022,,6315466.85,10113262.54
871602385320,329878400750,ICIC021084,Salary,Regular,Active,07-12-2023,,1583817.7,2836355.1
72352746336832,840332177211,HDFC030672,Savings,BSBD,Active,15-02-2021,,4660150.49,4334811.99
58850300904,967100742908,CNRB090194,NRE,Regular,Active,08-12-2024,,2229374.26,4420828.83
91628340239108,248162346505,IOBA084080,Fixed Deposit,Corporate,Active,10-02-2019,,663745.64,8263014.47
5464282875852573,859922198186,PUNB083419,Savings,BSBD,Active,31-07-2023,,1562052.71,2608881.85
79563156781,302701031484,SBIN080884,Salary,Premium,Active,16-03-2021,,1799885.58,2954498.42
23029030984,302701031484,SBIN080884,Savings,BSBD,Active,06-11-2020,,1498728.36,1262278.33
206014422048,694160359326,ICIC046691,Savings,Basic,Active,06-12-2023,,1093661.88,2946111.22
306360158723,694160359326,ICIC046691,Current,Premium,Active,30-05-2023,,3855589.86,3312578.69
84427985279407,984895263648,BARB014485,Savings,Premium,Active,05-09-2021,,1807325.79,1768661.77
40996660372122,984895263648,BARB014485,Salary,Regular,Active,27-12-2021,,2086574.27,4984487.31
222974341197,867686802846,KKBK046905,Current,BSBD,Active,01-08-2022,,26296.47,2712561.34
4984514209634,867686802846,KKBK046905,Salary,Premium,Active,29-07-2023,,2218726.37,2586777.69
84153415923676,587974708317,BARB062669,Savings,Regular,Active,18-07-2024,,1545555.65,3147084.31
8841724584722,815890270344,IOBA091478,Recurring Deposit,Regular,Active,16-01-2024,,2799002.94,3740819.27
91155393678,815890270344,IOBA091478,Savings,Regular,Active,09-06-2021,,1150912.54,2759734.06
5392280008205,197535538570,CNRB081720,Savings,Premium,Active,12-01-2024,,887255.55,2749574.17
5070196544375106,476295330686,PUNB074312,Recurring Deposit,Basic,Active,08-02-2024,,1284565.84,2362172.66
9276632279774,399704146908,UTIB051778,Savings,Premium,Active,08-01-2023,,401699.42,2519465.29
9235496605425,399704146908,UTIB051778,Savings,Basic,Active,06-08-2024,,2499152.61,2309589.08
667447457337,427106911533,IOBA089873,Savings,Regular,Active,27-08-2022,,608080.32,895036.31
84522552208,648219240552,SBIN042472,Savings,Regular,Active,19-06-2024,,767543.32,3447396.15
2904727583110,717898479639,CNRB060036,Savings,Basic,Active,06-01-2022,,1143309.15,1558018.99
9200276643606,756329182161,UTIB077327,Fixed Deposit,Corporate,Active,24-09-2023,,2156935.1,5280878.45
9221348342418,756329182161,UTIB077327,Fixed Deposit,Corporate,Active,01-03-2022,,5492224.42,6466745.35
3813618543063855,519665700227,PUNB026307,Savings,Regular,Active,25-05-2018,,195090.15,314425.91
3207795836867655,519665700227,PUNB026307,Current,BSBD,Active,04-08-2017,,1526885.13,2640360.1
35370026179,383797641018,SBIN017246,Savings,Basic,Active,02-01-2019,,1360933.98,3453355.97
84332959240,383797641018,SBIN017246,Current,Premium,Active,07-07-2019,,1294816.04,2653334.95
3217968402284,918337960025,KKBK021916,Savings,Premium,Active,22-07-2023,,1226704.32,3605060.95
9239417183498,622951386074,UTIB068652,Current,Regular,Active,24-12-2022,,4975431.39,16066282.29
9286420907656,622951386074,UTIB068652,Current,Corporate,Active,29-09-2022,,1968689.66,14419301.7
41210213916966,825676758661,HDFC035023,Salary,Premium,Active,05-10-2022,,1471389.85,5579003.21
110979442844,590816983060,ICIC059505,Savings,Premium,Active,30-08-2022,,949566.51,1184168.77
203868035445,590816983060,ICIC059505,Current,Regular,Active,05-09-2023,,1658754.12,3372367.58
7295835450480,726612959287,BKID038338,Current,Premium,Active,09-01-2023,,2883518.41,6595610.86
623905909506,448607518272,CNRB071836,Savings,BSBD,Active,05-08-2022,,555777.69,4513042.63
85952530397,448607518272,CNRB071836,Recurring Deposit,BSBD,Active,02-09-2023,,3309602.5,8249369.13
274313762802,715383760194,BKID047897,Salary,BSBD,Active,17-12-2019,,1373015.75,3859970.37
255056737190,715383760194,BKID047897,Current,BSBD,Active,17-10-2023,,334890.88,124804.12
68707446300356,343148190307,KKBK029770,Current,Regular,Active,24-12-2024,,1506502.57,1475529.53
9329162683332,343148190307,KKBK029770,Salary,BSBD,Active,12-06-2023,,230787.93,1367147.46
6393785584731088,847344214231,PUNB089638,Fixed Deposit,Corporate,Active,18-11-2024,,471051.77,2315557.57
2758848895041738,847344214231,PUNB089638,Current,Regular,Active,10-10-2024,,784547.7,5678554.24
9119568404086,501476044199,UTIB030550,Fixed Deposit,Basic,Closed,10-04-2018,,0.0,0.0
96343121653,963016946555,BARB042475,Salary,Premium,Active,11-05-2019,,1099264.81,4569864.62
536435156840,963016946555,BARB042475,Savings,Regular,Dormant,20-06-2022,23-09-2022,163533.82,74536.12
9278202412293,486182046649,UTIB076774,Salary,BSBD,Active,07-11-2022,,3211623.01,6322024.88
9117175945939,486182046649,UTIB076774,Recurring Deposit,Regular,Active,05-11-2022,,712560.86,2653701.22
42674486396,248336129278,BKID076206,Savings,Regular,Active,18-12-2024,,3034909.79,3771271.01
785625617336,248336129278,BKID076206,Salary,BSBD,Active,08-07-2024,,1420175.28,1879984.23
18445874463,330545881555,CNRB099195,Fixed Deposit,Regular,Active,20-05-2022,,472143.7,903635.14
6692430963387,330545881555,CNRB099195,Current,Regular,Active,12-11-2021,,369742.97,2094638.33
950262585961,244180222599,BARB066773,Salary,Regular,Active,02-02-2024,,1081616.33,2006088.36
188119912227,134688696311,IOBA081712,Fixed Deposit,Regular,Active,18-03-2016,,9354646.0,6931306.55
616028996563,134688696311,IOBA081712,Fixed Deposit,Corporate,Active,14-10-2017,,518849.47,676793.08
58395594291,815161726426,CNRB041338,Salary,Premium,Active,31-10-2023,,4594235.61,4979565.4
68938154151756,815161726426,CNRB041338,Savings,BSBD,Active,29-09-2021,,1348549.52,1901169.6
134536131225,550132956352,KKBK081458,Savings,Regular,Active,27-10-2023,,212525.91,284008.72
6716759710958730,755846677473,PUNB024178,Current,Premium,Active,24-12-2024,,2297370.85,3495413.66
1115202079563,890350960795,IOBA050264,Salary,Premium,Active,28-12-2024,,1168703.48,4436907.85
61264469726462,728050300559,IOBA083942,Savings,Premium,Active,02-04-2020,,1061028.26,2258468.61
634024537580,886828831822,KKBK054004,Salary,Regular,Active,01-02-2023,,916832.03,1439381.42
96697249559,886828831822,KKBK054004,Savings,Basic,Dormant,12-09-2020,20-10-2022,0.0,18268.23
283382630643,101220133291,CNRB064231,Current,BSBD,Dormant,23-04-2023,17-01-2025,96877.05,63528.66
65020452558957,597660852611,HDFC023001,Fixed Deposit,Corporate,Active,03-04-2021,,1498184.09,320385.46
33150993030483,597660852611,HDFC023001,Current,Regular,Active,04-02-2024,,1128606.06,524852.37
84280691477,231035467877,SBIN018256,Salary,Premium,Active,10-05-2023,,1515827.87,2548124.03
72752336666,231035467877,SBIN018256,Savings,Basic,Active,20-11-2017,,1893813.77,1807269.34
649692858894,506594396638,IOBA096564,Current,Regular,Active,30-12-2023,,1505288.17,9547633.71
15948443184050,506594396638,IOBA096564,Fixed Deposit,Corporate,Active,08-08-2023,,3667713.21,21847751.04
92810696390788,292381371502,HDFC063151,Current,Corporate,Active,16-04-2020,,3324708.05,4697191.36
37874147284659,292381371502,HDFC063151,Fixed Deposit,Regular,Active,29-06-2024,,2324298.8,4962284.35
9253934884708,330054368803,UTIB099417,Savings,Regular,Active,18-01-2021,,708093.04,1790062.8
31748675342,985065826878,SBIN094779,Recurring Deposit,Premium,Dormant,03-10-2024,27-12-2024,1257.21,5386.97
74688743574,985065826878,SBIN094779,Savings,Regular,Active,06-02-2024,,2017320.61,4116495.96
50740419557155,646396866740,KKBK089643,Savings,Basic,Active,24-01-2024,,4715764.43,8498374.86
63459042182,718764977704,SBIN064360,Savings,Premium,Active,25-09-2021,,1092929.03,3758754.68
9250555124462,762872690580,UTIB050792,Savings,Regular,Active,06-07-2024,,553986.7,1141499.61
9104427041342,762872690580,UTIB050792,Current,BSBD,Active,27-10-2017,,620887.98,948060.38
257335884313,363291678793,CNRB028503,Current,Regular,Active,02-02-2020,,9443824.06,5366227.28
960446953213,296353480349,BKID039591,Savings,Basic,Active,21-05-2019,,2958461.78,2562606.65
46291334677,296353480349,BKID039591,Salary,Regular,Active,20-03-2019,,2123162.41,3926181.54
754553101352,814604059355,CNRB097706,Fixed Deposit,Regular,Active,11-10-2024,,653754.42,3647559.25
41467565872,814604059355,CNRB097706,Savings,Basic,Active,17-05-2023,,1658935.61,2894449.89
755496119762,532238315545,IOBA085442,Salary,BSBD,Active,02-06-2021,,1146114.84,4727344.79
42566978373397,793893645179,KKBK095967,Current,Basic,Active,25-11-2022,,913069.43,2091127.53
9497541976693,793893645179,KKBK095967,Savings,Premium,Dormant,22-11-2024,04-02-2025,1133.17,188.32
82126204341519,178983763802,HDFC028366,Salary,Basic,Active,16-06-2024,,1156784.19,2213939.57
970983184773,638699371779,KKBK018671,Fixed Deposit,BSBD,Active,18-10-2019,,1336387.6,1362694.68
9272832646335,492060605772,UTIB080270,Recurring Deposit,Basic,Active,24-06-2024,,1393978.92,1865045.86
4771850138965155,302110069834,PUNB068125,Savings,BSBD,Active,22-03-2024,,5022913.0,2280550.04
1794685233391564,302110069834,PUNB068125,Savings,Premium,Active,09-09-2023,,4152248.98,2583966.61
63501159007,618955190071,IOBA054876,Current,BSBD,Active,23-09-2022,,897457.99,1050198.95
167321348374,487644390607,CNRB037200,Salary,Premium,Active,20-04-2024,,1673813.95,2695038.24
86458294438271,416235745348,BKID050306,Salary,Premium,Active,31-10-2022,,3787330.5,2800143.56
26672184803,717727909254,SBIN032014,Salary,Regular,Closed,19-06-2023,,0.0,0.0
85150679602,717727909254,SBIN032014,Savings,Basic,Closed,28-09-2022,,0.0,0.0
7531110121895,558770368077,BKID060313,Salary,Premium,Active,06-04-2022,,1540306.92,2639068.1
16428467222870,413061972867,IOBA087620,Current,Regular,Active,30-03-2019,,1955847.57,188185.97
65499469382814,413061972867,IOBA087620,Fixed Deposit,Corporate,Dormant,26-04-2019,24-07-2019,0.0,4803.64
96395644763,890333682002,SBIN075754,Fixed Deposit,BSBD,Active,26-07-2021,,2161409.8,3743270.3
21925242339,890333682002,SBIN075754,Savings,Regular,Active,11-03-2019,,1602806.81,2769660.75
3609709668326,841825412161,CNRB033175,Fixed Deposit,Corporate,Active,24-06-2022,,3711198.93,5194915.64
5160969210641,397772970116,BARB062083,Fixed Deposit,Premium,Active,19-11-2020,,1646493.73,3017713.47
9347781699223,397772970116,BARB062083,Current,Basic,Active,16-04-2019,,567675.0,3825874.5
53257442319,171701969103,BARB090923,Savings,Premium,Active,26-11-2022,,600934.71,818590.69
150831736593,171701969103,BARB090923,Current,Premium,Active,06-05-2021,,1837273.17,2694272.38
2265500275256618,425130161770,PUNB072081,Savings,Regular,Active,09-09-2020,,2366671.01,2258047.54
7649675749704637,425130161770,PUNB072081,Savings,Premium,Dormant,31-01-2024,07-02-2024,4555.4,0.0
378148404303,250087204842,BARB043249,Savings,BSBD,Active,09-07-2022,,3964911.2,3666238.08
700590061581,749477720019,ICIC052531,Salary,Regular,Frozen,14-07-2023,,0.0,0.0
60506599741615,232323054880,HDFC048591,Current,Basic,Active,15-11-2024,,293087.18,3305313.29
3826435049192388,338227323756,PUNB044812,Recurring Deposit,Regular,Active,22-03-2020,,1183063.1,1739531.51
1689868832363219,338227323756,PUNB044812,Recurring Deposit,BSBD,Closed,20-07-2020,,0.0,0.0
96397241264,559658587310,KKBK092652,Current,Premium,Active,11-10-2024,,423329.59,3575471.67
99230256233,410141247702,SBIN073181,Savings,Basic,Active,22-02-2022,,2661985.96,5908334.86
62200099673,410141247702,SBIN073181,Fixed Deposit,Premium,Active,25-12-2020,,3065276.45,3118782.42
62474746310,592805642556,SBIN098888,Salary,BSBD,Active,30-11-2024,,2448874.41,4359570.56
98752102405,592805642556,SBIN098888,Salary,Basic,Active,21-09-2024,,2623607.89,3431835.95
138982872937,637275396344,BKID013900,Savings,BSBD,Active,23-11-2020,,2757201.12,4624239.91
7188248250998,637275396344,BKID013900,Fixed Deposit,BSBD,Active,12-11-2022,,779113.86,4538009.0
69711332753584,331049176907,HDFC060194,Recurring Deposit,BSBD,Dormant,17-12-2024,16-02-2025,22973.93,47209.72
12376467354654,331049176907,HDFC060194,Salary,Basic,Active,03-08-2024,,1677376.41,1818216.95
68185270527831,695489138277,KKBK015074,Current,BSBD,Active,05-05-2018,,2071203.68,1114189.23
750463769835,695489138277,KKBK015074,Salary,Premium,Active,03-05-2023,,386624.05,2526790.83
818478325251,760764175514,BARB030254,Recurring Deposit,Basic,Active,07-06-2024,,793405.7,1816480.98
199985192584,387116075806,CNRB036126,Salary,Basic,Active,02-10-2024,,1706094.63,4649102.98
304308247557,387116075806,CNRB036126,Savings,Premium,Active,07-11-2024,,409447.46,516829.81
51228276902,539788948844,BARB086715,Current,Regular,Active,15-09-2023,,200366.36,1914285.02
70734235919,539788948844,BARB086715,Fixed Deposit,Regular,Active,10-11-2018,,2634643.56,13107435.14
939505764893,254573514821,ICIC027628,Savings,Basic,Frozen,24-06-2023,,0.0,0.0
474669427675,254573514821,ICIC027628,Salary,Regular,Active,01-12-2023,,3022686.32,4775917.35
11828603700,661535230565,KKBK033829,Savings,BSBD,Active,01-06-2024,,630286.05,3129798.31
730040902577,661535230565,KKBK033829,Savings,Premium,Active,06-09-2024,,1499826.09,1843632.77
8161846716199,579971123001,BARB060868,Savings,Basic,Active,27-08-2024,,3433766.39,7672772.72
90682809906,444424172287,BARB030054,Salary,Premium,Active,01-05-2023,,2757329.5,3311126.84
356462934682,625074926834,ICIC038839,Fixed Deposit,Regular,Active,14-05-2020,,512271.55,2008082.87
729585449280,625074926834,ICIC038839,Savings,BSBD,Active,24-04-2021,,1907448.57,2480837.41
12547650593659,361762873658,BARB024296,Current,Premium,Dormant,03-11-2023,09-09-2024,28442.24,5751.9
1478516287268,361762873658,BARB024296,Savings,Basic,Active,11-08-2024,,2057023.07,3234249.4
51655626991,442264401650,SBIN030076,Savings,Regular,Closed,27-08-2024,,0.0,0.0
38360969038,442264401650,SBIN030076,Fixed Deposit,Premium,Active,24-07-2021,,757455.17,2128038.66
9117382518425036,118308472539,PUNB073925,Salary,Basic,Active,09-08-2024,,2639118.4,3694256.38
7741218733183,301927470105,IOBA024815,Salary,Premium,Active,18-04-2023,,684466.36,1621377.92
1936790265984231,841213533351,PUNB010500,Fixed Deposit,BSBD,Active,22-10-2024,,3465015.58,3552297.56
792212840844,886482064579,ICIC028978,Fixed Deposit,Premium,Active,12-11-2024,,861891.81,1243608.0
2641960022236094,517384972532,PUNB047528,Recurring Deposit,BSBD,Active,26-04-2023,,2984726.66,5889255.95
9237350369542,929787615163,UTIB064735,Current,Corporate,Active,30-03-2020,,2548602.16,8721320.64
6141025413248222,519918795305,PUNB017216,Recurring Deposit,Basic,Active,29-06-2021,,8593.26,492106.3
1704321360561717,519918795305,PUNB017216,Recurring Deposit,Regular,Active,13-10-2022,,3585963.36,8505712.03
9146375216673,728513499470,UTIB068015,Current,BSBD,Dormant,13-06-2023,21-01-2025,32272.31,32282.9
9202340816574,728513499470,UTIB068015,Savings,Regular,Active,08-05-2024,,2788548.14,3610055.25
943401690845,353334205154,BARB088783,Savings,Regular,Active,01-04-2023,,2661125.52,9082508.84
83918959802004,353334205154,BARB088783,Salary,BSBD,Active,15-11-2022,,5145583.49,3747179.56
6543577209699252,321115775290,PUNB012814,Salary,BSBD,Active,03-07-2021,,220396.54,2174576.46
8900066912453,204770487468,CNRB034591,Salary,BSBD,Active,29-03-2024,,3784255.75,3504884.75
584943668020,204770487468,CNRB034591,Savings,Basic,Frozen,20-04-2023,,0.0,0.0
6566369424027748,272722502719,PUNB076256,Recurring Deposit,Premium,Active,21-03-2020,,780458.47,2471996.9
47487222241438,573751487681,IOBA027606,Savings,Regular,Active,25-01-2024,,679456.83,1690111.01
3369286208307,573751487681,IOBA027606,NRO,Premium,Active,18-05-2024,,242279.83,1264463.05
869930044930,683094502901,ICIC017421,Recurring Deposit,Premium,Active,12-09-2021,,2051581.29,2164567.18
688494105116,683094502901,ICIC017421,Salary,Regular,Active,22-11-2024,,1110286.88,1835365.41
16767111772842,957920232513,CNRB038393,Current,Corporate,Active,07-03-2024,,8126916.97,7014480.47
91024462758201,201611553663,IOBA015906,Savings,Premium,Closed,17-03-2015,,0.0,0.0
28744090568,201611553663,IOBA015906,Savings,BSBD,Active,31-12-2017,,2434661.89,1791606.78
131669573034,207689898356,KKBK049240,Savings,Regular,Active,12-11-2021,,2379511.64,3795413.49
662458548650,207689898356,KKBK049240,Recurring Deposit,Basic,Active,17-01-2021,,338114.09,1422158.19
73249539766470,402078150303,BKID016208,Recurring Deposit,Basic,Active,27-06-2023,,1690135.28,2688577.77
7032940572600,402078150303,BKID016208,Savings,Premium,Active,09-12-2021,,1750989.54,868979.31
76108232473,993619706791,IOBA020461,Recurring Deposit,Basic,Frozen,03-04-2024,,0.0,0.0
96996602179048,993619706791,IOBA020461,Salary,BSBD,Closed,02-09-2024,,0.0,0.0
121527727893,456832274292,CNRB055275,Recurring Deposit,Basic,Active,22-05-2021,,1667582.61,1741482.91
82515936536,456832274292,CNRB055275,Salary,Premium,Active,30-12-2023,,676576.46,1373662.06
44676891844999,858382267699,HDFC042447,Savings,Premium,Active,14-02-2022,,2967234.33,4240260.92
4946724211416,689303882381,CNRB087681,Fixed Deposit,Corporate,Active,29-08-2018,,8507857.98,3686945.47
471608685621,689303882381,CNRB087681,Fixed Deposit,Regular,Active,29-07-2023,,1436869.47,17340550.62
15866426936,237109533133,SBIN089498,Fixed Deposit,Corporate,Active,05-01-2020,,3667916.31,658564.35
87862613284,237109533133,SBIN089498,Fixed Deposit,Corporate,Active,28-11-2022,,3888009.45,3764660.77
3761923789619,477406927813,BARB073918,Savings,BSBD,Active,18-09-2020,,10589848.7,10913684.23
9183959829086,769279404948,UTIB093819,Salary,Regular,Active,15-06-2024,,610168.82,2351882.08
9165259950546,769279404948,UTIB093819,Recurring Deposit,Premium,Active,15-07-2023,,2356062.27,2618792.32
92184998369267,775276997679,HDFC090927,Recurring Deposit,Basic,Active,09-07-2021,,305582.42,439770.44
69209312248654,876196574988,HDFC034345,Recurring Deposit,Regular,Active,21-06-2024,,723545.3,7990067.15
29795725938666,876196574988,HDFC034345,Salary,BSBD,Active,22-12-2024,,3896740.11,8149846.74
6739595780160,295419722651,BKID092587,Recurring Deposit,Regular,Active,28-11-2018,,1525988.15,3855776.34
863764332158,604462764955,ICIC011749,Fixed Deposit,Regular,Active,20-07-2024,,4640856.04,6368184.77
7546375267880781,619185836653,PUNB052899,Salary,BSBD,Frozen,15-06-2018,,0.0,0.0
7610490133152000,619185836653,PUNB052899,Salary,Regular,Active,30-05-2019,,1320951.74,1452466.61
9250923577768,979625100837,UTIB039336,Savings,Premium,Dormant,09-07-2024,30-10-2024,0.0,17884.15
9194121299817,979625100837,UTIB039336,Salary,Premium,Active,10-06-2023,,1214633.12,3458408.86
129148190341,464347676514,BARB073166,Salary,BSBD,Active,24-05-2023,,1068877.22,1872804.46
76577550807537,464347676514,BARB073166,Current,Basic,Active,15-05-2023,,1592191.07,3044795.29
431624725997,565088443757,BARB065890,Current,Regular,Active,18-05-2022,,1265424.05,1670738.8
320645887973,240583276758,ICIC050709,Salary,Premium,Active,29-12-2021,,799318.73,3123829.64
3426286687955,662738796925,BKID066932,Savings,Regular,Active,13-12-2024,,279572.58,817408.05
815635846066,662738796925,BKID066932,Salary,Basic,Active,27-10-2021,,2377016.29,3057234.42
53573943587,470613038781,CNRB095918,Savings,BSBD,Active,14-09-2022,,297465.57,837405.02
75730757633,470613038781,CNRB095918,Salary,Basic,Active,11-08-2019,,1647575.02,2063654.89
4941793402685,807214440587,IOBA034987,Savings,Premium,Active,26-12-2022,,881047.33,1531343.98
7398825381025,807214440587,IOBA034987,Savings,Basic,Active,05-03-2023,,824834.78,2268892.48
604141828633,570301956378,BARB017488,Fixed Deposit,Corporate,Active,27-09-2024,,5834339.23,1541283.33
67042235906794,546067228503,HDFC061612,Fixed Deposit,Basic,Dormant,24-12-2024,03-03-2025,0.0,0.0
18733196095,289630252295,KKBK045192,Savings,Regular,Active,04-07-2024,,1855268.56,1789218.4
6683226755109,289630252295,KKBK045192,Savings,Basic,Active,20-11-2024,,1232674.69,1403045.87
11362513492,689709850784,BKID048925,Fixed Deposit,Regular,Active,26-08-2021,,3062075.91,2346797.17
60452677853,689709850784,BKID048925,Current,Regular,Active,12-04-2022,,245945.87,4280376.94
56737881562,556727534654,SBIN081132,Current,Corporate,Active,02-10-2021,,844074.09,6483964.05
49284833477,556727534654,SBIN081132,Fixed Deposit,Regular,Active,07-10-2022,,10310437.68,10500082.53
606594390148,531477948092,ICIC048253,Salary,Premium,Active,25-03-2023,,3243114.62,3561319.81
61170150501,137350438272,KKBK065429,Current,Regular,Closed,08-10-2019,,0.0,0.0
58445893464,959838044855,SBIN063809,Savings,Regular,Active,29-05-2022,,586851.99,2721988.36
19277046390,959838044855,SBIN063809,Salary,Premium,Dormant,07-02-2023,05-02-2025,0.0,0.0
73457046458,557076295152,KKBK016432,Savings,Regular,Active,11-01-2024,,513914.01,1608025.08
7165224024490,557076295152,KKBK016432,Current,Basic,Active,20-03-2024,,1409208.62,2397660.9
4534137245998,255146656935,KKBK027937,NRE,Regular,Active,24-04-2024,,285371.51,1626338.95
4806542555856,269821086158,BKID026267,Salary,BSBD,Closed,05-12-2024,,0.0,0.0
92801914502196,126763637481,HDFC035604,Savings,Basic,Active,07-11-2022,,3464418.18,4033473.45
64965721789,377358473337,SBIN053781,Fixed Deposit,Regular,Active,06-09-2022,,7864527.93,3994783.42
662793697111,176815087860,ICIC023672,Savings,BSBD,Active,10-09-2023,,1209471.62,11213946.7
21016500732193,903635332564,HDFC010416,Fixed Deposit,Corporate,Active,20-09-2023,,451432.1,1760726.94
47965593973,543242777699,BKID040961,Salary,Premium,Active,29-02-2024,,2675916.61,4504968.67
346691129822,569886557459,ICIC091228,Current,BSBD,Active,08-11-2024,,2328295.19,3655241.29
386655081637,569886557459,ICIC091228,Recurring Deposit,Regular,Active,05-04-2024,,936819.15,2586019.9
798597437731,555313311177,BARB071894,Current,Premium,Active,23-11-2021,,635085.06,3038167.9
834982387639,555313311177,BARB071894,Savings,Regular,Active,13-05-2019,,1322241.61,1094219.94
506935937761,129921491850,BARB012905,Salary,Regular,Active,05-09-2017,,15800844.59,11420032.71
48296104735955,129921491850,BARB012905,Savings,Basic,Active,10-02-2017,,6001248.86,6868329.23
9946523113205,177419548221,CNRB034124,Fixed Deposit,Corporate,Active,18-07-2021,,2649635.83,8433248.33
39948472499,132406837340,SBIN072449,Fixed Deposit,Corporate,Active,27-02-2022,,507809.68,2489830.74
95026751094,132406837340,SBIN072449,Fixed Deposit,Regular,Active,20-07-2023,,1754231.66,7827270.55
2482123705926,350930794072,BKID037599,Savings,BSBD,Active,10-01-2017,,52034.78,1081437.89
1232039217941,195456905617,CNRB047058,Salary,BSBD,Active,30-09-2024,,4182160.67,6545095.08
6243831878093,195456905617,CNRB047058,Savings,Premium,Active,28-07-2024,,3456087.41,3751436.98
500921428714,858105618138,ICIC070576,Salary,BSBD,Active,19-08-2023,,1812644.58,2383933.63
489040687092,858105618138,ICIC070576,Current,BSBD,Active,01-09-2023,,894996.26,3126409.4
5312544315080,613750547420,BARB012113,Savings,Basic,Active,03-10-2022,,2210644.49,4195004.36
40825572282619,859272655610,HDFC096685,Salary,Regular,Active,07-04-2019,,647872.08,2467180.89
70901565642372,859272655610,HDFC096685,Savings,Basic,Active,28-11-2023,,898214.51,1028351.68
27184820050,653200157716,KKBK041903,Savings,Basic,Active,11-05-2023,,4603233.94,5819432.68
622858750384,371033167148,ICIC021633,Current,BSBD,Dormant,09-10-2022,27-09-2023,202787.94,0.0
723436993240,371033167148,ICIC021633,Fixed Deposit,Premium,Active,17-10-2017,,586888.06,365979.91
191536835732,816316001166,IOBA085682,Savings,Regular,Active,13-01-2024,,3287827.65,4094886.17
75121085643,816316001166,IOBA085682,Savings,Basic,Active,06-03-2023,,1543479.14,2226193.36
625353196322,852404530220,ICIC061897,Recurring Deposit,BSBD,Active,22-04-2022,,461279.07,532984.78
61887529082980,198736129218,CNRB067835,Salary,BSBD,Active,09-09-2022,,1116021.18,2162515.06
288936141530,198736129218,CNRB067835,Salary,Premium,Active,01-09-2017,,421293.11,2071173.85
23699869789,878811357842,IOBA015046,Savings,Basic,Active,03-08-2020,,1922511.72,2905993.52
620739009644,878811357842,IOBA015046,Current,Regular,Dormant,31-01-2020,04-12-2023,197606.47,156484.09
323797442120,935083889805,ICIC012125,Savings,Basic,Active,14-08-2024,,441909.15,1428123.06
79265288190,943028795749,BKID045527,Current,Regular,Active,07-02-2024,,13674033.14,26310305.97
17556171911,859875537289,IOBA050825,Savings,Basic,Active,08-12-2023,,2656960.23,6124883.88
24726737112537,108011990807,HDFC065005,Savings,Basic,Active,30-09-2019,,1507397.69,1922842.94
999323265088,578726045906,ICIC080766,Savings,Regular,Active,03-01-2023,,439160.8,682235.69
876082434551,578726045906,ICIC080766,Fixed Deposit,Regular,Active,09-12-2023,,1379102.55,2595597.89
42889134129656,251437733806,HDFC020388,NRO,Premium,Active,08-12-2016,,2684566.14,2459837.09
92154435783856,251437733806,HDFC020388,NRO,Regular,Active,17-07-2017,,3067176.38,2528420.65
9192572561359,665095557886,UTIB046929,Current,Premium,Active,24-08-2021,,2410806.51,2020058.56
9198568235835,104041351472,IOBA022300,Fixed Deposit,Premium,Active,23-10-2024,,669101.64,3414742.5
985866227819,603204292325,KKBK088505,Salary,Premium,Frozen,18-09-2022,,0.0,0.0
6215750591294,593738563075,KKBK088302,Savings,Premium,Active,25-06-2023,,100950.57,849863.61
2916385328226,593738563075,KKBK088302,Recurring Deposit,Regular,Active,23-09-2018,,1999980.62,2006535.02
8318700797018,130216665391,CNRB072328,Savings,BSBD,Active,12-09-2018,,1018391.27,2884194.12
33337382682941,702806393667,KKBK017008,Savings,BSBD,Active,03-12-2024,,4063879.91,4446423.73
581541721626,702806393667,KKBK017008,Savings,Premium,Active,02-12-2024,,245958.97,1174121.77
67164577595,618339207357,CNRB047760,Savings,Premium,Active,23-06-2022,,1409416.72,3398315.36
11876002225,700937572061,BARB099998,Fixed Deposit,Corporate,Active,24-12-2022,,4571312.99,2629327.09
972218282351,700937572061,BARB099998,Fixed Deposit,Regular,Active,20-02-2020,,4850752.56,14149130.79
704198924355,932853052373,ICIC098623,Savings,BSBD,Active,05-12-2024,,297953.89,1144572.35
9136597106568,161125583059,UTIB050477,Current,Regular,Active,26-07-2017,,2270481.39,3499522.34
9175613069343,161125583059,UTIB050477,Current,Regular,Active,23-07-2022,,4013461.81,5170999.91
6627895389847610,608698492376,PUNB037020,Savings,BSBD,Active,19-06-2016,,1353454.21,2296620.04
59940892041779,980311948420,KKBK014603,Salary,Premium,Active,15-02-2019,,1386372.25,3062334.62
9278477993145,116382889061,UTIB074941,Savings,Regular,Active,28-05-2018,,669393.42,3297331.64
9231505578526,116382889061,UTIB074941,Salary,Premium,Active,29-07-2023,,1050812.86,3663740.31
90116827332,454503252876,SBIN040706,Savings,BSBD,Active,28-05-2024,,1876677.24,4138745.42
14336527320,454503252876,SBIN040706,Salary,BSBD,Active,09-01-2022,,1663553.43,2494366.74
48712524518302,104341354955,HDFC065674,Savings,Regular,Dormant,22-01-2024,21-04-2024,0.0,150019.96
73009158747011,104341354955,HDFC065674,Savings,Regular,Frozen,09-09-2023,,0.0,0.0
327775264744,894288134276,IOBA045170,Salary,Premium,Active,25-11-2023,,1354259.06,1539538.94
9060755308974,159815943136,BKID043494,Savings,Premium,Active,02-01-2020,,8411471.44,7670121.25
628662402162,159815943136,BKID043494,Fixed Deposit,Basic,Active,26-05-2016,,2950243.46,3422561.15
7534823405711931,843808301032,PUNB073870,Savings,BSBD,Active,04-09-2023,,385588.09,1466816.91
85452153862,376892517964,BKID060930,Salary,Basic,Active,18-11-2022,,1909965.64,4055733.92
6567654611107,376892517964,BKID060930,Salary,Regular,Active,12-07-2024,,2648613.85,2659420.8
78829600047,773615639221,SBIN054467,Fixed Deposit,BSBD,Active,04-11-2020,,2870827.5,4426385.19
75661493081,773615639221,SBIN054467,Current,Premium,Active,06-12-2023,,743933.34,2783842.28
181893677715,709655287733,CNRB046871,Current,Corporate,Active,20-12-2022,,10457290.66,13879010.01
5586404213173,709655287733,CNRB046871,Fixed Deposit,Corporate,Active,27-04-2024,,1647985.48,15192794.08
784392239755,289283141473,ICIC079023,Current,Regular,Active,22-03-2023,,100814.79,863020.93
143967855634,289283141473,ICIC079023,Savings,Premium,Active,09-03-2018,,685736.56,1229834.31
4734799117243837,570734500791,PUNB072879,Savings,Basic,Dormant,28-01-2024,30-11-2024,2866.59,58155.34
1117752018222435,570734500791,PUNB072879,Current,BSBD,Active,03-09-2022,,900228.72,2241858.99
211396262336,419477835349,BARB060577,Fixed Deposit,Premium,Active,02-03-2023,,1635935.78,2543307.84
10404266017733,419477835349,BARB060577,Fixed Deposit,Regular,Active,23-03-2023,,952224.0,2689861.32
9295198438162,202263306779,UTIB021821,Current,Regular,Active,13-08-2019,,209072.03,524685.93
983865888350,727705180753,ICIC049600,Current,Regular,Active,05-07-2024,,1557659.48,3019720.49
25298053105,221281567880,KKBK024636,Savings,BSBD,Active,06-04-2022,,7944370.29,4896977.94
24531435707,297170706333,SBIN065217,Current,Regular,Frozen,06-09-2022,,0.0,0.0
57007652743,297170706333,SBIN065217,Current,Corporate,Active,23-05-2020,,2562563.09,10788466.35
60287873983150,181927142438,BARB026505,Fixed Deposit,BSBD,Active,24-10-2017,,1956561.73,2724902.9
67652972735,181927142438,BARB026505,Fixed Deposit,Premium,Active,18-06-2018,,2284824.26,3315797.48
6033746445673,613290416800,BARB029330,Savings,BSBD,Active,29-01-2023,,1852055.76,3197969.9
4675177646129,613290416800,BARB029330,Savings,Regular,Active,21-01-2023,,1545007.02,2029069.37
509338258383,692017703006,ICIC044517,Current,Premium,Active,01-05-2024,,3636094.83,5101561.1
584055485248,692017703006,ICIC044517,Fixed Deposit,Premium,Active,16-09-2023,,570309.16,1453753.83
667473545036,357562876385,BKID057977,Savings,Regular,Active,25-10-2023,,3509676.77,3828798.66
35786671680837,357527378244,KKBK043674,Savings,Basic,Active,23-07-2021,,2676086.43,5602861.78
41676932217259,357527378244,KKBK043674,Salary,Premium,Dormant,12-02-2021,25-03-2024,100118.14,2753.03
1730292011728,441301188150,KKBK059446,Current,Basic,Closed,24-02-2018,,0.0,0.0
92811707701,969739694006,SBIN017705,Current,Premium,Active,10-11-2023,,2327486.32,2598066.72
476817489646,286754981784,BARB047177,Current,Basic,Active,23-11-2017,,3521547.0,1049345.56
97077373890897,286754981784,BARB047177,Fixed Deposit,BSBD,Active,12-06-2023,,4780131.47,7424816.16
52893045312,605017086072,BARB054661,Savings,Premium,Frozen,05-05-2021,,0.0,0.0
83128254960,605017086072,BARB054661,Savings,Basic,Active,29-05-2020,,3303803.69,5206815.61
94350843382,875583224069,CNRB069233,Fixed Deposit,Premium,Active,12-03-2024,,1444490.61,2889493.78
763848926413,947434478150,ICIC030068,Savings,Regular,Active,19-11-2023,,1329188.41,2235767.49
13411993076776,585975588209,HDFC065367,Salary,Premium,Active,05-06-2023,,493952.92,1221594.16
42056503336,832090859506,SBIN093719,Salary,Premium,Active,07-01-2022,,363730.03,1650738.62
31301684735,832090859506,SBIN093719,Savings,BSBD,Closed,08-11-2022,,0.0,0.0
69159738696,729483727255,KKBK032463,Current,Corporate,Active,29-09-2021,,10202807.75,3831244.63
1897035239847,729483727255,KKBK032463,Fixed Deposit,Corporate,Active,29-11-2023,,6233016.63,2077356.34
9245035288344,566512611933,UTIB046896,Recurring Deposit,Regular,Active,22-11-2022,,1722572.15,3782611.68
20831190355,504925857932,CNRB082531,Fixed Deposit,Corporate,Active,14-12-2020,,4009903.78,1475223.43
35175263010002,140627248652,HDFC014826,Current,Basic,Active,08-08-2024,,5252430.66,2719377.41
64439501784939,140627248652,HDFC014826,Savings,Basic,Active,29-08-2022,,12793522.0,6924133.83
349164400239,422058089341,BARB032619,Savings,Premium,Active,15-07-2024,,755376.89,2975194.84
762818569542,422058089341,BARB032619,Fixed Deposit,Premium,Active,22-08-2020,,366613.16,2245333.07
9240988175325516,912697009039,PUNB060241,Current,Basic,Active,09-07-2023,,4166882.1,8636150.7
6635184519075428,912697009039,PUNB060241,Savings,BSBD,Active,20-05-2022,,3222739.89,5694479.46
30958602369,108901504899,BKID076978,Recurring Deposit,Regular,Active,04-07-2023,,1271892.03,2954697.63
84279429253,929186015901,SBIN010416,Savings,Regular,Active,18-09-2023,,2412664.01,2297073.3
45235298804,929186015901,SBIN010416,Savings,Premium,Active,26-04-2021,,102469.94,641168.65
22202832706006,878417126817,HDFC022555,Current,Regular,Active,16-12-2018,,773359.63,3181640.35
27779322101336,878417126817,HDFC022555,Salary,BSBD,Active,05-08-2023,,341568.76,1844234.68
698029267580,838018636669,CNRB095251,Savings,BSBD,Active,08-04-2023,,2803904.61,2559529.28
61939149788989,673233785193,BARB067358,Fixed Deposit,BSBD,Active,26-02-2021,,1590711.85,1824364.16
9308176125750,673233785193,BARB067358,Savings,Regular,Active,15-11-2022,,1121112.27,1491869.75
6386326919926,445659754284,KKBK063190,Fixed Deposit,Regular,Active,27-09-2024,,3353499.97,5677664.59
339865275742,117576884848,ICIC086166,Savings,Basic,Active,07-03-2020,,213230.07,944678.3
514916887389,117576884848,ICIC086166,Salary,Regular,Active,28-11-2022,,1918899.26,3348427.3
145987211634,538374642353,IOBA016649,Recurring Deposit,Regular,Active,29-11-2024,,1580690.67,3271235.39
4107627159590,538374642353,IOBA016649,Recurring Deposit,Basic,Active,05-12-2023,,805534.2,2015617.63
20733297711,211483131250,BARB022533,Salary,BSBD,Dormant,26-08-2024,24-11-2024,0.0,0.0
87704728392984,211483131250,BARB022533,Salary,Regular,Active,24-03-2022,,3315945.81,2641447.86
17653563586,835775418555,SBIN041473,Fixed Deposit,Regular,Active,27-11-2024,,10644068.62,9387046.41
58378354384069,269810971021,HDFC040020,Salary,Premium,Active,10-07-2023,,180222.51,1374689.73
65031477208111,269810971021,HDFC040020,Salary,Basic,Active,18-11-2024,,615172.87,3328333.72
1510226784879301,200838741502,PUNB063988,NRO,Regular,Active,08-06-2022,,849275.19,2215720.16
6341795175892538,200838741502,PUNB063988,NRE,Premium,Active,31-07-2019,,1799342.52,2321318.23
2414272680517,214609646232,IOBA062397,Savings,Basic,Active,08-11-2023,,1600875.53,2094389.18
9375027214668,214609646232,IOBA062397,Current,BSBD,Active,10-10-2024,,1141799.26,2987631.62
46246113856478,536700871880,HDFC073962,Recurring Deposit,Basic,Active,24-07-2019,,1390722.37,3964630.63
85605412119240,536700871880,HDFC073962,Savings,Regular,Active,28-04-2024,,1898589.22,6365792.37
63525758889,321167073682,BKID078792,Savings,Premium,Active,25-04-2022,,358003.42,903743.11
1270728624402,321167073682,BKID078792,Salary,BSBD,Active,10-03-2023,,403748.73,1029029.72
2639087228648,686473933099,CNRB098708,Salary,Premium,Active,13-12-2024,,3104584.78,1662739.9
52276144031448,686473933099,CNRB098708,Current,Premium,Active,31-08-2022,,4111602.2,4086279.39
5990507985167204,502154667634,PUNB026692,Current,Corporate,Active,27-01-2024,,1322492.22,7997555.62
6889646630310367,502154667634,PUNB026692,Current,Regular,Active,08-03-2024,,6423238.63,3776785.14
107661384147,190333158105,CNRB044845,NRE,Premium,Active,20-12-2023,,1314127.74,1853343.06
93865455909823,496920059416,CNRB018729,Salary,BSBD,Active,02-02-2024,,1471276.57,2202613.91
87694635027,496920059416,CNRB018729,Recurring Deposit,Regular,Active,02-03-2020,,434496.41,2087675.72
3217243689073,632257134942,IOBA088161,Fixed Deposit,Regular,Active,02-09-2024,,8436050.56,7222479.36
33261673899,290501599767,SBIN012850,Savings,BSBD,Active,10-07-2023,,1397540.72,1907687.89
37576677459,496253353335,BKID054791,Savings,Premium,Active,05-04-2024,,1539618.66,1481595.26
99203595638863,496253353335,BKID054791,Savings,BSBD,Frozen,01-01-2023,,0.0,0.0
976584688196,110854821678,ICIC030610,NRO,Regular,Closed,06-08-2024,,0.0,0.0
4731950109946154,481269731398,PUNB037838,Salary,Basic,Active,25-06-2019,,649116.19,1537813.84
89951759440,378826407680,SBIN036252,Salary,Basic,Dormant,01-10-2020,14-04-2021,0.0,0.0
55092971216,378826407680,SBIN036252,Salary,BSBD,Active,16-03-2022,,634454.67,698195.84
51002555932,824073245972,BARB083757,Savings,Regular,Active,12-12-2021,,944758.59,4659575.45
547254476587,527816115607,ICIC045979,Current,Basic,Active,19-07-2024,,604439.27,2770224.68
38187408700,132575400034,SBIN033656,Current,Basic,Active,16-11-2024,,2627289.41,3333138.97
17600937859760,437027703563,IOBA054708,Salary,Premium,Active,01-06-2024,,1880256.25,1549276.53
9270169186574,379676564119,UTIB066670,Current,BSBD,Active,14-06-2024,,1121506.58,1214908.15
9762490088718,314403281119,BKID016295,Salary,Regular,Dormant,12-12-2023,23-01-2025,27543.16,11839.9
196281543334,692913841475,ICIC088829,Salary,Regular,Active,14-10-2024,,2560684.73,4534956.23
178256923112,692913841475,ICIC088829,Savings,Premium,Active,27-12-2024,,4181491.33,4236326.1
9182060847815017,917383721126,PUNB073108,Savings,Premium,Dormant,30-03-2019,19-01-2024,0.0,31799.09
3627055992704036,917383721126,PUNB073108,Savings,BSBD,Active,29-11-2019,,2586367.27,4280615.92
353433971404,638873676798,CNRB047460,Savings,BSBD,Active,06-11-2024,,842990.62,1291333.1
61923748956,638873676798,CNRB047460,Savings,Regular,Active,07-06-2024,,3943737.74,5751281.64
76583893267975,996524214885,KKBK069476,Savings,Regular,Active,16-04-2023,,737587.73,972725.0
4079765790799,996524214885,KKBK069476,Savings,Premium,Active,08-01-2022,,1633540.98,6669374.7
8652126134138466,791176711624,PUNB056654,Recurring Deposit,Premium,Active,17-07-2023,,2713088.21,3841482.07
7254291841313833,791176711624,PUNB056654,Savings,Regular,Dormant,16-09-2022,24-02-2024,0.0,2622.11
43532893712,885018827652,SBIN076745,NRE,Premium,Active,05-10-2022,,4149017.93,3356994.7
78014432971,885018827652,SBIN076745,NRE,Regular,Active,15-07-2021,,2922972.44,3019009.84
3924387948202,103417802796,KKBK052060,Savings,BSBD,Active,25-02-2023,,865550.88,2348173.21
620361924369,103417802796,KKBK052060,Fixed Deposit,BSBD,Active,25-09-2024,,1026257.61,1847994.08
318262794786,527819464183,ICIC081894,Fixed Deposit,Corporate,Active,03-03-2021,,2008879.16,8265512.9
392322065344,527819464183,ICIC081894,Fixed Deposit,Corporate,Active,31-07-2023,,8733829.18,10393702.65
31198376185,375070543509,SBIN051290,Savings,BSBD,Active,07-12-2021,,1491567.29,2857215.63
90920773577,375070543509,SBIN051290,Current,Premium,Active,23-12-2018,,2482535.91,3755683.98
437599669799,922294414604,ICIC046156,Savings,Regular,Active,19-12-2021,,2152164.53,2196740.62
224687036156,922294414604,ICIC046156,Current,BSBD,Active,14-09-2021,,173342.43,349958.17
12375781931791,251654103603,KKBK059550,Fixed Deposit,Corporate,Active,18-04-2023,,1316462.78,3312039.63
24333223397,710458889441,BKID058957,Savings,Premium,Active,23-09-2022,,1763357.6,2420938.88
6799341380951,388523220228,KKBK050372,Savings,Regular,Dormant,04-10-2021,01-05-2024,43312.78,95714.19
67842532974,388523220228,KKBK050372,Salary,Premium,Active,07-07-2024,,374917.84,2315854.63
52371739418871,244051923035,HDFC024898,Savings,Basic,Active,31-12-2024,,2250412.34,3014204.64
31457371607768,244051923035,HDFC024898,Current,Premium,Active,09-08-2024,,2414676.74,3116704.03
44175056378253,904738421514,BARB017765,Savings,Basic,Active,07-11-2017,,1301390.09,2906603.73
26888645472442,904738421514,BARB017765,Salary,BSBD,Active,02-06-2020,,178913.55,508602.0
9172103593307,895116189085,UTIB015129,Savings,Regular,Active,28-12-2024,,1844886.85,2745680.62
9230411689597,895116189085,UTIB015129,Savings,Regular,Active,22-05-2023,,2663201.24,4162681.61
52378026906717,767230785028,IOBA034439,Current,Premium,Active,10-08-2024,,1553934.78,1564625.34
43383309309540,862298088808,KKBK081647,Salary,Basic,Active,11-03-2022,,1005146.69,1157847.48
45425651069,938826484941,SBIN089749,Fixed Deposit,Corporate,Frozen,26-07-2019,,0.0,0.0
83787276112,938826484941,SBIN089749,Current,Regular,Active,14-10-2019,,3813856.07,11771581.8
86232555046128,914484295356,HDFC098267,Savings,Basic,Active,02-04-2021,,1616838.7,2321866.95
7313492437198772,842962943807,PUNB020361,Savings,BSBD,Active,09-11-2022,,1164636.5,3496098.33
1651787572496188,842962943807,PUNB020361,Fixed Deposit,Basic,Active,03-10-2024,,1652160.35,2200392.26
96155045896440,808494089748,BARB073752,Current,Premium,Active,27-01-2023,,607020.89,2885887.0
54002571912,808494089748,BARB073752,Savings,BSBD,Active,12-05-2024,,1564613.26,5019649.78
651042730678,827274012468,KKBK020824,Savings,Basic,Active,04-11-2018,,1306720.97,1846085.72
78010326137175,827274012468,KKBK020824,Savings,Premium,Closed,21-11-2019,,0.0,0.0
884422273226,964676115412,IOBA080729,Recurring Deposit,BSBD,Active,01-08-2023,,2135829.01,2692510.57
875856455638,964676115412,IOBA080729,Salary,Premium,Dormant,15-10-2020,04-09-2023,0.0,0.0
87987808076,669140455114,BARB031370,Salary,Premium,Active,22-10-2024,,1180643.94,1830273.83
783788752429,145274435473,IOBA051546,Fixed Deposit,Regular,Active,08-12-2022,,10106726.53,3310251.18
9259267752578,975007262416,UTIB015847,Current,BSBD,Active,05-02-2023,,3039132.82,3047934.58
9235138131956,975007262416,UTIB015847,Salary,Basic,Active,08-06-2023,,4181979.11,4859327.75
2435453052911110,746416872879,PUNB032992,Fixed Deposit,Regular,Active,15-09-2020,,5265162.35,962311.91
97050843979120,523073267793,HDFC087910,Salary,Regular,Active,26-09-2021,,1529472.69,1595917.29
37529192283970,523073267793,HDFC087910,Salary,Premium,Active,03-03-2020,,1726006.55,3342795.81
9585079389582158,550471744756,PUNB093483,Savings,Premium,Active,02-07-2021,,1714918.51,3062394.32
92124843969222,732486723665,CNRB054458,Savings,Premium,Active,06-03-2024,,764800.28,1239842.31
7586795735207,732486723665,CNRB054458,Savings,BSBD,Active,26-12-2023,,938982.27,1092355.93
314112554187,863201356128,ICIC095745,Fixed Deposit,Basic,Active,26-09-2018,,9421395.16,8738840.98
9930739955424135,199432017130,PUNB034948,Salary,BSBD,Active,12-10-2023,,1381695.17,5428152.37
5278626173960802,199432017130,PUNB034948,Savings,Premium,Active,20-08-2023,,1166525.19,875478.23
207131436150,322029589779,ICIC027967,Current,Regular,Dormant,11-01-2022,13-04-2023,6801.7,84257.84
22673624638,771062429548,SBIN030405,Savings,Premium,Active,12-08-2023,,2473552.95,2390524.62
21518229797,771062429548,SBIN030405,Recurring Deposit,Regular,Active,15-01-2023,,1951548.34,3191154.21
638377549751,931629654732,CNRB073300,Savings,Basic,Active,07-07-2019,,1407402.91,5031637.92
65852523650,880377542450,KKBK093573,Savings,Premium,Active,10-07-2023,,1040717.55,4569627.4
431128129704,418501351683,ICIC026522,Current,Corporate,Active,13-01-2021,,7376567.55,7222253.46
77415628202005,445858896204,BKID073122,Savings,Basic,Active,10-08-2020,,1932757.14,2892362.35
6807839287503,784458343972,BKID069140,Recurring Deposit,BSBD,Dormant,14-10-2024,12-03-2025,12718.64,0.0
701984283821,188687690576,CNRB048900,Savings,Premium,Active,17-10-2019,,1647051.59,1702989.99
1872941211965,188687690576,CNRB048900,Recurring Deposit,Regular,Active,15-12-2023,,1015465.96,3454853.65
16558338984,419517736670,BARB029433,Savings,BSBD,Active,08-09-2022,,1500830.75,1457773.37
8085796360564,419517736670,BARB029433,Recurring Deposit,BSBD,Active,13-05-2018,,1368829.71,2390370.73
7883833947396324,363370737212,PUNB095197,Salary,Regular,Active,19-05-2019,,1442049.72,3621495.82
9635318847345031,363370737212,PUNB095197,Savings,Basic,Active,19-08-2017,,2877052.56,5873227.52
770279707223,886847790695,IOBA033681,Salary,BSBD,Active,10-10-2021,,4986526.8,5900685.34
20291249995940,886847790695,IOBA033681,Savings,Basic,Active,11-05-2024,,1856433.09,2240906.36
396013466670,103356707745,KKBK061512,Salary,Regular,Active,17-04-2024,,1699919.95,3413866.18
262067594907,103356707745,KKBK061512,Savings,Premium,Active,09-08-2022,,1092003.17,2612738.84
13334039596,975642441925,BARB060409,Savings,BSBD,Active,23-02-2024,,961617.97,3507378.15
31479411913192,975642441925,BARB060409,Savings,Premium,Active,31-05-2019,,444934.88,1307658.91
87862048232,244751728929,KKBK097266,Salary,Premium,Active,11-05-2023,,497550.38,1556045.2
736723065048,244751728929,KKBK097266,Recurring Deposit,Basic,Active,12-06-2020,,3039495.04,4576002.18
82972521022376,460556269422,KKBK027653,Savings,BSBD,Active,21-07-2024,,2012394.68,3937265.9
547477301212,295582076500,IOBA018680,Savings,Regular,Active,14-11-2024,,1204959.65,2742326.31
65755874855630,295582076500,IOBA018680,Savings,BSBD,Active,13-03-2024,,560248.1,1405006.47
9115091308276,922803586713,BKID026138,Savings,Basic,Active,05-02-2021,,2475254.67,2367411.95
7231558928411,922803586713,BKID026138,Savings,Basic,Active,12-07-2019,,638685.29,2692529.77
2785511374865,299138574878,BKID013244,Salary,Basic,Active,19-10-2022,,914064.17,1754904.82
8647015171079,299138574878,BKID013244,Current,Premium,Active,03-05-2023,,2209943.55,3019373.32
79723380505,757170697249,KKBK040972,Savings,Regular,Active,20-12-2023,,3914375.03,5034156.7
30603779416465,678782909730,HDFC025281,Salary,Regular,Frozen,10-07-2022,,0.0,0.0
60557842107388,678782909730,HDFC025281,Fixed Deposit,BSBD,Active,07-05-2020,,1261892.14,2430285.93
5489696325925,470350580874,BKID034159,Current,Corporate,Active,14-02-2017,,707144.61,3042877.48
94758926322,111737300112,SBIN070454,Salary,Premium,Active,05-04-2024,,122098.78,1500008.27
38826579600,872488583738,SBIN052884,Fixed Deposit,Basic,Active,03-04-2024,,928071.87,3015595.09
77064115073,814302154055,SBIN074401,Salary,Premium,Active,16-01-2022,,1448560.5,3544578.33
863603360028,795857605419,BKID069654,Current,BSBD,Active,29-11-2019,,2025698.18,2899017.77
7336776508793,795857605419,BKID069654,Savings,BSBD,Active,25-07-2022,,982424.91,3052279.13
81530471183277,761866493741,KKBK090801,Savings,Premium,Active,23-08-2020,,1561491.95,3144493.92
2841575879568,761866493741,KKBK090801,Savings,BSBD,Active,22-07-2018,,131920.68,1860570.61
59957791977,659800683813,BKID069237,Current,Corporate,Active,21-08-2020,,8229483.63,6721770.84
4926274006794,659800683813,BKID069237,Fixed Deposit,Regular,Active,29-09-2020,,5425457.65,2446163.91
42495246043298,993069250702,HDFC091685,Savings,Basic,Active,29-12-2024,,1071559.98,1863909.53
87227353644085,365556474560,BKID060062,Fixed Deposit,Regular,Active,22-11-2017,,1267164.68,1816314.53
526038783921,192871147868,ICIC026143,Salary,Regular,Active,05-11-2024,,1137676.25,3712832.69
105879235841,192871147868,ICIC026143,Fixed Deposit,Regular,Active,23-03-2023,,3055487.92,2650091.62
9187048979406,804944224247,UTIB085635,Savings,Regular,Active,10-08-2023,,445863.89,1314327.73
46234597478,590493559859,SBIN011253,Current,Premium,Active,18-11-2020,,1710508.07,4026275.47
68305521518,302422613798,CNRB072964,Savings,Regular,Active,02-04-2024,,1250551.97,1753694.93
548083916975,302422613798,CNRB072964,Savings,BSBD,Active,25-12-2024,,776985.31,1098937.3
99591678327612,568416233429,HDFC029119,Current,Corporate,Closed,14-06-2019,,0.0,0.0
22322917390491,568416233429,HDFC029119,Current,Corporate,Active,31-07-2021,,480331.58,940768.49
27137622388,931663259789,CNRB043842,Current,Corporate,Active,27-11-2020,,5275963.05,5466979.94
2961344558263,931663259789,CNRB043842,Current,Corporate,Active,03-03-2016,,3269363.77,6339951.58
743071567601,206385319764,BARB076819,Recurring Deposit,Basic,Dormant,02-10-2021,21-10-2024,13694.48,168784.46
12612363540634,195852598897,IOBA099679,Savings,Premium,Active,29-09-2023,,157821.42,1124796.12
19634177012,195852598897,IOBA099679,Salary,BSBD,Dormant,19-09-2019,09-06-2024,2395.09,12016.91
809900040007,777807704129,ICIC042463,Fixed Deposit,BSBD,Active,16-02-2018,,1237268.31,2614291.58
63067728739674,903380217095,HDFC032194,Savings,Regular,Active,03-08-2020,,1000542.55,898099.74
6561880918336237,277306787253,PUNB085798,Savings,BSBD,Active,08-11-2023,,472843.27,4055213.3
5441517379888246,277306787253,PUNB085798,Savings,Premium,Active,22-02-2024,,23968.77,322583.06
462420247149,892377287106,KKBK098413,Savings,Regular,Active,04-10-2021,,1218142.76,1619697.96
97490326333,627264544124,IOBA076929,Savings,Basic,Active,14-12-2023,,1788413.82,2773476.15
33532329722,627264544124,IOBA076929,Savings,BSBD,Active,03-08-2024,,1102360.69,3313047.53
61553823523,720560011853,CNRB058724,Fixed Deposit,Regular,Active,28-08-2024,,2638469.46,6152190.89
266575895604,282498041017,CNRB054072,Savings,Premium,Active,11-07-2023,,1916412.34,3504643.72
18900877932,282498041017,CNRB054072,Savings,BSBD,Active,20-06-2023,,1793945.13,1162166.89
74984103230,815822403512,SBIN085184,Recurring Deposit,Regular,Active,14-08-2019,,2180885.56,4643682.2
259634057578,675392599601,BKID027361,Savings,Regular,Active,01-02-2022,,1260012.61,3583948.28
4713034911059,647899384715,KKBK066639,Salary,Premium,Active,23-11-2019,,322125.31,1685761.52
4969448861287,647899384715,KKBK066639,Savings,Regular,Active,05-09-2019,,542448.63,1599034.56
98349502536,555748626220,BARB048551,Fixed Deposit,BSBD,Active,06-07-2023,,630426.52,2380485.0
9274822131906,840475723910,UTIB083589,Current,Regular,Active,15-06-2022,,625163.89,1928032.87
9144392097824,840475723910,UTIB083589,Savings,BSBD,Active,24-03-2024,,866974.94,1394138.04
9007378369788,172634093209,BARB055584,Savings,Premium,Active,17-10-2023,,307598.93,537428.16
86509664887988,816116953888,IOBA086214,Savings,BSBD,Active,24-03-2024,,740736.59,1411988.23
366108578643,816116953888,IOBA086214,Savings,Regular,Active,24-11-2024,,1643000.69,2069888.56
357734287527,769894432864,IOBA036373,Savings,BSBD,Active,28-12-2022,,800146.25,2594051.82
82463413396582,769894432864,IOBA036373,Current,BSBD,Active,24-01-2024,,1968765.47,2585475.21
8461750156972,198012964633,KKBK072864,Current,Premium,Active,14-07-2021,,895217.27,3271289.31
4528412866741,198012964633,KKBK072864,Savings,Premium,Active,09-07-2021,,180404.1,1497562.98
13562882770261,264519467724,HDFC067400,Salary,Regular,Active,17-05-2023,,2975580.08,3176856.29
9111477250467,268751023698,UTIB037464,Savings,BSBD,Active,06-10-2023,,443795.71,1883722.94
9215894178256,268751023698,UTIB037464,Salary,Premium,Active,28-10-2023,,533909.86,2890354.29
4414753802046,660813859876,BARB028704,Savings,BSBD,Active,25-07-2020,,4322320.71,1188950.01
1670243109574,660813859876,BARB028704,Recurring Deposit,BSBD,Active,18-07-2023,,6205521.3,11502978.28
59898532993049,123362413448,HDFC054592,Savings,Basic,Active,10-08-2018,,2394723.51,3392185.97
380698400367,826224129308,ICIC076700,Current,Regular,Active,29-12-2022,,942442.33,1848975.84
924458381415,826224129308,ICIC076700,Recurring Deposit,BSBD,Active,05-08-2021,,33247.19,968553.23
68129186860224,333052957077,KKBK055307,Current,Corporate,Active,16-05-2016,,6886731.64,14400101.93
388394737512,333052957077,KKBK055307,Fixed Deposit,Regular,Dormant,06-09-2022,02-11-2024,285530.08,93938.04
62073312105,879364755348,BARB087502,Savings,Basic,Active,25-11-2016,,2213474.44,5180101.97
36137331335,118031234089,BARB028209,Current,Corporate,Active,28-06-2021,,7190945.16,4682443.59
4004391963510,294966136483,BKID042176,Salary,Basic,Active,26-05-2024,,1498296.43,1253322.81
1699196140345,294966136483,BKID042176,Salary,Regular,Active,10-05-2024,,1099060.42,2012834.64
9830448792708,778371842931,BKID094477,Savings,BSBD,Active,08-11-2021,,2089541.45,1884024.07
78226558561543,778371842931,BKID094477,Savings,Regular,Active,10-07-2017,,461073.85,1439107.66
96430620758,759914453364,SBIN055257,Recurring Deposit,Premium,Active,23-09-2024,,2212927.74,2501111.76
8126928003168864,192120694168,PUNB078339,Fixed Deposit,Regular,Closed,16-06-2024,,0.0,0.0
5105026683272,563854141248,KKBK091720,Salary,BSBD,Active,11-07-2024,,825886.16,1863606.36
87342300712452,563854141248,KKBK091720,Salary,Regular,Active,09-11-2024,,3854363.5,2677372.83
9384731386212,843464902818,CNRB017618,Savings,Premium,Active,12-06-2024,,1707232.95,2864368.64
59908035280,843464902818,CNRB017618,Current,Regular,Active,10-06-2024,,1619044.31,2730714.85
77761983632,648866110121,BKID067081,Salary,Regular,Active,15-04-2020,,951941.3,1823908.55
16542592282,207554312676,CNRB073786,Savings,Premium,Active,05-07-2022,,3094264.83,1601933.91
5203411591111,207554312676,CNRB073786,Current,Basic,Active,03-05-2023,,3232643.02,2265051.29
573838020725,170890988994,ICIC079564,Current,Premium,Active,19-04-2016,,1479087.76,2739727.4
422310011301,170890988994,ICIC079564,Savings,BSBD,Active,19-12-2024,,1130923.6,3403831.21
64616012278331,163135833567,HDFC023040,Savings,Premium,Active,24-03-2023,,2307623.21,2060304.74
30275721507530,764036263361,IOBA048223,Recurring Deposit,BSBD,Active,05-09-2023,,1060788.05,2464514.95
91581782892,289759805840,SBIN083349,Current,Regular,Active,13-06-2015,,4852390.57,17363766.82
71281137397,289759805840,SBIN083349,Current,Regular,Active,25-09-2015,,8009902.15,3328564.27
8812969211535197,611018600521,PUNB099958,Fixed Deposit,Premium,Active,18-07-2024,,527597.56,1521026.25
9036810777854515,767449418234,PUNB078911,Savings,Regular,Active,27-11-2018,,1822622.49,4062481.6
8387746022166658,767449418234,PUNB078911,Current,Premium,Dormant,18-02-2019,09-12-2022,34571.95,201924.45
958680794202,605582252359,ICIC028179,Savings,Regular,Active,06-11-2021,,1862483.11,3815670.28
26595589307,153173484280,BARB024022,Savings,Regular,Closed,28-10-2024,,0.0,0.0
943095310185,135366446097,ICIC073262,Savings,BSBD,Active,04-07-2024,,2654993.43,3434052.85
1709686850605,563003361835,IOBA078255,Salary,Premium,Active,17-09-2024,,1041550.58,2559311.97
82536094717,563003361835,IOBA078255,Current,Basic,Active,13-10-2024,,4611544.81,5124501.6
96687367690,379365975392,CNRB019562,Fixed Deposit,BSBD,Active,26-02-2022,,1401787.41,3018756.41
624007022478,379365975392,CNRB019562,Salary,BSBD,Active,24-06-2022,,254467.82,976415.14
50723310562249,623009355098,KKBK068756,Savings,Premium,Active,18-12-2024,,749469.77,3212301.43
157370345504,623009355098,KKBK068756,Recurring Deposit,BSBD,Active,28-03-2024,,1905628.07,3282239.58
24861810681305,896995359915,CNRB067538,Current,Basic,Active,04-03-2024,,1917039.34,4649671.33
97516239171,854011795021,KKBK016503,Savings,Regular,Active,12-12-2016,,1589205.17,4303259.12
5309794309806852,500783529522,PUNB015267,Current,Regular,Dormant,02-05-2024,07-12-2024,1123.63,119789.88
90468409286,941479956068,SBIN083089,Savings,Regular,Active,30-06-2022,,433652.79,2689195.64
2764465068928247,459845991020,PUNB091553,Salary,BSBD,Active,19-09-2023,,765324.9,1229125.57
99957536191410,536602892940,HDFC083317,NRO,Premium,Active,07-06-2024,,4936357.01,1723137.05
87159743125872,536602892940,HDFC083317,NRE,Regular,Active,18-12-2024,,1206994.65,3618813.73
9237293877634,308106064703,UTIB016132,Savings,Regular,Active,10-04-2023,,1469197.51,2374880.09
9116476688844,308106064703,UTIB016132,Savings,Regular,Active,11-01-2022,,645656.53,2320358.88
9253293597060,571555101150,UTIB069294,Fixed Deposit,Regular,Active,18-04-2023,,1822683.37,4424931.3
9230222488474626,493355501600,PUNB029191,Savings,Premium,Active,06-03-2023,,10644208.46,8305344.14
8188122896452608,493355501600,PUNB029191,Current,Regular,Active,31-03-2022,,1105242.72,3001635.41
9067313985514,211844978263,KKBK087589,Fixed Deposit,Regular,Active,19-07-2023,,1572867.59,7179191.53
3437982281537,333002630175,IOBA079222,Current,Regular,Active,16-06-2015,,5806895.64,2154017.88
4318181172249495,911368576403,PUNB024149,Savings,Basic,Active,08-05-2020,,5142340.61,5605332.53
4476830172848,176849737890,KKBK074099,Current,BSBD,Active,26-12-2021,,2447428.61,3254465.54
39133653116,176849737890,KKBK074099,Savings,Regular,Active,18-08-2019,,771688.29,2180523.75
2846264437857,311186835567,KKBK042438,Savings,BSBD,Active,14-04-2022,,2347951.95,4075408.54
825391867995,311186835567,KKBK042438,Savings,BSBD,Active,08-04-2018,,2302936.55,4540840.18
90171184808931,985823274311,BKID034566,Fixed Deposit,Corporate,Active,16-11-2024,,3723855.64,5139358.59
80643436313022,985823274311,BKID034566,Current,Regular,Dormant,21-11-2024,17-12-2024,8971.5,0.0
165658505444,533814349876,BKID051771,Current,Premium,Active,15-10-2018,,586896.0,1472903.31
7040963222230884,201243682638,PUNB055950,Savings,Regular,Active,07-06-2024,,1521774.67,2373515.89
7477920964590927,201243682638,PUNB055950,Salary,Regular,Active,15-02-2023,,1471178.48,3274955.67
9139510637193,309493777116,UTIB070987,Current,Regular,Active,11-08-2024,,581792.76,1371333.41
98300887886698,914483988395,HDFC038489,Savings,Regular,Active,04-06-2022,,1145247.54,5253279.78
9110611088077,252338391155,UTIB075249,Current,Premium,Active,28-03-2024,,2854286.71,2406019.11
9182665436421,252338391155,UTIB075249,Savings,Premium,Active,07-08-2023,,1141935.64,1626987.9
84026451710,533893182687,CNRB018031,Salary,Regular,Active,11-06-2022,,1571957.76,3566938.22
9159631144920,140944232868,UTIB037422,Fixed Deposit,Basic,Active,21-09-2016,,1194458.9,2698957.18
33302331016139,206965347322,CNRB069409,Fixed Deposit,Basic,Frozen,21-06-2023,,0.0,0.0
78137760559600,674014097803,HDFC085435,Savings,Basic,Active,25-04-2024,,830313.64,3045440.38
358157811367,876350169613,KKBK014883,Savings,Basic,Active,24-06-2017,,2405078.82,3863038.52
345004988422,876350169613,KKBK014883,Recurring Deposit,Basic,Active,17-07-2022,,1061814.42,3907779.39
45776149922,682185602529,SBIN066196,NRO,Regular,Active,04-08-2021,,1299001.24,1806730.88
33434174739,682185602529,SBIN066196,Savings,Premium,Active,13-09-2024,,1730577.38,2293851.99
67326028793244,445028003387,IOBA052652,Current,BSBD,Active,08-05-2023,,2792010.93,3530082.51
6301383359463,243223622113,CNRB023625,Current,Regular,Active,23-12-2024,,2636854.81,4181978.0
577625117755,243223622113,CNRB023625,Savings,BSBD,Active,30-12-2024,,360813.62,1175471.89
14181577129,835754767212,BKID028364,Fixed Deposit,Corporate,Active,09-09-2023,,1361931.56,11580062.58
9329844913226,101669632213,IOBA011035,Savings,Regular,Active,23-12-2022,,1228740.02,1473451.08
904689369798,101669632213,IOBA011035,Savings,Basic,Active,04-11-2022,,3496210.55,5907722.67
77113571719,706434206779,SBIN053686,Savings,Premium,Active,13-02-2020,,1020866.66,928413.1
30624349949,774939001350,BARB046473,Savings,Basic,Active,16-03-2024,,159241.96,1471200.29
9152297612718,117980671454,UTIB088984,Salary,Premium,Active,08-05-2022,,2931305.95,4376077.77
50783341343665,732452825949,HDFC077333,Savings,Basic,Active,28-02-2023,,2180125.67,3312836.46
4169171491894709,345938794373,PUNB035365,Fixed Deposit,Premium,Active,29-10-2023,,1763967.06,2829992.91
926831094065,567559707461,CNRB051770,Fixed Deposit,BSBD,Active,05-11-2022,,1741342.72,4881033.65
4242350541135,951340697794,KKBK039075,Salary,Regular,Active,21-06-2023,,638644.86,1698331.4
29843446404,951340697794,KKBK039075,Savings,Premium,Active,24-10-2023,,23625.05,549201.91
9266413679776,429111675684,UTIB058816,Savings,Premium,Active,04-06-2017,,2689562.07,3364601.17
8626197748896,320996710877,BARB085525,Savings,Regular,Active,26-08-2024,,1035248.58,3829550.76
87183481576,320996710877,BARB085525,Savings,Premium,Active,26-06-2024,,1718189.55,2635508.55
51619352155,536169539859,BKID040164,Fixed Deposit,BSBD,Active,21-07-2022,,2237152.23,5514812.48
9186113471133,536169539859,BKID040164,Salary,Premium,Active,18-12-2021,,527339.97,1022850.03
63913315426,416017691365,SBIN017766,Current,Premium,Active,17-06-2021,,1205352.5,1507717.07
82392707163,679007393544,IOBA040286,Salary,Basic,Active,16-12-2016,,2001457.11,7087613.94
70723562427532,959840880653,BARB095153,Savings,BSBD,Active,05-03-2019,,893110.31,1684230.91
59852095421,490874927256,BARB097306,Savings,Basic,Active,06-01-2021,,2032300.21,3326545.2
567533474707,690808700609,KKBK058278,Fixed Deposit,BSBD,Active,16-08-2024,,1034918.5,3966048.02
92879278649878,690808700609,KKBK058278,Savings,Regular,Active,25-12-2024,,743882.15,2685786.94
9704633545776910,261002256538,PUNB028834,Fixed Deposit,Regular,Active,18-03-2024,,2927452.53,6566902.04
7838734296192920,261002256538,PUNB028834,Fixed Deposit,BSBD,Active,05-08-2023,,421036.97,12288889.82
99484263537,244049912883,BKID049029,Salary,Regular,Active,18-07-2019,,1458880.78,2491063.56
509117279660,768546903102,ICIC059989,Salary,Premium,Active,08-05-2024,,1994963.08,2593295.48
254263520073,768546903102,ICIC059989,Current,BSBD,Active,27-05-2023,,699936.6,1931688.77
9182985864960,545638625988,UTIB041075,Salary,Premium,Dormant,27-06-2022,07-08-2023,0.0,35325.05
9249725568389,545638625988,UTIB041075,Salary,Premium,Active,29-01-2020,,133507.02,1500116.08
612271665687,287017054471,IOBA039809,Current,Corporate,Active,11-10-2023,,8448591.39,3520953.67
9121851329224,250957618793,UTIB013069,Savings,Premium,Active,10-03-2023,,3408806.0,4210413.57
6393602534402,247431880689,BKID052616,Savings,Premium,Active,22-05-2019,,2054758.62,5216462.92
18860360184,247431880689,BKID052616,Salary,Basic,Active,12-07-2016,,666206.26,1174214.72
9255842244183,605584379556,UTIB039622,Savings,Basic,Active,18-09-2021,,169298.64,704837.22
3596322482029,412765116162,IOBA099395,Savings,Premium,Active,21-12-2024,,754987.02,1679885.01
677707822733,412765116162,IOBA099395,Fixed Deposit,Basic,Active,01-11-2024,,790644.35,1783554.06
15202411253,781485689749,SBIN072668,Savings,BSBD,Active,27-02-2021,,3098109.84,3292944.59
98107701101,781485689749,SBIN072668,Recurring Deposit,Basic,Active,01-09-2022,,715917.58,1200465.37
82709263369,153918480732,SBIN058378,Fixed Deposit,Premium,Active,30-09-2020,,1834781.01,3891865.46
64005961175,153918480732,SBIN058378,NRO,Premium,Active,15-06-2024,,1145458.24,2720055.87
497329087404,106192892732,BARB010171,NRO,Regular,Frozen,29-10-2024,,0.0,0.0
99312944082,106192892732,BARB010171,NRE,Premium,Active,27-12-2024,,387896.99,698190.79
3827172661903996,932927298464,PUNB091673,Salary,BSBD,Dormant,21-03-2021,25-04-2024,117120.05,0.0
278306001225,555873202878,ICIC057526,Salary,BSBD,Frozen,21-12-2023,,0.0,0.0
502153360658,159103104095,IOBA088657,Fixed Deposit,Regular,Active,08-09-2024,,640535.45,1340332.11
18959990432,678381056893,SBIN078371,Savings,Regular,Active,04-01-2020,,1241119.91,5061653.57
18988465894,678381056893,SBIN078371,Salary,Premium,Active,28-01-2023,,649953.88,3251856.17
5181464764838,629382432351,KKBK095799,Salary,Basic,Active,14-12-2018,,1384570.32,2890407.96
1280169195242,648709745211,IOBA094280,Recurring Deposit,Regular,Active,19-04-2021,,5198831.85,7093926.24
419003734650,648709745211,IOBA094280,Savings,BSBD,Active,14-04-2023,,864471.69,797669.37
788231786405,706921027909,BARB073990,Savings,Basic,Active,27-07-2024,,474664.42,1464227.21
9127443597406,265518519402,UTIB026046,NRO,Regular,Active,05-10-2020,,1534421.17,3714215.21
9108899425944,265518519402,UTIB026046,NRE,Regular,Active,11-03-2020,,1306003.95,2899431.16
9215736200270436,422781860257,PUNB054892,Savings,BSBD,Active,18-11-2024,,947823.18,2035976.82
10054664190,693837635494,KKBK021976,Recurring Deposit,Regular,Active,27-02-2024,,770934.18,1547191.55
6287800151984,670465161822,BARB024940,Savings,Regular,Active,02-11-2022,,1088364.77,2781182.62
33123125818,670465161822,BARB024940,Fixed Deposit,BSBD,Active,14-07-2021,,2121191.17,2734775.13
1872385908112141,561976298857,PUNB080840,Savings,Basic,Active,13-04-2024,,1132333.16,1663972.31
387348149352,712425021518,BARB035056,Current,Basic,Active,22-08-2022,,713185.69,1689696.75
15645789923,306473191991,SBIN068366,Recurring Deposit,Premium,Active,07-12-2024,,1200485.97,4795846.49
83630137460,567869712175,BKID069829,Current,Regular,Dormant,08-06-2023,12-12-2023,0.0,41201.4
9282789345861,442678721313,UTIB077651,Savings,BSBD,Active,03-12-2022,,2088955.55,3348413.08
9217030844705,442678721313,UTIB077651,Current,Regular,Active,14-07-2024,,83461.27,584633.63
30235709033,777574995198,SBIN051061,Salary,Premium,Active,19-11-2024,,298017.16,1712250.99
84755997250,777574995198,SBIN051061,Savings,Premium,Active,04-11-2024,,1485067.75,2898022.4
87144857316570,633971327241,KKBK063132,Current,Regular,Active,04-05-2024,,3646997.17,3055034.18
1059875982541,633971327241,KKBK063132,Recurring Deposit,BSBD,Active,09-06-2024,,1075659.43,6607858.9
829751487410,212529925289,ICIC017902,Current,Regular,Active,24-09-2021,,291293.82,2194203.57
942086836227,212529925289,ICIC017902,Salary,BSBD,Active,10-07-2021,,749283.46,1063779.81
400259344738,326222842513,ICIC062033,Fixed Deposit,BSBD,Active,10-08-2017,,4154525.18,4781015.72
383877989403,839238758052,BARB016639,Current,Corporate,Active,31-03-2017,,4404003.69,2647933.04
5651299695671,839238758052,BARB016639,Current,Regular,Active,07-01-2020,,561804.11,888366.57
9268298335539,317155324885,UTIB036835,Current,BSBD,Active,06-02-2017,,794670.73,1784859.84
93092043190741,428673862968,HDFC067833,Fixed Deposit,Basic,Active,29-10-2024,,130149.44,4516330.31
34648628503864,428673862968,HDFC067833,Savings,Regular,Active,10-05-2023,,1646597.31,2575549.27
61676304105,660953208900,SBIN077481,Savings,BSBD,Active,17-10-2017,,3168910.05,4603344.8
915382364150,291309552036,BARB049690,Fixed Deposit,Corporate,Dormant,18-10-2023,19-01-2024,59471.61,17043.65
42690572999631,633719871799,HDFC042345,Salary,BSBD,Active,06-04-2022,,3280980.12,3939919.0
59567257476910,633719871799,HDFC042345,Current,BSBD,Active,05-06-2021,,780091.27,2837437.75
20802644988,254015553709,SBIN031662,Savings,Basic,Dormant,13-08-2022,01-02-2025,4632.56,82911.91
52331400369,254015553709,SBIN031662,Fixed Deposit,Premium,Active,22-06-2023,,1273925.31,2324871.51
19684076287367,181345027939,BARB049430,Savings,BSBD,Active,12-03-2021,,74807.7,1531411.14
57325562483344,181345027939,BARB049430,Savings,Basic,Active,29-07-2019,,2323085.3,3459522.7
74704989654,220998868565,SBIN083133,Savings,Basic,Active,06-05-2024,,563881.5,864912.26
74082634707,696525278420,BKID013779,Savings,Regular,Active,13-11-2022,,1170544.47,2502674.75
93455678225,877058601686,BKID058802,Savings,Regular,Active,12-08-2024,,2400168.78,3854091.89
810757873330,877058601686,BKID058802,Recurring Deposit,Basic,Active,04-05-2023,,2502356.92,2891801.19
25997210684097,194091566628,CNRB096417,Current,Premium,Active,11-09-2024,,1098529.89,2655713.88
1213219986875,194091566628,CNRB096417,Savings,Regular,Active,10-09-2022,,2210578.84,4451364.67
8353965860344230,617596151496,PUNB034801,Current,Premium,Active,16-10-2023,,1781545.58,3454503.52
6224210733263383,617596151496,PUNB034801,Salary,BSBD,Active,23-08-2024,,480566.92,490966.59
1235455739800,101412056903,BKID041532,Savings,BSBD,Active,22-08-2021,,1292396.38,1192954.17
1369115621028,101412056903,BKID041532,Savings,Premium,Frozen,04-08-2019,,0.0,0.0
41005937098,632993753578,KKBK029314,Savings,BSBD,Active,03-04-2022,,1787223.82,2658925.32
676186126076,675954682427,ICIC031992,Fixed Deposit,Regular,Active,13-03-2022,,1856459.34,7942936.01
90562625737932,867959229683,HDFC089453,Recurring Deposit,BSBD,Active,28-03-2024,,758008.95,2315436.85
41047498945056,867959229683,HDFC089453,Savings,Regular,Active,10-04-2024,,2117124.76,5475158.74
32836689448892,140067190057,KKBK083925,Salary,Regular,Active,14-10-2021,,2858293.55,4650188.93
5542271003274,140067190057,KKBK083925,Savings,Basic,Active,13-04-2024,,2444057.19,4329010.44
85042960510,974429624438,BARB033608,Savings,Premium,Active,13-06-2020,,1293617.43,3675516.11
2884752399585,864849262846,KKBK030757,Savings,BSBD,Active,30-08-2016,,585095.42,569655.04
87745040529,637103275115,BKID045303,Fixed Deposit,BSBD,Active,25-09-2024,,1162524.83,3393300.56
76881259924,564120391551,BKID058214,Savings,BSBD,Closed,27-06-2022,,0.0,0.0
780992120058,175766044458,BKID068024,Salary,BSBD,Active,15-07-2023,,1038585.75,2547841.46
634719062671,880773853128,ICIC017959,Recurring Deposit,Regular,Active,16-06-2024,,890865.22,3531083.23
587032259688,880773853128,ICIC017959,Savings,BSBD,Active,31-12-2024,,1739274.55,4485925.07
4834203453199,878789684278,BKID081605,Salary,Regular,Active,04-11-2024,,2241176.89,3754809.71
58571103587056,341603498757,KKBK077056,Salary,Regular,Active,04-05-2019,,286512.69,543900.17
979246958693,341603498757,KKBK077056,Current,Basic,Dormant,12-08-2019,03-08-2023,0.0,0.0
81885730108,667633641240,CNRB091677,Fixed Deposit,Corporate,Active,24-08-2020,,15621863.21,3230892.19
34463597801,978754276183,BKID083180,Savings,Basic,Active,14-07-2024,,545042.58,849436.14
2274786017241,978754276183,BKID083180,Savings,Premium,Active,06-08-2024,,586700.88,1659709.18
47613651422908,966787265482,HDFC033239,Fixed Deposit,Basic,Active,23-08-2017,,3095909.01,4523116.27
57383746561302,966787265482,HDFC033239,Fixed Deposit,Regular,Active,07-08-2021,,529524.73,1862926.7
81836408249,942509013108,IOBA076835,Fixed Deposit,Basic,Active,25-08-2022,,1065919.51,1811858.07
5493340737960,942509013108,IOBA076835,Current,Basic,Active,19-07-2024,,1940953.17,2274584.12
92925433065472,573954954668,HDFC072326,Current,Regular,Active,06-01-2024,,1035433.03,1383554.06
61033616309421,573954954668,HDFC072326,Savings,BSBD,Active,27-05-2021,,1067434.33,1882493.45
77455627110,270414452522,IOBA044879,Savings,BSBD,Active,14-08-2023,,1436034.61,3351766.32
12127282963,965244894760,BARB065334,Savings,Premium,Frozen,30-10-2020,,0.0,0.0
2488494100149,641356694009,KKBK041918,Savings,Premium,Active,15-06-2023,,919729.46,2138006.37
10485915060,830331641268,IOBA070397,Savings,BSBD,Active,05-10-2024,,236389.38,883948.86
2698166255308,759547820188,CNRB069955,Salary,Basic,Active,02-09-2022,,1692550.04,2584227.32
64491738935,759547820188,CNRB069955,Savings,BSBD,Active,11-09-2023,,2622481.17,5101787.1
67442889025,292227619522,IOBA038852,Fixed Deposit,Basic,Active,21-07-2023,,572956.93,1439391.19
2001691779736,292227619522,IOBA038852,Savings,Regular,Active,31-12-2023,,2601634.16,7219600.42
7724713708231,220301415905,KKBK045383,Savings,Basic,Active,05-01-2017,,1873703.73,3390369.33
9641912922821,726858788248,BKID033337,Recurring Deposit,BSBD,Active,03-12-2022,,1840174.3,3673052.61
77248610695130,726858788248,BKID033337,Savings,Basic,Active,28-09-2024,,153824.18,1553561.4
55065790973074,120221060463,HDFC081857,Salary,Premium,Active,04-08-2021,,1195490.82,1473715.11
23198271393097,945773060816,HDFC043241,Savings,Basic,Active,22-10-2021,,36978.14,1663131.55
59537738136726,945773060816,HDFC043241,Savings,BSBD,Active,02-04-2021,,1503396.44,3733867.82
856843363702,165332010149,IOBA047684,Salary,Premium,Active,17-11-2024,,1507672.73,3538981.41
97411464167,695996693907,BARB078625,Savings,Basic,Active,02-04-2024,,1027647.45,2930678.16
544403703051,695996693907,BARB078625,Savings,Basic,Active,15-11-2023,,2580885.2,7192923.01
66726382725,124058958123,CNRB071801,Fixed Deposit,Basic,Active,08-07-2021,,2643533.25,5254821.97
963835137935,234090435241,ICIC015218,Savings,BSBD,Active,28-04-2021,,2997588.79,7181874.64
11547383492,118112874655,BARB048955,Salary,BSBD,Active,07-11-2024,,375614.6,2517773.49
696328454545,118112874655,BARB048955,Salary,BSBD,Active,16-03-2023,,868673.07,1404183.02
789179573904,752190323709,BKID014847,Fixed Deposit,Basic,Dormant,30-06-2023,24-04-2024,50605.51,213255.56
37445841953328,975591950663,CNRB049877,Current,Basic,Active,26-06-2024,,523777.46,1947013.55
57298309224434,454487505812,HDFC041650,Salary,Premium,Active,23-04-2022,,548596.73,2286862.47
79291657353,245011679626,IOBA039258,Recurring Deposit,Basic,Active,22-09-2023,,644167.81,1398727.38
2683135241980,169464176314,BARB069464,Fixed Deposit,Basic,Active,08-12-2024,,958488.94,2349061.38
104902322227,110998554013,ICIC082046,Current,Basic,Active,22-07-2019,,1265972.02,1327655.49
914202109198,110998554013,ICIC082046,Savings,Premium,Dormant,22-12-2020,22-01-2024,82862.6,5626.5
923081311604,940058077580,ICIC057763,Current,Regular,Active,27-04-2018,,4579678.25,2024652.61
541510924331,940058077580,ICIC057763,Fixed Deposit,Corporate,Active,16-05-2020,,5284526.53,16148151.66
86497609619465,890351884575,HDFC085228,Recurring Deposit,Premium,Active,24-04-2019,,2103714.59,2504603.1
544778884007,774757202034,BARB080777,Salary,Basic,Active,04-04-2020,,3634994.2,3386118.85
9261036195644,964350672221,UTIB053567,Savings,Premium,Active,31-08-2022,,1282422.19,1789560.47
9266994817159,964350672221,UTIB053567,Current,Premium,Active,12-11-2024,,2237108.89,3152725.13
66587416004,695489235586,SBIN012314,Savings,Premium,Active,18-07-2024,,1033356.61,2050978.71
52675305159009,399766484702,HDFC076790,Current,Regular,Active,08-10-2016,,9361657.24,6679111.15
40041808516,848033437550,BARB069302,Savings,Premium,Active,07-10-2023,,435764.22,754156.23
79406409397,168045455390,CNRB037349,Savings,Premium,Active,05-04-2021,,1299980.3,2579569.98
9237252205311,379039425076,UTIB062454,Savings,Regular,Active,09-02-2022,,2434375.93,3587450.2
47834211175527,829681240208,HDFC056770,Current,Premium,Active,03-12-2021,,1704448.97,3448378.88
35336635450859,829681240208,HDFC056770,Salary,BSBD,Active,19-11-2023,,1322988.07,4485600.0
43751495573,272534596752,SBIN072556,Salary,BSBD,Dormant,29-06-2024,16-09-2024,1903.44,42032.27
34983759142,272534596752,SBIN072556,Savings,Premium,Active,11-12-2024,,2032788.23,6457037.27
19327803571510,415869187897,IOBA043020,Recurring Deposit,Basic,Dormant,27-10-2023,19-04-2024,0.0,49475.26
593328092099,415869187897,IOBA043020,Salary,Regular,Active,01-06-2021,,2497606.15,5114003.37
4801166920748,157965669871,BKID096970,Salary,Basic,Active,05-07-2023,,520206.21,1448902.1
255132734021,157965669871,BKID096970,Savings,Regular,Frozen,06-02-2020,,0.0,0.0
4692813180864700,530196369638,PUNB096441,Current,Corporate,Active,29-06-2024,,7187459.11,1131088.31
900980507021,384750024402,CNRB010039,Salary,Premium,Active,10-06-2023,,345670.69,690610.14
65156751548,869059356944,KKBK027941,Savings,Premium,Active,25-01-2017,,1924996.6,2376376.25
54069076720,862712951237,IOBA013469,Recurring Deposit,Premium,Active,23-12-2024,,781328.3,2376592.87
816577260895,364516456565,BARB083200,Current,Premium,Active,19-12-2024,,1243505.14,4506350.02
9166451698523,549571171860,UTIB075364,Recurring Deposit,BSBD,Active,22-07-2023,,2488694.34,3438917.13
3983502633885582,485266718774,PUNB032451,Savings,Regular,Active,22-07-2018,,2512954.57,3869152.47
60364707515,367608007652,BKID057090,Fixed Deposit,Basic,Active,30-03-2020,,2217761.72,2547945.38
870467422134,367608007652,BKID057090,Savings,BSBD,Dormant,03-07-2017,15-11-2019,192011.36,549.48
53679946182,265631092655,BKID076260,Savings,BSBD,Active,08-03-2024,,3015899.89,6795104.37
9272866668051,371026172969,UTIB079010,Savings,Regular,Active,29-05-2023,,1804265.07,3356096.76
69492208336908,591134560343,BKID020306,Fixed Deposit,BSBD,Active,11-12-2024,,1451331.15,3660962.19
109375573515,202301239494,ICIC020856,Savings,Basic,Active,25-01-2024,,2345258.76,5637639.23
9129653548316,165771151520,UTIB094589,Salary,BSBD,Active,01-06-2024,,4033881.37,6507646.17
95899478933858,554743669945,BARB072808,Salary,Regular,Active,10-12-2024,,340160.9,741931.42
2552484134545,344017303540,KKBK089751,Current,BSBD,Active,05-09-2024,,773603.1,5060554.96
4260906813880,344017303540,KKBK089751,Savings,Regular,Active,05-07-2023,,4080076.54,2997623.37
18429254740,630179003095,SBIN021954,Current,Regular,Active,09-07-2024,,2695265.5,4194200.88
795509948753,434360418798,IOBA070116,Current,Corporate,Active,20-02-2022,,696342.07,2068572.69
182614589145,505782310412,ICIC096056,Savings,Premium,Active,21-02-2023,,3980150.85,3846656.76
612782330695,505782310412,ICIC096056,Salary,Regular,Active,06-03-2024,,1674151.08,2652947.46
96542519888676,602809433983,HDFC076130,Salary,Basic,Active,04-09-2024,,887648.14,3291646.49
8714663552140003,251326456656,PUNB081833,NRO,Regular,Active,14-05-2022,,1602706.23,2655155.25
8725711621739547,251326456656,PUNB081833,NRE,Premium,Active,11-12-2023,,2263386.22,2135842.11
64257935025527,217214687075,HDFC075983,Savings,BSBD,Active,13-08-2023,,2352961.88,3383759.82
547125816860,440185792413,CNRB073414,Recurring Deposit,Regular,Active,10-06-2021,,1295931.69,2700003.74
676955481120,440185792413,CNRB073414,Fixed Deposit,Basic,Active,05-10-2022,,2653757.26,3423994.38
516623234129,887088415042,ICIC088254,Salary,Basic,Active,12-01-2024,,461742.16,865262.65
955566967376,887088415042,ICIC088254,Current,Regular,Active,17-02-2024,,1099913.43,3558182.9
111088888350,938022738940,IOBA042483,Current,Basic,Active,21-02-2016,,739135.97,754041.86
94592384042,456781873508,SBIN012027,Savings,Regular,Active,30-03-2024,,444420.62,1568858.19
84879198374,456781873508,SBIN012027,Fixed Deposit,BSBD,Active,25-12-2024,,4685303.63,5105356.82
885192260310,417729122157,ICIC089258,Salary,Basic,Active,01-08-2024,,5820731.47,6071355.46
30748510326232,104927052621,HDFC048925,Fixed Deposit,Regular,Active,16-06-2023,,10547805.59,11028824.37
9233083787801,491752972332,UTIB097055,Savings,Basic,Active,14-03-2022,,1558477.69,4307726.13
9237044188898,491752972332,UTIB097055,Savings,Premium,Active,11-11-2016,,608912.17,2472310.67
6736254841438506,521617372679,PUNB035461,Recurring Deposit,Regular,Active,17-12-2021,,740677.4,1410557.6
40141977488,898705532401,SBIN045798,Current,Basic,Active,15-03-2022,,1401679.94,3414501.54
46529516077,898705532401,SBIN045798,Savings,Regular,Active,30-07-2024,,528579.89,1272563.26
9135835395816,188105884132,UTIB033028,Savings,Regular,Active,27-07-2017,,7412748.77,5068609.22
9192963405992,188105884132,UTIB033028,Savings,Basic,Active,27-06-2022,,1169392.16,11754420.23
9150150987454,571604192831,UTIB037524,Fixed Deposit,Corporate,Active,27-11-2024,,4972869.78,14282640.67
398952686133,442985591635,IOBA032757,Salary,Basic,Active,11-03-2024,,725003.97,1647374.49
9029336129647,442985591635,IOBA032757,Current,Premium,Active,03-08-2024,,623596.49,488143.87
79770633907,134673205902,SBIN039875,Savings,BSBD,Active,05-02-2018,,5000784.75,7531146.9
72328050292,134673205902,SBIN039875,Savings,Regular,Active,09-04-2024,,1388985.85,6438238.64
92268383711,184176283586,SBIN036270,Current,Basic,Active,18-03-2024,,1922629.65,4594676.91
604844098124,420905479479,BARB085150,Current,Corporate,Active,08-06-2015,,1646833.69,2861396.88
31529092625,420905479479,BARB085150,Current,Regular,Active,30-01-2022,,11346207.65,9991868.69
9382775875458960,222437245868,PUNB093252,Recurring Deposit,Regular,Active,30-03-2022,,1166417.49,673832.86
9543241389835666,222437245868,PUNB093252,Savings,Basic,Dormant,23-01-2024,28-03-2024,0.0,0.0
9277775340760,462918625800,UTIB050311,Fixed Deposit,Regular,Active,29-07-2024,,1008416.34,20276625.53
125181653500,465164426905,IOBA075110,Fixed Deposit,Premium,Active,07-11-2024,,3925272.03,6716805.3
88455498645833,465164426905,IOBA075110,NRO,Premium,Active,25-03-2024,,1646212.34,2730999.99
9179989146050,385126383999,UTIB044678,Current,Corporate,Active,13-12-2015,,6185892.0,1788395.82
920754219148,794015537271,BKID089551,Fixed Deposit,Regular,Active,21-07-2023,,1563407.48,13478355.38
5693785162072,794015537271,BKID089551,Current,Regular,Active,08-10-2020,,5361425.82,2321075.35
66346112319319,453512066130,BARB016512,Current,Regular,Active,15-02-2022,,2660614.52,4633930.34
1952185465703,453512066130,BARB016512,Recurring Deposit,BSBD,Active,27-01-2021,,1761903.75,2922552.53
1264762147708,966064271303,KKBK052671,NRE,Regular,Active,26-05-2024,,1327542.29,3667394.39
7386509865721,966064271303,KKBK052671,NRO,Premium,Active,01-09-2023,,1879929.11,6057889.56
941262374244,765696734966,ICIC083283,Recurring Deposit,Regular,Active,05-09-2020,,1993043.33,3926415.45
2833959177029,117072050420,KKBK033787,Current,Regular,Active,30-07-2018,,7722302.21,11489157.51
92238216276246,117072050420,KKBK033787,Fixed Deposit,Corporate,Active,14-01-2015,,418433.04,862996.15
489799541712,714076075454,ICIC039725,Salary,Premium,Active,21-11-2021,,1845908.79,2805803.26
9142592155579,201303346007,UTIB014928,Salary,BSBD,Active,23-05-2019,,903328.29,3319880.67
9295394159715,201303346007,UTIB014928,Savings,BSBD,Active,11-01-2021,,1010669.15,1197345.59
448191982271,852481401157,ICIC058753,Current,Corporate,Active,15-04-2016,,10725629.91,3224458.43
2489465619441340,345040271790,PUNB010644,Savings,Regular,Active,16-09-2024,,1881369.48,1178380.06
4258023129711983,345040271790,PUNB010644,Savings,BSBD,Active,03-03-2024,,1591971.96,4262589.0
321235834307,681295154814,BARB056641,Salary,Regular,Active,11-12-2024,,350622.59,1961583.21
95731915477,501982995824,SBIN032572,Savings,Premium,Frozen,08-12-2020,,0.0,0.0
2459058652958497,387829976987,PUNB095251,Salary,Basic,Active,27-10-2023,,1135355.52,1210690.44
5733024353688597,387829976987,PUNB095251,Recurring Deposit,Regular,Active,18-07-2019,,1375269.61,3513769.01
9123865279190,282213550460,UTIB057677,Savings,Regular,Active,30-06-2024,,979410.27,1548286.56
9299131472594,282213550460,UTIB057677,NRO,Regular,Dormant,15-08-2016,26-12-2017,167685.49,17594.59
28074489251,617535259187,SBIN028244,Savings,Basic,Active,03-09-2016,,1483327.23,3394110.4
75196951602,617535259187,SBIN028244,Salary,Regular,Active,27-03-2021,,431784.44,1036511.84
93005272756471,540705013004,KKBK056916,Savings,BSBD,Active,30-11-2019,,948670.04,1920246.17
447617089543,362790192598,ICIC044195,Salary,BSBD,Active,18-01-2019,,2842073.14,4324022.24
986879815771,362790192598,ICIC044195,Current,Premium,Frozen,29-11-2022,,0.0,0.0
18389233800,819668048919,KKBK047640,Savings,BSBD,Active,19-09-2019,,774066.64,1216351.8
60813853661259,837532642411,HDFC099051,Savings,BSBD,Active,31-07-2022,,1096559.29,1602539.7
80547574625823,837532642411,HDFC099051,Recurring Deposit,Regular,Active,17-10-2024,,340835.15,497415.59
41196908974,353704453105,SBIN098481,Savings,Premium,Active,25-09-2022,,2798117.98,7783861.88
47798640656,353704453105,SBIN098481,Savings,Regular,Active,03-05-2024,,793854.79,1131038.34
606183488054,731275365086,BARB071814,Salary,Basic,Active,05-09-2019,,624150.2,2367856.45
30766323118295,542919783488,HDFC034335,Current,Premium,Active,24-07-2023,,102764.77,1002898.22
33068586105837,542919783488,HDFC034335,Savings,Premium,Active,17-05-2024,,1484214.31,1869280.13
18727242310460,820769086417,HDFC093141,Recurring Deposit,Regular,Active,22-03-2023,,1825629.3,2785390.29
20292873688406,820769086417,HDFC093141,Current,Premium,Active,09-11-2021,,3042986.72,6533935.95
75358311312262,916802731270,HDFC097708,Salary,BSBD,Active,26-07-2022,,646633.5,4568280.25
9227577415469,405159720697,UTIB037270,Current,Basic,Active,10-01-2021,,99904.53,627186.88
3100268263597,695199196069,BKID074719,Recurring Deposit,Premium,Active,25-07-2022,,2246458.09,4377646.07
196098876859,695199196069,BKID074719,Savings,Regular,Active,05-02-2024,,2569659.35,4269552.68
1677195367912,156987964254,BARB052972,NRO,Premium,Active,03-01-2021,,725175.87,2047467.13
7216895131958583,178822244040,PUNB028143,Savings,Regular,Active,17-12-2023,,2437262.72,2784519.56
257539982898,580727512308,BARB082740,Recurring Deposit,Premium,Active,15-04-2024,,1950243.09,5778023.35
64472044730265,812073670130,BKID072770,Savings,Basic,Active,29-10-2022,,1690943.54,5033292.13
52850616754,934211186595,BKID093315,Salary,Basic,Active,14-01-2023,,9962167.54,5167445.78
2246142104518595,776306574654,PUNB051781,Fixed Deposit,Premium,Active,30-09-2017,,1831773.43,2545748.42
7328227918370156,776306574654,PUNB051781,NRE,Regular,Active,30-08-2019,,1363353.43,2554740.6
397004486139,496984713566,ICIC073120,Current,Regular,Active,01-04-2018,,693871.72,431291.73
9298956295701,107785059144,UTIB020614,Fixed Deposit,BSBD,Active,27-02-2021,,602957.7,3661822.65
9176303957795,107785059144,UTIB020614,Fixed Deposit,Premium,Active,05-05-2021,,1745976.99,1981383.5
6623843133488,631552446335,KKBK032501,Salary,Basic,Active,20-01-2024,,3323323.4,4606656.52
60400337386761,317765944699,HDFC023039,Savings,BSBD,Active,21-06-2023,,1729368.01,2272116.37
97628482579534,317765944699,HDFC023039,Savings,BSBD,Active,09-07-2019,,1588047.7,2918894.47
802325778970,357308381950,ICIC053300,Current,Premium,Dormant,01-08-2024,06-01-2025,40968.04,261.67
74859736943017,117622730155,KKBK032618,Savings,BSBD,Active,08-01-2021,,1891978.2,2286834.18
184532157344,882026065842,ICIC019891,Savings,Premium,Active,28-08-2017,,1531637.74,3380922.53
648439757877,882026065842,ICIC019891,Salary,Regular,Active,26-04-2018,,1935926.11,4316513.19
9130433982517,608065958926,UTIB059014,Savings,Premium,Active,21-06-2023,,6062574.66,12222005.69
17190619715,595291608392,SBIN055946,Salary,Regular,Closed,01-10-2021,,0.0,0.0
91739902952,595291608392,SBIN055946,Current,BSBD,Active,20-01-2023,,2879283.18,6142074.96
41554745830599,203670483244,CNRB029163,Savings,Premium,Active,11-12-2024,,1374778.35,2227356.31
8798009678345,203670483244,CNRB029163,Savings,BSBD,Active,08-01-2024,,893437.79,2007575.67
5443170961692,407472240254,BARB010901,Salary,Premium,Active,05-07-2021,,869625.51,923115.97
724086301425,407472240254,BARB010901,Recurring Deposit,Basic,Active,05-08-2021,,3424243.87,4266986.77
42137816660563,932094342396,HDFC017832,Fixed Deposit,Regular,Active,20-08-2024,,725124.98,1278604.45
52906720587946,932094342396,HDFC017832,Savings,Regular,Active,23-02-2024,,1283631.45,434905.42
88352320341,190578187547,IOBA016134,Salary,Regular,Active,21-07-2024,,1718384.1,3458272.85
9215734116549,638175512005,UTIB062441,Recurring Deposit,Premium,Active,27-06-2022,,2776524.47,2759398.07
885584025897,811782536281,CNRB063731,Salary,Premium,Active,06-11-2019,,1343665.64,1744210.15
926364699495,811782536281,CNRB063731,Salary,Premium,Active,25-01-2023,,2457370.44,3979485.1
35168825642,435183378063,IOBA083117,NRO,Regular,Active,22-10-2024,,284020.53,946523.72
93991588848928,700154693297,BKID049074,Fixed Deposit,Regular,Active,06-06-2024,,163052.2,1779896.6
635654681319,700154693297,BKID049074,Fixed Deposit,Regular,Active,13-05-2023,,1061403.99,3850234.64
249312162575,695751745119,IOBA034724,Fixed Deposit,Corporate,Active,20-04-2024,,6650892.78,12200767.52
20454559325,695751745119,IOBA034724,Fixed Deposit,Corporate,Active,05-02-2024,,6509849.31,2011754.26
65727067884314,762449330730,IOBA032806,Recurring Deposit,Basic,Active,16-10-2018,,1490196.41,2622835.39
623153896954,809535144120,BARB093541,Current,Regular,Active,14-06-2018,,2126803.49,10435876.88
60770870674,271830619966,SBIN075502,Savings,Basic,Active,14-04-2022,,693031.79,6392800.87
42221259318,271830619966,SBIN075502,Savings,BSBD,Active,14-10-2018,,360607.79,2762782.97
9185622229115,519386458199,UTIB094029,Fixed Deposit,Premium,Active,12-07-2015,,3061854.25,3156891.02
9144292831337,519386458199,UTIB094029,Recurring Deposit,Basic,Active,28-12-2022,,446514.22,676250.83
71611046788298,395738478277,HDFC051452,Fixed Deposit,Corporate,Dormant,07-06-2021,10-01-2023,3228.03,0.0
79280785384695,395738478277,HDFC051452,Current,Corporate,Active,26-07-2017,,374409.45,3929290.63
31183924044,202965994275,SBIN082172,Savings,Premium,Active,21-07-2024,,520689.68,2725968.56
7597712152820473,425957724466,PUNB096219,Current,BSBD,Active,26-12-2018,,10165730.6,2591986.57
9133053044107599,541511182733,PUNB096478,Current,Basic,Active,27-08-2022,,2288343.68,7729941.06
8275946677240,436545066867,BKID037154,Fixed Deposit,BSBD,Active,05-06-2023,,2003918.85,1472754.21
819826783799,436545066867,BKID037154,Current,Regular,Active,08-08-2022,,2013674.76,3602935.72
804202223958,708648090531,ICIC023090,Fixed Deposit,Premium,Active,28-04-2023,,2058202.93,3604998.14
801069737959,708648090531,ICIC023090,Savings,Premium,Active,01-05-2022,,185531.98,740035.46
17067680769294,478210180992,IOBA052582,Salary,Regular,Active,10-04-2024,,1883825.73,3461282.91
644627743993,478210180992,IOBA052582,Current,Premium,Active,09-07-2024,,4979753.4,6927956.9
196495175500,243564349974,BKID065654,Savings,BSBD,Active,21-12-2019,,1554249.17,5619431.3
175537483311,441442768643,ICIC013318,Current,Regular,Active,12-09-2023,,1754975.87,2493484.82
76035065984,911975570760,SBIN014899,Current,BSBD,Active,20-08-2019,,506636.09,2649438.03
78221770532870,685039427506,HDFC061961,Current,Regular,Active,11-06-2024,,475074.91,1265307.85
32435965632831,242374510962,BARB092593,Savings,BSBD,Active,01-11-2022,,4320744.13,5853262.27
3785175867469469,429062133309,PUNB081894,Current,Regular,Active,07-04-2019,,681754.97,2128453.9
59900556839643,733622885977,KKBK015536,Recurring Deposit,Premium,Active,04-04-2020,,1689667.39,1403431.15
39467395357,733622885977,KKBK015536,Savings,Basic,Active,30-08-2022,,1102231.7,1563499.53
96304625679655,106803996076,HDFC095805,Savings,Regular,Active,01-10-2021,,2156880.65,1421328.87
94105668052,885289285330,KKBK069558,Salary,BSBD,Active,21-04-2024,,1822555.1,2179426.93
1479252559250,845208807417,IOBA069822,Fixed Deposit,Regular,Active,15-11-2024,,9712075.97,21420044.35
6804559189602,845208807417,IOBA069822,Current,Corporate,Active,20-10-2024,,7571534.8,6408457.77
69203735317,376209483836,CNRB021920,Savings,BSBD,Active,25-05-2020,,749134.68,1688507.78
530200604115,376209483836,CNRB021920,Savings,Basic,Active,08-11-2018,,840682.93,2023296.07
2628160644757780,901524915767,PUNB018471,Savings,Regular,Active,27-02-2020,,3942054.53,5675437.8
9619108216407,513768435828,KKBK092593,Fixed Deposit,Regular,Dormant,09-03-2021,06-02-2025,0.0,213308.18
85584416540527,513768435828,KKBK092593,Savings,Regular,Active,13-02-2020,,1330953.53,3808267.2
862457166620,800868037134,IOBA078626,Savings,Premium,Active,24-11-2020,,1270753.1,2523572.32
57630493852,214994015246,SBIN050339,Current,Basic,Active,13-02-2023,,2407518.01,2978538.74
68458306215,214994015246,SBIN050339,Fixed Deposit,Basic,Active,25-09-2022,,1440383.13,1628589.03
7479260568965435,888106355132,PUNB018219,Current,Premium,Active,27-10-2024,,1980058.04,1221225.46
2243300407964881,888106355132,PUNB018219,Fixed Deposit,Premium,Active,18-01-2023,,902812.04,1598662.87
553759329010,496566555938,ICIC089653,Salary,Basic,Closed,03-11-2019,,0.0,0.0
221894906010,600992604307,ICIC076835,Salary,Basic,Active,06-06-2024,,2309375.71,3611147.33
260078584327,600992604307,ICIC076835,Savings,BSBD,Active,31-03-2023,,3553049.84,4113396.29
5362433185095251,174334278550,PUNB091293,Fixed Deposit,BSBD,Active,11-07-2023,,3259754.2,5739352.74
67610129321,399507395082,SBIN085042,Salary,Basic,Active,15-03-2023,,1670443.38,2071954.75
75627758379,399507395082,SBIN085042,Savings,Basic,Closed,15-01-2023,,0.0,0.0
59297541407,823019570258,SBIN066714,Current,Basic,Active,04-01-2021,,2026099.34,3278554.47
1341763464244788,799049751353,PUNB093743,Current,Corporate,Active,27-08-2023,,737238.87,7252579.72
4040213908702,770921168566,BARB027603,Current,BSBD,Active,19-11-2024,,2232273.61,5292899.84
873180077336,770921168566,BARB027603,Salary,Premium,Active,30-01-2023,,442177.28,1167450.77
8149483703204244,569807077531,PUNB045878,Fixed Deposit,Regular,Active,10-08-2023,,1263848.65,3216120.7
18451416932,993421571704,BARB073910,Salary,Premium,Active,23-11-2016,,1714409.39,3139506.52
4080977554121,993421571704,BARB073910,Current,BSBD,Active,25-01-2023,,184425.23,1102135.75
28961333712,412024771908,SBIN052890,Savings,Basic,Dormant,22-09-2024,24-11-2024,0.0,0.0
91539575428,148963462959,SBIN085303,Current,Premium,Active,07-02-2022,,4982376.25,6246742.26
92321185262,148963462959,SBIN085303,Savings,Regular,Active,30-10-2018,,526329.06,2408375.43
90068826490,280284708614,CNRB083391,Savings,Regular,Active,02-11-2018,,3107904.3,3550451.13
61376338961377,373113140855,HDFC079383,Savings,Premium,Active,02-12-2024,,276554.49,2296052.23
17290901971166,434962914243,HDFC041216,NRO,Regular,Active,09-09-2017,,2035171.06,4270983.3
23358405196,262061698878,SBIN052256,Current,Premium,Active,13-09-2021,,983267.23,1039028.14
33452132220,262061698878,SBIN052256,Salary,BSBD,Active,24-05-2021,,811281.89,3524996.58
5899345747311,304649796696,CNRB013214,Current,Regular,Frozen,05-11-2024,,0.0,0.0
856498493105,203360554492,ICIC091159,Recurring Deposit,Regular,Active,10-01-2024,,1621775.69,2424359.02
905550808190,203360554492,ICIC091159,Fixed Deposit,BSBD,Active,06-06-2023,,2519826.61,3655867.79
811207624997,267143696280,ICIC090784,Savings,Premium,Active,13-02-2022,,234216.21,1099561.96
996677203631,365418866864,BKID057712,Salary,Premium,Active,12-05-2019,,455237.27,540399.91
63452843318,365418866864,BKID057712,Savings,Regular,Active,20-06-2021,,1118247.67,2225478.55
6291789448837,954461523315,KKBK076792,Current,Regular,Active,01-09-2020,,1690138.24,4806875.3
211578174561,212516585101,ICIC080769,Salary,Regular,Active,30-07-2024,,138088.69,2113989.53
806850566830,212516585101,ICIC080769,Savings,Basic,Active,28-09-2024,,1403515.15,1312203.42
1455987593220,552116298789,IOBA055212,Current,Basic,Active,06-07-2024,,879076.3,1776558.55
421902851556,136300231961,ICIC042605,Salary,BSBD,Active,01-10-2023,,3165127.94,4775061.86
767621033054,136300231961,ICIC042605,Salary,Regular,Active,17-09-2020,,833135.6,2332879.65
12059872518,452895759668,SBIN029096,Savings,Regular,Active,24-03-2022,,1046722.96,1535407.06
4371325261005,267058018426,IOBA022615,Savings,Basic,Active,08-03-2022,,1480064.32,2348327.4
980692496150,824935284288,KKBK089121,Savings,BSBD,Active,15-01-2023,,1407428.02,4750113.69
20412154032,824935284288,KKBK089121,Salary,Basic,Dormant,27-05-2023,03-12-2024,4665.9,0.0
963786805219,400545811344,ICIC081967,Fixed Deposit,Corporate,Active,29-09-2020,,2904961.45,9958956.88
26921085310,179975102975,SBIN048788,Savings,Basic,Active,15-09-2019,,902348.95,2398096.65
76301255055,179975102975,SBIN048788,Savings,Premium,Active,17-03-2022,,889100.35,2160360.93
903005654262,160289555548,BARB056397,Savings,Basic,Active,23-09-2019,,1182586.75,2533908.6
74939034398877,160289555548,BARB056397,Salary,Regular,Active,07-07-2018,,213536.3,1040015.51
9173201831075,325757591531,UTIB028080,Recurring Deposit,Basic,Active,02-12-2019,,1086813.42,2528375.92
91647165661,973380316042,SBIN017710,Current,Regular,Active,08-02-2017,,1189590.81,4447537.25
80927688587,973380316042,SBIN017710,Fixed Deposit,Basic,Frozen,01-08-2024,,0.0,0.0
304786772992,132915018273,BARB022241,Savings,Basic,Active,07-05-2020,,1448084.13,2323616.8
451331472696,922204308971,ICIC041759,Savings,Regular,Active,18-08-2020,,529860.91,350686.39
876982666541,922204308971,ICIC041759,Salary,Premium,Active,21-08-2018,,2106032.74,2783375.87
2702625519146,753005725062,BKID068741,Current,Regular,Active,27-05-2022,,2311967.99,3584246.55
81703545569,908473478707,SBIN023319,Recurring Deposit,BSBD,Active,09-03-2021,,1704836.53,2472026.29
43493141808338,321011773363,BKID094372,Salary,Premium,Active,16-06-2021,,1527057.89,3120202.43
29615878340,321011773363,BKID094372,Salary,Regular,Active,17-11-2018,,1025519.04,3547907.73
36431007420,533498867339,KKBK059343,Savings,Regular,Active,21-02-2023,,824488.65,1629446.35
96045833616,620261008665,SBIN098339,Salary,BSBD,Active,23-07-2024,,1820892.55,2335293.03
58012859041,620261008665,SBIN098339,Fixed Deposit,Regular,Active,05-12-2021,,1886899.5,2177086.0
25994329130,485530609649,KKBK014760,Fixed Deposit,Corporate,Active,13-10-2019,,7863163.84,2241940.7
9196317619496,237483419974,UTIB064160,Savings,Regular,Active,12-08-2022,,1730683.81,1970657.04
9173850824285,237483419974,UTIB064160,Salary,Basic,Active,07-01-2022,,414896.08,1686833.95
92130673563,849584825427,SBIN068108,Recurring Deposit,Premium,Active,11-10-2022,,1306409.03,4009012.06
24764346417,849584825427,SBIN068108,Savings,Regular,Active,12-06-2020,,335284.45,1255577.11
30253469807686,682711375634,BKID057056,Savings,Regular,Active,02-11-2022,,2025510.38,3896275.31
98036712842,682711375634,BKID057056,Savings,BSBD,Active,12-12-2021,,1525470.73,3671865.31
3183676792849,627551216905,IOBA046443,Fixed Deposit,Regular,Active,10-10-2018,,1172631.15,3444605.2
13583170243,627551216905,IOBA046443,NRO,Premium,Active,13-09-2020,,699798.17,1469830.71
32846748314257,674820542023,HDFC057497,NRE,Regular,Active,04-11-2024,,550388.8,816459.65
21220419057422,806246441484,IOBA080781,Current,BSBD,Dormant,01-12-2023,17-02-2024,0.0,0.0
8573116216068,643643555171,KKBK072754,Savings,Premium,Active,15-11-2023,,11663059.64,11009365.76
72147199395679,764948331536,CNRB043719,Savings,Regular,Active,05-06-2023,,1726488.66,3723102.51
9294242158610,114724472723,UTIB016680,Salary,BSBD,Active,26-02-2018,,1730377.2,3622666.01
9174807226718,114724472723,UTIB016680,Fixed Deposit,Basic,Active,06-05-2018,,1077977.79,2311344.41
7055792925594694,772093299402,PUNB096653,Savings,Regular,Active,18-12-2019,,3103283.3,3109506.52
68886869340,650559690079,KKBK064257,Savings,Basic,Active,18-12-2020,,871596.54,3311293.16
7778325729477,650559690079,KKBK064257,Recurring Deposit,Premium,Active,16-12-2024,,1704615.21,2662634.9
9116139761892,603031344047,UTIB034456,Recurring Deposit,Regular,Active,26-10-2020,,1211685.32,3544096.85
9148134342767,603031344047,UTIB034456,Savings,Basic,Active,04-07-2021,,3037643.4,4337452.02
5199177763939,918433194044,IOBA043010,Recurring Deposit,Basic,Active,05-02-2023,,1381989.04,2807483.18
553207126524,918433194044,IOBA043010,Savings,BSBD,Active,09-04-2024,,2777244.41,4456695.98
162397389235,471225851170,ICIC043178,Savings,Regular,Active,26-11-2024,,1276245.78,1230797.88
253803893654,471225851170,ICIC043178,Savings,Premium,Active,05-01-2020,,518116.76,1086122.25
864050574643,924454162642,BARB099755,Savings,Premium,Active,02-11-2019,,435562.55,1687342.96
6728573511184,924454162642,BARB099755,Recurring Deposit,Premium,Active,21-07-2019,,1665474.33,2188707.35
47621786501,575555165757,SBIN094372,Salary,BSBD,Active,21-10-2024,,828971.08,4204070.31
3439131403802,590118307856,BARB016048,Current,Regular,Active,01-03-2024,,1016626.77,1961620.64
4793623049071,590118307856,BARB016048,Current,Basic,Active,10-01-2021,,1823826.14,2663693.41
75084188688,990983731421,BKID010540,Savings,Basic,Active,31-12-2023,,1902043.18,2805722.19
77303889172247,990983731421,BKID010540,Current,Regular,Active,05-01-2023,,1990259.0,3034331.83
88533217682,107746112372,BKID039394,Current,Premium,Active,29-10-2024,,1679260.51,3737340.03
26258923287909,107746112372,BKID039394,Recurring Deposit,BSBD,Active,16-10-2018,,1664344.05,3945594.47
322655725007,141862639055,CNRB025755,Savings,Regular,Active,22-01-2022,,2894728.57,2833127.81
9488800215034,141862639055,CNRB025755,Current,Premium,Active,06-07-2023,,1650932.83,2410801.28
473989332946,575087953051,ICIC036509,Savings,Basic,Active,16-04-2020,,9002936.82,7899347.05
986861945261,575087953051,ICIC036509,Fixed Deposit,Premium,Active,23-10-2019,,13594016.3,6573271.49
7997812499344,123066577543,IOBA034221,Current,BSBD,Active,19-11-2019,,5886420.76,7904114.48
514963283777,144514900260,ICIC082987,Current,Basic,Active,21-08-2024,,252669.75,272405.46
988456686286,144514900260,ICIC082987,Savings,BSBD,Active,08-09-2024,,1983450.13,4174189.92
30727669555525,762826776862,HDFC091405,Savings,Regular,Active,04-11-2022,,998501.95,1376172.35
46208036256,409019791198,SBIN086609,Savings,Regular,Active,24-08-2022,,1760384.99,2007887.84
69634129495,409019791198,SBIN086609,Salary,Basic,Active,05-03-2024,,1797715.58,4779678.15
39039794227412,944957468243,CNRB035995,Current,Corporate,Active,26-09-2022,,4931498.58,1399568.85
14756433023382,944957468243,CNRB035995,Fixed Deposit,Regular,Active,13-08-2016,,1198172.96,2342436.68
9447256126550844,838544719154,PUNB011669,Current,Corporate,Active,25-08-2018,,6788932.99,10346533.91
743483162917,267763341531,KKBK072485,Fixed Deposit,BSBD,Active,27-01-2024,,4557611.25,5131249.54
8956394310184,397984987110,IOBA032499,Recurring Deposit,Premium,Active,13-03-2024,,377653.87,991868.73
74453879782,346956605066,IOBA069297,Savings,Premium,Active,26-07-2024,,1105917.65,2128417.18
230461540365,346956605066,IOBA069297,Salary,BSBD,Active,23-02-2024,,2363649.64,2758558.25
2716655517177488,624505803717,PUNB039950,Recurring Deposit,Premium,Active,03-07-2024,,471077.07,1817126.64
8001835215143571,624505803717,PUNB039950,Recurring Deposit,Basic,Active,15-10-2024,,2317240.4,4480440.66
149110913750,815506949850,ICIC094571,Savings,Basic,Active,16-02-2020,,1548212.29,2279103.48
891280611733,815506949850,ICIC094571,Savings,Premium,Active,29-07-2024,,2796638.33,4341464.04
128829944009,534903057255,ICIC084765,Recurring Deposit,BSBD,Active,23-03-2023,,494936.97,560810.21
975165616892,534903057255,ICIC084765,Savings,Basic,Active,22-02-2021,,403936.6,1681309.83
1393242906834,199073327934,BKID060288,NRE,Premium,Active,03-10-2020,,3617749.15,4914332.4
52670533753,273712877652,KKBK059932,Salary,Basic,Active,09-04-2024,,5206890.54,3140375.73
2320682303759,273712877652,KKBK059932,Savings,Premium,Active,29-04-2018,,3347999.92,2106383.66
58163938383,713444613461,BKID085985,Savings,BSBD,Active,06-11-2024,,2007224.99,4339114.37
7468662825801345,587937055959,PUNB042829,Recurring Deposit,Basic,Active,04-07-2024,,1106642.86,2805422.25
5088625418029035,587937055959,PUNB042829,Current,BSBD,Active,25-03-2023,,2164808.56,1805736.34
7205980913278719,942424676037,PUNB029578,Current,Regular,Active,25-08-2016,,210124.81,5038146.3
39460491927768,192569900522,HDFC012414,Current,BSBD,Active,30-11-2018,,1142714.86,2030331.24
85983430305105,192569900522,HDFC012414,Salary,Basic,Active,10-12-2017,,1790060.56,2111303.29
9283739096166,156773462362,UTIB050414,Savings,Basic,Active,02-03-2024,,947863.61,1745584.94
9117305947747,156773462362,UTIB050414,Current,Basic,Active,22-05-2024,,1530563.18,2051767.02
9121259277465,750422523388,UTIB033996,Current,Premium,Closed,01-09-2020,,0.0,0.0
9241020398484,750422523388,UTIB033996,Savings,Basic,Active,13-12-2022,,1906809.57,3322432.25
17618889115,792057138067,SBIN028856,Savings,Premium,Active,28-12-2021,,2089736.71,2162966.82
9197578441299,229627763453,UTIB059270,Current,Regular,Active,02-03-2016,,585306.52,1422710.42
9182710890812,229627763453,UTIB059270,Salary,Regular,Active,05-09-2021,,522799.36,2117737.76
9183281624079,589720570203,UTIB092258,Salary,Premium,Active,10-02-2021,,2500475.31,2306071.69
9167244460079,589720570203,UTIB092258,Current,Basic,Active,15-06-2022,,1511413.43,1549001.66
9160582113530,260486376133,UTIB026179,Recurring Deposit,Regular,Active,15-02-2022,,280572.45,1896013.57
9262166213420,260486376133,UTIB026179,Current,Premium,Dormant,08-08-2023,01-09-2024,4519.34,0.0
354439048596,253503021414,ICIC045879,Savings,Basic,Active,01-04-2022,,747076.23,1993949.24
232489204188,253503021414,ICIC045879,Savings,Premium,Active,13-07-2022,,1587438.65,2554584.68
3625013125446,959881702588,KKBK035268,Salary,Regular,Active,11-10-2023,,1373660.72,3082098.23
63589166784844,958779957614,CNRB088390,Current,Corporate,Active,26-11-2018,,683771.84,2304012.54
9180450792340,311858919641,UTIB011667,Fixed Deposit,Premium,Active,12-08-2023,,1631578.54,6172431.18
9192792809813,311858919641,UTIB011667,Current,BSBD,Active,05-03-2024,,3228882.67,11664014.72
868747884619,225416524965,KKBK011075,Savings,Premium,Active,27-09-2024,,1294397.07,3469891.47
431295337720,467426004476,ICIC061366,Current,BSBD,Closed,30-10-2024,,0.0,0.0
382839375162,467426004476,ICIC061366,Current,Basic,Active,05-09-2024,,1230832.97,2735592.77
2192997327191,885907072427,BARB046954,Savings,Basic,Active,22-02-2024,,736879.28,905175.96
56968369464,885907072427,BARB046954,Recurring Deposit,Basic,Closed,12-08-2024,,0.0,0.0
435213629301,421791537283,CNRB085175,Savings,Premium,Active,05-06-2024,,1459212.33,1923749.05
9130015167394,347706346532,UTIB050766,Savings,Basic,Closed,07-03-2023,,0.0,0.0
9183954726119,347706346532,UTIB050766,Salary,Regular,Active,10-11-2016,,1605141.31,2507211.12
421321488727,678164537146,ICIC052988,Savings,Basic,Active,12-01-2023,,520564.06,2440359.19
373343660620,678164537146,ICIC052988,Salary,Basic,Active,12-06-2024,,2058934.44,1899432.39
43289126907,500512408770,CNRB016358,Current,Corporate,Active,27-06-2023,,1027135.55,9184502.69
67876285679902,500512408770,CNRB016358,Fixed Deposit,Regular,Active,26-07-2024,,4832388.77,2565269.17
7326368379804,499832023460,KKBK085747,Current,Basic,Active,24-11-2024,,2210751.48,3192645.85
5079765815539,499832023460,KKBK085747,Savings,BSBD,Active,19-10-2024,,3072940.1,3389460.4
891232242926,847981837919,IOBA061005,Salary,Premium,Active,01-11-2023,,2026435.26,2010805.73
65155062125,847981837919,IOBA061005,Salary,Basic,Dormant,03-02-2024,05-03-2024,36130.4,44001.48
356169372980,269074661823,IOBA046053,Fixed Deposit,Regular,Active,05-04-2016,,765476.1,6862287.96
673120083683,747024881844,BKID033005,Recurring Deposit,Regular,Active,18-10-2021,,1456241.2,1335330.2
97057272342258,301184741796,BKID089146,Salary,Regular,Active,11-06-2020,,731131.52,1229010.76
688910274228,629385231265,KKBK024194,Current,Premium,Active,17-03-2022,,1933632.25,2548976.7
4858594570628,335571668885,BKID018202,Fixed Deposit,Regular,Active,29-03-2019,,3939401.13,3072133.91
9280098862934,379853896968,UTIB043523,Salary,Basic,Active,01-10-2024,,1700450.46,1814312.0
33427634661563,862782576560,IOBA018234,Savings,Basic,Closed,04-09-2023,,0.0,0.0
58996880410545,607136110737,IOBA021252,Savings,Basic,Active,29-09-2022,,2139609.24,3946866.16
63744045438,705023778042,SBIN010589,Savings,Regular,Active,07-12-2024,,1916528.28,1733338.29
646114393324,393181022724,BARB027374,Savings,BSBD,Active,09-07-2023,,2186346.83,3249667.58
5306716023330,393181022724,BARB027374,Current,BSBD,Active,07-09-2021,,521135.88,821369.63
9210011816607,723332464826,UTIB042691,Recurring Deposit,Premium,Active,25-06-2024,,2068136.86,4068276.6
55389295074,360823796483,SBIN027395,Savings,Regular,Active,20-02-2022,,1363682.58,1080463.37
676610665644,976093769824,BKID097140,Fixed Deposit,Regular,Active,30-08-2024,,1068967.85,2495455.12
32293477769538,498234558919,IOBA032396,Fixed Deposit,Basic,Active,17-12-2024,,1132452.32,1115755.3
62149465543565,302280597609,HDFC034810,Savings,Regular,Active,02-06-2024,,1708237.77,2324531.58
57854367638211,302280597609,HDFC034810,Current,BSBD,Active,23-08-2023,,820964.46,2254470.87
37862924468,362350467885,SBIN097233,Current,Regular,Active,25-09-2018,,236570.32,5920109.92
52258810251,362350467885,SBIN097233,Current,Regular,Active,29-04-2017,,5626390.86,6134607.95
36131736719,117485588458,BKID058315,Current,Regular,Active,12-08-2023,,1801131.13,2471841.38
50497890765,117485588458,BKID058315,Fixed Deposit,Premium,Active,14-06-2022,,1492526.3,3888553.85
9267865840742,585624144147,UTIB092376,Fixed Deposit,BSBD,Active,19-04-2024,,2414813.27,5080774.64
3676392677354,934996216171,IOBA029550,Salary,Regular,Active,19-07-2023,,124621.43,1375271.24
3307462055339,934996216171,IOBA029550,Salary,BSBD,Active,18-05-2023,,3541416.16,5185084.22
274774519534,860417733829,CNRB030779,Recurring Deposit,Regular,Active,05-06-2023,,1873507.6,5425490.64
69838773583,860417733829,CNRB030779,Salary,Basic,Active,12-04-2020,,2010229.55,4475120.36
9663224890230,622800123559,BKID066172,Savings,BSBD,Active,26-02-2020,,689368.38,1723471.58
3651202535912,622800123559,BKID066172,Salary,Regular,Active,15-06-2020,,3635767.66,4758861.48
5798932082659281,640267214028,PUNB079540,Current,Corporate,Active,05-04-2023,,3893265.0,4849613.96
70507373195,292927289437,SBIN029116,Salary,Regular,Active,09-08-2020,,914716.74,780018.95
4277433298724,391777061449,BARB051972,NRE,Premium,Active,24-09-2017,,3612394.05,3592976.31
70845643604986,391777061449,BARB051972,NRO,Premium,Active,23-02-2022,,2290544.78,4046735.82
54262991068,967136675989,BKID076033,Recurring Deposit,BSBD,Active,10-06-2022,,1513420.19,2113268.31
51915333552716,270008221446,HDFC043003,Current,Regular,Active,15-01-2018,,123879.6,2166497.76
13861959547492,270008221446,HDFC043003,Savings,Regular,Active,10-01-2017,,1463424.84,1268016.04
9216844217028,318857497746,UTIB059657,Savings,Premium,Active,21-12-2023,,3706574.32,3596084.79
9191037195803,494446460118,UTIB032775,Savings,Basic,Active,22-03-2022,,2136923.73,3213459.9
9158823771659,494446460118,UTIB032775,Savings,Basic,Frozen,26-08-2021,,0.0,0.0
4336324068619078,897873401421,PUNB079360,Fixed Deposit,BSBD,Active,15-04-2023,,1686146.31,1310931.09
4246503622421175,897873401421,PUNB079360,Fixed Deposit,Premium,Active,16-07-2024,,2578030.96,3877855.13
869642148116,691014009024,BARB098989,Savings,BSBD,Active,07-09-2024,,464207.82,3250818.02
1709950702864,240915349816,IOBA070015,Fixed Deposit,Corporate,Active,29-11-2024,,7950653.89,3170669.71
9154417094208497,121874504986,PUNB034303,Current,Regular,Active,04-06-2022,,1186976.84,3237804.95
4085275244291795,121874504986,PUNB034303,Salary,Basic,Active,12-03-2024,,1444469.84,2600751.22
14681067421,188770028727,BARB038633,Savings,Basic,Frozen,11-03-2023,,0.0,0.0
32510589607972,188770028727,BARB038633,Salary,BSBD,Frozen,09-09-2020,,0.0,0.0
9201437510544,926638623123,UTIB084865,Savings,Regular,Dormant,13-12-2019,18-07-2024,1962.32,153881.21
44507754974,263198732925,BARB093494,Savings,Basic,Active,15-12-2024,,1434665.48,2665177.04
580476147029,263198732925,BARB093494,Savings,BSBD,Active,25-03-2022,,1730655.09,6148997.56
704863840394,880241633004,KKBK052421,Savings,Regular,Active,12-05-2022,,593869.88,991271.26
14261035089,145504684303,KKBK046338,Salary,Premium,Active,07-11-2023,,1007110.16,2284892.25
9191438331096,243468115602,UTIB030374,Savings,Basic,Active,04-10-2019,,1885646.09,4045401.64
65479275210,195287153746,IOBA013716,Salary,Premium,Active,21-09-2024,,793586.03,1116826.44
93749780208,290975354989,IOBA092284,Current,Corporate,Active,22-12-2022,,1455280.3,11378860.46
496872784285,290975354989,IOBA092284,Current,Corporate,Active,23-06-2024,,8234173.19,8045403.19
75465517698,297150899649,SBIN070475,Fixed Deposit,Basic,Active,07-03-2024,,2384051.27,2445154.94
22620282915,297150899649,SBIN070475,Recurring Deposit,BSBD,Active,14-09-2022,,847278.74,1402558.89
59404783624142,403093284238,BARB066726,Savings,Premium,Active,23-05-2018,,1200700.85,2054643.21
506453595547,403093284238,BARB066726,Savings,Basic,Active,09-11-2019,,3103284.09,3398835.77
357064226262,368847990474,BKID029649,Fixed Deposit,Regular,Active,11-07-2021,,7445969.93,22333863.58
188169725787,755050766827,IOBA041669,Fixed Deposit,Premium,Active,19-06-2022,,2452190.47,3783279.23
93566788371,210552841781,IOBA072069,Fixed Deposit,BSBD,Active,22-06-2024,,3334169.85,4274735.79
2410462308017615,777895818004,PUNB051732,Recurring Deposit,Premium,Active,30-04-2024,,3265981.44,3073610.09
1322799389435996,777895818004,PUNB051732,Savings,BSBD,Active,31-12-2021,,2446981.82,3126804.9
60083369722,205460228719,SBIN072621,Savings,Premium,Active,30-04-2024,,773058.83,1369253.27
50985963702,205460228719,SBIN072621,Current,Regular,Active,03-10-2024,,654349.71,1623015.89
21136218970,345807479179,SBIN095837,NRO,Premium,Active,16-11-2022,,533989.07,1292323.79
45047408991,943599221967,BKID030907,Savings,BSBD,Closed,12-08-2024,,0.0,0.0
80679504725,943599221967,BKID030907,Current,Regular,Active,06-04-2024,,214250.32,1082616.1
9158315189211,766666991270,UTIB080676,Salary,Basic,Active,19-05-2023,,856360.03,3230901.69
9195402242888,766666991270,UTIB080676,Savings,BSBD,Active,29-06-2023,,2521963.26,3149526.73
6410423336657518,478674374243,PUNB036286,Current,Regular,Active,07-02-2024,,717307.17,3067148.94
3068912600771823,478674374243,PUNB036286,Savings,Basic,Active,03-02-2020,,702327.81,1426974.11
9143654046757,882578923493,UTIB041832,Salary,Regular,Active,24-01-2024,,1035346.24,1032646.99
9224194985523,882578923493,UTIB041832,Current,BSBD,Active,11-01-2021,,1544826.06,4007404.39
53465680723546,239908729477,HDFC088293,Savings,Regular,Active,06-05-2024,,1460292.24,3300712.54
15437270476,811171948111,BKID082175,Salary,Basic,Active,02-09-2019,,896940.35,4070347.14
282151020281,811171948111,BKID082175,Current,Regular,Active,27-09-2022,,2037398.21,4204900.28
36030061802,389126072411,BKID075083,Savings,Premium,Active,05-12-2020,,2579174.23,6200471.34
29104350850314,729562329438,HDFC089686,Savings,Basic,Dormant,03-02-2022,24-05-2024,0.0,98484.03
61451260375950,729562329438,HDFC089686,Salary,BSBD,Active,17-08-2023,,240222.88,4054758.47
9227791693102,939173472020,UTIB022456,Current,Premium,Active,01-12-2024,,191421.26,1582320.65
9179358159397,939173472020,UTIB022456,Savings,Premium,Active,12-07-2023,,917462.94,3094930.31
299272845023,452871240290,CNRB094168,Savings,Regular,Active,13-02-2020,,1335427.73,4041685.82
6977956742720,452871240290,CNRB094168,Savings,Premium,Active,23-05-2022,,442140.58,2384504.24
59789773866,313727907093,SBIN020680,Savings,Regular,Active,07-12-2023,,1688696.65,3380566.4
2050831134512262,663134209066,PUNB044675,Savings,Premium,Active,25-10-2021,,917983.56,882078.0
17408634865864,856322969244,BARB099167,Savings,BSBD,Active,18-04-2024,,1975229.0,2307601.14
9888433854411293,808795938818,PUNB048407,Savings,Regular,Active,30-05-2023,,894596.44,2759377.04
60038737698,185707320232,BKID041249,Recurring Deposit,Regular,Active,20-12-2019,,1756261.75,3167862.32
44504992357,132224495882,CNRB094351,Savings,BSBD,Active,02-12-2020,,1556818.82,10432181.47
1556625708092,187306900463,IOBA022849,Current,Basic,Active,27-10-2019,,1108769.17,2798931.63
4276374497701,187306900463,IOBA022849,Fixed Deposit,BSBD,Active,03-06-2020,,3086438.64,2981950.18
206630585730,760537443999,ICIC031524,Savings,Premium,Active,04-06-2019,,833686.11,2837567.8
99898180026,780032351343,BKID070344,Salary,BSBD,Active,29-12-2024,,1856861.92,4606328.28
65698880016,268272522304,SBIN075799,Salary,BSBD,Active,21-12-2024,,295591.94,958771.07
79543158238,875112476330,BARB017819,Savings,Basic,Active,01-04-2016,,468129.22,277558.92
4694629546818,875112476330,BARB017819,Salary,Regular,Active,26-10-2016,,3405563.55,184555.99
115832833351,361423006449,ICIC028223,Fixed Deposit,BSBD,Dormant,24-06-2020,15-11-2020,0.0,11003.84
27533913448,117753190354,SBIN042722,Salary,BSBD,Active,29-02-2024,,1247844.21,2616764.29
22405791364,117753190354,SBIN042722,Savings,BSBD,Dormant,29-10-2024,04-03-2025,0.0,98027.91
255507087413,668918586626,BARB081185,Savings,Premium,Active,15-09-2021,,1916716.28,2385341.81
9592358434792,294485749539,CNRB054899,Fixed Deposit,BSBD,Active,29-03-2019,,2040347.11,3420286.38
23331891297,294485749539,CNRB054899,Current,Premium,Active,19-10-2020,,1582633.68,2470438.53
74566590674463,808216983378,BARB039370,Salary,Basic,Active,22-12-2019,,2538679.2,4276974.73
46355230987,937431538895,SBIN033813,Salary,Regular,Active,22-02-2022,,1074855.76,3737031.8
55063972191,937431538895,SBIN033813,Recurring Deposit,Basic,Active,29-12-2021,,1205287.58,3710821.81
570044123586,951138270101,ICIC049493,Fixed Deposit,Regular,Active,29-03-2021,,1642069.08,4598907.59
567501318387,169031497621,BARB049822,Savings,Basic,Active,20-06-2023,,1989632.26,2175654.02
174773036753,169031497621,BARB049822,Savings,BSBD,Active,30-11-2020,,2017828.78,2236014.07
75402889862,548036952096,IOBA036553,Recurring Deposit,Regular,Active,06-02-2021,,2919939.54,3393297.6
44536585313,548036952096,IOBA036553,Savings,Premium,Dormant,27-10-2021,03-06-2024,28435.86,201817.43
527661771167,140897477970,ICIC024966,Recurring Deposit,Basic,Active,03-02-2020,,3056712.74,3896741.05
9244090387901,290023442174,UTIB066295,Savings,Regular,Dormant,16-04-2024,11-11-2024,34515.68,51772.44
9214617007706,290023442174,UTIB066295,Current,BSBD,Active,31-08-2022,,2280951.1,2149027.83
45156688959710,880567194192,KKBK058038,Salary,Regular,Active,20-12-2023,,1733412.1,4448360.55
4034080716695,880567194192,KKBK058038,Savings,Regular,Active,24-03-2024,,3091213.6,3823632.92
52339831543048,107319975093,HDFC048249,Current,Premium,Active,04-05-2024,,1057717.03,1843779.77
27485928167383,151448878274,CNRB091351,Salary,BSBD,Active,06-05-2023,,1058227.99,1763693.25
4812185603171,804315260451,BKID075786,Current,Regular,Closed,09-11-2021,,0.0,0.0
9976854298748,268939075854,KKBK068574,Fixed Deposit,Regular,Active,27-01-2022,,424864.87,749667.12
21283233935,653926076851,SBIN031946,Salary,BSBD,Active,19-08-2022,,2833758.43,3835940.56
13549112154969,369714584905,HDFC039878,Current,Regular,Active,10-06-2023,,675924.18,910386.04
34719605012016,369714584905,HDFC039878,Savings,Regular,Active,28-08-2024,,1369676.86,6030926.91
97716829092560,882901054340,BKID059850,Fixed Deposit,Regular,Active,05-07-2020,,8943364.54,10203195.17
4206152190777,492158625784,BKID042591,Savings,BSBD,Active,30-08-2024,,306649.16,1577529.47
9185166514271,261000344128,UTIB093019,Savings,Basic,Active,01-12-2015,,2634721.08,3767275.2
4051830912158,840646394589,IOBA058219,Salary,Premium,Active,24-10-2024,,952463.44,1373459.48
30724861769441,496376193753,HDFC044092,Savings,Basic,Active,23-08-2023,,444886.29,1482513.79
50543360485337,496376193753,HDFC044092,Fixed Deposit,Basic,Dormant,22-10-2022,28-01-2023,2707.46,3554.88
74969118287552,190470779773,HDFC061553,Savings,Basic,Active,19-07-2024,,1748054.67,3309749.03
16941658324902,190470779773,HDFC061553,Savings,Regular,Active,30-12-2020,,919022.58,2287051.13
430501362219,276502639715,CNRB021725,Fixed Deposit,BSBD,Active,04-06-2024,,4036420.77,3630873.02
18442810019,616211170453,SBIN040075,Salary,BSBD,Active,16-04-2024,,597262.4,2342721.58
34409017258,616211170453,SBIN040075,Savings,BSBD,Active,11-08-2024,,961825.31,3052984.6
99808083972704,478949723603,KKBK075978,Savings,Regular,Active,11-03-2020,,2028609.69,3534538.37
20259123012486,167109432352,CNRB081398,Salary,Regular,Active,27-05-2022,,2351256.23,3851388.9
652728652534,167109432352,CNRB081398,Savings,Basic,Active,17-07-2024,,867957.7,1185864.87
99665165536210,206828584880,HDFC025906,Salary,Regular,Active,08-03-2023,,954137.77,3191714.63
59672635287309,880070189310,BKID053638,Savings,BSBD,Frozen,16-09-2023,,0.0,0.0
5455150468963,880070189310,BKID053638,Fixed Deposit,Premium,Active,06-08-2023,,4989967.2,4392304.07
56774047259874,332069319358,HDFC022932,Savings,Regular,Active,31-10-2017,,285522.11,329296.05
70439857468872,332069319358,HDFC022932,Savings,Premium,Dormant,23-08-2021,11-07-2023,43856.76,275641.24
354294034075,523288853700,ICIC037961,Fixed Deposit,Basic,Active,22-12-2023,,3283295.7,4535658.75
451916550068,523288853700,ICIC037961,Savings,Regular,Active,06-04-2024,,593857.35,1467236.63
1194807462797,192175020584,BKID033088,Savings,Regular,Active,11-06-2023,,709331.06,907233.22
4210863490116,226110838353,BARB031425,Current,Regular,Active,05-09-2020,,2394043.33,6411890.27
23595220652,302208207906,SBIN065544,Recurring Deposit,BSBD,Frozen,20-05-2019,,0.0,0.0
3402615524162312,295587286597,PUNB068866,Savings,Basic,Active,10-01-2022,,2401270.94,2812040.32
9957946987966651,295587286597,PUNB068866,Current,Regular,Active,10-05-2020,,1229484.5,1852307.67
218080212269,412436864556,ICIC045143,Current,Regular,Active,19-03-2023,,8556004.47,8243895.03
6679170272865524,965426608124,PUNB042904,NRO,Premium,Active,06-08-2023,,689983.29,1955178.57
9815727014126252,965426608124,PUNB042904,Fixed Deposit,Premium,Active,26-11-2024,,873802.1,1129125.98
50589606876257,157900885225,HDFC071939,Savings,BSBD,Active,10-06-2022,,2015930.54,2854780.18
35789154529,367228463517,BARB029009,Salary,Regular,Active,25-04-2023,,1177712.37,1770039.62
9251109927057,986793226493,UTIB025671,Fixed Deposit,Premium,Active,14-09-2023,,1725781.91,1603920.44
9211363048691,822619399484,UTIB056589,Savings,Basic,Active,15-07-2024,,1416650.05,3426175.76
442142235631,962027685636,ICIC059762,Salary,Premium,Active,29-08-2022,,1552955.96,3837118.36
41535775049806,783726187437,HDFC057164,Current,Basic,Active,01-08-2022,,1096761.72,2135483.66
65954347745164,783726187437,HDFC057164,Savings,Premium,Dormant,10-07-2024,11-08-2024,1055.08,0.0
690733021346,272218042635,CNRB081031,Salary,Regular,Active,15-05-2024,,637125.71,364410.41
94432967695,970228413735,KKBK056847,NRE,Regular,Active,19-03-2023,,3548790.09,2861835.87
70554201780,885361698539,SBIN092636,Current,Corporate,Active,21-02-2023,,9224181.75,7357461.75
85966042153,885361698539,SBIN092636,Fixed Deposit,Regular,Active,27-07-2023,,4957724.32,6766323.29
9038302179694263,747768836423,PUNB051513,Recurring Deposit,BSBD,Active,07-08-2024,,6370369.22,12010320.01
8995579799617100,747768836423,PUNB051513,Current,Basic,Frozen,14-07-2024,,0.0,0.0
55589419335,265513270911,SBIN016605,Savings,Regular,Active,10-09-2024,,1200343.62,4948284.9
49244052118,265513270911,SBIN016605,Salary,Regular,Active,28-09-2024,,3279442.74,4062046.21
414625623751,331983813014,ICIC083933,Recurring Deposit,Basic,Active,25-12-2021,,1310622.55,3468902.21
907923071394,331983813014,ICIC083933,Salary,Basic,Active,16-04-2016,,28898.43,1126391.91
6571857481898733,444481169107,PUNB021835,Recurring Deposit,BSBD,Active,23-01-2022,,1014698.03,1914781.92
19927677849055,430674951540,BARB047471,Savings,BSBD,Active,09-12-2024,,460944.24,1242433.96
57676272876664,430674951540,BARB047471,Savings,BSBD,Active,05-09-2018,,2524646.99,3001648.92
935885796173,356032078178,ICIC060616,Savings,Premium,Active,09-08-2020,,1125106.65,2605521.84
432384686892,356032078178,ICIC060616,Savings,Regular,Active,26-08-2020,,1136379.12,2889881.33
9211193108848,305971547236,UTIB087107,Savings,Regular,Active,04-03-2024,,1765530.92,2954207.58
30364969956,688119359218,SBIN092068,Savings,BSBD,Active,18-09-2024,,161131.35,1202047.31
33123543974,688119359218,SBIN092068,Savings,Premium,Frozen,04-11-2021,,0.0,0.0
72063995950033,369694836315,CNRB088568,Recurring Deposit,Premium,Active,03-01-2024,,1089947.37,1964903.52
80453582655,115990857982,BARB044511,Salary,Regular,Active,28-07-2024,,726580.05,1576530.37
9226541169211,461826105818,UTIB068912,Salary,Premium,Active,29-06-2022,,920946.26,1136711.1
9126249019679,461826105818,UTIB068912,Fixed Deposit,Regular,Active,17-12-2021,,4302959.52,9092916.44
101419866050,649138750312,KKBK088795,Salary,Premium,Active,20-04-2024,,3382025.44,3015534.61
72073637444,430085750522,IOBA043378,Recurring Deposit,BSBD,Active,31-12-2017,,1147937.13,1531042.5
77678119082,430085750522,IOBA043378,Salary,Basic,Active,21-11-2017,,1742152.82,1574695.33
22777727691330,834992121292,HDFC078278,Savings,Basic,Active,03-11-2022,,1361457.61,3292353.45
54630325441809,834992121292,HDFC078278,Savings,Basic,Active,16-09-2024,,1405782.34,3559456.53
9226962263579,159715308922,UTIB023715,Salary,Regular,Active,15-02-2020,,344932.97,4311099.86
9106764610096,159715308922,UTIB023715,Salary,Basic,Active,13-03-2023,,1979896.28,2309045.86
368255563097,593263894656,CNRB014774,Salary,Regular,Active,25-03-2022,,843427.64,1322830.09
19089516278,971810350951,SBIN081030,Savings,Regular,Active,17-02-2023,,4921280.07,5982368.79
38647592444398,246603824966,HDFC043293,Current,Corporate,Active,18-09-2015,,2541555.86,7162422.64
79042709806262,246603824966,HDFC043293,Fixed Deposit,Corporate,Active,08-10-2020,,1032360.56,830303.96
32351885449,438773554630,IOBA072513,Savings,Basic,Active,19-03-2018,,1129876.9,2273719.26
37703693180,438773554630,IOBA072513,Savings,Basic,Active,08-07-2024,,1343834.32,2911305.93
52064774285027,922531404645,HDFC016252,Current,Corporate,Active,17-02-2024,,9889546.99,1880467.13
792740805704,718672839383,CNRB092812,Salary,Premium,Active,29-08-2023,,970285.49,1242911.04
2841012501636,650754073697,KKBK084854,Savings,Regular,Active,26-03-2024,,592878.36,1273164.29
84034568357,650754073697,KKBK084854,Savings,Regular,Active,29-05-2024,,1267625.38,4148493.72
31238903121195,900949146831,HDFC010200,Savings,Regular,Active,12-08-2024,,3428898.9,6526060.16
98609878462195,900949146831,HDFC010200,Current,Basic,Active,30-06-2023,,992248.53,2074998.96
72401942792308,591241848280,HDFC038420,Savings,Regular,Active,30-07-2022,,1126314.81,1212028.32
95483487223274,591241848280,HDFC038420,Current,Premium,Active,10-12-2017,,3034466.43,3050126.85
269156744402,992242085137,ICIC081567,Salary,Regular,Active,20-05-2024,,322328.45,870201.78
839313569934,992242085137,ICIC081567,Fixed Deposit,Premium,Active,17-08-2019,,762568.95,2344443.67
9147302679061,502744584795,UTIB050596,Savings,Premium,Active,28-05-2023,,2020266.53,2666738.76
88333734998668,276004860220,HDFC055245,Savings,BSBD,Active,06-04-2024,,7867935.69,8353332.0
65202369858310,276004860220,HDFC055245,Savings,BSBD,Active,26-04-2022,,5566092.74,6341301.93
40365315759,538582798866,BARB081494,Current,Basic,Active,22-10-2024,,1464213.24,1223845.3
95421252302435,130085588642,BARB044491,Fixed Deposit,Regular,Active,22-04-2018,,2030812.76,3217934.57
613834737998,336027231636,ICIC073234,Fixed Deposit,Corporate,Active,28-08-2019,,1652749.09,6716967.86
45925310987676,295115937348,CNRB051298,Fixed Deposit,Regular,Active,02-12-2021,,2121812.66,4401683.14
416028185551,710696610166,BARB028923,Salary,Premium,Active,04-11-2023,,1177261.19,3635318.03
769804346915,710696610166,BARB028923,Fixed Deposit,Basic,Active,26-04-2024,,339521.18,2998066.39
9649231516031,125265881526,IOBA058446,Current,Corporate,Active,10-11-2018,,8830636.67,2833665.77
2969983888747,125265881526,IOBA058446,Fixed Deposit,Regular,Active,19-03-2019,,11271492.3,3090707.76
57987428769585,940332360970,KKBK047117,Savings,Basic,Closed,09-08-2016,,0.0,0.0
709544161437,989566196013,ICIC046135,Savings,Basic,Active,08-05-2024,,3348866.25,4903652.27
9469054864954003,867316201854,PUNB023935,Savings,Regular,Active,15-01-2024,,797134.64,4129089.44
9433840691752270,867316201854,PUNB023935,Savings,Regular,Active,29-05-2024,,2452820.39,5105567.64
90926992083,664027297634,SBIN077172,Savings,Regular,Active,03-05-2022,,3156969.97,4645532.56
479464953762,794260437316,BKID039022,Savings,Basic,Active,31-12-2024,,1120231.68,2145927.6
12431194550,993018117185,SBIN053285,Savings,Basic,Active,10-08-2024,,749157.21,185459.03
7522153088364,484422449398,IOBA082421,Current,Regular,Active,06-12-2022,,203793.33,2675727.75
36146910590544,484422449398,IOBA082421,Salary,BSBD,Active,12-04-2018,,934016.27,1157382.99
80670275114809,328673082356,IOBA097287,Fixed Deposit,Regular,Dormant,26-04-2022,19-07-2023,0.0,0.0
55570420299,529779477507,IOBA025955,Savings,Premium,Active,14-07-2024,,1493513.15,1786360.41
92373562268048,621129349892,KKBK079225,Current,Premium,Active,10-01-2024,,1064649.79,4558020.46
825128591592,621129349892,KKBK079225,Current,Regular,Active,20-01-2024,,1317266.08,2029140.8
7784165231636127,777851046811,PUNB042468,Salary,BSBD,Active,26-08-2024,,49281.27,1334154.1
8495093537802919,777851046811,PUNB042468,Savings,Premium,Active,10-07-2023,,4010307.17,6169586.27
97501381690,349358867757,BKID085524,Savings,Premium,Dormant,09-07-2024,24-01-2025,115557.43,58833.27
7740462291282,349358867757,BKID085524,Savings,Basic,Active,17-10-2022,,2201960.97,4076491.09
488674444280,784803953936,ICIC020216,Current,Basic,Active,13-04-2020,,382155.31,1252443.08
5257215135927040,593127750045,PUNB063034,Savings,Regular,Active,27-12-2017,,2421316.48,1928336.17
3405372635208966,593127750045,PUNB063034,Savings,Basic,Active,26-06-2024,,2108124.39,2910168.25
8428497777276929,269688523989,PUNB046271,Salary,Basic,Active,10-03-2022,,442704.75,665362.92
9178601491392,448225517248,UTIB096688,Current,BSBD,Active,10-07-2020,,446340.1,379028.48
739764556870,251423575136,BKID079925,Savings,Premium,Active,12-04-2021,,1634614.68,1496652.7
81489805972227,251423575136,BKID079925,Recurring Deposit,Basic,Active,01-12-2021,,1271013.22,1417703.53
81062031386,577031397657,SBIN070642,Current,Premium,Active,26-01-2023,,3064788.88,5448476.5
61903956512,577031397657,SBIN070642,Current,BSBD,Closed,06-06-2023,,0.0,0.0
520988049715,598933456982,ICIC038006,Savings,Basic,Closed,13-06-2024,,0.0,0.0
8352167797373,731722697155,IOBA041616,Fixed Deposit,Regular,Active,14-02-2021,,2950787.57,2948098.79
8019597214496,731722697155,IOBA041616,Savings,Basic,Active,07-10-2015,,979941.15,2209810.7
207872137209,716758312143,BKID048231,Fixed Deposit,Corporate,Active,15-05-2022,,5128756.22,2777100.23
27633781186242,716758312143,BKID048231,Fixed Deposit,Regular,Active,27-08-2015,,5182923.06,5988395.05
907221354089,288920157624,BKID095777,Savings,Regular,Dormant,17-12-2019,19-01-2024,39408.98,303612.19
797047247389,288920157624,BKID095777,Savings,Basic,Active,20-04-2015,,522000.74,2621404.26
72847034669035,982947068517,BARB017662,Current,Regular,Active,31-07-2020,,698237.66,1266423.68
42105184741,338110168591,CNRB036544,Savings,Premium,Active,15-01-2021,,898146.37,1958092.05
98457222936,146379350350,CNRB026038,Salary,Premium,Active,29-07-2021,,2367310.5,3295539.23
72782778012,114197373834,BARB064473,Salary,Regular,Active,03-09-2022,,1094479.93,4950023.22
28283244178926,571670634743,HDFC027459,Fixed Deposit,Regular,Active,09-05-2024,,11010043.65,12362356.22
990253992024,661152865428,ICIC025386,Fixed Deposit,BSBD,Active,16-06-2024,,13450648.26,8688726.5
702268590648,661152865428,ICIC025386,Salary,Premium,Active,14-04-2022,,9987630.65,15243512.79
82147946863677,761159213459,HDFC053400,Salary,BSBD,Active,03-11-2019,,201200.03,1512198.57
2168247889335,316099697409,BARB021913,Fixed Deposit,Corporate,Active,29-08-2023,,2158893.32,1820252.97
5379911134040,316099697409,BARB021913,Fixed Deposit,Regular,Active,17-09-2021,,3089458.22,5076806.8
45778166433,729470133739,SBIN013910,Savings,Basic,Active,10-02-2018,,784653.94,2951558.99
40826595613,729470133739,SBIN013910,Fixed Deposit,BSBD,Active,04-09-2021,,1398929.98,2636219.48
56892019380,638278337306,BARB076077,Salary,Regular,Active,11-09-2022,,2982976.5,3981777.03
9363795147510,638278337306,BARB076077,Current,Basic,Active,18-10-2023,,298917.19,3730663.38
19325698616,793245838236,IOBA022754,Salary,Basic,Active,22-10-2020,,3577985.44,4859641.01
937571119405,793245838236,IOBA022754,Savings,BSBD,Active,05-09-2021,,651388.6,752896.74
55445378399,566578325120,SBIN060996,Savings,Premium,Active,10-07-2019,,891163.63,1595323.34
86351287755,566578325120,SBIN060996,Savings,Premium,Active,01-09-2018,,899494.6,3322848.62
784786671288,224779437187,BARB091038,Current,Basic,Active,30-06-2024,,1182762.83,3594005.84
234254672408,922981046992,BARB043613,Savings,Regular,Active,16-09-2021,,962916.49,1440709.7
41995749620,612419410444,KKBK064474,Salary,Premium,Active,05-04-2024,,223912.01,2103028.56
96769758331646,612419410444,KKBK064474,Current,Premium,Active,02-09-2024,,596352.69,2717314.02
47702490549,780423002087,BKID032609,Salary,Basic,Active,18-09-2023,,1029460.86,1776387.23
73569308139647,780423002087,BKID032609,Fixed Deposit,Regular,Active,07-05-2024,,1699754.04,1933626.86
88766933307619,984998032918,KKBK026629,Savings,Premium,Active,16-12-2022,,2625954.01,3216171.23
68890601981848,542506013210,KKBK032993,Savings,Basic,Active,12-08-2023,,959210.3,3969970.56
604198572735,542506013210,KKBK032993,Savings,Premium,Active,29-10-2019,,71106.82,2425017.87
59393853285,771427094799,BARB039684,Savings,Basic,Active,24-09-2021,,2069913.79,2201860.37
45011741139,771427094799,BARB039684,Savings,Premium,Active,07-07-2022,,2183843.35,5043919.46
24438822542,889570513018,SBIN044963,Savings,Basic,Closed,10-04-2023,,0.0,0.0
54172824119,889570513018,SBIN044963,Savings,Basic,Active,17-07-2024,,3360083.23,3954509.52
229562339210,410207910606,KKBK099202,Savings,BSBD,Active,29-01-2023,,2168636.75,3078072.27
66129552828,824702463434,SBIN014215,Recurring Deposit,BSBD,Closed,10-07-2024,,0.0,0.0
64607353472,824702463434,SBIN014215,Recurring Deposit,Basic,Active,26-09-2024,,1277980.61,1796851.65
5920411431780,180463207281,CNRB071331,Savings,BSBD,Active,15-10-2023,,4839870.52,7017813.59
39211136782,277984986754,BARB023866,Current,Corporate,Active,14-08-2023,,181955.83,5386392.5
269189805738,921059468218,BKID051541,Savings,Premium,Active,06-02-2021,,1491267.18,4119224.04
54635291323962,756885946506,HDFC090609,Fixed Deposit,Basic,Active,07-05-2023,,758013.5,1517572.38
98405287305708,497662161560,KKBK035527,Savings,Regular,Active,21-12-2023,,1120908.31,1425717.38
3356394420223,497662161560,KKBK035527,Savings,Regular,Active,17-09-2024,,2410852.51,3850900.86
4992698155358471,831387557852,PUNB016923,Savings,BSBD,Frozen,29-10-2023,,0.0,0.0
1708944260566875,831387557852,PUNB016923,Salary,Premium,Active,27-07-2023,,1402286.32,3884439.79
74298567164,782935082684,SBIN046779,Fixed Deposit,Regular,Active,12-02-2022,,10158692.5,17899177.95
80142483439,782935082684,SBIN046779,Fixed Deposit,Corporate,Active,25-04-2024,,11441785.49,5466441.02
109432931426,836756945213,KKBK071911,Savings,Regular,Active,07-05-2021,,2567342.82,4619184.79
36725454664,836756945213,KKBK071911,Fixed Deposit,Regular,Active,22-04-2021,,2645484.06,4076718.2
8718290056681,396170064307,IOBA045540,Current,BSBD,Dormant,16-09-2022,29-07-2023,0.0,2791.91
3456882489524727,616709209271,PUNB091123,Savings,Regular,Active,26-10-2024,,82320.75,1665777.64
3486880899839675,616709209271,PUNB091123,Savings,Premium,Active,07-12-2023,,921974.02,950467.37
491311725347,986126979468,ICIC076901,Savings,BSBD,Active,22-07-2018,,76694.03,915702.19
354439349662,986126979468,ICIC076901,Savings,Regular,Active,10-12-2017,,1764295.52,3742986.54
839294541881,762825547267,IOBA054254,Salary,BSBD,Frozen,13-12-2024,,0.0,0.0
57610403207987,939284985138,HDFC069735,Salary,Regular,Active,29-06-2024,,797849.57,1688483.77
10994334286262,939284985138,HDFC069735,Salary,Regular,Active,08-12-2024,,679842.26,2234183.28
9925793064479,949528569159,CNRB040496,Salary,Premium,Active,22-02-2020,,484025.55,2275999.45
9179298229442,182092757975,UTIB013425,Current,Regular,Active,12-05-2023,,4248858.0,7038427.11
9161120225505,182092757975,UTIB013425,Current,Regular,Active,07-10-2018,,11508139.41,11485275.43
53201196811200,477303524248,HDFC094250,Salary,Premium,Active,30-03-2024,,871779.21,3119427.1
90098872026,307595228379,KKBK098569,Current,Regular,Active,24-10-2022,,740818.96,1813593.25
224959300200,398581166116,CNRB058210,Salary,Basic,Frozen,13-03-2021,,0.0,0.0
741222532475,398581166116,CNRB058210,Savings,Premium,Active,21-05-2023,,2555917.91,7494257.58
4046493805866,131816019757,KKBK047230,Salary,Basic,Active,05-10-2024,,701317.65,2228282.79
1893379033058,131816019757,KKBK047230,Fixed Deposit,BSBD,Active,12-09-2021,,1439719.71,4691077.85
41061095709195,817840220670,BARB097200,Recurring Deposit,BSBD,Active,02-03-2022,,1593999.25,4958560.63
8040755964551272,731334705037,PUNB080434,Savings,BSBD,Active,24-04-2020,,1632691.94,3937459.77
6279441662329491,731334705037,PUNB080434,Savings,BSBD,Active,24-03-2020,,1437000.54,2045944.98
70517262147380,379289467108,CNRB021400,Savings,Premium,Dormant,27-02-2024,25-07-2024,0.0,0.0
80431454661,969422419807,BKID049306,Recurring Deposit,Regular,Active,10-06-2023,,806775.23,3097723.32
40323006570,611325298408,SBIN055790,Salary,Regular,Active,06-03-2022,,1467907.13,3283066.36
53500432224991,410870830425,HDFC026536,Savings,Regular,Active,17-08-2022,,1592670.69,2451013.57
12114282711,381985157825,IOBA034368,Salary,Regular,Active,08-10-2019,,1162719.33,1133608.92
847782543162,381985157825,IOBA034368,Salary,Basic,Active,04-09-2017,,1408880.03,1883408.31
456800827047,245011309340,BKID032446,Savings,Regular,Frozen,05-10-2017,,0.0,0.0
55475388328746,431121062582,BKID077840,Salary,BSBD,Active,03-05-2019,,1415554.92,3365255.05
4802674332310301,571674320742,PUNB075551,Salary,Regular,Active,02-04-2023,,2521790.43,4559384.79
6505968893463,256876779055,KKBK090671,Recurring Deposit,Basic,Active,16-12-2024,,1220784.47,2165420.05
38776124262,256876779055,KKBK090671,Salary,BSBD,Dormant,26-08-2024,04-03-2025,0.0,81149.57
60597123122694,771133762720,HDFC042229,Fixed Deposit,Corporate,Active,24-09-2023,,1677949.09,842843.88
33888599379200,771133762720,HDFC042229,Current,Corporate,Active,11-11-2022,,1247479.61,1688053.79
4619786774772,553798565317,BKID049642,Current,Regular,Active,11-04-2024,,1080652.46,3045394.23
7511586878754,553798565317,BKID049642,Salary,BSBD,Frozen,10-03-2023,,0.0,0.0
57498189747149,888599632993,HDFC055969,Recurring Deposit,Basic,Active,08-06-2023,,1342109.93,2903828.95
32514156653855,888599632993,HDFC055969,Savings,Premium,Active,10-12-2019,,1218097.0,3156143.2
69968092920,505675532780,KKBK040377,Savings,Basic,Active,10-10-2024,,2254168.99,2030354.36
689095697432,505675532780,KKBK040377,Fixed Deposit,Basic,Active,02-09-2023,,977372.81,2320283.28
1515926641874,597357845433,CNRB090653,Savings,Premium,Active,14-07-2023,,1399444.18,1932337.87
633310527977,229213242209,ICIC061565,Current,BSBD,Active,28-07-2022,,826155.71,4145477.62
9134113349051,710748913348,UTIB074151,Salary,Basic,Closed,17-09-2016,,0.0,0.0
9141117280562,710748913348,UTIB074151,Savings,Premium,Active,06-04-2024,,234864.26,1546360.95
4022598756352,950753238390,BKID036964,Savings,Basic,Active,23-08-2020,,1014055.78,678505.18
9213530794961,995479866146,UTIB013255,Savings,BSBD,Active,15-12-2022,,788641.2,1193177.27
9156403513052,995479866146,UTIB013255,Savings,Basic,Active,25-09-2023,,386032.06,1086235.31
97049023793,892258335224,SBIN056676,Current,Basic,Active,19-04-2022,,2141492.38,2111542.58
34534662141602,489164792004,HDFC077476,Current,Regular,Active,28-07-2018,,2463549.67,2121098.67
75741259397,552333033028,BKID024293,Savings,BSBD,Active,15-08-2023,,1990371.85,2277720.66
9262391039505,903551726664,UTIB082911,Savings,Premium,Dormant,17-01-2018,21-05-2021,1730.32,113884.36
28678702053,736516445977,IOBA057701,NRE,Premium,Active,23-09-2023,,372309.22,1445776.24
864735100218,736516445977,IOBA057701,NRO,Premium,Active,29-08-2024,,2017385.79,4523405.64
83932046784141,582093198928,BARB083921,Fixed Deposit,Premium,Frozen,25-01-2023,,0.0,0.0
5082527203660,695267999599,KKBK025494,Current,Corporate,Frozen,15-03-2023,,0.0,0.0
58281788246847,628175179749,CNRB080804,Savings,BSBD,Active,18-02-2023,,287850.78,1249868.77
3370039734611,454572851376,IOBA017883,Savings,Regular,Active,11-07-2021,,1408463.8,2824860.67
407855045230,110031780526,ICIC099897,Fixed Deposit,Corporate,Active,05-09-2016,,562076.1,3966538.73
470984399299,110031780526,ICIC099897,Current,Corporate,Active,24-05-2017,,5550386.4,9426885.32
9813607693546967,792983785291,PUNB049502,Salary,BSBD,Active,17-04-2016,,889655.17,1552561.0
42413137919027,200978235279,HDFC047262,Savings,BSBD,Active,17-05-2024,,1989193.73,3679763.27
83868595882,955760643972,BKID023321,Fixed Deposit,Basic,Active,05-03-2020,,1073040.11,3256573.01
408820679924,955760643972,BKID023321,Savings,BSBD,Active,05-12-2021,,667944.29,3053571.07
56948393746,657181802325,BARB050274,Fixed Deposit,Regular,Active,01-11-2024,,12809516.64,6592142.73
20583136297565,241279697494,CNRB036652,Current,Corporate,Active,28-10-2021,,14735284.07,11732654.4
26998515655,661721020205,SBIN045221,Current,Basic,Active,02-09-2022,,1703137.87,2885413.52
25161937516,661721020205,SBIN045221,Current,Regular,Active,30-01-2023,,1008591.79,2378229.03
200905411723,662273831554,ICIC013026,Fixed Deposit,Regular,Active,30-04-2024,,451470.78,1844186.7
436932428098,119156060806,ICIC011432,Current,Premium,Active,10-03-2017,,333779.01,1288123.36
33101786981317,321828097936,KKBK041137,Savings,Regular,Active,05-11-2023,,436467.45,717995.68
7750666677273,321828097936,KKBK041137,Current,Premium,Active,27-03-2023,,340288.01,2365163.35
661354111393,229712872139,CNRB044782,Savings,BSBD,Active,11-05-2018,,1547091.25,2037165.51
89499473014403,229712872139,CNRB044782,Salary,BSBD,Active,26-06-2020,,382633.85,2493517.58
9117909405292,145218279700,UTIB027003,Current,Corporate,Active,03-10-2023,,9087878.75,7171180.24
9118980025885,145218279700,UTIB027003,Fixed Deposit,Regular,Active,21-05-2024,,1248339.82,10955905.85
35896128585,851982965632,SBIN011710,NRE,Premium,Active,11-05-2024,,750788.67,2548242.82
561002371964,136832233247,BKID085334,Fixed Deposit,Corporate,Active,24-05-2023,,10611158.17,4414411.65
97931309842911,509966460948,HDFC018313,Savings,Premium,Active,04-09-2022,,3490653.45,1214955.33
69205316295,980734406753,SBIN097930,Current,Regular,Active,30-06-2018,,1925525.19,2325093.52
53320103706818,333013565536,BKID071680,Savings,Premium,Active,19-09-2020,,685884.18,3304103.05
11057006531,333013565536,BKID071680,Current,Basic,Active,13-08-2024,,448895.9,1171043.59
3531268892870728,373506668853,PUNB092030,Salary,BSBD,Active,06-07-2020,,6258263.31,7806968.04
5205922007661,529763326023,BKID063676,Fixed Deposit,Basic,Dormant,18-11-2024,08-03-2025,0.0,0.0
511716578070,519839013319,BARB054604,Recurring Deposit,Premium,Active,05-06-2021,,2126068.97,2203589.63
6659390083197,519839013319,BARB054604,Recurring Deposit,Premium,Active,11-04-2022,,891163.26,2167149.33
9291225499987,204441356431,UTIB095760,Salary,BSBD,Active,15-06-2021,,1343358.41,1662282.66
71903051338139,629512886321,HDFC035853,Recurring Deposit,BSBD,Active,05-06-2023,,894178.22,1916842.04
34161457938,135409298099,SBIN025193,Savings,Regular,Active,13-04-2022,,1917451.73,2566768.67
41621127863,135409298099,SBIN025193,Savings,Premium,Active,14-05-2023,,1747607.38,4994903.11
34944465868,241203292323,SBIN020075,Salary,Basic,Active,20-11-2017,,806674.78,1332918.96
51163293493,891498842960,IOBA067026,Savings,BSBD,Active,18-09-2024,,459681.92,1558429.03
796358203422,891498842960,IOBA067026,Savings,Premium,Active,15-10-2024,,1173200.26,2168023.81
88242284008,615867307718,SBIN014761,Savings,BSBD,Active,21-10-2023,,994238.52,3209301.1
366476422204,151580261750,BARB014279,Salary,Premium,Active,31-01-2024,,1253337.3,5341828.78
292845848842,630495409916,ICIC067679,Savings,Premium,Active,26-07-2017,,1624145.08,2534918.99
9255877325464,870902489799,UTIB043120,Current,Corporate,Active,11-06-2023,,1339785.41,4373846.61
9195094416688,870902489799,UTIB043120,Fixed Deposit,Corporate,Active,26-01-2024,,2687743.58,1476615.89
25239600111,461046387878,CNRB026472,Fixed Deposit,Regular,Active,16-04-2016,,483731.23,2369551.05
51302398169,349223326766,SBIN047295,Salary,BSBD,Active,23-10-2019,,305716.84,1719328.53
36841326190,349223326766,SBIN047295,Savings,Basic,Active,03-03-2022,,1372246.86,7604365.11
58293668600659,608204114627,HDFC027161,Current,Corporate,Active,27-11-2024,,249192.82,3569881.0
55352582469269,444722836643,BARB049888,Savings,Premium,Active,30-12-2018,,1527308.54,2840044.24
58741072652,444722836643,BARB049888,Savings,BSBD,Active,04-01-2024,,1452374.28,1502017.3
95623770304703,476270973537,HDFC086102,Savings,Premium,Active,04-05-2022,,2427461.72,2647892.88
6434967185122563,386962366796,PUNB049557,Savings,BSBD,Active,20-04-2017,,603089.81,524318.46
9183429659854,455309312712,UTIB018817,Savings,Basic,Active,17-04-2024,,647676.47,3041814.7
195368021600,803061631039,IOBA048332,Salary,Basic,Active,27-06-2023,,1819088.48,2268305.35
50037033249274,836082381620,HDFC047102,Savings,BSBD,Active,05-12-2023,,1051415.0,725987.98
63890824141733,836082381620,HDFC047102,Salary,Regular,Active,07-05-2019,,3246624.63,2418449.19
24331030568296,743650621790,BARB080248,Fixed Deposit,Regular,Active,06-03-2022,,820929.63,6675936.19
787412088216,567075834443,ICIC055262,Current,Corporate,Active,23-08-2023,,638657.03,4963699.71
9270164704562,491251226969,UTIB024800,Savings,Basic,Active,24-12-2024,,307721.32,2976789.29
9172717787926,543476867703,BKID066477,Salary,Basic,Active,21-03-2023,,670880.82,1457673.69
99583100104,543476867703,BKID066477,Savings,Regular,Active,01-10-2024,,2032624.92,3775062.87
622224794220,459601492545,BKID020724,Savings,Basic,Active,05-01-2024,,1562022.9,3097148.03
9358377927728,613435856196,BKID024852,Current,Basic,Active,08-02-2024,,612827.06,4120141.38
9485734635142,613435856196,BKID024852,Savings,Regular,Active,21-07-2023,,769551.86,1570746.35
108379980058,225463681473,BKID027843,Savings,Basic,Active,22-12-2024,,1322641.78,2682086.68
162495276485,225463681473,BKID027843,Fixed Deposit,Basic,Active,06-08-2019,,1241966.14,2712950.51
56080897977645,657611856823,BARB094682,Savings,Regular,Active,06-02-2024,,2024998.75,3314878.87
601882035098,418774746940,ICIC060938,Salary,BSBD,Active,02-04-2024,,1668720.65,2581721.16
399154248222,418774746940,ICIC060938,Salary,Regular,Active,21-08-2023,,3661524.31,4665480.19
883093391678,318970519533,CNRB030007,NRO,Premium,Active,11-07-2021,,3015893.85,2600094.41
164105349477,318970519533,CNRB030007,NRO,Regular,Active,29-02-2024,,2010523.15,2295250.56
6551300531094,875654606447,IOBA049699,Fixed Deposit,Corporate,Active,01-02-2024,,129263.73,2143501.39
22972131216,540273707754,KKBK038554,Current,Regular,Active,05-07-2018,,2548274.15,2691490.33
75208414207861,540273707754,KKBK038554,Salary,Basic,Active,26-03-2017,,1673162.76,2606349.09
430853675704,674892568663,KKBK021021,Savings,Basic,Active,11-03-2024,,516354.87,2485591.12
7855642148287,674892568663,KKBK021021,Savings,Regular,Dormant,09-05-2024,20-11-2024,73226.96,0.0
3230016508196247,326019483869,PUNB051013,Fixed Deposit,Basic,Active,30-05-2023,,3603742.08,4478008.99
240307673720,137152303372,IOBA042017,Savings,BSBD,Active,06-02-2018,,1894556.34,4942952.63
70619604859059,137152303372,IOBA042017,Savings,Premium,Active,21-12-2018,,1511135.27,4504255.47
7556836119601,835928981411,BARB098436,Current,Corporate,Frozen,01-10-2024,,0.0,0.0
50325033533235,835928981411,BARB098436,Current,Corporate,Active,30-12-2024,,27341.53,2495138.75
53866943826,486713920292,KKBK087426,Salary,Basic,Active,10-10-2019,,813558.52,4200325.57
685216138923,828704549845,ICIC048940,Savings,BSBD,Active,15-02-2022,,447500.02,1793646.32
333899197932,828704549845,ICIC048940,Salary,Regular,Active,17-03-2020,,2891065.63,3008411.35
9208139819330,234407327865,UTIB026978,Salary,Premium,Active,03-03-2023,,329865.19,974611.93
5230289696391,959673835002,BARB023985,Savings,Premium,Active,19-07-2021,,2137526.6,6079856.07
41995989786331,275673857160,HDFC063013,Salary,Premium,Active,14-11-2022,,3880165.56,4349362.3
59710032354200,275673857160,HDFC063013,Fixed Deposit,Regular,Active,27-02-2021,,270368.78,1729135.6
88035040279,805326196611,SBIN011503,Current,Regular,Active,28-07-2022,,613933.05,2361248.02
3684366491363,956562969001,BKID062622,Savings,Regular,Active,09-09-2024,,187055.67,682291.06
81979755808,956562969001,BKID062622,Savings,Premium,Active,07-12-2023,,2326815.99,3213440.59
9211280269715,297190678643,UTIB014179,Savings,Basic,Active,03-11-2022,,18086868.02,16636312.17
9287576866790,297190678643,UTIB014179,Savings,BSBD,Active,17-09-2024,,1838634.99,5871966.33
2946989324069,237709173874,CNRB077823,Salary,Basic,Dormant,08-11-2024,12-01-2025,0.0,10769.55
58492740955,237709173874,CNRB077823,Fixed Deposit,Basic,Active,25-12-2024,,2388451.29,2771201.23
91394039089,130079195114,KKBK032435,Fixed Deposit,Regular,Active,10-04-2024,,286211.19,4349177.61
9158659122326,524788805535,BARB097010,Current,Corporate,Active,10-09-2024,,9785927.53,10435659.5
624861018408,524788805535,BARB097010,Fixed Deposit,Regular,Active,25-07-2024,,515567.63,903509.73
9117546541519,209939037988,UTIB096266,Fixed Deposit,Corporate,Active,08-08-2020,,3631640.51,2175360.52
38101664516,317827708370,IOBA036173,Salary,BSBD,Active,07-09-2023,,558181.6,2894892.79
9930530016585,317827708370,IOBA036173,Salary,Regular,Active,04-07-2024,,1240392.1,2670644.82
1583734172447928,189903418942,PUNB077705,Current,Premium,Active,14-08-2023,,406437.02,1539073.0
8778128128832802,189903418942,PUNB077705,Savings,Basic,Active,06-12-2021,,1329942.09,2778630.89
91559122576868,271662753200,BKID069973,Savings,Basic,Active,03-05-2024,,664969.02,2807248.78
940786678844,634378734167,ICIC099640,Savings,Regular,Dormant,31-12-2019,26-11-2022,0.0,89446.68
470103489383,634378734167,ICIC099640,Savings,Basic,Active,01-10-2021,,583819.57,826415.05
7870369556575163,808119477060,PUNB036979,Savings,Regular,Active,26-08-2024,,1462800.39,2888201.88
3966135101696970,808119477060,PUNB036979,Salary,Regular,Active,13-04-2024,,1108238.08,2076576.98
165567252085,253974089324,IOBA021810,Current,Basic,Active,03-01-2019,,2482462.06,3755863.83
3893849433981,253974089324,IOBA021810,Savings,Regular,Active,03-09-2023,,1633273.08,3689059.53
19328338509958,829745494536,HDFC083543,Savings,BSBD,Active,27-01-2024,,89028.83,714876.83
87040132424663,829745494536,HDFC083543,Fixed Deposit,Basic,Active,28-09-2018,,1891503.93,1445154.88
69277122593218,380936992168,HDFC021416,Salary,Premium,Active,23-12-2018,,1365282.63,1944772.04
35956944847932,380936992168,HDFC021416,Salary,Basic,Active,28-05-2019,,471099.2,1615030.31
57540512890,184623192709,BKID092694,Current,Regular,Active,12-11-2018,,2657235.07,3091233.42
78448642926,564734089739,KKBK011053,Current,BSBD,Active,02-08-2019,,709584.34,1162290.51
88543312123,181425257728,BARB086987,NRO,Regular,Active,05-06-2023,,1649769.64,1678691.71
1873066657044,181425257728,BARB086987,Savings,Regular,Active,18-10-2020,,88434.36,590436.12
5086218016221,945308404656,IOBA053626,Salary,Regular,Frozen,29-11-2024,,0.0,0.0
845034826727,372008039461,BARB078358,Current,Regular,Dormant,22-12-2024,14-03-2025,60119.63,21335.35
2723339450141,372008039461,BARB078358,Current,Premium,Active,08-06-2023,,1042566.64,3185191.79
51621449049,628797601906,KKBK097370,Fixed Deposit,Corporate,Active,30-03-2024,,6486506.93,4561737.12
1539916671632423,120715599891,PUNB070120,Savings,BSBD,Active,05-07-2022,,8316443.91,7762597.19
8305523842620856,120715599891,PUNB070120,Savings,Regular,Active,14-01-2024,,4343875.06,6477707.1
31056853325211,274389949882,CNRB047454,Fixed Deposit,Corporate,Active,10-11-2015,,6401983.13,15313899.18
52220689035,274389949882,CNRB047454,Current,Regular,Active,26-08-2020,,999586.3,1075998.41
3913549441504463,115245407422,PUNB057214,Fixed Deposit,Basic,Active,10-07-2024,,1780618.77,3796486.04
5236197277802379,115245407422,PUNB057214,Savings,Regular,Dormant,10-01-2024,28-10-2024,0.0,0.0
9229587566385,348830675418,UTIB082083,Savings,Premium,Active,07-04-2024,,2002871.47,1088719.33
9125171034397,348830675418,UTIB082083,Fixed Deposit,Premium,Active,10-02-2018,,5806708.96,4058127.77
2057279981391064,783568812616,PUNB043578,Savings,Premium,Active,25-04-2023,,808178.24,3175649.61
1485407935366531,783568812616,PUNB043578,Savings,BSBD,Active,03-04-2023,,3931851.02,5192870.8
35972313918,477144606884,BKID089534,Fixed Deposit,Corporate,Frozen,18-12-2021,,0.0,0.0
40858378700,127506642741,CNRB044163,NRO,Premium,Active,24-03-2021,,1839951.68,5635578.31
2772215304132,292362841830,BARB096183,Savings,BSBD,Active,05-08-2019,,1533007.89,2948554.2
84156000863,292362841830,BARB096183,Salary,BSBD,Active,21-08-2016,,1153231.39,1932490.32
10050779288,846988813442,BKID023603,Savings,Basic,Active,17-09-2022,,3156531.47,3168930.3
66911386122120,846988813442,BKID023603,Savings,BSBD,Active,04-08-2023,,6397892.46,5514956.84
134889570897,434542424825,ICIC083141,Salary,Regular,Active,29-07-2023,,3051747.75,4170736.02
70371094424,105646123202,CNRB037609,Fixed Deposit,BSBD,Active,02-05-2024,,2098068.56,788786.08
9188263179873,585390607891,UTIB068847,Salary,Premium,Active,02-12-2024,,1931470.16,2930203.53
3947518663761,537701384435,BARB054935,Savings,Premium,Active,20-08-2024,,560836.98,3082583.52
72298627550,777442489712,SBIN016213,Recurring Deposit,BSBD,Dormant,29-04-2024,09-03-2025,6184.09,161037.77
41670031320,777442489712,SBIN016213,Salary,Basic,Active,22-04-2024,,211708.3,1054835.03
9140613728341,441009032217,UTIB010068,Current,Premium,Active,10-05-2022,,949341.5,2397323.83
807868370299,191652478350,ICIC073404,Current,Corporate,Active,14-03-2024,,4319893.0,5027079.55
9158183653701,856737135253,UTIB081120,Recurring Deposit,Premium,Active,24-12-2023,,764540.29,1697637.7
9163716596995,856737135253,UTIB081120,Savings,Regular,Active,04-11-2021,,1600133.2,2409731.07
13710682747771,220266943984,HDFC097255,Fixed Deposit,BSBD,Active,17-10-2023,,1974323.01,961437.23
21401826441088,220266943984,HDFC097255,Fixed Deposit,BSBD,Active,15-01-2024,,634771.09,3270124.38
4900422251575,735495654328,BARB079611,Salary,BSBD,Active,03-02-2021,,2091979.37,4677728.6
70994757403,735495654328,BARB079611,Fixed Deposit,Basic,Active,12-11-2020,,882446.47,2163843.35
35673639415814,796390792134,IOBA027579,Salary,Regular,Active,02-06-2017,,2130925.03,3278368.38
93668933303,501303864684,KKBK042983,Savings,Regular,Active,26-04-2024,,2560881.4,2804453.09
13869547320,675927340517,IOBA067292,Current,Basic,Active,24-08-2024,,1736638.51,1723049.0
95513280400944,675927340517,IOBA067292,Savings,BSBD,Active,08-11-2024,,1102423.14,2540274.64
185472452558,313260982179,ICIC097562,Fixed Deposit,Basic,Active,19-12-2023,,3339375.87,3601746.65
6711927238204142,836953332241,PUNB084270,Salary,BSBD,Active,23-04-2023,,905471.01,2639829.46
66567412666964,610909317030,BKID069884,Current,Corporate,Active,23-12-2022,,8802918.23,3063803.31
9209547058388,664568411357,UTIB018411,Savings,BSBD,Active,30-06-2021,,1357084.6,2074980.23
9157575450391,664568411357,UTIB018411,Savings,Regular,Active,20-11-2020,,4084024.17,5016581.85
928836310374,663052375282,ICIC048471,Salary,Premium,Active,15-12-2024,,9424.11,1856907.19
972733635270,663052375282,ICIC048471,Savings,Premium,Active,24-06-2021,,639211.03,2255391.89
36183095360461,905391842557,HDFC029082,Current,Corporate,Active,28-11-2024,,1065982.23,10942218.35
55739398430,412031134378,CNRB011880,Salary,Basic,Active,25-05-2017,,1723926.05,2602132.15
8493292121782,412031134378,CNRB011880,Savings,Basic,Active,29-09-2024,,1003488.21,2428381.92
26738180280293,297751570723,BARB035073,Savings,Premium,Active,09-09-2018,,1144953.84,1854890.38
582066133205,297751570723,BARB035073,Savings,BSBD,Active,25-09-2023,,642396.17,2033167.09
717701931175,122558756512,CNRB058109,Savings,Premium,Active,23-08-2020,,303968.33,1881046.42
99904745815,122558756512,CNRB058109,Salary,BSBD,Active,30-11-2024,,1314574.48,1366128.83
4643926066471145,183512138351,PUNB050598,Savings,Premium,Active,29-04-2022,,1816499.6,2778914.34
71010828254533,101508166988,BKID091539,Salary,Basic,Active,03-09-2020,,3524802.74,4917454.82
44297950858,101508166988,BKID091539,Salary,Basic,Active,17-06-2022,,3783946.46,4756926.04
36294118862,974064808897,SBIN046714,Savings,Basic,Active,21-04-2024,,615988.57,983594.86
40068797601,974064808897,SBIN046714,Savings,Premium,Active,23-10-2019,,3262552.01,4337740.1
9775026646461831,597426232073,PUNB045813,Salary,Basic,Active,19-01-2023,,1106915.4,5032689.9
6961722611655727,597426232073,PUNB045813,Savings,Regular,Active,28-04-2022,,1932415.96,4228032.15
83171142954178,723235730698,BKID083223,Savings,Regular,Active,10-12-2022,,788118.7,7126748.37
809125953700,468933825154,BKID050533,Fixed Deposit,Corporate,Active,16-09-2020,,5071736.54,5922296.13
988511587371,468933825154,BKID050533,Fixed Deposit,Corporate,Active,26-12-2021,,498808.13,2680101.59
595987332624,685586192111,BARB038738,Savings,BSBD,Active,13-09-2024,,1752875.68,1139977.69
33957772785494,685586192111,BARB038738,Salary,Basic,Active,28-10-2024,,880914.9,3404787.69
9193899250543,200312282964,UTIB078482,Savings,Regular,Active,14-02-2024,,3353317.51,5674409.77
31766892180303,146452191379,KKBK047691,Fixed Deposit,Regular,Active,15-04-2021,,7448921.81,6411244.0
2855680450719,146452191379,KKBK047691,Fixed Deposit,Corporate,Active,17-02-2022,,12275796.41,15080819.72
24292971531,160470545685,SBIN059551,Current,Regular,Active,31-07-2024,,1257645.84,6479625.67
9228219461473,380806995702,UTIB036147,Savings,BSBD,Active,09-05-2019,,900614.96,3265471.79
9170011128114,923110330104,UTIB035355,Recurring Deposit,Regular,Active,02-08-2022,,252290.22,322371.15
9267109785480,923110330104,UTIB035355,Savings,Basic,Active,16-10-2018,,1207901.59,1776842.35
427302434105,398332603137,ICIC057245,Recurring Deposit,Basic,Active,27-02-2022,,1139198.42,3177487.32
1715805611171,191707620635,IOBA056159,Fixed Deposit,Corporate,Active,06-03-2021,,351326.2,1136543.13
12201797958,467047622375,SBIN049210,Salary,Regular,Active,26-07-2024,,1681858.72,2475020.34
293810694332,289479672137,BKID083288,Savings,Regular,Active,23-02-2023,,2793551.78,2568624.0
93663010317,289479672137,BKID083288,Savings,Regular,Active,26-05-2023,,2220387.75,1805448.26
8867697674982505,842580095752,PUNB065015,Salary,Premium,Active,18-04-2020,,1306488.81,2966180.35
3929584016970665,842580095752,PUNB065015,Savings,Premium,Active,24-07-2021,,846482.61,1569364.83
86095709700087,623101505288,KKBK049558,Recurring Deposit,Premium,Active,15-03-2015,,2617799.19,5697162.62
549102156966,623101505288,KKBK049558,Savings,Regular,Active,25-03-2019,,1985911.11,1966527.68
89220152747511,655558226515,HDFC097413,Savings,Basic,Active,19-06-2019,,2843301.78,2044194.68
72147439617356,655558226515,HDFC097413,Fixed Deposit,BSBD,Active,20-01-2024,,1601124.62,3423778.7
9276339861728,597191117776,UTIB046005,Savings,BSBD,Active,26-09-2023,,2168056.87,2735533.95
9235432201690,597191117776,UTIB046005,Savings,Basic,Closed,09-03-2023,,0.0,0.0
164634747293,431128803410,ICIC042776,Savings,BSBD,Active,08-06-2020,,1770861.92,3527878.42
984646965381,431128803410,ICIC042776,Current,BSBD,Active,17-08-2023,,1329501.59,2799599.4
73620896595601,486379056823,HDFC073930,Savings,Basic,Active,18-07-2023,,771404.62,621808.99
651299297396,524694232727,ICIC047250,Savings,BSBD,Active,20-11-2019,,475506.63,1042922.05
664398127336,353005451410,ICIC014157,Fixed Deposit,Corporate,Closed,17-04-2022,,0.0,0.0
30196637337510,610395275127,BKID093414,Fixed Deposit,Regular,Active,21-03-2021,,1547454.5,3858596.93
8653041077855,995889706522,IOBA026885,Current,Corporate,Active,19-01-2015,,15592903.19,5994957.9
1702524392155,995889706522,IOBA026885,Current,Corporate,Active,15-01-2022,,13067465.02,4822268.57
71458176392225,315878916017,BKID093484,Savings,Basic,Active,29-09-2024,,2890204.62,4733607.26
2472146762074,828902428647,BKID029416,Savings,Basic,Active,28-04-2024,,1867800.98,4041202.68
72870938394324,828902428647,BKID029416,Savings,Regular,Active,01-03-2024,,1184845.06,2113853.53
81070951388,856239239980,CNRB027922,Savings,BSBD,Closed,18-02-2024,,0.0,0.0
74078810174279,921974910922,HDFC062578,Savings,BSBD,Active,07-01-2017,,779703.33,4318114.68
7434543259883020,700869813587,PUNB088988,Fixed Deposit,Corporate,Active,20-06-2015,,3618340.12,2311908.58
9206402921375251,700869813587,PUNB088988,Fixed Deposit,Corporate,Closed,20-05-2018,,0.0,0.0
9267462615912,129677892206,UTIB063275,Savings,Regular,Active,19-07-2022,,725128.53,1406063.76
9239902724968,129677892206,UTIB063275,Savings,Basic,Active,13-12-2023,,1000599.59,2658282.52
28929633963,212154426340,SBIN060697,Salary,Regular,Active,23-11-2020,,899726.16,2116999.75
60508092347,914645277914,SBIN035833,Current,Premium,Active,14-12-2024,,2205105.65,1883076.69
39903244110,914645277914,SBIN035833,Current,BSBD,Active,06-10-2024,,383078.59,1603505.05
494699413611,281143971158,CNRB024556,Savings,Regular,Active,13-01-2022,,1349112.76,3370379.39
71960506059274,143805074405,HDFC047477,Fixed Deposit,Basic,Active,25-10-2021,,629852.94,4485371.22
37254178949823,541134907137,BARB087180,Savings,Regular,Active,18-06-2020,,4471527.44,5482870.52
6305829180253,399600365875,KKBK080475,Recurring Deposit,Premium,Active,23-11-2020,,2296577.79,4007728.57
707595601846,730344448233,ICIC039364,Savings,Basic,Active,19-12-2024,,335100.39,2054016.39
356907347428,891976214241,BARB051912,Savings,BSBD,Active,16-09-2018,,5136164.41,4806073.96
63723953377025,341490893861,HDFC062562,Current,Basic,Active,26-08-2023,,1165064.05,1716249.52
81565268254836,256982694146,HDFC079026,Current,Premium,Active,29-09-2024,,1143294.39,2558935.07
20022204393456,256982694146,HDFC079026,Salary,Premium,Active,10-06-2024,,4724342.91,6563610.44
244575116932,725899758651,ICIC086103,Fixed Deposit,Regular,Active,25-05-2023,,1380341.7,1695834.53
69505136877,512661668692,CNRB081477,Savings,Basic,Active,16-06-2024,,806952.74,1041737.11
7482640205313,430438377737,BARB078626,NRE,Regular,Active,28-09-2022,,1000419.44,2421521.29
1312753675801,796740690516,CNRB080240,Current,Regular,Active,25-10-2024,,592146.08,5335331.97
154827103151,796740690516,CNRB080240,Savings,Premium,Active,20-05-2024,,1701245.5,3157868.18
7976583328853,244789978970,BKID078770,Savings,Regular,Active,26-01-2024,,1222596.51,4263649.58
787477231366,244789978970,BKID078770,Recurring Deposit,Premium,Frozen,13-10-2021,,0.0,0.0
9292859825844,252115111164,UTIB023497,Fixed Deposit,Corporate,Active,06-08-2022,,2547687.58,10993198.42
9183812328132,228065435646,UTIB094545,Current,BSBD,Active,31-01-2022,,920006.35,2672937.26
88513224481539,976922614131,HDFC011392,Savings,BSBD,Active,29-11-2024,,2022451.48,2065261.95
52716105193702,976922614131,HDFC011392,Current,Regular,Active,21-09-2022,,769167.21,2373818.65
19540312633438,331563758802,BARB040753,Savings,Basic,Active,27-07-2019,,618403.2,1184082.66
441794048897,331563758802,BARB040753,Salary,Premium,Active,19-12-2024,,1602561.22,2706140.44
756784996684,404155503221,ICIC060448,Current,Corporate,Dormant,16-11-2024,20-12-2024,0.0,0.0
397938342480,404155503221,ICIC060448,Current,Corporate,Active,03-05-2024,,9240929.82,9462034.49
9165456123993,180530357379,UTIB061251,Current,Regular,Active,02-03-2023,,1325533.61,3965315.07
5834745233158,880080167967,BARB094338,Savings,Basic,Active,08-10-2021,,1903127.73,3363786.47
959152791178,560481960676,BARB027256,Fixed Deposit,BSBD,Active,17-05-2023,,261459.22,3058779.44
38291200604,210742978938,CNRB048928,Salary,Premium,Active,26-03-2021,,1082366.3,2230494.15
11445985014,856702910551,SBIN075914,Current,BSBD,Active,28-10-2020,,1277117.39,3802069.32
87393765890,298643310540,BKID072079,Fixed Deposit,Regular,Active,24-12-2024,,618148.86,5248397.84
25165246427,298643310540,BKID072079,Fixed Deposit,Regular,Active,21-08-2024,,4643084.3,6384200.81
7842260119864,619470034239,IOBA023359,Savings,Basic,Active,27-02-2021,,3858604.88,3997464.81
8406262650721,619470034239,IOBA023359,Savings,Regular,Dormant,23-02-2021,14-09-2022,0.0,0.0
7639114485576409,103097595496,PUNB034624,Current,BSBD,Active,20-12-2021,,213309.56,823161.67
9259632461943,737126612054,UTIB090395,Savings,Premium,Active,19-03-2024,,285352.63,2529471.33
9298911645720,737126612054,UTIB090395,Savings,Premium,Active,24-03-2024,,1991409.1,1517169.29
7874257259471118,574673851873,PUNB030439,Recurring Deposit,Regular,Active,16-01-2024,,1758648.07,2717986.1
4506587635546468,574673851873,PUNB030439,Salary,BSBD,Active,01-04-2021,,1861146.0,3258879.16
864442754070,749130073850,IOBA047549,Fixed Deposit,Regular,Active,19-06-2016,,7205843.51,14881456.28
99129019224,164008673889,IOBA069966,Salary,Premium,Active,16-02-2023,,1564552.63,2857884.5
52178402836223,164008673889,IOBA069966,Current,Regular,Active,05-07-2022,,1423191.14,2877283.68
2928612544583692,565256094976,PUNB058001,Salary,Regular,Active,16-02-2022,,1310070.33,1593781.98
82666033266,815959463973,KKBK017971,Recurring Deposit,Basic,Active,03-05-2022,,868123.77,2288497.51
469076238889,815959463973,KKBK017971,Salary,Basic,Dormant,21-01-2023,03-03-2023,3348.7,144410.14
8262509476371506,263013780613,PUNB016516,Salary,Premium,Active,16-11-2024,,1885951.97,4376050.63
9191625978230,969612059850,UTIB048894,Savings,Basic,Active,14-07-2022,,1749996.44,3418343.26
845149628373,991452273336,ICIC072661,NRE,Regular,Active,27-09-2024,,1646532.03,4588525.02
147659933452,991452273336,ICIC072661,NRE,Premium,Active,17-11-2021,,2361651.48,2891250.58
842248437591,540600916488,ICIC033576,Salary,Basic,Active,12-11-2019,,1935014.11,4225048.71
429093595905,987025866644,KKBK031524,Savings,Basic,Active,21-12-2021,,2787549.85,6876112.48
59043666795,987025866644,KKBK031524,Salary,Premium,Active,20-11-2021,,1507333.71,2279947.81
287787910185,133654765951,ICIC046269,Savings,BSBD,Active,28-02-2024,,516629.32,1890946.56
635089208367,133654765951,ICIC046269,Savings,Basic,Active,14-07-2023,,3068236.35,4948933.35
96303469280,560940172172,SBIN072392,Savings,Regular,Active,09-10-2020,,367885.49,824514.72
25156338256,560940172172,SBIN072392,Salary,Premium,Active,18-07-2024,,883003.29,2141012.39
68486640347208,211263909396,BKID020791,Savings,Regular,Active,26-09-2019,,342761.9,2012458.38
7225786217181564,752040197193,PUNB048559,Savings,Basic,Active,07-10-2024,,152184.52,618996.98
517116422821,968041745007,ICIC031435,Savings,Premium,Active,21-09-2024,,568956.91,762307.29
116290931387,968041745007,ICIC031435,Savings,Regular,Dormant,22-06-2024,12-09-2024,188041.49,15699.24
659892370282,839008240364,BARB067366,Fixed Deposit,Premium,Active,06-07-2024,,144745.26,3029327.68
995826559051,361296845349,IOBA074864,Salary,BSBD,Active,23-10-2021,,2161064.63,2699648.2
769654665163,361296845349,IOBA074864,Savings,Basic,Active,28-09-2023,,359300.73,1043727.18
3434945922081,753815906182,CNRB030786,Recurring Deposit,BSBD,Active,05-04-2024,,775233.88,1532521.61
62822553885,883468211857,BARB074158,Current,Regular,Active,16-06-2023,,2970630.73,9363480.85
12653480434064,883468211857,BARB074158,Current,Regular,Active,20-12-2015,,253749.01,1650329.46
153540758943,597708420512,ICIC033542,Current,Premium,Active,13-10-2023,,2912176.05,3162838.62
4978845064265,747442374079,BKID090418,Current,Basic,Active,03-10-2022,,567032.16,1679910.76
788942388359,747442374079,BKID090418,Salary,Premium,Active,25-12-2024,,759669.79,2171785.53
357046099636,551502284422,ICIC011243,Fixed Deposit,Regular,Active,29-03-2022,,1137085.79,1767816.1
371157237791,551502284422,ICIC011243,Fixed Deposit,Regular,Active,12-08-2019,,11306826.27,14818535.84
4286149815365208,287355889602,PUNB058093,Current,Regular,Active,19-01-2024,,1610283.71,2844093.05
8259205961431596,287355889602,PUNB058093,Salary,Regular,Active,23-12-2023,,999090.87,802892.59
316027197474,580653437281,KKBK024238,Current,Basic,Active,30-05-2023,,1265136.72,3180173.93
63488382799443,598727285811,IOBA084658,Savings,Basic,Active,14-09-2024,,897297.5,801745.55
89281394570602,418011529941,BARB043114,Savings,Premium,Active,20-05-2022,,1898628.25,2289414.05
8721109041907,263810890518,KKBK092816,Savings,Premium,Active,21-09-2019,,3710137.85,10063413.55
7187528998295,263810890518,KKBK092816,Recurring Deposit,Regular,Dormant,12-07-2019,12-09-2023,295.89,0.0
83270983001,506393651896,SBIN065857,Recurring Deposit,Premium,Active,24-08-2024,,1566969.87,2106955.09
39202555637,506393651896,SBIN065857,Current,BSBD,Active,19-07-2024,,501534.14,2228473.8
3894771203673,214615570818,BKID026223,Savings,BSBD,Active,16-09-2024,,428568.61,1911118.96
58682514916447,214615570818,BKID026223,Savings,Regular,Active,13-12-2023,,935472.13,2638487.32
94180300762777,419294974231,BKID052644,Recurring Deposit,Regular,Active,06-04-2022,,1549822.44,2131489.06
35367531463991,339025817186,IOBA067274,Current,BSBD,Active,26-03-2023,,966825.27,1372643.96
34553420496540,776335666727,HDFC087187,Salary,Regular,Dormant,11-05-2016,08-04-2022,3263.98,0.0
3640016923414,147068103454,BKID037288,Fixed Deposit,Regular,Active,23-07-2018,,1571944.71,1376755.53
768538692541,147068103454,BKID037288,Salary,Basic,Active,29-05-2018,,1014953.0,1221383.72
9202297638158,244406184240,UTIB044492,Current,BSBD,Frozen,30-05-2024,,0.0,0.0
5201548696170,603707833917,BARB040663,Savings,Basic,Active,13-06-2021,,424220.83,1020142.02
3059504354704,603707833917,BARB040663,Savings,Regular,Active,09-12-2021,,1690698.72,2579984.9
72846668614800,191099687291,HDFC023097,Salary,BSBD,Active,07-11-2023,,2246403.86,4872042.19
9124633486032,375370636760,BKID027002,Salary,Basic,Active,21-08-2021,,2635475.24,1992673.91
9265765626823,825435885857,UTIB096866,Salary,Regular,Active,09-09-2021,,218181.89,2304736.43
6832035359174781,579688289050,PUNB014357,Fixed Deposit,Basic,Active,12-01-2023,,2886420.74,5144569.95
2589161291230108,579688289050,PUNB014357,Salary,Regular,Active,30-04-2023,,1530586.48,2143810.9
4493046014263,739345885956,KKBK017114,Savings,Basic,Active,15-10-2023,,1571785.88,882851.9
94429626560292,739345885956,KKBK017114,Savings,Premium,Active,23-10-2023,,2423152.25,2775619.41
50073067221672,151853806669,BKID026970,Fixed Deposit,Corporate,Active,07-09-2022,,6813418.37,5991459.13
46335724381543,151853806669,BKID026970,Current,Regular,Active,28-05-2020,,7145829.5,4271273.7
1571698803040598,185483963966,PUNB064723,Current,Corporate,Active,06-11-2024,,4441650.72,1585016.88
4537323916842074,185483963966,PUNB064723,Fixed Deposit,Regular,Active,04-05-2023,,3206772.27,396940.83
70498692374,151897434469,IOBA076601,Salary,BSBD,Active,02-05-2023,,3586367.07,4965276.19
7069479343606,151897434469,IOBA076601,Fixed Deposit,Premium,Active,27-09-2022,,1739981.6,1542919.77
784382625392,124370341202,ICIC075057,Savings,Premium,Active,09-04-2016,,370944.68,279575.0
94513398140150,188492671787,BKID085905,Current,Basic,Active,21-04-2023,,1659508.2,2711460.48
318186220283,188492671787,BKID085905,Salary,Premium,Active,10-05-2024,,373346.56,2286091.75
24011632949551,681606309589,HDFC031547,Recurring Deposit,BSBD,Active,25-08-2023,,2303366.86,2117155.34
56004579992096,681606309589,HDFC031547,Savings,Regular,Active,09-07-2024,,912211.13,2108792.31
361747623139,506457495379,BARB014741,Recurring Deposit,Regular,Active,05-11-2024,,1492047.69,2618199.93
68840318835,655849467613,CNRB044692,Salary,Basic,Active,17-07-2022,,2940170.98,2981801.74
8381645834828976,479594364076,PUNB022377,Fixed Deposit,BSBD,Active,13-12-2020,,977970.53,2023440.82
694634293668,609344363772,CNRB031619,Fixed Deposit,Regular,Active,12-02-2022,,2084358.91,3367433.68
9355406252324,609344363772,CNRB031619,Fixed Deposit,Regular,Active,22-10-2024,,4009400.61,4937875.39
6917262435426,998809207139,IOBA097220,Salary,Basic,Active,16-11-2021,,887752.01,2847112.96
636448712401,998809207139,IOBA097220,Current,Basic,Active,19-12-2022,,1406141.68,1942144.1
69652979088951,369770085364,BARB010053,Fixed Deposit,Premium,Active,15-09-2024,,622971.5,1755130.09
3122848404284,369770085364,BARB010053,Savings,Basic,Active,27-12-2023,,2253095.3,4219347.06
420759749878,570522050065,KKBK069150,Salary,Premium,Active,18-10-2020,,4706378.64,5995390.8
16580816144,570522050065,KKBK069150,Current,BSBD,Active,13-11-2022,,1556287.17,4507699.03
82363154027,721630442523,IOBA092550,Current,Regular,Dormant,06-05-2023,15-07-2023,0.0,56094.12
773432474863,570993250146,ICIC033875,Fixed Deposit,Regular,Closed,03-06-2018,,0.0,0.0
1059655639137272,255161570630,PUNB020630,Fixed Deposit,Regular,Active,07-08-2018,,1240002.58,2152631.08
9059255806196484,255161570630,PUNB020630,Savings,Premium,Active,21-09-2020,,1008674.05,2000415.46
8152948426002471,499400617231,PUNB094739,Salary,Premium,Active,17-12-2019,,1774928.99,2693757.83
1053963823393356,499400617231,PUNB094739,Savings,Premium,Active,04-06-2021,,259451.74,711969.59
841942407165,158794288334,CNRB029392,Salary,Basic,Active,03-07-2023,,1425045.6,4280035.53
53759553569,158794288334,CNRB029392,Current,Basic,Active,16-09-2023,,2340227.23,2887583.57
9258469871174,767389058725,UTIB037906,Savings,Basic,Active,21-03-2024,,1948705.29,4013546.07
748447851385,319341574827,ICIC075385,Salary,Basic,Active,01-05-2023,,882068.13,3406928.98
412123876027,319341574827,ICIC075385,Savings,Premium,Active,01-11-2024,,1370049.33,3145716.1
6815191976658932,299551475357,PUNB083992,Salary,BSBD,Active,07-08-2019,,666724.67,1358558.5
3248614277079566,299551475357,PUNB083992,Current,Basic,Active,31-03-2021,,2289541.88,5418726.41
9242942703011,385249300968,UTIB024419,Savings,Basic,Dormant,21-03-2024,14-09-2024,6886.34,221136.98
621022959728,467305211784,KKBK040937,Current,Regular,Active,29-11-2018,,8718384.79,3734235.21
4530375774097,467305211784,KKBK040937,Current,Corporate,Active,25-04-2024,,6721270.61,13113163.29
5656422857304091,232674333083,PUNB012239,Fixed Deposit,Basic,Active,04-09-2022,,540031.22,1984472.64
1146318438402999,232674333083,PUNB012239,Salary,BSBD,Active,30-11-2020,,1500597.24,2506202.71
99967514078,942497373977,CNRB093831,Salary,BSBD,Active,20-01-2018,,626343.69,1861394.16
957130840940,354122244210,CNRB047468,NRO,Regular,Active,27-04-2024,,598459.02,1730527.51
73016223992,958428951311,SBIN056644,Fixed Deposit,Corporate,Active,10-10-2018,,8203357.06,10906680.75
95534094827863,541408723095,HDFC071346,Salary,Regular,Active,16-01-2021,,1873578.58,3465955.22
41485021413157,541408723095,HDFC071346,Salary,Basic,Active,06-03-2023,,649306.37,2643038.14
335505791652,851841789776,ICIC088264,Current,Basic,Active,01-10-2024,,2494915.39,3035375.17
850141615738,851841789776,ICIC088264,Recurring Deposit,BSBD,Active,24-04-2023,,102998.53,1123616.83
381438294474,135425259262,ICIC086801,Recurring Deposit,Premium,Active,21-06-2015,,2948481.19,5502303.39
43453077913232,258596980315,BKID066312,Savings,Regular,Active,03-01-2022,,698459.33,3302007.03
1906312592242,898150013744,BKID092315,Fixed Deposit,BSBD,Active,05-03-2019,,1307219.37,2211448.99
278981219783,898150013744,BKID092315,Savings,Regular,Active,08-11-2018,,2631293.13,3450961.07
29641277415,341562310814,KKBK084393,Savings,Premium,Active,18-05-2017,,2484548.73,4378410.52
24313395600,579298483616,SBIN080332,Savings,BSBD,Active,25-05-2020,,1394132.33,1855083.76
956161936102,575578960337,BKID015307,Savings,BSBD,Frozen,06-06-2022,,0.0,0.0
34245546097,413079021191,IOBA066659,Savings,Basic,Active,30-07-2024,,480488.63,1480972.67
560197393752,250889499260,ICIC046189,NRO,Regular,Active,13-03-2020,,1454125.46,5967334.25
664628872183,250889499260,ICIC046189,Savings,Premium,Active,02-02-2024,,362663.8,1751722.32
9247995393183,504003846456,UTIB068508,Recurring Deposit,Regular,Active,09-01-2022,,2394307.32,3576644.69
32095013177497,189742595636,HDFC010012,Savings,Regular,Active,24-12-2023,,2648956.14,4806188.73
51910781068971,189742595636,HDFC010012,Savings,Regular,Active,05-03-2024,,4140495.6,5913103.44
111424894477,709855790863,CNRB092798,Savings,Basic,Active,02-09-2023,,220088.29,4715272.72
3598171310664,709855790863,CNRB092798,Current,Premium,Active,09-07-2024,,407381.58,2123985.58
9232806913284,753129305554,UTIB056145,Savings,BSBD,Active,25-04-2023,,954251.45,4601814.04
9127730068894,753129305554,UTIB056145,Current,BSBD,Active,19-11-2022,,759573.55,2316699.24
9794562091001,128616371655,IOBA041778,Savings,Basic,Active,13-02-2020,,445732.77,1401558.4
2669637684663,246098645721,IOBA084694,Recurring Deposit,Regular,Active,11-10-2021,,4683883.52,4854599.08
268845854742,479531035236,IOBA063042,Current,Basic,Active,02-07-2024,,1710527.63,2110475.29
930176013443,196310938570,BKID097239,Savings,BSBD,Closed,27-07-2019,,0.0,0.0
883115766913,196310938570,BKID097239,Savings,Premium,Active,28-06-2022,,845018.24,2069751.72
86798056725963,329661287721,BARB062625,Current,Corporate,Active,03-12-2024,,1385021.92,4056238.15
98293946548,329661287721,BARB062625,Fixed Deposit,Regular,Active,02-12-2023,,251327.5,2472938.47
9233945495919,968386491312,UTIB012248,Savings,Premium,Active,06-04-2024,,1786207.72,1623211.4
5217147199437,427007771048,KKBK096982,Savings,Premium,Active,19-06-2022,,2315062.09,3604416.92
970709932277,101022124126,BKID019879,Savings,BSBD,Active,13-07-2021,,2741019.21,2281163.36
3522296053645,101022124126,BKID019879,Savings,Basic,Dormant,23-12-2017,06-02-2025,0.0,2071.44
78514233852693,967726628976,CNRB078717,Fixed Deposit,Basic,Active,17-12-2023,,2539389.33,3227307.22
5098560340435624,131374966565,PUNB039482,Savings,Premium,Active,20-06-2022,,651360.05,1109989.41
400693817329,714354899289,ICIC058938,Savings,Regular,Active,06-09-2024,,2577585.08,2718008.46
404986255332,714354899289,ICIC058938,Salary,Regular,Active,08-08-2023,,4101717.99,5572289.61
12479727620,414663941549,SBIN072777,Salary,Premium,Active,23-04-2019,,599944.01,964582.32
37920405314,355966880475,KKBK081183,Salary,Premium,Active,17-11-2021,,1708474.05,4874612.61
7075519746526,355966880475,KKBK081183,Recurring Deposit,Regular,Active,15-03-2024,,1229745.9,2228563.19
99167031975301,917403577780,BKID029482,NRE,Regular,Active,16-08-2024,,2557629.63,2545300.42
65096468624758,485517308520,CNRB077698,Current,Corporate,Active,09-12-2024,,621869.86,8902745.4
1813600681620,485517308520,CNRB077698,Current,Corporate,Active,28-04-2023,,6779499.16,4102331.43
18433364981,197612791536,BARB055223,Fixed Deposit,Premium,Active,15-10-2020,,1437167.93,2671578.41
3877379868796,197612791536,BARB055223,NRO,Premium,Active,11-03-2020,,912103.46,956299.7
7663788416050592,659601590651,PUNB027905,Recurring Deposit,Premium,Active,17-11-2024,,1344538.56,2062474.11
7656605301845021,659601590651,PUNB027905,Savings,Basic,Closed,19-09-2024,,0.0,0.0
27074078295,535743353789,SBIN028128,Fixed Deposit,Regular,Active,10-07-2021,,9223307.96,10616358.05
340337453910,218726648534,ICIC059216,Current,Regular,Active,23-11-2020,,1922602.09,6500467.94
15873709691255,709273624410,BKID029660,Current,Regular,Active,17-01-2021,,981583.19,1615330.62
339706117547,306705505939,BKID011002,Current,Basic,Active,17-03-2018,,1070935.85,1885516.34
356971712376,874944951440,ICIC096707,Recurring Deposit,Basic,Active,24-08-2024,,894005.25,1186157.59
568065787399,874944951440,ICIC096707,Savings,BSBD,Closed,05-12-2024,,0.0,0.0
9194151357540,791790785475,UTIB046549,Savings,BSBD,Active,03-08-2024,,3552088.44,5397235.3
29144392518,439637330965,SBIN070034,Recurring Deposit,Premium,Active,01-09-2020,,5225691.91,5431651.8
37095217200,439637330965,SBIN070034,Current,Premium,Active,23-12-2022,,778219.29,1223316.1
299881686980,157153645887,ICIC019141,Savings,Basic,Active,07-05-2022,,1782032.22,3149726.97
623106173614,157153645887,ICIC019141,Recurring Deposit,Regular,Active,16-08-2019,,2559703.16,4028011.86
2751193173280,711972539803,IOBA042247,Savings,Basic,Active,24-08-2023,,817427.63,1534259.4
91733847191,711972539803,IOBA042247,Savings,BSBD,Active,19-11-2024,,2809929.85,3598262.56
94090075877,260105461001,SBIN082302,Savings,BSBD,Active,30-09-2020,,2966794.99,5208859.47
347790820831,428312966424,ICIC084386,Savings,Premium,Active,27-02-2023,,639050.53,2210105.39
83784067686,190388697926,IOBA080974,Savings,Basic,Active,13-11-2022,,3089705.8,5017793.6
5342739061983526,969076419482,PUNB011674,Savings,Regular,Active,11-05-2023,,3525204.48,4087801.51
447419996460,415150652545,ICIC064506,Savings,Basic,Active,02-05-2024,,735663.5,1363816.41
4681830448203,647629317349,CNRB018715,Current,Basic,Active,15-12-2023,,456825.34,2056574.39
104694728436,739533509906,CNRB063233,Salary,Regular,Active,30-07-2017,,1989219.57,2467845.31
13314238791402,739533509906,CNRB063233,Salary,Premium,Active,29-09-2016,,2934615.06,4150767.84
75917991915218,613400838730,IOBA016224,Savings,Premium,Active,29-11-2021,,1090522.03,1606042.18
907608364558,613400838730,IOBA016224,Recurring Deposit,BSBD,Active,13-04-2019,,1119345.31,2067138.44
48679055529634,958575213223,CNRB033364,Fixed Deposit,Regular,Active,26-11-2024,,10194912.18,11474723.72
81159381829,958575213223,CNRB033364,Current,Regular,Active,22-11-2023,,9201134.41,6798491.99
6052003100285,968075966554,CNRB030412,Fixed Deposit,BSBD,Active,06-07-2019,,2899802.53,4654660.89
949821549591,968075966554,CNRB030412,Salary,BSBD,Active,26-12-2022,,35284.88,1137788.65
3571355503971,250970321036,CNRB080683,Savings,Regular,Active,25-09-2021,,762541.19,2091851.07
124368406213,826992662459,ICIC079306,Current,Regular,Active,02-05-2021,,1515920.43,1480708.51
298348596916,826992662459,ICIC079306,Salary,Basic,Active,25-07-2020,,1918956.78,2457497.09
51861129770,284373456303,SBIN093726,Savings,BSBD,Active,16-09-2024,,947177.74,967609.68
18811118999,284373456303,SBIN093726,Savings,BSBD,Active,03-12-2024,,4458009.8,4800581.25
73946514805,909827569411,IOBA091764,Savings,Basic,Active,14-08-2020,,1355164.75,3801135.59
24578778169659,320117464246,IOBA082957,Salary,Premium,Active,17-12-2024,,663938.76,1895189.23
571804312214,320117464246,IOBA082957,Current,Basic,Active,06-02-2023,,3503223.45,4368929.98
55620770596983,472177311093,BKID081249,Recurring Deposit,Basic,Active,10-07-2017,,1039162.58,1390273.39
564376558281,795153567169,BARB057086,Savings,Regular,Active,02-12-2022,,993151.62,3185307.46
67412738891615,791597069833,IOBA092640,NRO,Regular,Active,10-11-2024,,452502.02,4427112.05
326642617638,605272020849,CNRB098985,Fixed Deposit,Regular,Active,26-10-2024,,3118742.2,1770189.55
64992965739,537389312093,IOBA025112,Savings,Regular,Active,23-07-2024,,2332010.56,3936076.63
10010100098,234406053134,BKID066914,Savings,Basic,Closed,02-09-2023,,0.0,0.0
2663299902371,234406053134,BKID066914,Current,BSBD,Closed,28-11-2022,,0.0,0.0
94489188421,799120139889,CNRB087391,Current,Regular,Dormant,29-01-2024,18-11-2024,3000.68,150208.89
676719450801,229074384926,KKBK033350,Current,Premium,Closed,28-08-2024,,0.0,0.0
8841991886534,229074384926,KKBK033350,Current,Basic,Active,18-07-2024,,693017.6,3466300.81
207566023700,581761408216,IOBA046873,Savings,Regular,Active,30-04-2015,,3038287.5,3703670.21
9208932621008,802069933830,UTIB030895,NRE,Regular,Active,05-09-2018,,1917904.92,3607959.58
52225048963850,958702442313,BKID077007,Savings,Basic,Active,25-12-2021,,1538471.82,1956989.29
5576452197895700,194403415352,PUNB061583,Fixed Deposit,Corporate,Active,12-03-2021,,6135321.44,21770661.62
6324522356634379,194403415352,PUNB061583,Fixed Deposit,Regular,Active,09-11-2017,,1126381.62,1587934.14
30369211036,622675653256,SBIN018049,Salary,Basic,Active,10-12-2022,,1221284.19,2495499.39
18723485623,625103945619,BKID066201,Savings,Regular,Active,17-05-2023,,974266.63,1991009.34
54808284970,625103945619,BKID066201,Salary,Premium,Active,21-09-2022,,782713.03,715125.22
721725638966,504752214411,ICIC051794,Savings,Premium,Active,29-07-2018,,1409005.32,874671.9
294921204066,504752214411,ICIC051794,Current,Basic,Dormant,15-03-2020,14-06-2022,18424.74,2834.9
9293034301894,240326112716,UTIB023900,Savings,Basic,Active,18-12-2024,,2924928.24,3884593.08
9102170669843,998378873522,UTIB029471,Salary,BSBD,Active,04-12-2017,,2091011.85,2815709.47
9269329055815,998378873522,UTIB029471,Salary,Regular,Active,03-05-2023,,948734.18,1972003.46
5733101546608,121422855929,IOBA013429,Current,Regular,Active,25-08-2019,,522351.84,1646372.24
8395123514731,121422855929,IOBA013429,Recurring Deposit,Premium,Active,18-11-2021,,2807284.69,1699551.56
4097935005168,607577319004,CNRB052843,Fixed Deposit,Premium,Active,15-10-2022,,2200699.41,5760901.22
19801898142419,607577319004,CNRB052843,Savings,Regular,Active,05-09-2020,,830097.44,1603782.21
55340528664786,506969784715,KKBK015539,Savings,Regular,Active,25-09-2021,,1339627.89,2221668.16
67784487996785,254095908050,BARB088755,NRO,Premium,Active,02-10-2022,,3075369.41,3022010.55
2826694849320,254095908050,BARB088755,NRO,Premium,Active,04-08-2024,,1833976.68,5214058.86
55721705331,153380997093,CNRB048735,Fixed Deposit,Basic,Active,05-01-2023,,1945414.96,2106866.84
59584313149,153380997093,CNRB048735,Savings,Premium,Active,03-06-2023,,2043578.85,1692296.49
1303280774759765,347171423520,PUNB064080,Savings,Basic,Active,12-12-2022,,270689.81,1254125.09
8837288681368084,347171423520,PUNB064080,Savings,Basic,Active,01-08-2023,,1729289.07,3683717.06
57629457501763,605509455902,BKID049753,Recurring Deposit,Basic,Active,10-07-2020,,2884024.73,5985499.95
279990355797,983095989774,ICIC031012,Savings,BSBD,Active,07-08-2020,,1155316.31,2439803.46
17683379582,290450842124,IOBA047039,Fixed Deposit,BSBD,Active,06-01-2017,,778526.77,334500.47
15061601216382,628278406242,BARB023122,Recurring Deposit,Premium,Active,14-04-2024,,862878.93,2160598.67
8299205895244,628278406242,BARB023122,Savings,Premium,Active,03-11-2024,,3774107.43,4550995.33
726924470236,338903624978,ICIC023264,Current,Regular,Closed,17-07-2024,,0.0,0.0
657209157219,338903624978,ICIC023264,Salary,Premium,Closed,06-05-2024,,0.0,0.0
600612412475,356319217762,CNRB099059,Savings,Regular,Active,08-07-2024,,1411571.12,5254242.44
7634664135931969,558354587990,PUNB075051,Savings,Regular,Active,21-09-2024,,476936.1,3139548.52
465736657402,816321047419,ICIC029565,Savings,Regular,Active,16-05-2022,,2270325.2,3034085.73
122674254819,435200529552,ICIC047523,Salary,Regular,Active,16-11-2024,,1215472.42,1012277.61
321180271188,435200529552,ICIC047523,Salary,Basic,Active,31-08-2023,,1401450.87,3858430.24
9266980670567,864331152235,UTIB089226,Fixed Deposit,Corporate,Active,04-10-2021,,215505.45,4732630.39
9286386068957,913854106441,UTIB019623,Savings,Basic,Active,14-09-2024,,1123588.33,1386033.16
375773881417,365494828085,ICIC015433,Savings,Regular,Active,16-07-2024,,849776.85,1005919.69
794263978137,917892609133,ICIC077719,Salary,Regular,Active,05-03-2020,,796969.46,2713533.44
722369508137,917892609133,ICIC077719,Recurring Deposit,Basic,Active,01-03-2023,,321196.21,396045.06
52311586613,465352565022,BARB022424,Savings,Premium,Active,16-03-2017,,2507548.32,3611942.07
585677350491,808398895824,BKID041864,Current,Regular,Active,11-11-2023,,2776048.25,2683198.43
87636569793622,539909900673,CNRB029409,Savings,BSBD,Active,07-02-2024,,1658640.54,2690141.67
80567562653368,539909900673,CNRB029409,Salary,Regular,Active,21-12-2023,,939181.96,3018664.34
29112136981,657166740112,SBIN042773,Salary,Premium,Active,16-08-2023,,2306112.5,2976870.13
36673166458,548909588077,IOBA042167,Savings,Basic,Active,10-06-2021,,1599938.2,3866697.42
99032315510772,964640752977,CNRB033592,Fixed Deposit,BSBD,Active,22-11-2023,,848047.38,2616240.78
55964100650,964640752977,CNRB033592,Salary,Basic,Active,27-06-2022,,1302346.47,2484601.02
1252412090924,788708615883,BARB087635,Savings,Regular,Dormant,04-05-2021,11-12-2022,4704.13,47705.55
97712066537437,368059974466,IOBA076896,Salary,Basic,Active,21-10-2024,,528156.57,858709.88
17767613703058,423304412549,BARB061980,Salary,Regular,Active,24-11-2020,,2854266.16,4001114.15
74044722835806,533440823219,KKBK073357,Current,Premium,Active,16-10-2024,,2163321.79,2787185.1
88797783614,607918002988,BKID097699,Recurring Deposit,Basic,Active,15-09-2022,,1286408.61,3312290.31
706488756948,922488421998,ICIC053805,Salary,Basic,Active,17-07-2022,,3562586.48,3600217.17
332302150591,927441510981,IOBA055443,Savings,Basic,Active,15-03-2020,,2294511.57,2063089.9
62516760345,927441510981,IOBA055443,Savings,Premium,Active,15-01-2021,,869662.36,3642500.41
50358784392638,240217203222,KKBK018628,Recurring Deposit,Basic,Active,25-12-2023,,2180426.49,3446348.74
4677836450179,119916912457,BARB069012,Salary,Basic,Active,26-01-2021,,2009303.16,3270047.94
7741921090647,119916912457,BARB069012,Savings,Regular,Active,16-09-2021,,442184.66,627021.22
416407923968,319363396965,KKBK018830,Fixed Deposit,Basic,Active,28-06-2024,,2653566.76,4838116.18
665671150367,924837694950,ICIC045928,Savings,BSBD,Active,16-02-2017,,855674.83,1975141.39
946271738100,924837694950,ICIC045928,Salary,Premium,Active,01-04-2018,,573660.68,562927.61
8211590391721,159836551300,IOBA021009,Current,Corporate,Active,12-02-2024,,6405821.12,9145458.67
42552310300509,626943657822,HDFC055439,Fixed Deposit,Regular,Active,01-07-2018,,880468.37,2865543.86
33250996644938,626943657822,HDFC055439,NRO,Premium,Frozen,23-02-2023,,0.0,0.0
3216829692670,978002858791,BARB029872,Savings,BSBD,Active,05-03-2023,,1646004.65,2976667.84
258702901263,586053786083,ICIC070290,Salary,Basic,Active,24-09-2022,,1891096.41,3417359.26
744991569792,586053786083,ICIC070290,Savings,BSBD,Active,22-12-2024,,600167.5,694368.79
34508300014462,871026094420,IOBA088649,Salary,Basic,Active,04-04-2024,,1395724.5,2094795.44
258726040754,871026094420,IOBA088649,Savings,BSBD,Active,11-12-2022,,1979127.48,1590870.95
18451635742,254588037839,BARB016198,Fixed Deposit,Basic,Dormant,01-05-2021,20-04-2024,36460.2,423427.52
480935822306,254588037839,BARB016198,Salary,Premium,Active,11-10-2020,,1250553.31,2699284.08
47062898190748,180417477406,BKID043143,Recurring Deposit,Basic,Active,16-09-2024,,3123087.74,4016111.36
6225479324835,180417477406,BKID043143,Salary,Basic,Active,10-07-2023,,2317209.34,3188172.6
261702943080,803584464187,BKID019082,Savings,Premium,Active,18-07-2019,,834381.47,5591614.6
91069269467,803584464187,BKID019082,Current,BSBD,Active,08-11-2016,,3418632.35,5219229.59
48080962305,474028987859,SBIN032073,Savings,BSBD,Active,05-09-2024,,350120.61,2155156.03
88620126555,448646137880,SBIN073489,Salary,BSBD,Active,10-07-2024,,4870054.13,5563577.81
1057712941919146,935573623829,PUNB084908,Current,Regular,Active,16-06-2020,,2005724.79,1858619.04
1884476111435624,935573623829,PUNB084908,Salary,Basic,Active,08-09-2018,,1343786.74,2095023.29
54248262491186,182806769729,KKBK073180,Salary,BSBD,Active,09-11-2023,,1368064.64,2416535.93
89709483713952,182806769729,KKBK073180,Recurring Deposit,Regular,Active,10-02-2024,,1072957.4,3854196.24
34725800033,910140549123,SBIN048191,Savings,Basic,Active,19-08-2024,,909735.32,3237512.61
15930005655,910140549123,SBIN048191,Savings,Premium,Active,23-09-2023,,2067040.5,4378631.28
97656372388640,795887907632,HDFC048623,Recurring Deposit,Regular,Active,09-12-2022,,1132506.26,4266162.58
48298262891112,795887907632,HDFC048623,Salary,Regular,Active,11-06-2018,,344490.37,1287649.45
4988965037140217,261274689507,PUNB092604,Current,Regular,Active,29-04-2019,,2145982.11,18016956.85
545586609477,647116180200,IOBA085647,Fixed Deposit,Premium,Active,23-08-2020,,666498.06,1342392.97
8287691862092,647116180200,IOBA085647,Fixed Deposit,Basic,Active,02-12-2023,,2200826.01,2542850.3
85476399967,105899845530,SBIN048187,Savings,Basic,Active,02-07-2024,,1937498.73,1983616.03
27000834554,105899845530,SBIN048187,Fixed Deposit,Regular,Active,08-04-2024,,798474.89,2870549.24
939151195523,841199309488,IOBA051262,Salary,Regular,Active,13-04-2019,,432956.27,1267308.86
468755038349,841199309488,IOBA051262,Recurring Deposit,Basic,Active,15-05-2021,,3286258.68,3593082.49
537118378579,639792136518,ICIC015156,Recurring Deposit,Basic,Active,20-11-2020,,880004.8,1557924.22
9277745280777,555019332983,CNRB072356,Salary,Premium,Active,10-07-2022,,925813.88,1838378.2
7617188155334,555019332983,CNRB072356,Savings,BSBD,Active,16-06-2023,,655381.13,2383597.32
2035689201468,874156815765,KKBK078733,Current,Corporate,Active,27-06-2022,,842428.83,6445600.43
30125142803873,874156815765,KKBK078733,Fixed Deposit,Regular,Active,01-01-2021,,5415916.15,8494624.62
9199755367292,680579718569,UTIB043085,Fixed Deposit,Premium,Active,24-05-2022,,3154544.47,3758914.14
310793187062,580525635350,CNRB042354,Recurring Deposit,Premium,Active,05-04-2024,,1088156.56,1942605.23
930874204602,555274550166,ICIC010772,Savings,BSBD,Dormant,30-09-2019,05-11-2022,12661.37,40380.72
2029179190520,983025076350,CNRB024536,Salary,Premium,Active,30-03-2019,,1718733.78,2045196.07
10763640510,257600578973,CNRB078078,Current,Premium,Active,30-08-2023,,1555669.74,1812941.84
6196471497485715,592987894203,PUNB053487,Salary,Premium,Closed,03-04-2022,,0.0,0.0
7401735826616047,592987894203,PUNB053487,Fixed Deposit,Premium,Active,05-07-2021,,1157444.93,3498438.49
59993921628,189152552108,SBIN010907,NRO,Premium,Active,23-09-2024,,877068.89,2401753.12
38879329109,189152552108,SBIN010907,Savings,Premium,Active,20-04-2024,,2138652.79,5637355.6
888876570415,853184989836,KKBK083486,Salary,Regular,Active,08-06-2022,,942637.18,1387324.34
9245628364463,167818188742,UTIB030900,Current,Corporate,Dormant,11-01-2018,16-06-2021,0.0,905413.93
9170090131691,167818188742,UTIB030900,Fixed Deposit,Corporate,Active,19-05-2016,,4842828.59,8437697.64
6099376713353,778504528192,IOBA097840,Salary,Regular,Active,04-02-2018,,12651731.01,13256861.11
19502725420713,400708641630,BARB055470,NRE,Premium,Active,20-11-2024,,2066460.28,5487590.02
81009180085387,400708641630,BARB055470,NRO,Regular,Active,13-08-2024,,1012690.13,2518922.63
675659844468,501885531547,IOBA034717,Fixed Deposit,BSBD,Active,20-01-2021,,2306998.04,5194687.79
55054491786335,501885531547,IOBA034717,Savings,Basic,Active,09-08-2024,,655487.74,2342130.4
9242483822920,628292074099,UTIB020619,Salary,Basic,Active,25-11-2024,,1423241.44,3468702.87
9144199201724,628292074099,UTIB020619,Savings,Premium,Active,02-01-2023,,1054404.19,1508070.92
3513824233159676,939928279648,PUNB011879,Salary,Regular,Active,06-11-2023,,1867892.58,4078364.42
48153381789560,190690410408,HDFC056980,Savings,BSBD,Active,25-04-2022,,946987.61,3315778.14
37074271370182,190690410408,HDFC056980,Salary,BSBD,Closed,13-10-2024,,0.0,0.0
9103196403310,771477952885,UTIB055125,Salary,Regular,Active,13-06-2024,,1709969.92,3481446.52
1909549997337,505590527430,BKID038215,Fixed Deposit,BSBD,Active,01-11-2024,,290989.38,2662981.48
38623262440,505590527430,BKID038215,Current,Basic,Active,15-12-2022,,2955242.69,3311006.57
61095121844,636764856162,BKID096892,Fixed Deposit,Corporate,Active,26-12-2022,,12570698.85,13801325.79
3701823929756,636764856162,BKID096892,Fixed Deposit,Regular,Active,04-03-2024,,8750221.65,11415724.83
928329049655,155224950137,ICIC030446,Salary,Premium,Dormant,25-11-2020,15-02-2024,47256.1,0.0
771774314903,155224950137,ICIC030446,Salary,BSBD,Active,29-04-2021,,380704.51,657649.79
64233847362898,365016813780,HDFC040347,Savings,BSBD,Dormant,05-08-2018,31-03-2020,11547.39,44361.98
7230796619501271,891795992351,PUNB025510,Savings,Regular,Active,24-07-2021,,523051.88,3771676.7
6336561165740901,891795992351,PUNB025510,Salary,BSBD,Active,26-12-2017,,6785505.37,7027700.85
2868419984149,434383551558,IOBA085833,Fixed Deposit,BSBD,Active,30-09-2024,,1768191.19,4149456.87
6402621380793,434383551558,IOBA085833,Savings,Premium,Active,23-07-2024,,145394.06,1914732.34
9121165795687,235997631395,UTIB085707,NRE,Premium,Active,18-05-2018,,3045700.56,4178086.5
9188124826750,235997631395,UTIB085707,NRE,Regular,Active,14-09-2023,,2089992.53,3764877.68
58677229424,763560979619,KKBK018540,Savings,Premium,Active,27-05-2023,,1384155.66,1741246.76
487638636833,721996117997,IOBA055233,Current,Premium,Active,14-01-2024,,4153581.71,4913490.69
86406995791131,721996117997,IOBA055233,Savings,Premium,Active,22-06-2024,,1033757.71,1323962.8
983236114823,451790668466,ICIC055104,Savings,Regular,Active,21-12-2024,,1075945.88,1041536.33
121810494008,451790668466,ICIC055104,Fixed Deposit,Premium,Frozen,26-08-2024,,0.0,0.0
4928736031908962,535132952580,PUNB072973,Fixed Deposit,Regular,Active,05-07-2020,,2160043.53,4703480.54
442987554089,400188379964,ICIC052108,Fixed Deposit,Corporate,Active,13-07-2023,,1789852.27,6227584.1
7418732061422732,792532708803,PUNB051575,Savings,BSBD,Active,25-06-2022,,2162168.04,3314009.64
4984492251125670,792532708803,PUNB051575,Current,Basic,Active,31-01-2024,,1758662.37,3185667.29
327622496918,343161658515,CNRB057249,Salary,Basic,Active,04-03-2023,,234727.8,2141371.92
8852070265834,343161658515,CNRB057249,Savings,BSBD,Active,10-02-2023,,1275510.14,1439309.73
9659467377596374,918740750144,PUNB011828,Current,Corporate,Frozen,19-01-2019,,0.0,0.0
2079808024196839,918740750144,PUNB011828,Current,Corporate,Active,27-05-2018,,1898397.56,6431431.12
44457981621059,993460130324,HDFC059875,Current,BSBD,Active,28-06-2024,,1272991.26,1567747.53
9169723775373,241021030678,UTIB056710,Salary,BSBD,Active,10-07-2024,,2579120.32,5955961.11
9169456203961,241021030678,UTIB056710,Savings,Premium,Active,14-08-2020,,785727.38,2663308.26
84739573459,691792635816,IOBA089501,Savings,Basic,Active,13-04-2018,,1134486.78,2196178.33
92863019321727,691792635816,IOBA089501,Recurring Deposit,Regular,Active,18-05-2020,,1694263.62,3502255.87
277728925960,615197430243,ICIC067865,Savings,Basic,Active,15-09-2022,,685835.49,1240363.02
8595983475698,515315560937,IOBA024323,Current,Regular,Active,03-10-2018,,452898.78,5366818.01
7234235264365,515315560937,IOBA024323,Current,Corporate,Dormant,02-09-2015,07-09-2023,26523.5,75420.26
913359980463,331583885233,IOBA076163,Salary,BSBD,Active,04-09-2024,,1033443.74,1523324.12
32933071197,702482340980,SBIN088386,Savings,Premium,Active,04-09-2019,,328902.14,184425.67
490081953614,290467882249,BKID082544,Savings,BSBD,Active,12-10-2023,,1706366.84,1399429.88
83639444644,290467882249,BKID082544,Savings,Regular,Active,14-03-2023,,1373136.72,2912826.8
9953897697069030,250159056878,PUNB014191,Savings,Regular,Active,15-12-2021,,3485462.73,3258983.28
259109402901,753909899293,CNRB082966,Salary,Basic,Active,24-09-2023,,308454.23,1441252.22
371630778649,753909899293,CNRB082966,Savings,Premium,Active,08-05-2022,,487553.22,1723215.54
647654870570,792194065348,CNRB040020,Current,Regular,Active,30-10-2024,,485292.67,3545721.37
9801984641630,792194065348,CNRB040020,Savings,Premium,Closed,27-12-2024,,0.0,0.0
7995397833424,644968091589,CNRB092439,Savings,Regular,Active,16-05-2022,,1665520.7,3413758.81
9144794605266,142728882553,UTIB098301,Recurring Deposit,Premium,Active,27-10-2018,,1737258.34,4947564.79
9105324909748,142728882553,UTIB098301,Fixed Deposit,Premium,Active,06-12-2023,,5746259.48,5689676.13
1907361918263,118332343013,CNRB062753,Salary,BSBD,Active,02-10-2024,,2433199.13,3225325.72
58034778934592,477075991529,HDFC076940,NRO,Regular,Active,19-01-2022,,4109025.2,5755684.64
459881552128,849130583254,KKBK036453,Recurring Deposit,Regular,Active,02-06-2023,,1339082.4,1816183.68
3044786219407,849130583254,KKBK036453,Savings,BSBD,Active,23-08-2021,,550906.69,1277388.92
31841163321,366532528291,CNRB018391,Fixed Deposit,Regular,Frozen,25-01-2024,,0.0,0.0
9284764797346,657691350981,UTIB046297,Savings,Premium,Active,01-12-2022,,617379.32,2462161.88
6977570332662218,942654278897,PUNB018786,Recurring Deposit,Premium,Active,14-05-2024,,3023527.22,4272505.02
9739988164469,137461717786,BARB060843,Recurring Deposit,Regular,Active,26-01-2022,,1742236.76,1789127.51
925261218357,316826758566,ICIC080829,Savings,Regular,Dormant,27-01-2023,18-05-2024,3059.92,31057.94
4319228383956,536268203769,IOBA087804,Fixed Deposit,Premium,Active,01-12-2019,,2715560.3,4816343.37
9180265718540,375058857639,UTIB038193,Current,Basic,Active,07-10-2019,,842014.9,2856524.94
9263800716597,375058857639,UTIB038193,Savings,BSBD,Active,04-01-2023,,1184477.39,2439027.65
18993117205829,581760485653,BARB020795,Salary,Basic,Active,11-10-2018,,1371198.42,1013778.33
5337189134395,581760485653,BARB020795,Current,Basic,Active,11-11-2019,,207648.63,1565031.6
537940091806,142910057501,ICIC054145,Fixed Deposit,Corporate,Dormant,08-09-2023,27-07-2024,29247.43,137351.9
6058791658452231,401541530801,PUNB013237,Savings,Premium,Active,07-11-2024,,436922.17,2383665.03
3270369944522326,401541530801,PUNB013237,Current,Premium,Active,02-01-2022,,848361.09,1717096.63
7847392267064,121856857386,BARB083054,Fixed Deposit,Premium,Active,05-11-2020,,537559.25,1911989.92
3086060919861,121856857386,BARB083054,Savings,BSBD,Active,22-11-2021,,622854.92,3848381.33
887203508963,888284461851,BARB073708,Fixed Deposit,Regular,Active,29-11-2018,,219135.73,4132710.98
18442585184,284857525788,BARB047098,Current,Basic,Active,05-05-2016,,3427740.99,4719246.42
37426743272629,692418938529,HDFC058743,Recurring Deposit,Regular,Active,03-05-2024,,3176397.02,2188721.48
9286954935884,698631921232,UTIB098092,NRE,Regular,Active,10-11-2024,,278050.38,980121.09
98813780412,845243898070,BARB037869,Salary,BSBD,Active,02-09-2024,,934474.43,3188184.62
1970633344494,845243898070,BARB037869,Salary,BSBD,Active,03-11-2023,,812828.81,3164704.98
98358163174,304840286300,BKID079303,Current,BSBD,Active,09-02-2023,,1675115.83,3554917.11
68804961154583,304840286300,BKID079303,Fixed Deposit,Regular,Active,12-11-2024,,1276976.05,2126167.6
49504765790239,975269626141,HDFC067547,Current,Regular,Dormant,19-10-2022,11-03-2024,118824.28,14141.79
85669753228296,975269626141,HDFC067547,Savings,Basic,Active,22-06-2020,,1549479.44,3221112.13
63200248983,904585088091,IOBA038171,Salary,Premium,Active,08-09-2018,,991767.1,1903031.9
474122221873,627456120674,IOBA058115,Savings,Premium,Dormant,13-12-2024,13-12-2024,3483.31,4232.29
99341703523944,627456120674,IOBA058115,Savings,Basic,Active,17-10-2022,,2582386.07,10491749.41
17794753931321,583935267905,HDFC092964,Savings,Premium,Active,07-11-2024,,1520010.5,4718758.03
7557534900914490,298920514044,PUNB046049,Salary,Regular,Active,28-06-2023,,2306182.94,2668552.08
38400373653756,632858451025,BKID052442,Savings,Basic,Active,17-01-2020,,3029386.43,3500977.17
402499544918,632858451025,BKID052442,Savings,BSBD,Active,19-12-2024,,1519175.82,2754566.9
29284482018,578607970659,SBIN066108,Savings,Premium,Dormant,14-07-2024,08-09-2024,242.62,0.0
59184900296,578607970659,SBIN066108,Salary,Regular,Active,03-10-2024,,219050.11,981769.34
25275401467,823971095111,SBIN044742,Current,BSBD,Active,01-12-2022,,1875866.94,1615990.95
43551104433,823971095111,SBIN044742,Savings,BSBD,Dormant,09-03-2023,14-10-2024,0.0,111342.22
43268249326,348277208760,BARB047932,Fixed Deposit,Regular,Closed,06-04-2024,,0.0,0.0
51415218449,348277208760,BARB047932,Savings,Premium,Active,15-07-2024,,2888766.79,3833250.83
52675604431,252090582082,SBIN023995,Savings,BSBD,Active,29-09-2023,,1084508.45,3226957.26
537026551496,327892406120,KKBK091824,Salary,Regular,Closed,24-06-2023,,0.0,0.0
4241698839576,327892406120,KKBK091824,Current,BSBD,Active,16-11-2024,,1027298.01,4365768.74
241085077871,468383216911,ICIC098055,Current,Basic,Active,19-02-2019,,2759763.66,2416638.73
9462130403706,739976346010,BKID025553,Recurring Deposit,Regular,Active,02-05-2024,,1879545.48,3539984.62
8227544986245527,798765007395,PUNB047015,Savings,Premium,Active,03-11-2021,,689361.05,843406.43
8343537223511279,798765007395,PUNB047015,Recurring Deposit,Basic,Active,14-11-2020,,2651529.37,2530375.2
71212212809,360076285626,SBIN055783,Recurring Deposit,Regular,Active,28-02-2024,,7526696.56,1581390.71
37219330061,360076285626,SBIN055783,Salary,BSBD,Active,15-12-2024,,271094.52,6956412.95
60055065805260,266680473251,IOBA093578,Savings,Premium,Active,20-11-2022,,1097498.99,2525116.84
45375192274841,266680473251,IOBA093578,Savings,Premium,Closed,20-08-2022,,0.0,0.0
750450908625,815776843148,BARB073979,Savings,Premium,Active,08-01-2023,,2854805.03,2887697.88
141256231792,679396487640,IOBA050183,Current,BSBD,Active,31-08-2024,,1697855.47,2679361.38
11420943035,748914247263,CNRB078215,Savings,BSBD,Active,31-03-2020,,470264.58,794652.25
3568173068472540,137303809077,PUNB057102,Recurring Deposit,Regular,Active,22-06-2021,,1945593.64,1753934.48
3902253795077843,931358079875,PUNB079988,Savings,Premium,Active,19-06-2021,,4873751.56,4015579.29
10041613943,330704352352,IOBA058451,Salary,Premium,Active,07-05-2023,,1307932.15,2080824.47
33241602236869,330704352352,IOBA058451,Savings,Regular,Active,23-08-2023,,1141410.84,1950932.67
85727613654,231849870636,BKID068476,Salary,BSBD,Active,10-08-2021,,982545.27,2796185.3
31547400911,191066796274,SBIN029368,Savings,BSBD,Dormant,03-05-2022,09-11-2024,0.0,0.0
947184367079,648272681172,CNRB048110,Salary,Basic,Active,24-12-2021,,2378032.31,6927539.26
3618397319300,648272681172,CNRB048110,Salary,BSBD,Dormant,20-04-2021,26-01-2023,0.0,0.0
507846375749,877646522335,ICIC025241,Savings,Basic,Active,05-02-2023,,2222993.37,2709188.01
57592561639985,164427400047,BKID050387,Salary,Regular,Frozen,06-06-2023,,0.0,0.0
86713189650,164427400047,BKID050387,Salary,Basic,Active,11-07-2023,,800273.3,1964693.2
7356904775728,886015847721,KKBK018043,Current,Corporate,Active,26-07-2024,,9513189.98,6099218.4
22875358760,294581785134,SBIN064284,Savings,BSBD,Active,14-06-2024,,655144.23,2152382.57
66273592249,294581785134,SBIN064284,Savings,Basic,Active,12-10-2019,,104324.03,1972145.66
9431269329265,521145467021,KKBK052449,Savings,Premium,Active,31-03-2023,,1810831.67,2325098.05
87793368907770,521145467021,KKBK052449,Savings,Regular,Active,26-02-2023,,3312554.75,5399963.4
9290936968503,595056064111,UTIB066666,Savings,Regular,Dormant,23-03-2024,01-10-2024,2936.44,0.0
9195192192585,595056064111,UTIB066666,Savings,BSBD,Active,28-12-2024,,774042.96,1431091.63
42864945100,708982712525,CNRB036218,Fixed Deposit,Corporate,Active,17-08-2015,,8152030.95,9396148.99
4091989818802,708982712525,CNRB036218,Fixed Deposit,Regular,Active,01-08-2022,,4865005.23,1615844.43
40686794430087,197920523394,CNRB018801,Savings,Basic,Active,20-03-2022,,324548.94,3217005.93
501853175097,409611181614,BKID059270,Savings,Premium,Active,23-10-2020,,4772975.42,5163639.08
49409425385362,409611181614,BKID059270,Recurring Deposit,Basic,Active,04-02-2021,,3551966.15,3445218.18
9292732824893,263937688739,UTIB014162,Savings,Premium,Active,09-06-2023,,800747.58,3137460.32
6176275879759520,662945046173,PUNB055061,Savings,Basic,Active,16-03-2024,,123039.58,642429.2
5336614846705135,662945046173,PUNB055061,Savings,Premium,Active,14-06-2017,,1341190.36,4349603.89
59140427770550,564555243661,HDFC063924,Savings,BSBD,Active,07-12-2024,,1571448.4,5771295.18
56578196405026,440644304603,KKBK058588,Savings,Premium,Active,09-10-2022,,1420656.47,2288903.17
43223649426865,556466773498,BARB086864,Fixed Deposit,Basic,Active,16-07-2024,,212139.96,4594483.23
29515173680332,556466773498,BARB086864,Recurring Deposit,Regular,Active,11-08-2018,,2851615.24,4364403.61
25168857622,866813130150,SBIN073450,Recurring Deposit,BSBD,Active,02-10-2024,,2369633.36,2726832.61
14349132012545,120862376479,HDFC016065,Current,Corporate,Active,07-04-2020,,247759.45,4460651.81
9101121121320,888593528004,UTIB016825,Recurring Deposit,BSBD,Active,24-09-2021,,351622.64,1196061.82
9282006262645,888593528004,UTIB016825,Salary,Premium,Active,01-01-2020,,1937770.17,1945968.92
1530941708830,522236242460,BKID095468,Current,Regular,Active,06-06-2023,,2777485.12,5012175.84
2739229376299,522236242460,BKID095468,Fixed Deposit,BSBD,Active,25-07-2023,,1493603.68,2555105.61
506539304067,612387185733,IOBA077301,Savings,Basic,Active,30-09-2023,,1488420.53,2684350.66
3437400250027277,886814108140,PUNB095853,Savings,Basic,Active,12-05-2024,,4044706.81,6802995.81
79254276552747,432253587707,IOBA042295,Current,Basic,Active,22-09-2020,,1573687.68,1891476.73
41234966682295,553263259836,BARB059931,Current,Regular,Active,14-10-2024,,1849385.0,8390724.34
20786874494,390253006701,IOBA050377,Salary,Regular,Active,01-05-2023,,2250096.6,2787863.64
82219765845,390253006701,IOBA050377,Current,Regular,Active,27-02-2023,,292984.09,2662023.29
216449604949,343475287426,IOBA059029,Current,Basic,Active,03-10-2020,,3688825.89,3394563.06
48462600801398,343475287426,IOBA059029,Savings,BSBD,Active,23-05-2017,,1655458.51,4373932.78
9102827532776,998188478822,UTIB079162,Salary,Basic,Active,21-08-2021,,223408.05,1699638.53
9281593132036,998188478822,UTIB079162,Salary,BSBD,Active,13-10-2021,,1710647.98,3209632.82
129877849781,931622055871,ICIC088799,Savings,BSBD,Active,01-11-2020,,1871626.0,4756522.22
142838401897,567310145331,ICIC014204,Current,Corporate,Active,12-08-2023,,938453.49,6611968.44
361746027277,567310145331,ICIC014204,Current,Regular,Active,21-01-2024,,2332753.82,3518632.23
55787296592,251836664584,BARB042221,NRO,Premium,Active,11-03-2024,,3528432.68,6535978.79
7852163667670,251836664584,BARB042221,Fixed Deposit,Regular,Active,20-06-2024,,2243506.38,4183094.97
38816819848,426706026108,BARB057985,Salary,BSBD,Active,02-09-2024,,1445018.22,2831421.35
25833570867947,426706026108,BARB057985,Savings,Basic,Active,28-07-2024,,1048638.36,2319855.94
92659364993683,745279303209,HDFC045047,Recurring Deposit,Premium,Active,08-11-2024,,1527311.41,3554818.89
12760040136627,745279303209,HDFC045047,Current,Basic,Active,16-12-2022,,2730081.79,5341682.18
824891503820,654429616764,BARB049768,Savings,BSBD,Active,18-08-2021,,2083257.02,3510242.84
715522617798,654429616764,BARB049768,Savings,BSBD,Active,18-08-2022,,1669440.46,5933918.08
84971472251,939514789594,SBIN015196,NRO,Regular,Active,03-10-2024,,856874.88,1426189.18
5640470923509,621708897396,BKID018821,Savings,Regular,Active,03-11-2024,,1457349.83,3749507.95
6193143995683,292794727647,IOBA030368,Savings,Basic,Active,07-10-2024,,311222.18,1219474.38
704745974236,253234497547,BARB020124,Savings,Premium,Active,08-06-2019,,38414.49,1264489.89
86037953663,253234497547,BARB020124,Savings,Regular,Active,26-08-2018,,1207019.79,3770643.02
174978175186,107243618743,CNRB085360,Salary,Basic,Active,02-12-2023,,2330143.25,1963350.4
440685521884,107243618743,CNRB085360,Fixed Deposit,Regular,Active,14-03-2019,,335722.96,385142.93
5577935240766,426667583517,BARB048333,Savings,Premium,Active,08-11-2024,,1678933.42,1775907.04
68063363813716,227146371148,KKBK010082,Fixed Deposit,Corporate,Active,12-11-2017,,5670075.34,8223154.78
40366598691153,227146371148,KKBK010082,Fixed Deposit,Regular,Active,05-09-2020,,9200556.59,1616029.34
992468191974,827925968783,ICIC052504,Salary,Basic,Active,27-09-2022,,1628817.29,2773868.4
9176752269012,131444079141,UTIB016977,Current,Regular,Active,19-09-2021,,2986634.05,4003667.35
70827715591464,612569252729,IOBA012957,Salary,Regular,Active,19-04-2024,,1491165.75,3448413.93
78062642302,612569252729,IOBA012957,Current,Basic,Active,22-01-2024,,390340.73,1753972.96
717668682355,571070300651,IOBA040663,Salary,Premium,Active,22-05-2024,,1267368.58,3523304.76
477398996397,571070300651,IOBA040663,Savings,Basic,Active,16-08-2021,,986395.39,3153533.88
27440400592166,631301475168,IOBA028031,Savings,Regular,Active,21-06-2019,,621878.22,871182.94
27862055676,631301475168,IOBA028031,Savings,Basic,Active,21-07-2020,,234987.21,3028056.16
853982860692,488880953633,ICIC095910,Fixed Deposit,Regular,Closed,31-05-2021,,0.0,0.0
99483093616,718436178697,IOBA042561,Salary,BSBD,Active,17-06-2023,,1379741.43,2249595.19
66578722780,926052810560,SBIN077539,Salary,BSBD,Active,03-11-2021,,1328695.08,2500987.87
79480484273,926052810560,SBIN077539,Salary,Basic,Active,02-11-2019,,2007788.71,5970505.34
95102406990381,586060207067,HDFC073702,Savings,Regular,Active,17-04-2024,,956519.09,2370377.79
235882391894,508782562838,BKID016048,Savings,BSBD,Active,23-04-2024,,777377.94,4023244.72
6489873403523,272537394312,BARB039065,Savings,Premium,Active,12-01-2023,,1420381.77,1973670.87
998480555364,272537394312,BARB039065,Savings,Premium,Active,09-03-2020,,3374661.53,4085958.44
7478618237622589,374418075056,PUNB023240,Salary,Basic,Closed,13-09-2021,,0.0,0.0
4403834445123831,962299446891,PUNB038910,Fixed Deposit,Corporate,Active,03-01-2016,,916422.2,3712696.62
2781549216970818,962299446891,PUNB038910,Fixed Deposit,Regular,Active,06-02-2015,,4804152.95,3365203.82
29546769019,775761306727,SBIN055148,Recurring Deposit,BSBD,Active,07-11-2024,,1418588.13,1780062.12
53278870298,775761306727,SBIN055148,Salary,Regular,Active,09-12-2024,,829522.13,3182725.09
35677997998,430454195654,BKID085774,Savings,Basic,Active,10-11-2022,,1392042.08,1515152.99
99784278195619,760605629604,IOBA077187,Fixed Deposit,Regular,Active,18-05-2022,,359249.9,8640848.88
61212188690,808790779573,SBIN056451,Current,Corporate,Active,27-09-2024,,13801898.51,17287529.91
28029201741,808790779573,SBIN056451,Fixed Deposit,Corporate,Active,02-10-2023,,7441127.91,5140164.5
905713484199,901139290809,ICIC060448,Savings,Premium,Active,10-03-2023,,960976.41,1033123.62
49551645592,476347943582,SBIN093880,Current,Basic,Active,13-09-2023,,1454900.44,2551827.98
23316167697,476347943582,SBIN093880,Savings,BSBD,Dormant,20-09-2023,04-07-2024,0.0,3375.17
3081478745026,485311104493,BARB044973,Current,Regular,Active,23-02-2021,,2061880.8,3155419.9
9199435422425,582215508968,UTIB038119,Savings,Premium,Active,05-06-2020,,1330333.65,2571287.09
99059282514,276819839028,CNRB076149,NRO,Premium,Active,01-05-2021,,1332574.49,826050.63
6475326456267,276819839028,CNRB076149,NRE,Regular,Active,16-03-2018,,1733112.43,2910210.86
6014330915223,457548284333,CNRB074737,Salary,Premium,Active,13-06-2024,,2373545.32,2521383.55
89684773926,457548284333,CNRB074737,Savings,Regular,Active,21-05-2024,,1375892.48,4567016.92
39496379440463,536630677080,HDFC038243,Recurring Deposit,Premium,Active,24-07-2023,,1532786.19,2439547.27
43316269706921,536630677080,HDFC038243,Savings,Premium,Active,13-02-2023,,2070950.02,4880383.38
2110081095789,326033648904,BARB093795,Current,Regular,Active,11-07-2024,,429593.0,4144456.23
11538389428,328597417667,SBIN019416,Savings,Basic,Active,27-12-2024,,2027064.95,4082510.43
9221056493188,517710569181,UTIB036553,Fixed Deposit,BSBD,Active,16-09-2021,,1183296.29,4471588.79
2135854758004636,708826305095,PUNB047681,Fixed Deposit,Corporate,Closed,19-09-2019,,0.0,0.0
6681629970287215,708826305095,PUNB047681,Fixed Deposit,Regular,Active,30-11-2015,,4768933.56,765608.29
155114119126,843129650251,KKBK043286,Fixed Deposit,Regular,Active,15-06-2016,,15109914.8,5223833.02
58593259961,843129650251,KKBK043286,Fixed Deposit,Corporate,Active,18-09-2019,,3331584.97,7105416.17
64655948356,437264900240,SBIN089549,Current,Basic,Active,07-10-2019,,344510.22,2172723.81
2883938023335323,394095517741,PUNB010114,Savings,Regular,Active,06-11-2022,,1242880.18,1380413.88
2696453722143827,394095517741,PUNB010114,Recurring Deposit,Premium,Active,10-08-2023,,2942646.37,5253107.72
532802298853,696527503142,ICIC063055,Savings,BSBD,Active,07-02-2023,,3838382.83,2759561.21
650627451225,696527503142,ICIC063055,Savings,BSBD,Active,08-11-2016,,5917203.52,7099558.48
9815712956874,212440922341,BKID029935,Savings,Basic,Active,03-04-2023,,1213874.82,1283578.74
29679038275583,179772463817,HDFC095478,Salary,BSBD,Active,05-08-2022,,1231579.91,2038675.72
51679050784416,179772463817,HDFC095478,Salary,Basic,Active,10-06-2024,,404998.31,451190.29
808450732685,847546544751,KKBK096588,Savings,BSBD,Active,18-08-2024,,3010604.66,3283083.66
96382541129,847546544751,KKBK096588,Current,Basic,Active,08-02-2024,,3288071.76,4154868.45
9197058631553,500480442043,UTIB060117,Savings,Regular,Closed,25-02-2020,,0.0,0.0
19789572579,392552953071,SBIN068808,Savings,Basic,Active,10-06-2018,,507007.28,1098866.6
12308659542748,651256874387,BARB057642,Current,Regular,Active,19-08-2020,,1405472.14,4554425.78
46715080406,651256874387,BARB057642,Fixed Deposit,Regular,Active,04-06-2018,,9860.65,4011346.72
5327418296603126,421509071923,PUNB081555,Savings,Regular,Active,18-05-2024,,1619593.84,4153589.7
6424471012534238,421509071923,PUNB081555,Savings,BSBD,Active,02-03-2024,,2499658.47,4123514.59
4448622688960219,454592284749,PUNB057879,Current,Premium,Active,03-05-2022,,1465640.46,2704665.58
38527009129479,387370726105,HDFC070057,Savings,Basic,Active,03-09-2020,,1078344.98,1884024.41
74509533956702,387370726105,HDFC070057,Savings,Premium,Active,13-01-2021,,2531194.32,3519628.51
62877140549,610231389341,SBIN054350,Salary,BSBD,Active,15-06-2024,,410139.0,911582.13
77148117844,610231389341,SBIN054350,Savings,BSBD,Active,20-01-2024,,2854956.61,5020686.72
90689301600,308879979256,SBIN091087,Savings,BSBD,Active,08-04-2020,,943700.46,1382736.17
92428837233,308879979256,SBIN091087,Savings,Basic,Frozen,25-11-2022,,0.0,0.0
333116932818,245745843235,ICIC049862,Savings,Premium,Active,17-10-2024,,1699821.38,5452505.68
58531169544208,786883773282,BARB057543,Salary,Basic,Active,11-09-2024,,1497017.99,2972053.06
236417112327,389683241307,CNRB039672,Salary,Regular,Active,10-02-2022,,536086.12,1375294.54
44595349474853,389683241307,CNRB039672,Current,Premium,Active,29-07-2017,,521040.64,1979713.04
25439162442375,883602281642,KKBK062266,Savings,Regular,Frozen,20-12-2024,,0.0,0.0
12003714522,817716347949,BKID087905,Savings,BSBD,Active,28-12-2019,,202370.32,1476244.32
8492649956066,658034033808,BARB083835,Fixed Deposit,Basic,Active,08-05-2024,,2697933.16,3290237.64
80021424105571,870699332982,KKBK088587,Recurring Deposit,Basic,Active,14-10-2024,,1891436.14,2525872.79
71610370559451,497835133599,BKID019016,Savings,BSBD,Active,10-10-2024,,1835523.85,2911116.99
304482784539,252294814541,CNRB095516,Current,Corporate,Active,14-03-2022,,7482702.38,12050245.99
571734303284,252294814541,CNRB095516,Current,Regular,Active,03-08-2015,,924154.19,6334731.3
76664743804023,558541739482,CNRB016965,Current,Corporate,Active,11-11-2020,,2442658.59,11556604.71
538976784017,558541739482,CNRB016965,Current,Corporate,Active,10-03-2023,,11989478.82,4544212.13
9283836170042,858515067612,KKBK050514,Savings,BSBD,Active,02-05-2022,,2135209.27,3352088.47
781708608697,926740138894,ICIC018903,NRE,Regular,Active,16-05-2023,,487969.34,1361336.97
492037049123,926740138894,ICIC018903,Savings,Premium,Active,12-02-2022,,1773042.62,1404791.77
10678562780,607108712347,IOBA065734,Fixed Deposit,Premium,Active,27-10-2023,,990466.32,2844857.9
68540460277464,579167116405,HDFC094007,Salary,Premium,Active,10-03-2023,,258023.57,807362.95
195689437154,553000144339,CNRB033183,Recurring Deposit,Regular,Active,15-03-2023,,1629738.57,2363097.62
355797490543,553000144339,CNRB033183,Savings,Regular,Dormant,12-12-2024,31-12-2024,0.0,0.0
36278373692,270474989452,IOBA077488,Savings,Premium,Dormant,17-07-2024,12-01-2025,194158.77,3040.34
72006764120403,270474989452,IOBA077488,Savings,Basic,Active,06-05-2023,,822393.22,8565359.54
50573747649,924539405083,CNRB061768,Salary,Basic,Frozen,22-08-2022,,0.0,0.0
10357793636,856470734250,BKID067120,Current,Corporate,Active,16-07-2018,,4393963.45,9283191.31
96885701450684,523750829776,BARB019079,Current,Regular,Active,08-10-2023,,77778.76,4638201.34
25425006891277,523750829776,BARB019079,Current,Corporate,Active,03-12-2023,,7244052.83,6650801.64
751877785564,206708589982,ICIC072510,Savings,Premium,Active,31-10-2019,,906849.34,1127696.83
2451155948699273,915054142682,PUNB077449,Savings,Premium,Active,15-01-2019,,2279059.58,1955295.93
86037464279242,318313433783,BARB069370,Savings,Basic,Active,18-09-2023,,1050317.93,3726993.57
699692313231,318313433783,BARB069370,Fixed Deposit,Premium,Active,02-08-2022,,2298009.75,5409704.91
672168838279,528850089728,ICIC058898,Recurring Deposit,Basic,Active,13-08-2024,,768900.15,1959745.27
687537472783,528850089728,ICIC058898,Salary,BSBD,Active,11-12-2024,,2717816.77,3729799.9
501660649001,892150692991,IOBA079716,Fixed Deposit,Premium,Active,25-11-2024,,1470167.44,2975731.5
6535831533039,892150692991,IOBA079716,NRE,Regular,Active,25-11-2024,,2193094.02,4154028.35
59539881487982,962097454796,BARB054420,Recurring Deposit,Basic,Active,24-04-2023,,715430.54,2946548.27
9229776731900,112205653087,UTIB061046,Savings,Regular,Frozen,28-11-2024,,0.0,0.0
316715474840,282986772451,BKID034510,Savings,Regular,Active,04-09-2015,,1965991.43,3125041.98
84211904951209,366145897880,HDFC080710,Salary,BSBD,Active,05-06-2018,,2608698.25,9485654.18
98716832411938,366145897880,HDFC080710,Savings,Basic,Active,05-12-2023,,263589.0,320953.05
567995143426,502603357881,ICIC059900,Salary,BSBD,Active,19-06-2020,,2783319.26,2395621.92
13638064914574,465531776454,HDFC035341,Savings,Regular,Active,02-04-2023,,4610036.45,7111875.63
200915508776,788734270558,ICIC033774,Fixed Deposit,Corporate,Active,17-02-2022,,5099718.06,4120915.33
76371351448689,184577727644,IOBA034123,Fixed Deposit,Regular,Closed,02-08-2020,,0.0,0.0
76998212050,758916092002,SBIN065922,Salary,Regular,Active,12-09-2024,,1878635.67,2712902.47
99197665845,785958465831,BKID078936,Current,Regular,Active,17-01-2022,,798180.56,6644829.57
55321813740016,232679094118,BKID099263,Savings,Regular,Active,18-12-2024,,5970804.51,7146904.46
1358679822201,232679094118,BKID099263,Savings,Basic,Active,11-07-2022,,1096497.83,10451885.87
9294881272129,394936763547,UTIB067810,Salary,BSBD,Active,13-04-2021,,106795.41,1394235.39
9113195879331,394936763547,UTIB067810,Current,Basic,Active,23-12-2023,,1408499.11,2122047.81
55746218262852,517662437018,CNRB066876,Recurring Deposit,Basic,Active,01-01-2022,,1559916.91,2392685.63
77007783861422,502978010924,HDFC029035,Savings,BSBD,Dormant,05-04-2023,17-12-2023,5388.38,68048.25
54872832609719,502978010924,HDFC029035,Salary,Regular,Active,18-09-2021,,737206.17,2003012.58
20781322732327,487190248055,HDFC066460,Savings,Premium,Active,21-07-2022,,2052669.66,2181954.32
66496211281169,487190248055,HDFC066460,Savings,Basic,Active,06-12-2020,,833777.59,2781525.41
23329340287,150648630833,SBIN020776,Fixed Deposit,Corporate,Dormant,23-04-2021,23-04-2021,2021.92,0.0
855242964807,824764689689,ICIC035341,Salary,Regular,Dormant,04-02-2020,14-12-2024,31673.56,143259.11
604796613474,824764689689,ICIC035341,Savings,BSBD,Active,17-06-2023,,2139530.35,3463041.12
69506189563652,412749389579,KKBK025316,Salary,Basic,Active,29-09-2024,,2414657.61,2624782.57
41340507665481,412749389579,KKBK025316,Salary,BSBD,Dormant,11-02-2021,13-03-2022,639.72,0.0
6970459795626,865567740111,BARB011255,Savings,Regular,Active,18-08-2024,,1463538.83,2856279.95
228129767017,183713341456,CNRB040955,Fixed Deposit,Regular,Active,09-06-2022,,5213120.88,5828001.61
7815281289822,183713341456,CNRB040955,Fixed Deposit,Regular,Active,19-11-2024,,2494715.58,16052471.62
365205213520,112500574372,BKID019992,Savings,Regular,Active,01-06-2024,,9199966.72,3743251.53
836853943755,820476566293,KKBK082257,Savings,Basic,Active,01-10-2019,,1623751.36,3639150.08
9147093025658,594751199659,UTIB087998,Savings,Basic,Closed,14-06-2023,,0.0,0.0
640602988315,298817393422,BKID076111,Current,Regular,Active,30-08-2020,,950753.8,2093392.02
9656653286076894,512810231677,PUNB088369,Savings,Regular,Active,20-09-2022,,2430867.38,2830287.95
822988777502,953570686051,ICIC053861,Current,Corporate,Closed,08-03-2021,,0.0,0.0
341744897861,953570686051,ICIC053861,Current,Corporate,Active,06-01-2024,,964002.19,5095690.52
77172052212,269745370058,SBIN010000,Savings,BSBD,Active,12-08-2023,,1864662.57,2322006.32
58123901721,269745370058,SBIN010000,Salary,Regular,Active,11-11-2022,,1438710.77,4374334.7
765315200159,421988880850,ICIC019261,Fixed Deposit,Regular,Active,15-10-2016,,1464631.89,15929627.42
607055032656,421988880850,ICIC019261,Fixed Deposit,Regular,Active,05-11-2022,,2902946.62,12853521.75
75928945732,238689683911,SBIN039891,Savings,BSBD,Dormant,10-09-2022,23-09-2023,301162.27,0.0
39442581606,238689683911,SBIN039891,Savings,BSBD,Active,17-06-2023,,3132552.42,3854912.42
642306522027,250254171960,KKBK057728,Salary,BSBD,Active,20-01-2021,,3425842.4,3027441.04
1807449499300393,477994772818,PUNB026897,Savings,Regular,Active,03-01-2020,,1682789.57,6598550.5
97091994840458,993984483207,IOBA036504,Salary,Regular,Active,19-02-2023,,1085364.91,3766417.12
15450991173,993984483207,IOBA036504,Savings,Premium,Active,06-08-2022,,1578828.11,4046316.58
81517171039,448168542369,BKID063067,Savings,BSBD,Active,10-09-2019,,753317.19,1056329.73
62122907921,448168542369,BKID063067,Savings,Basic,Dormant,14-11-2018,12-12-2020,185786.05,31128.67
6334596620636421,949608463625,PUNB094311,Salary,Basic,Active,13-06-2020,,1615154.8,3683369.86
546694322437,178623787521,CNRB058367,Current,Basic,Active,08-05-2023,,1061451.86,1349671.41
39824810690,178623787521,CNRB058367,Savings,BSBD,Active,10-08-2020,,370049.29,5108299.1
9215020465665,503332911670,UTIB049603,Current,Basic,Active,16-08-2022,,1780168.8,2357332.98
9174417206850,503332911670,UTIB049603,Current,Regular,Active,29-10-2024,,701682.1,4444862.02
156068147841,157051333079,BKID076805,Savings,Basic,Active,09-09-2024,,1820030.92,5323222.53
29883884072,157871289604,SBIN074400,Current,Corporate,Active,04-04-2015,,4621639.93,6423441.89
39998570197,157871289604,SBIN074400,Fixed Deposit,Corporate,Active,19-04-2016,,2243859.26,3467604.71
9262242242124,537830271706,UTIB081739,Salary,BSBD,Active,10-12-2022,,1862208.82,2540160.11
9175792726978,537830271706,UTIB081739,Current,Regular,Active,28-07-2024,,1131802.35,1626750.71
65683504852,337231909240,BARB015866,Recurring Deposit,Basic,Active,27-09-2023,,912766.53,3806927.89
86899349016,921434147370,KKBK047957,Current,Basic,Active,23-02-2020,,629226.16,609549.55
9262863508441,921434147370,KKBK047957,Recurring Deposit,Regular,Active,17-05-2019,,1466225.59,4083621.75
17701668054113,869845785476,HDFC094114,Savings,Premium,Active,21-11-2023,,987626.5,1559614.58
23114210440300,869845785476,HDFC094114,Savings,Basic,Active,03-12-2022,,1442298.57,4130709.47
9558625775408,110466306421,IOBA075971,Salary,Regular,Active,28-11-2024,,1049452.35,2858522.18
716149051972,110466306421,IOBA075971,Savings,Premium,Active,20-12-2020,,1372037.06,2936764.86
75997642430390,985795722461,IOBA089138,Savings,BSBD,Active,09-03-2024,,2189377.91,1785900.41
23041699157293,899099505554,BARB080719,Savings,BSBD,Dormant,19-06-2023,06-02-2024,0.0,602.52
59965446419031,899099505554,BARB080719,Salary,Basic,Active,20-11-2023,,1436493.43,3011907.37
80075168049423,272345299847,IOBA013085,Savings,Regular,Active,14-11-2021,,1469334.86,2546962.14
272556376277,183709936606,BARB091610,Current,Basic,Active,06-05-2024,,2497445.97,3866651.48
31723267016896,183709936606,BARB091610,Savings,Premium,Active,09-03-2024,,1841473.36,2406320.08
9188240937909,533097119868,UTIB029598,Savings,BSBD,Active,30-08-2019,,947442.68,5874164.05
5212096496237,759783494088,BKID016119,Salary,Regular,Active,01-04-2023,,2187389.99,4602165.49
65307377076406,279550614025,HDFC058266,Current,BSBD,Active,26-02-2021,,669494.85,1396403.7
92283296505364,279550614025,HDFC058266,Savings,Basic,Active,17-11-2018,,2474064.36,4015039.31
391181944812,256202901078,ICIC017321,Savings,Premium,Active,28-03-2023,,2056498.39,3461739.42
539482766843,204244055071,CNRB042393,Savings,Premium,Active,22-11-2024,,1061804.85,3764782.52
19758712722,204244055071,CNRB042393,Salary,BSBD,Active,10-09-2024,,3025220.98,4485195.78
990444630540,268412702139,IOBA058353,Current,Regular,Frozen,26-12-2023,,0.0,0.0
68422183155430,268412702139,IOBA058353,Current,Regular,Active,06-04-2021,,2052040.97,4631322.77
9274233961631,746647946032,UTIB081395,Fixed Deposit,Regular,Active,13-11-2021,,1483855.96,19387704.2
675282234595,439316264993,ICIC060234,Savings,BSBD,Active,08-11-2023,,2589056.98,4293914.25
996644021626,439316264993,ICIC060234,Salary,Regular,Active,20-09-2023,,1766347.4,1732963.37
83514709658797,241158401054,IOBA028673,Savings,Regular,Active,21-02-2017,,455125.93,2156511.97
2579575553423,241158401054,IOBA028673,Savings,Basic,Active,03-05-2018,,1215930.32,2238501.15
69935723348,369453858469,BARB095493,Savings,Basic,Active,09-01-2024,,1095887.16,2829644.63
21070891174087,801079324264,KKBK023609,Savings,Premium,Active,25-01-2024,,139287.61,389214.84
97941868273641,101698333179,BARB077567,Current,BSBD,Active,31-08-2022,,1592209.48,2095191.97
55266489510477,635324363084,IOBA036407,Fixed Deposit,Corporate,Active,02-10-2018,,5350274.89,1393920.73
92358290335360,370546073012,KKBK025556,Fixed Deposit,Corporate,Active,03-11-2024,,2621489.43,7444902.53
43597757398,370546073012,KKBK025556,Fixed Deposit,Regular,Active,11-12-2024,,1900125.3,4682267.84
270855480480,870985270886,KKBK053795,Current,Basic,Active,07-10-2024,,757893.9,1231185.37
4007074395051928,684880704104,PUNB092475,Salary,Basic,Active,16-07-2023,,2188233.76,4629206.74
95768638160,246258145352,SBIN094164,Savings,Regular,Dormant,18-07-2022,25-05-2023,0.0,0.0
74550433924,246258145352,SBIN094164,Salary,Premium,Active,12-02-2020,,4223560.9,4955588.53
12778842038,663172415630,KKBK080946,Current,Premium,Active,20-08-2024,,425436.61,997330.74
9192116321979,679711087803,UTIB087369,Savings,Premium,Active,01-09-2022,,2022093.79,8991775.68
9288028979885,679711087803,UTIB087369,Savings,Basic,Active,17-08-2024,,7778725.46,6363491.04
5176619665184590,231119756271,PUNB048718,Savings,Basic,Active,30-03-2023,,3388012.3,4048903.62
7535450469578921,231119756271,PUNB048718,Fixed Deposit,Basic,Active,27-10-2023,,666142.93,824104.03
90542314153087,766857427887,HDFC046675,Savings,Premium,Active,31-05-2024,,2621583.4,3273402.76
38196896071912,766857427887,HDFC046675,Current,Basic,Active,09-07-2024,,229947.45,2091871.83
873545386348,126473487539,BKID020343,Salary,Premium,Active,19-09-2018,,1097553.13,1694452.54
29522827421044,126473487539,BKID020343,Salary,Premium,Frozen,26-06-2021,,0.0,0.0
5967849767535,794528064490,CNRB046120,Current,BSBD,Active,10-03-2022,,2141387.87,1861270.15
51757774883,794528064490,CNRB046120,Salary,BSBD,Active,26-10-2022,,255052.22,1766122.18
351821045420,463276652218,ICIC053496,NRE,Regular,Active,08-04-2020,,1707480.23,2573521.8
398962570344,463276652218,ICIC053496,NRO,Regular,Active,23-05-2016,,294433.64,6632294.92
800794288799,145094035466,KKBK043842,Fixed Deposit,Corporate,Active,02-03-2020,,13709914.7,10946411.77
434715976863,145094035466,KKBK043842,Current,Corporate,Frozen,10-03-2020,,0.0,0.0
9192691626905,389301647568,UTIB018849,Salary,Premium,Closed,29-05-2015,,0.0,0.0
9171633088441,389301647568,UTIB018849,Fixed Deposit,Regular,Active,18-06-2017,,1322145.11,2882379.07
58919290505895,227517658795,HDFC025262,Savings,Basic,Active,20-10-2023,,2294485.66,3026664.2
91073635055179,227517658795,HDFC025262,Fixed Deposit,Regular,Dormant,22-02-2022,28-08-2022,0.0,0.0
9485118954357657,133088159108,PUNB019505,Salary,Premium,Active,25-10-2023,,1398357.03,3818765.79
1721615334334750,468407369311,PUNB037188,Savings,Basic,Active,12-06-2023,,648688.51,1036360.84
9269495617672,596735553079,UTIB038232,Fixed Deposit,BSBD,Active,25-09-2022,,1177429.65,1940301.78
6884629596684496,729485555045,PUNB067014,Current,Premium,Active,01-08-2022,,643895.55,1797367.87
686697308701,487002113558,ICIC037906,Current,Corporate,Active,18-11-2024,,5710303.42,6593053.86
179731820072,487002113558,ICIC037906,Fixed Deposit,Regular,Active,06-07-2024,,4623121.15,8542844.93
4919415832931134,363791975027,PUNB098405,Savings,Regular,Dormant,01-12-2022,31-12-2022,528543.51,93322.09
63480421398964,881553571017,HDFC016662,Salary,BSBD,Active,25-05-2023,,2425849.2,3607470.17
49091562857434,881553571017,HDFC016662,Savings,Basic,Active,15-01-2023,,1120935.36,1084445.29
431254764442,168123579921,BKID022527,Salary,Premium,Active,07-04-2021,,539528.36,2164508.3
8406387487553,168123579921,BKID022527,Savings,Regular,Active,21-01-2024,,1295972.18,1000736.98
24838933303565,354822688222,HDFC065642,Current,BSBD,Active,29-12-2024,,229552.52,1470225.05
11545506438573,354822688222,HDFC065642,Salary,Regular,Active,17-06-2024,,2576779.28,2886647.04
8380989031136,558002104942,CNRB052980,Current,Basic,Active,26-08-2020,,1550294.08,4708423.41
49696703580,208810126921,SBIN037040,Current,Regular,Frozen,12-07-2016,,0.0,0.0
24695318683,208810126921,SBIN037040,Current,Regular,Active,03-12-2022,,48476.18,336203.87
882020766250,422470325574,ICIC043408,Savings,Basic,Active,12-11-2023,,579704.94,1903295.84
9984217173695570,736897708172,PUNB061702,NRE,Regular,Active,18-12-2022,,4385318.56,6033755.56
5386013473279377,736897708172,PUNB061702,NRE,Regular,Active,25-11-2022,,2660816.85,3841025.89
85074131205,697218001495,KKBK099439,Savings,Regular,Active,15-03-2022,,1686500.54,2127417.06
841688690797,697218001495,KKBK099439,Savings,Premium,Active,20-12-2018,,1986119.55,3337087.18
920846621208,544075472921,ICIC096350,Savings,Basic,Active,12-06-2021,,2051561.05,3828707.91
52592514624,816241294626,CNRB059713,Savings,BSBD,Active,13-08-2019,,736257.8,3209390.65
43893532342,816241294626,CNRB059713,Recurring Deposit,Basic,Active,06-06-2024,,1132942.23,1386833.47
32252682044,535780520721,BARB066626,Savings,Regular,Active,18-11-2023,,975761.36,3642085.28
13026939019,535780520721,BARB066626,Salary,Regular,Active,04-10-2022,,2888432.69,2738146.57
24234345625,283695007893,SBIN096670,Fixed Deposit,BSBD,Active,07-01-2021,,3164849.87,5606505.92
63325673253,283695007893,SBIN096670,Salary,Regular,Active,25-08-2022,,801179.25,1376200.45
69514087429728,739508268134,HDFC048596,Current,Basic,Active,06-12-2023,,2033828.76,2535408.03
47638575795749,739508268134,HDFC048596,Fixed Deposit,BSBD,Frozen,16-01-2023,,0.0,0.0
4783856126847550,718914348176,PUNB064019,Savings,Regular,Active,28-05-2023,,502095.18,838716.99
688367932547,759233345872,IOBA094950,Current,Premium,Active,10-12-2020,,2070638.17,2322496.17
72697830462,759233345872,IOBA094950,Savings,BSBD,Active,16-12-2017,,1041907.94,936341.0
98629098045,446407135130,IOBA071332,Fixed Deposit,Basic,Active,11-12-2024,,1484184.34,834079.39
42180667111,346409568721,SBIN084865,Salary,Regular,Active,14-11-2023,,1136692.47,2712872.06
21259930107,346409568721,SBIN084865,Fixed Deposit,Regular,Active,25-01-2021,,491400.98,460258.33
70492684323964,150907514945,HDFC064268,Savings,Basic,Active,03-04-2024,,2492165.3,3689088.2
8270377069162,952045178443,KKBK092557,Salary,BSBD,Active,07-04-2022,,1268571.16,2291252.86
34014811872,952045178443,KKBK092557,Savings,Premium,Active,19-02-2020,,1328668.91,1357401.43
91731340889,416729011583,BARB075223,Recurring Deposit,Premium,Active,03-04-2023,,4381666.15,5924732.26
1913027692841336,220467793875,PUNB063052,Recurring Deposit,Basic,Active,28-01-2023,,1190195.36,1963979.67
447742012507,550584054358,IOBA064588,Savings,Basic,Dormant,25-05-2024,05-09-2024,797.35,4838.06
64359784472,550584054358,IOBA064588,Recurring Deposit,Regular,Active,15-06-2022,,1617705.98,2324980.08
771797993859,963088850068,ICIC057318,Fixed Deposit,Regular,Active,02-05-2024,,522448.7,2247562.72
22681084732142,153827604731,HDFC059509,Current,Regular,Active,11-02-2022,,1575979.52,5869246.75
23645260937122,481694264433,BKID031322,Savings,Premium,Active,21-08-2024,,2660487.03,4287483.64
72085450461,481694264433,BKID031322,Fixed Deposit,Premium,Active,31-05-2024,,3111959.5,4570608.55
5425071407849,276003780832,IOBA053353,Salary,Premium,Active,04-09-2024,,2271096.95,2093999.94
1898020009869,905043431015,IOBA021457,Savings,Regular,Active,19-12-2022,,657339.8,2170869.18
45151645356,905043431015,IOBA021457,Savings,Basic,Active,10-06-2023,,482830.08,3266770.58
98433125720272,211857440734,KKBK049684,Savings,Regular,Active,12-11-2022,,684474.76,1911747.79
7232345854407,211857440734,KKBK049684,Recurring Deposit,Regular,Active,28-06-2020,,953190.95,1601514.58
93698103647,284478297406,KKBK030594,Salary,Basic,Active,10-10-2023,,16338068.79,4128294.03
24206471434,566001189652,SBIN021801,Savings,Regular,Active,21-01-2021,,1239093.04,1470431.16
52407195175,566001189652,SBIN021801,Recurring Deposit,Basic,Active,22-01-2024,,2389551.03,2151543.98
4002919588710413,704034272038,PUNB087816,Salary,BSBD,Active,22-04-2022,,2109806.25,2499274.58
3973132811893831,704034272038,PUNB087816,Salary,Basic,Active,23-07-2024,,621021.78,1464451.49
43828968517768,369325881149,BKID058273,Fixed Deposit,BSBD,Active,01-11-2017,,3961443.78,3958996.43
26724800207,369325881149,BKID058273,Savings,Premium,Active,03-08-2024,,1580290.76,1541356.41
44653083196,464663898748,SBIN043225,Savings,Premium,Active,09-06-2024,,1474231.57,1862479.48
70514062128,464663898748,SBIN043225,Salary,Basic,Active,11-04-2023,,5273883.77,3470665.8
29924311048118,282034576891,HDFC024647,Current,Regular,Active,10-01-2023,,7966037.77,10391555.85
64945481808400,282034576891,HDFC024647,Current,Corporate,Active,09-09-2023,,1952247.12,5232528.97
6238542136651546,906750034890,PUNB078194,Salary,BSBD,Active,17-03-2017,,1882635.31,2387069.44
4498953018202,708342706859,BARB034918,Savings,Basic,Active,02-07-2024,,232269.22,944978.1
8415867451571,708342706859,BARB034918,Fixed Deposit,Regular,Active,16-12-2024,,296833.01,2412794.56
95491593154,290258784921,KKBK035978,Savings,Premium,Active,26-12-2015,,1589858.58,3227115.74
9247165892269741,757647407383,PUNB047195,Current,Premium,Active,02-12-2024,,2302156.95,5583421.98
5206431853880307,757647407383,PUNB047195,Current,BSBD,Active,29-03-2023,,2178060.01,3014637.96
9291000579924,657267010258,UTIB063997,Savings,Premium,Active,24-02-2022,,1419200.32,3129777.71
9196767127014,657267010258,UTIB063997,Salary,BSBD,Active,20-06-2021,,610267.48,2195477.72
5752922423554592,253515453142,PUNB080397,Current,BSBD,Active,04-11-2021,,926952.2,1496825.52
9151913863138801,253515453142,PUNB080397,Savings,Premium,Active,27-03-2023,,1562703.78,3214536.87
32121937018,275327545125,SBIN098904,Salary,Regular,Active,22-02-2024,,1244673.94,2174066.94
9149091404115,485307930882,UTIB018781,Salary,Basic,Active,12-03-2023,,766871.12,246937.3
9253939716528,485307930882,UTIB018781,Recurring Deposit,Regular,Dormant,22-09-2023,10-03-2024,42776.85,74042.75
312956260260,361037034587,BARB051650,Savings,Regular,Active,02-12-2020,,712261.75,2488949.42
96365256865,361037034587,BARB051650,Salary,BSBD,Active,09-06-2018,,1246941.76,3528371.92
27257885335658,637135840553,HDFC066813,Current,Premium,Active,23-09-2023,,1047012.94,1866554.42
62696559720970,637135840553,HDFC066813,Savings,Basic,Active,13-03-2023,,900113.58,1737204.33
1573226149488,436277027831,BKID049798,Savings,BSBD,Active,29-10-2022,,414012.53,760396.49
22598608200867,367275197981,IOBA010134,Salary,Regular,Active,24-12-2024,,5155970.82,4863799.18
276328660995,903856791884,ICIC025765,Salary,Basic,Active,04-08-2024,,907160.18,3167876.89
520846018963,903856791884,ICIC025765,Current,Basic,Active,14-02-2022,,2526019.58,4029469.34
34219755488,359879056259,IOBA016649,Salary,BSBD,Active,11-12-2024,,2010447.25,4402968.44
6580640313802345,498302474470,PUNB088308,Salary,BSBD,Active,03-01-2017,,2266056.35,3211997.56
115311375567,344357783111,BKID071038,Fixed Deposit,Regular,Active,25-04-2024,,924913.84,2365654.52
3643353137799201,672373646494,PUNB082341,Fixed Deposit,Basic,Active,18-10-2021,,1462061.51,2733534.58
1971215157035574,672373646494,PUNB082341,Recurring Deposit,BSBD,Active,18-04-2022,,3273138.62,3863013.99
8376001512512798,865920423817,PUNB037955,Fixed Deposit,BSBD,Dormant,03-04-2024,05-05-2024,1868.88,7256.33
99727075842,155352830257,SBIN085478,Current,Corporate,Active,19-02-2021,,3738530.61,1074962.17
6408380788810,505798378923,KKBK049284,Salary,Regular,Active,14-11-2024,,2033606.19,1824128.39
34347890301438,505798378923,KKBK049284,Savings,BSBD,Active,14-11-2024,,1921951.46,3403477.09
8781104939637006,978979660301,PUNB086810,Savings,Basic,Active,07-05-2024,,1704936.64,1917905.17
95510082151,874788775251,KKBK028152,Fixed Deposit,Regular,Active,05-09-2021,,852280.57,2213410.19
2355762779495481,629766763874,PUNB044917,Recurring Deposit,Basic,Active,01-06-2024,,501988.83,6205477.4
7665384352239592,629766763874,PUNB044917,Recurring Deposit,Basic,Active,12-01-2019,,4488436.53,2698675.02
2286112659543,735196040580,IOBA068397,Current,Regular,Active,30-04-2024,,4231850.24,6475737.55
362213345836,735196040580,IOBA068397,Salary,Regular,Active,05-05-2024,,1752898.63,2134408.0
18195557092689,776547820028,KKBK072896,Current,Basic,Active,04-02-2019,,1253340.83,4347198.86
4005884089653,542114442714,IOBA078252,Salary,BSBD,Active,07-03-2020,,4833122.68,5056224.95
916015709867,495135148719,ICIC049599,Savings,Basic,Active,11-05-2019,,639904.92,2436742.81
208293328549,495135148719,ICIC049599,Salary,Regular,Dormant,06-07-2019,18-03-2020,0.0,0.0
62091482895,652610178781,SBIN081993,Fixed Deposit,Basic,Active,08-11-2022,,1694931.45,4941944.96
71602422600,652610178781,SBIN081993,Recurring Deposit,Regular,Active,15-03-2020,,2408451.99,3612797.23
19564469458548,666852638813,BARB078237,Savings,Regular,Active,30-05-2023,,15246171.05,10447901.23
91040524191,666852638813,BARB078237,Savings,Basic,Active,24-05-2021,,5727182.9,12072312.08
94181529100952,954044632918,BKID065661,Recurring Deposit,Basic,Active,17-07-2024,,1492160.01,3168956.91
3447958768189,954044632918,BKID065661,Current,Regular,Active,29-07-2023,,1451213.92,3301809.71
324939375007,333778888345,ICIC075374,Recurring Deposit,Regular,Active,05-03-2021,,2031806.34,2505127.42
212352397209,333778888345,ICIC075374,Fixed Deposit,BSBD,Active,17-12-2024,,926743.57,4273092.65
7033079424427,933084176838,CNRB060252,Savings,BSBD,Active,01-12-2023,,1319077.51,3015740.01
789119351378,933084176838,CNRB060252,Current,BSBD,Active,21-06-2023,,964044.13,1750685.38
25559563575324,648975924643,BARB017475,Fixed Deposit,Premium,Active,12-08-2020,,857219.65,1170271.94
4792428380083,648975924643,BARB017475,Savings,BSBD,Active,24-01-2023,,2479161.26,2775687.08
59313425945,763866095072,CNRB062522,NRE,Regular,Active,30-12-2023,,582924.51,2991518.0
542934753624,991179012330,BKID073482,Savings,Regular,Active,22-12-2023,,2119824.48,2893376.12
1481191384346357,204539588849,PUNB065352,Current,BSBD,Active,20-05-2023,,671550.17,3101724.08
2746679005491154,580683414158,PUNB036901,Recurring Deposit,Regular,Dormant,22-12-2018,06-11-2023,0.0,0.0
6348003908659,526963136825,BKID040804,Savings,BSBD,Active,21-12-2023,,914099.78,3271037.83
32936839873978,526963136825,BKID040804,Current,Premium,Active,04-10-2024,,960167.61,4747896.54
24027006724,596228084882,SBIN020659,Salary,BSBD,Active,12-11-2023,,1354384.66,4149566.49
17611887183,414445102119,BKID073533,Current,Premium,Dormant,28-02-2022,22-02-2024,8955.52,152462.25
25323914122,455540749172,CNRB075784,Salary,Regular,Active,11-06-2021,,755444.5,6114010.0
9864042789032,455540749172,CNRB075784,Savings,BSBD,Active,12-04-2022,,1707581.41,1127145.05
44840486542483,113593924473,HDFC050286,Salary,Regular,Active,24-09-2019,,1702472.03,2107806.67
45103561651413,113593924473,HDFC050286,Savings,BSBD,Active,18-12-2016,,1632869.55,2900993.14
947279427574,859729051936,CNRB029652,Fixed Deposit,Regular,Active,15-06-2019,,944532.97,1691236.69
272675196754,859729051936,CNRB029652,Salary,Basic,Active,22-10-2023,,2747637.63,3616546.31
92931175252,215867650349,SBIN072687,Salary,Basic,Active,17-09-2018,,734526.89,2856063.59
77733205230,215867650349,SBIN072687,Salary,Premium,Active,18-05-2024,,1352999.08,4651288.69
4293266214613,911279042976,CNRB068965,Current,Basic,Active,26-02-2019,,704993.51,3298867.73
763142596996,911279042976,CNRB068965,Current,Basic,Active,08-08-2018,,2801935.36,4833057.75
21656151849188,512957515494,BARB011194,Recurring Deposit,Regular,Active,02-04-2020,,2435213.31,4958609.73
13917656670,194386497722,SBIN077823,Salary,Basic,Active,27-03-2024,,15402649.36,11127190.31
81957423866346,489797370291,HDFC083823,Savings,BSBD,Active,28-12-2023,,664267.54,845152.61
75226311970914,435812175642,BARB018851,Fixed Deposit,Regular,Active,06-06-2019,,1782866.59,1064546.25
1558623132993366,143108536673,PUNB018954,Fixed Deposit,BSBD,Active,20-04-2021,,1602660.36,2134164.36
3730298834523772,143108536673,PUNB018954,Savings,BSBD,Active,12-03-2023,,1096498.5,1346684.74
8386298727378,797159085033,KKBK080302,Fixed Deposit,Premium,Active,12-12-2024,,2420378.71,2007160.84
2536493820548178,450179873112,PUNB042594,Current,Regular,Active,28-06-2016,,1726314.31,12547872.19
9132685887393,475586887300,UTIB077512,Current,BSBD,Active,14-03-2023,,2385776.52,5565097.06
9288655687084,475586887300,UTIB077512,Savings,BSBD,Active,28-11-2023,,576871.52,2738779.1
83975582936,922223372894,SBIN053649,Recurring Deposit,Basic,Active,01-04-2023,,2473938.79,1859683.73
61788796635,922223372894,SBIN053649,Savings,Regular,Dormant,26-07-2024,26-02-2025,148958.17,1299.31
9168625341570,965392644206,UTIB094684,Fixed Deposit,BSBD,Active,13-05-2021,,2629878.47,5029769.7
220697401074,782062923938,KKBK019384,Recurring Deposit,Basic,Active,17-10-2024,,1000144.27,1868117.53
3923573903304,981427026919,IOBA061870,Savings,Premium,Active,16-06-2023,,1703338.85,1578147.11
45455940821,981427026919,IOBA061870,Savings,BSBD,Frozen,13-07-2023,,0.0,0.0
48433155118369,768173228258,HDFC053119,Recurring Deposit,BSBD,Active,29-08-2018,,1738841.82,2357229.48
66274103125321,768173228258,HDFC053119,Savings,Basic,Active,27-05-2024,,239483.08,5232401.24
92175597595,169739111123,BARB036250,Salary,Regular,Active,02-09-2021,,3456130.71,4974318.61
9897296599481,169739111123,BARB036250,Salary,BSBD,Active,22-12-2024,,1030011.77,2995905.15
4865151857630891,651626861138,PUNB064602,Savings,Regular,Active,05-10-2020,,1918624.25,2655060.22
7479713017714938,651626861138,PUNB064602,Salary,Premium,Active,11-12-2021,,2010591.2,3733755.57
1798986969429,755577195594,BARB030974,NRE,Premium,Dormant,21-09-2016,12-05-2017,34739.8,14440.07
533897372477,584932046361,KKBK046096,Savings,Premium,Active,24-05-2022,,1301622.82,1404338.6
39272234854716,584932046361,KKBK046096,Fixed Deposit,Premium,Active,18-12-2022,,895506.91,2558793.86
810617781172,716397738958,ICIC090744,Savings,Premium,Active,22-06-2017,,1379826.06,4268821.07
174969396746,716397738958,ICIC090744,Fixed Deposit,Basic,Active,22-08-2021,,714282.66,1942863.25
729792184326,758336641777,ICIC022674,Savings,Regular,Dormant,01-11-2023,02-04-2024,0.0,38960.93
490899820819,758336641777,ICIC022674,Savings,Regular,Active,05-04-2023,,2528078.11,3120581.41
9198752323666,723927062375,UTIB014518,Current,Regular,Active,08-12-2020,,1049869.38,2985818.19
7979046137903,340793730858,IOBA037282,Savings,Regular,Closed,19-04-2024,,0.0,0.0
10122393432508,340793730858,IOBA037282,Savings,BSBD,Active,23-06-2023,,1487865.06,1104244.82
9920250257641,574949064564,IOBA010392,Current,Corporate,Active,25-05-2021,,13642767.7,14494822.66
653011928099,574949064564,IOBA010392,Current,Regular,Frozen,12-10-2022,,0.0,0.0
32228453630,674812302179,CNRB031415,Fixed Deposit,Corporate,Active,09-12-2019,,11135541.52,15692125.0
656098313994,674812302179,CNRB031415,Current,Corporate,Active,27-06-2016,,5554341.01,6661562.05
7413520002654347,640128839308,PUNB080163,Salary,Premium,Active,26-09-2018,,1258220.26,3905940.09
369131914714,597525656201,ICIC041910,Fixed Deposit,Regular,Active,01-08-2022,,495845.67,1787325.42
786815466139,597525656201,ICIC041910,Recurring Deposit,Basic,Active,17-10-2018,,460314.91,1236424.13
48158016115880,119399956008,CNRB078641,Salary,Basic,Active,13-09-2022,,2666234.33,2741977.94
562661366858,130261082456,ICIC042891,Fixed Deposit,Corporate,Active,09-08-2017,,1773076.42,4224745.77
3974741368724,512104472080,CNRB041475,Savings,BSBD,Active,23-10-2024,,888669.09,1904591.27
138514056661,512104472080,CNRB041475,Savings,Regular,Active,18-08-2024,,313478.03,1052658.79
81534261225,416530426795,KKBK020704,Fixed Deposit,Corporate,Active,12-10-2021,,2773157.97,3081219.54
87096582818,416530426795,KKBK020704,Fixed Deposit,Regular,Active,11-02-2024,,1774172.72,12733643.99
7482645452454,973598018575,KKBK099394,Savings,BSBD,Active,27-01-2019,,869963.16,1057782.16
7233731132775,973598018575,KKBK099394,Recurring Deposit,BSBD,Active,20-04-2023,,1918727.47,3869492.49
9605455002702507,226541155170,PUNB097586,Current,Regular,Active,05-05-2023,,558584.05,1433051.34
2101449292202898,226541155170,PUNB097586,Fixed Deposit,Regular,Active,26-05-2022,,106907.57,1696589.82
13562612594421,602701341446,BARB096113,Current,Regular,Active,30-11-2021,,2359960.2,14285844.21
769504498061,602701341446,BARB096113,Fixed Deposit,Regular,Active,15-04-2022,,11038024.32,8158619.18
7289513844882,627553801554,BKID040240,Savings,Basic,Active,17-05-2024,,2172561.41,3031716.65
11119760696,627553801554,BKID040240,Recurring Deposit,BSBD,Active,09-12-2023,,2115809.3,1479209.89
180243531017,538458745935,KKBK095113,Current,Basic,Active,09-12-2022,,1887403.93,3464529.52
515707635254,538458745935,KKBK095113,Recurring Deposit,Basic,Active,28-04-2024,,985336.18,2001798.05
7631783149103316,254098695953,PUNB052975,Salary,Basic,Active,25-09-2017,,349295.77,885395.55
73931665082294,222899672980,IOBA026214,Savings,Premium,Active,11-01-2020,,1764716.35,2925961.74
39487274363488,222899672980,IOBA026214,Savings,Premium,Frozen,15-02-2019,,0.0,0.0
9185993294830259,672635381821,PUNB082012,Savings,Premium,Active,17-02-2024,,1367257.29,2932560.51
4052231118522177,672635381821,PUNB082012,Salary,Premium,Active,31-05-2024,,3955651.64,3903303.03
1622860209770,259748507237,KKBK063679,Salary,BSBD,Active,25-03-2024,,5545988.83,6483459.43
791324642036,546487119620,ICIC043943,Salary,Premium,Active,30-09-2024,,861550.5,1018911.17
262635047603,935136636925,ICIC061386,Savings,Basic,Active,03-11-2022,,1111178.24,1853498.51
655947957308,935136636925,ICIC061386,Salary,Basic,Active,25-12-2022,,1037351.15,2759089.52
41176811976928,714357626173,HDFC092352,Salary,Premium,Active,13-01-2021,,952433.99,4867988.78
84557526184084,714357626173,HDFC092352,Savings,Regular,Active,16-07-2020,,2841970.53,3791670.55
895898011294,628962491950,ICIC044522,Current,Basic,Active,08-11-2022,,383475.18,1354407.5
241622823047,628962491950,ICIC044522,Salary,Premium,Active,05-09-2023,,5166711.13,7003064.88
577995271782,315329341346,CNRB029921,NRO,Premium,Active,19-01-2024,,935163.26,2205090.58
37375102398759,315329341346,CNRB029921,Fixed Deposit,Regular,Dormant,13-09-2024,22-02-2025,7423.1,200173.42
9169039600825,714670702948,UTIB041508,Salary,BSBD,Active,02-09-2023,,720758.56,1512639.48
9263861526937,714670702948,UTIB041508,Current,Basic,Active,16-12-2020,,501752.85,675227.61
814674002508,162253905574,BARB025267,Savings,Premium,Active,04-09-2021,,3634782.09,5729514.66
50758221150,800091732365,IOBA085278,Fixed Deposit,BSBD,Active,13-10-2024,,3842446.63,5537694.29
5941416903858607,428574468115,PUNB097953,Savings,BSBD,Active,18-01-2020,,2527009.83,6177572.7
7184754153379145,428574468115,PUNB097953,Savings,Regular,Active,14-12-2021,,701289.22,1044448.62
71289285339,562497105219,SBIN061385,Current,Basic,Closed,06-08-2024,,0.0,0.0
34893901522,562497105219,SBIN061385,Savings,Regular,Active,06-05-2023,,945103.87,2287341.95
9203859678777,559791878009,UTIB043874,Current,Corporate,Active,02-12-2015,,7464535.37,2908120.1
9202009574667,559791878009,UTIB043874,Current,Regular,Frozen,20-05-2022,,0.0,0.0
2697200028578727,849526917562,PUNB069749,Current,Basic,Active,22-06-2019,,791132.25,2270701.59
5017413794094,982838612216,CNRB076133,Fixed Deposit,Regular,Active,17-11-2024,,10561965.3,6425646.27
119011337329,809520756917,IOBA018866,Savings,Basic,Active,22-09-2022,,1135033.26,2594270.5
2650214612648,883416444658,CNRB070850,Savings,Basic,Active,03-08-2018,,306765.1,839403.48
37797958692,883416444658,CNRB070850,Recurring Deposit,BSBD,Active,03-11-2023,,388217.75,2801195.87
12563350706,338626776834,BKID093615,Fixed Deposit,Premium,Active,23-05-2021,,2126915.75,2533421.95
20039127873,455386928683,SBIN026456,Savings,BSBD,Active,23-08-2023,,272775.45,738532.35
60562410375,455386928683,SBIN026456,Salary,Basic,Active,09-07-2023,,6016271.04,1959441.19
968563850614,398297323586,ICIC021657,Savings,BSBD,Active,26-07-2024,,3281422.8,4530349.55
4658041864008,882753447390,CNRB067254,Current,Regular,Dormant,25-10-2023,19-12-2023,0.0,7375.63
1937119570729,791827355649,CNRB083311,Recurring Deposit,BSBD,Active,18-10-2019,,3801271.15,5518242.21
48879957397,791827355649,CNRB083311,Savings,Basic,Active,29-05-2021,,970002.63,3122965.44
95700610462,619058921407,SBIN060519,Current,Regular,Dormant,08-09-2021,14-11-2022,74522.68,7201.74
32740439876,798081185981,SBIN026385,Savings,Regular,Active,10-06-2022,,1306689.49,3327667.38
76413951641248,648623938328,HDFC053802,Salary,Premium,Active,16-07-2022,,3036476.05,5040213.9
61909474832424,648623938328,HDFC053802,Salary,Basic,Active,11-10-2021,,1101989.15,1202302.65
9583969303266,315812707592,CNRB067317,Current,Corporate,Active,07-03-2021,,7342511.86,5151147.78
837817458086,315812707592,CNRB067317,Current,Regular,Active,29-07-2022,,1303662.85,10555878.05
7433972054894312,320632623720,PUNB075196,Salary,BSBD,Active,16-10-2024,,130245.45,987936.24
9251910967543063,320632623720,PUNB075196,Fixed Deposit,Premium,Active,26-11-2024,,1504804.58,4154625.06
6172527456763156,797689942426,PUNB064931,Savings,Basic,Active,15-01-2021,,119739.13,1292196.58
2411613363339101,797689942426,PUNB064931,Savings,Basic,Closed,05-12-2021,,0.0,0.0
9275464185116,905077838984,UTIB025335,Fixed Deposit,Regular,Active,19-12-2023,,647352.46,11910050.96
92095371649,631188293772,BKID023947,Savings,Regular,Active,20-08-2024,,1926451.16,1895398.75
39529195295,688421352757,BARB030560,Fixed Deposit,Corporate,Dormant,12-04-2023,22-11-2024,0.0,0.0
9255997563901,688421352757,BARB030560,Fixed Deposit,Regular,Active,20-11-2022,,940295.45,2285099.18
34004254668043,551094272568,IOBA053968,Savings,BSBD,Active,27-08-2023,,1979150.75,3068665.28
8222522037389,551094272568,IOBA053968,Savings,Regular,Active,30-06-2019,,2284888.05,3377213.03
8104046611560,652638837989,IOBA025428,Salary,Basic,Active,16-12-2022,,168627.97,2230786.83
82677326336,315822038610,SBIN047674,Savings,BSBD,Active,24-10-2024,,930566.03,2576566.37
75881322629,315822038610,SBIN047674,Salary,BSBD,Active,23-12-2024,,729265.27,612129.24
79307744977,834164565084,SBIN026335,Savings,BSBD,Active,11-06-2019,,2112563.07,5895767.2
867962742756,198434218021,ICIC062652,Recurring Deposit,BSBD,Active,11-04-2024,,879549.13,2571945.99
255465750215,198434218021,ICIC062652,Savings,Basic,Active,26-05-2023,,1184325.15,3711706.18
283212947645,323637723946,ICIC066152,Savings,Premium,Active,20-06-2023,,1478559.38,4166784.68
468102897159,328375944799,ICIC011716,Recurring Deposit,Basic,Active,22-06-2024,,1257349.22,3089959.31
729199554435,328375944799,ICIC011716,Savings,Regular,Active,04-08-2024,,1435315.65,2308976.96
4876345077095,197117889864,KKBK026962,Savings,BSBD,Active,30-01-2020,,1613049.05,2886813.55
75832292328998,197117889864,KKBK026962,Salary,BSBD,Active,15-05-2020,,543142.92,2005752.33
9392284928598,667619596466,BKID024977,Salary,BSBD,Active,02-01-2023,,2022947.31,2340507.77
836023548948,487204554249,CNRB046889,Salary,Basic,Active,05-09-2023,,422786.78,481685.23
90777226099,282414724655,SBIN014008,Fixed Deposit,Premium,Active,03-05-2021,,1748173.26,2379716.58
800039438936,598670699152,IOBA032117,Salary,BSBD,Active,07-11-2024,,1173969.3,2635822.07
960376082383,894348195155,BKID055810,Savings,Regular,Active,17-02-2018,,1383021.86,2071081.82
1707827471551,331796485547,BARB026578,Fixed Deposit,Basic,Active,21-09-2023,,4730340.35,5197263.36
776631065530,331796485547,BARB026578,Savings,Regular,Active,02-06-2024,,2493771.45,2062637.93
2796439422484,843981940170,KKBK010672,Current,BSBD,Active,19-01-2018,,2619999.04,4335047.13
42428347269,843981940170,KKBK010672,Salary,Premium,Active,06-02-2023,,1952590.72,2948437.84
4099368472786,392194692713,IOBA053361,Salary,Premium,Active,20-10-2024,,646562.23,3158653.66
96537093912707,392194692713,IOBA053361,Savings,Regular,Frozen,09-02-2022,,0.0,0.0
4376646041442,821793208826,BARB029414,Salary,Regular,Active,12-10-2023,,744854.48,1612426.69
17616418460427,138909195481,HDFC092098,Savings,Basic,Frozen,29-11-2019,,0.0,0.0
26267671756916,138909195481,HDFC092098,Current,Premium,Active,27-12-2018,,1477759.16,4757486.69
703319274656,448431348465,BKID013829,Current,Basic,Active,28-06-2022,,1162574.33,5090957.4
34079251726955,448431348465,BKID013829,Fixed Deposit,Basic,Active,27-04-2023,,1654068.91,3558014.56
9102698474801,253961219238,UTIB094370,Savings,BSBD,Active,05-04-2024,,2588256.92,3298952.5
9122271234376,253961219238,UTIB094370,Savings,BSBD,Active,01-09-2021,,134110.89,948114.15
8324523089030,113579953357,BARB094204,Current,Basic,Frozen,11-05-2024,,0.0,0.0
88987735148,327716036576,SBIN093841,Recurring Deposit,Basic,Active,15-01-2023,,969677.51,1246844.51
421369081519,990121013145,ICIC099129,Recurring Deposit,Basic,Active,30-04-2019,,1665731.93,1778814.46
503943586929,990121013145,ICIC099129,Savings,BSBD,Active,25-08-2024,,1570778.19,2207263.12
286794823973,262688850188,ICIC024675,Savings,Premium,Active,27-10-2019,,160193.01,3148890.39
54278084569,656389663690,SBIN082273,Savings,Basic,Dormant,16-03-2024,14-05-2024,11837.33,32358.72
426867970804,345372994496,ICIC069137,Salary,BSBD,Active,21-10-2021,,3495767.24,4881687.33
132689935479,750799287097,CNRB065060,Savings,Premium,Active,07-12-2021,,1427981.57,3104737.79
52235434739,750799287097,CNRB065060,Savings,BSBD,Active,21-06-2024,,215758.61,2516346.48
9280137688646,264962217070,IOBA061860,Savings,Premium,Dormant,17-02-2023,10-12-2024,332.09,1967.62
45597799679,264962217070,IOBA061860,Savings,Regular,Active,27-06-2024,,1816863.98,2376661.85
99068575323829,404829219860,CNRB044678,Current,Regular,Active,31-03-2017,,2859485.34,3620231.19
59649065878714,404829219860,CNRB044678,Recurring Deposit,Premium,Active,11-02-2024,,2218629.45,2346624.74
9155210906223,551066115351,UTIB061875,Fixed Deposit,Basic,Active,24-03-2024,,1614115.59,3501651.43
9243400796166,551066115351,UTIB061875,Savings,Premium,Closed,22-09-2024,,0.0,0.0
55413295018903,342192484118,HDFC038878,NRO,Regular,Active,03-09-2021,,914476.32,2642691.98
27938567726011,342192484118,HDFC038878,Savings,Regular,Active,20-04-2023,,697642.16,3246502.47
3659704349774187,405157301371,PUNB085446,Savings,BSBD,Active,25-05-2022,,1738634.94,5348601.64
286133748349,499744770745,KKBK098978,Fixed Deposit,Premium,Active,13-06-2024,,1238744.43,2317879.42
7342758522760256,401593774081,PUNB059590,Recurring Deposit,Regular,Active,10-08-2023,,2304246.0,2886844.31
6799727846444454,401593774081,PUNB059590,Fixed Deposit,Premium,Active,02-11-2022,,1148831.17,1450176.21
2388441619197,664261240943,CNRB048116,Current,Regular,Active,29-07-2022,,15574008.42,2105714.92
337791681081,664261240943,CNRB048116,Fixed Deposit,Regular,Active,22-01-2021,,7294562.64,8785268.38
6155947470983290,627238998836,PUNB024992,Fixed Deposit,Regular,Active,16-07-2019,,770639.46,5504861.51
2004720312515937,627238998836,PUNB024992,Current,Regular,Active,17-09-2017,,4469426.14,1508639.27
943844178178,574436636454,ICIC010143,Savings,Basic,Closed,03-06-2020,,0.0,0.0
450721625000,574436636454,ICIC010143,Savings,Regular,Active,10-05-2022,,2623452.15,1303732.36
41513039398131,770876765460,CNRB022581,Savings,BSBD,Active,24-01-2024,,2832887.63,3027094.78
76757892866,770876765460,CNRB022581,Salary,Basic,Active,13-11-2024,,1977281.95,2475858.77
88250682165,910408741741,BKID058790,Savings,BSBD,Active,26-09-2024,,1792817.73,3425556.48
937111977125,856471244391,ICIC019326,Savings,Regular,Active,23-11-2021,,465892.28,2743578.38
534219110830,446045683931,CNRB046531,Savings,BSBD,Active,02-11-2018,,156138.86,1627339.7
215641877154,686674540072,ICIC066316,Savings,Regular,Active,19-12-2020,,829509.46,2519017.84
49745605100,564834756248,IOBA032947,Savings,BSBD,Active,28-11-2022,,1451473.83,1126556.78
9376222289965462,829102244010,PUNB092031,Savings,BSBD,Active,18-06-2022,,755094.56,1837130.64
8589022498875386,829102244010,PUNB092031,Savings,Basic,Active,16-07-2024,,817618.41,2325604.17
9112478879229,344021426955,UTIB090662,Recurring Deposit,BSBD,Active,09-04-2023,,2026628.64,4399983.72
9291495384205,344021426955,UTIB090662,Salary,BSBD,Active,29-11-2021,,787099.67,256304.62
800300769079,484458060757,ICIC063727,Salary,Basic,Active,19-06-2024,,2049083.85,2761734.69
1530189432538126,500480307547,PUNB047596,Fixed Deposit,Premium,Active,17-10-2024,,862848.55,2478594.67
5869345044997650,500480307547,PUNB047596,Savings,BSBD,Active,23-12-2024,,1367079.3,2795894.78
63310337442,825253248607,SBIN093571,Savings,Basic,Active,28-11-2018,,403905.67,1071478.14
94382268828689,101466816058,HDFC069451,Current,Basic,Active,21-05-2019,,383424.61,1576709.12
87758782491287,101466816058,HDFC069451,Fixed Deposit,BSBD,Active,13-08-2019,,956323.06,2159122.12
22642626723112,239594520554,BARB027797,Salary,Basic,Active,26-04-2024,,2345477.37,3427045.62
88692561257138,544322524968,HDFC028094,Current,Basic,Active,01-06-2024,,664649.92,528586.32
86121143984,806425972439,SBIN093750,NRO,Premium,Active,30-04-2024,,1770328.38,3204328.62
60698554052,637895949500,BARB079850,Recurring Deposit,Regular,Active,11-03-2024,,1305742.98,1527878.33
2118739276395,977610240890,IOBA017328,Recurring Deposit,BSBD,Active,22-05-2020,,2393246.1,4491509.92
68608191382,977610240890,IOBA017328,Savings,Regular,Active,02-02-2021,,1565537.42,1055239.93
636465132063,651149003363,ICIC016226,Current,Basic,Active,26-07-2024,,1138537.07,1798453.27
318387134178,199278117726,ICIC037095,Savings,Basic,Active,22-04-2021,,4032267.97,5595452.0
466746834399,199278117726,ICIC037095,Salary,Premium,Active,28-03-2024,,1813606.22,1413068.09
9292894001262,720373093204,UTIB079163,Savings,Regular,Active,03-08-2021,,2187727.73,2562574.66
9286511362353,720373093204,UTIB079163,Recurring Deposit,Premium,Active,18-01-2024,,1336101.84,2021801.28
77162060071,640488084082,SBIN024964,Savings,Premium,Active,12-03-2024,,1204428.34,1536554.48
66770422957,640488084082,SBIN024964,Salary,Regular,Dormant,24-01-2023,07-01-2025,0.0,0.0
41564724609155,366073833520,HDFC095515,Recurring Deposit,BSBD,Active,04-07-2022,,882823.77,2003603.4
22868289278524,366073833520,HDFC095515,Savings,Regular,Active,13-07-2024,,1657204.77,4811235.17
3411163436996812,363397428322,PUNB041164,Recurring Deposit,Premium,Active,17-11-2024,,1119431.42,6377001.91
65449077642,130792859578,BARB050857,Savings,Regular,Active,15-10-2022,,1722938.44,3108003.96
43662399948687,267950465025,HDFC015877,Savings,BSBD,Active,18-03-2024,,1845562.07,2561790.93
45944083012602,267950465025,HDFC015877,Salary,Basic,Active,19-03-2024,,1280872.3,4168987.97
42144548171501,811568649309,HDFC028250,Savings,BSBD,Active,10-11-2023,,5710337.98,2910910.77
495545520678,603744698954,BKID037196,Salary,Regular,Active,06-11-2023,,2273113.08,3107340.89
46878578436,258644357318,BARB020957,Current,Premium,Active,19-09-2024,,539173.05,350053.31
14842119161,680565882430,IOBA057593,Current,Regular,Active,28-04-2023,,8359019.24,2474470.83
359931613657,430892658342,ICIC015402,Fixed Deposit,BSBD,Active,03-06-2024,,1129830.14,4427310.75
683799106067,430892658342,ICIC015402,Savings,Basic,Active,03-02-2024,,2775517.32,6629721.68
66231526984,688624754324,BKID080902,Savings,Premium,Active,13-11-2019,,1853780.71,3330960.74
634591584414,549238676346,ICIC092829,NRE,Regular,Active,29-03-2021,,1536720.61,4918340.0
423859153774,686113026334,IOBA020866,Current,Regular,Active,09-05-2018,,4018384.77,7110258.62
19164918820,686113026334,IOBA020866,Current,Corporate,Active,03-06-2023,,6391497.46,3259264.43
90781540603,557834503795,BARB084094,Savings,Regular,Dormant,09-11-2019,28-11-2023,3205.36,71120.8
6419140092587,557834503795,BARB084094,Salary,Regular,Active,21-11-2019,,1170977.33,2974152.29
441722180158,932293191086,BKID028836,Recurring Deposit,BSBD,Active,03-10-2023,,2126165.29,2168986.08
2142549279288,251372939924,CNRB071159,Current,Regular,Active,28-01-2024,,1916349.3,3017175.15
348045640314,251372939924,CNRB071159,Savings,Premium,Active,06-09-2023,,681441.42,813712.0
44256468263377,538817896518,HDFC090206,Savings,BSBD,Active,23-11-2023,,811128.19,1944934.88
51706501888113,538817896518,HDFC090206,Fixed Deposit,Premium,Active,03-02-2024,,5323617.47,1214859.12
9925361474127825,739618931437,PUNB082232,Savings,Regular,Active,27-07-2023,,1160197.55,2890784.54
882258121016,951087537973,KKBK034633,Savings,BSBD,Active,20-12-2024,,1638452.69,1929211.47
390580363807,951087537973,KKBK034633,Fixed Deposit,BSBD,Active,11-11-2022,,1809824.92,2053263.47
54112781986,980649751863,SBIN013384,Savings,Basic,Active,09-10-2021,,1555791.52,3665889.22
52404035893,980649751863,SBIN013384,Savings,Premium,Frozen,01-11-2023,,0.0,0.0
30229395449268,290185471547,KKBK025804,Savings,Basic,Active,06-09-2024,,1376059.88,2984421.54
60660954622445,290185471547,KKBK025804,Savings,Regular,Active,04-08-2020,,2884800.89,4231142.0
9207991448365,508410965527,UTIB011861,Current,Corporate,Active,09-03-2019,,3514789.18,1581402.49
80804842815,179513068521,KKBK026748,Current,BSBD,Active,01-03-2021,,608550.57,3088564.1
58916542400963,157352290958,IOBA055803,Salary,Basic,Active,15-09-2022,,3082130.16,4354300.82
9281695274528,379418353774,UTIB033709,Current,Basic,Active,28-05-2018,,2001473.85,3369514.94
9276767781754,379418353774,UTIB033709,Salary,BSBD,Active,14-10-2024,,1142606.35,2302471.59
5761762632932,250961740003,BARB043497,Salary,Premium,Active,23-11-2024,,294247.38,644209.58
1683459895681749,561346188771,PUNB041778,Fixed Deposit,Regular,Active,18-06-2022,,611873.01,965431.42
8196086697160389,705660615697,PUNB094192,Current,Premium,Active,02-10-2018,,2213258.78,1865976.78
4136329993368043,705660615697,PUNB094192,Salary,Premium,Active,05-10-2020,,2654391.37,1963605.8
7097086256294,471615047165,BARB056316,Current,Corporate,Active,24-12-2023,,6288179.79,6102980.61
9201278837486,892746991306,UTIB095491,NRE,Regular,Active,17-02-2020,,1023152.62,3549473.04
9288720552299,892746991306,UTIB095491,NRO,Premium,Active,30-10-2017,,1702565.07,3382253.7
5777857341100,692706106335,IOBA026522,Savings,Basic,Active,31-12-2022,,1757622.33,2368046.76
27878479493,692706106335,IOBA026522,Recurring Deposit,Regular,Active,23-04-2019,,2339544.18,4916202.15
69997504998,212762486774,SBIN066889,NRE,Premium,Active,26-04-2022,,1269905.87,1697620.61
94564176204750,115725965620,HDFC020411,Savings,BSBD,Active,01-03-2018,,2167056.52,1652092.5
49550402058508,266432063631,BKID074068,Recurring Deposit,BSBD,Active,14-08-2024,,597830.96,1486199.87
4725943344677,690103087552,BARB029116,Savings,Basic,Active,27-08-2020,,797112.71,4254446.84
79385274338930,690103087552,BARB029116,Current,Regular,Active,08-01-2024,,1256795.14,1574810.9
159284471813,990658736334,IOBA059832,Fixed Deposit,Regular,Active,06-09-2018,,710865.71,1975017.49
60223658101,990658736334,IOBA059832,Savings,BSBD,Active,07-10-2022,,1169076.55,3102297.6
9292302113288,613707724137,UTIB015942,Savings,Premium,Dormant,14-11-2017,26-11-2024,74063.94,2400.08
9116024342639,613707724137,UTIB015942,Salary,Basic,Active,30-05-2020,,851992.98,2835734.98
96622771139076,912425322399,BKID097884,Salary,Basic,Active,10-07-2019,,2559044.69,3719088.93
762254423232,912425322399,BKID097884,Recurring Deposit,Basic,Active,18-11-2022,,1550372.68,3631215.4
7614781239862010,857991142090,PUNB091751,Fixed Deposit,Regular,Active,23-02-2018,,2895807.57,4557057.36
14298729336301,376605776405,HDFC083546,Fixed Deposit,Basic,Active,11-07-2022,,87870.44,891466.43
97392778265751,801776086746,KKBK040475,Current,Premium,Active,25-12-2024,,1255176.07,2595878.6
7743488639810,801776086746,KKBK040475,Fixed Deposit,Regular,Active,23-07-2024,,1029415.42,1897477.48
565698134371,427457025911,ICIC044547,Salary,Regular,Active,02-05-2024,,3220163.37,4206877.2
65014412156,780488356356,BKID012289,Fixed Deposit,Corporate,Dormant,25-04-2020,23-04-2021,0.0,2692.84
79285677165,615798986438,SBIN044406,Savings,Premium,Active,19-11-2019,,3722205.38,2903787.39
88583891460,615798986438,SBIN044406,Savings,Premium,Active,04-05-2018,,1236601.16,3128810.62
1917973846128829,519362078019,PUNB043105,Salary,BSBD,Active,28-04-2024,,1883344.13,4102798.51
9251219491130,427839710696,UTIB085628,Salary,Premium,Active,11-02-2024,,1653138.66,3513213.06
9150305300208,427839710696,UTIB085628,Salary,BSBD,Active,05-10-2024,,998172.38,1995342.12
60865038838,832231113286,SBIN071916,Current,Corporate,Active,16-10-2015,,5230943.97,4966044.19
23958064005,832231113286,SBIN071916,Fixed Deposit,Regular,Active,03-12-2024,,10090845.2,8787203.41
782587191875,848907386048,BKID023292,Salary,Regular,Active,24-05-2022,,2198453.12,2796870.92
76704433925,341391370187,KKBK011879,Savings,Premium,Active,20-09-2020,,1377437.53,3474913.2
35879176589,936104424344,SBIN021740,Fixed Deposit,Regular,Active,03-05-2022,,11812209.75,3773377.55
60756416801368,934377590937,HDFC097441,Salary,Premium,Active,01-07-2021,,1656659.21,3518355.61
491126067711,798300162796,IOBA038124,Current,Corporate,Active,16-09-2024,,870645.24,1958201.1
4363161374472428,344325271242,PUNB066455,Salary,Premium,Active,24-06-2024,,1904541.72,4147764.44
4132481412063041,344325271242,PUNB066455,Salary,BSBD,Active,21-11-2024,,3345196.39,4381667.16
47110472988,872005949589,SBIN043288,Savings,BSBD,Active,05-12-2024,,737308.8,1076655.57
80352001421,872005949589,SBIN043288,Fixed Deposit,Regular,Closed,18-04-2021,,0.0,0.0
4154640211860348,400963409649,PUNB066856,Current,Regular,Active,28-12-2024,,6659946.46,12424285.84
9895324704506714,400963409649,PUNB066856,Current,Corporate,Frozen,26-09-2024,,0.0,0.0
31101061226298,623286661595,HDFC083075,Savings,Regular,Active,21-10-2023,,2145436.91,2313465.14
50533207116843,623286661595,HDFC083075,Current,Basic,Active,22-06-2023,,2083402.21,3199769.56
5425412539453,466630413548,KKBK013254,Fixed Deposit,Regular,Active,30-01-2024,,935282.45,633351.2
49544190123,466630413548,KKBK013254,NRO,Premium,Active,08-05-2024,,2271106.16,2482990.1
108183444740,977697289990,ICIC085833,Savings,Basic,Active,03-11-2021,,358496.67,923805.17
548196655285,977697289990,ICIC085833,Recurring Deposit,BSBD,Frozen,16-09-2023,,0.0,0.0
8721017817524467,664432725475,PUNB010090,Salary,Premium,Active,06-11-2024,,501166.44,1118525.56
1891919194206484,664432725475,PUNB010090,Savings,Premium,Active,15-06-2024,,3006206.92,2329072.24
32476876314,460796807707,SBIN035481,Fixed Deposit,Regular,Active,21-11-2017,,969833.32,1151663.7
9181920534480,600125875978,UTIB073669,Savings,BSBD,Active,01-04-2020,,1137605.9,2311194.35
94429588793619,304721092968,KKBK059185,Salary,Regular,Active,13-12-2018,,130156.96,1075974.75
136013126531,460682135264,ICIC026811,Savings,Basic,Active,13-04-2020,,3464709.41,4160443.82
477996641815,460682135264,ICIC026811,Savings,BSBD,Active,02-12-2024,,3098986.1,2045846.11
4065395173952,474617173630,CNRB083702,Savings,Regular,Active,10-06-2022,,1043843.88,1394593.21
95301950526520,474617173630,CNRB083702,Savings,BSBD,Active,04-04-2022,,2539970.56,2327964.57
157436929016,178146392383,CNRB082039,Salary,BSBD,Active,14-09-2024,,1263902.52,3749981.5
51397413220116,178146392383,CNRB082039,Salary,Premium,Active,05-07-2024,,1855462.62,3501641.59
27517948052613,764398838998,BARB070274,Fixed Deposit,BSBD,Active,18-01-2023,,1663920.81,1621650.14
96431787177989,764398838998,BARB070274,Savings,Basic,Active,24-08-2022,,2747950.49,6177495.2
35445134806001,261806945689,BARB038192,Salary,Basic,Active,29-12-2019,,1303960.83,2416235.51
12963378828,729962969426,SBIN021156,Fixed Deposit,Regular,Active,11-09-2024,,2075101.95,4529674.89
72237331541987,832036063389,KKBK086898,Salary,Regular,Active,25-12-2022,,1704498.62,3239414.21
97056289979,171917123143,KKBK068619,Savings,Regular,Active,01-04-2024,,1896958.5,1932140.16
311733117220,546981580678,IOBA058515,Savings,Basic,Active,31-01-2024,,1254619.42,2159902.15
8775063022566,546981580678,IOBA058515,Savings,Basic,Active,28-06-2024,,2929007.84,4498162.86
56300708454414,530101808990,HDFC032865,Savings,Premium,Active,31-10-2023,,1335358.46,4190042.62
362560458897,260632469565,CNRB070414,Current,Basic,Active,28-10-2018,,2957314.29,2556777.23
76066355238,931207730414,SBIN039539,Savings,Premium,Active,08-03-2021,,1772104.7,5047053.19
80206520713,931207730414,SBIN039539,Fixed Deposit,Premium,Active,12-08-2021,,435145.67,2573820.42
7429153214672967,685187471302,PUNB068946,Salary,BSBD,Active,08-03-2019,,2282871.47,5250405.71
76249231998,453776257211,SBIN052690,Savings,Basic,Active,26-01-2019,,1371468.97,1658591.64
91695780051,453776257211,SBIN052690,Recurring Deposit,Basic,Frozen,01-09-2024,,0.0,0.0
5403018879109520,877533101251,PUNB031285,NRE,Regular,Active,01-12-2024,,1282031.1,3064512.57
6857252369059760,877533101251,PUNB031285,NRO,Premium,Active,03-03-2024,,1972525.44,2749943.13
478277385171,826935640394,ICIC064810,Fixed Deposit,Regular,Active,05-08-2022,,302050.61,1596178.25
103808222016,215588040844,ICIC015913,Salary,Regular,Active,23-08-2024,,1726938.05,2745264.98
958624786427,215588040844,ICIC015913,Fixed Deposit,Regular,Active,09-04-2024,,1162478.23,2487087.28
9148515010870219,277315326585,PUNB048521,Savings,Regular,Active,23-12-2023,,2536902.35,3635283.13
9137906979995,650365867684,UTIB041515,NRO,Regular,Active,05-08-2018,,822289.49,3005549.73
838481664813,464851158867,ICIC087369,Savings,BSBD,Active,05-12-2023,,1352271.23,3943377.36
247406687545,464851158867,ICIC087369,Savings,Basic,Active,08-06-2023,,1346138.67,2596771.81
40978583491,275884401796,SBIN014351,NRE,Regular,Active,05-01-2024,,1723274.62,3512003.54
40023659956,208330278460,CNRB017302,Savings,Basic,Active,24-02-2020,,1533838.84,1132106.56
24086985988594,376930600186,HDFC059793,Recurring Deposit,Premium,Active,16-08-2021,,4407520.54,1967421.39
9175471425063,455612289552,UTIB050721,NRE,Regular,Active,23-07-2021,,775476.19,2362908.09
9212152363410828,479221219049,PUNB052512,Fixed Deposit,Basic,Active,21-08-2020,,2251117.69,2122279.32
74455234711478,335552621127,BARB029538,Salary,Regular,Active,14-05-2020,,2293842.8,2483183.14
32836700239960,335552621127,BARB029538,Salary,Basic,Active,02-01-2020,,932074.7,1930006.09
35540105300,834945939226,IOBA050141,Savings,BSBD,Active,11-09-2024,,2216648.79,3709727.17
87534879950,574568809941,SBIN017964,Salary,Basic,Active,19-03-2020,,2241116.97,3894856.42
4819563344403,772151932583,CNRB057338,Current,Regular,Active,25-06-2018,,2885388.94,5922972.76
168049966776,772151932583,CNRB057338,Current,Regular,Active,23-10-2021,,2509007.6,3661629.14
9018950538211,639334027874,BARB026055,Salary,Premium,Dormant,17-10-2022,30-05-2023,255420.96,11292.2
3707183575274,633444691272,KKBK090062,Fixed Deposit,Premium,Active,11-05-2019,,615772.17,3156889.55
794640365682,454661575904,CNRB022427,Current,Regular,Dormant,17-11-2021,11-05-2022,3387.26,0.0
9260929926251,300254140712,UTIB011039,Current,Premium,Active,05-05-2022,,1192739.06,3199268.67
9262651796829,300254140712,UTIB011039,Fixed Deposit,Basic,Active,11-06-2022,,2715477.49,2080768.63
1856609993207944,357972013375,PUNB095925,Salary,Premium,Active,09-11-2024,,1896764.21,4528363.24
3184896036798085,357972013375,PUNB095925,Savings,Regular,Active,08-07-2024,,1343932.36,2457735.41
468005013754,921256299848,BARB053249,Savings,Premium,Closed,07-07-2024,,0.0,0.0
898020171329,138800001878,BKID056582,Savings,BSBD,Active,07-04-2024,,469422.05,1136223.9
69688142994367,138800001878,BKID056582,Current,BSBD,Active,18-06-2023,,850147.43,3843358.63
507294838936,789659768861,BKID012282,Fixed Deposit,Regular,Active,18-06-2022,,1051176.97,1627649.43
7821462199924469,612453479369,PUNB063794,Current,Premium,Active,21-08-2024,,1303529.72,7717705.74
8997245495020000,570437040607,PUNB088122,Current,Basic,Active,05-08-2023,,742430.94,1809228.75
794975848544,820584399444,KKBK095276,Salary,BSBD,Active,04-06-2015,,1491229.05,1906097.41
46529386327,820584399444,KKBK095276,Salary,Premium,Active,07-07-2018,,651438.29,1415046.85
61853916490,798389787334,CNRB087639,Current,Basic,Active,19-08-2023,,731769.88,4018864.76
9106262278943,371053598184,UTIB038878,Fixed Deposit,Regular,Closed,13-09-2023,,0.0,0.0
35764317407,232885665191,BARB084523,Recurring Deposit,Regular,Active,31-12-2023,,875886.67,3288850.85
29492760372195,678694603367,HDFC060057,NRE,Regular,Active,22-09-2022,,789493.85,947584.73
3241759998947287,415860216394,PUNB048838,Savings,Regular,Active,12-03-2023,,304325.26,2898618.58
1514434565807601,415860216394,PUNB048838,Savings,Regular,Frozen,27-04-2023,,0.0,0.0
40013649501,113095593318,SBIN086142,Savings,Basic,Active,18-01-2023,,1519466.24,1748007.5
578757518452,113138246871,ICIC017238,Savings,Premium,Active,10-07-2023,,5776070.74,3789273.71
493312555390,113138246871,ICIC017238,Current,BSBD,Active,10-11-2022,,2310874.9,2895959.17
1783856126105691,477805111225,PUNB065735,Salary,Regular,Active,28-03-2020,,1143618.59,2021356.82
7434440715497439,477805111225,PUNB065735,Savings,BSBD,Frozen,04-04-2023,,0.0,0.0
4815745857679930,867457825170,PUNB095624,Savings,BSBD,Dormant,19-05-2021,23-02-2023,0.0,51200.54
38396387516480,222161293826,HDFC094558,Current,BSBD,Active,29-12-2024,,1902248.6,2620742.65
54766125763152,222161293826,HDFC094558,Fixed Deposit,Regular,Active,28-08-2024,,1320340.26,2461459.57
5887344897925,493688334135,CNRB067731,NRE,Regular,Active,30-08-2023,,222593.47,1638275.92
73666882199794,656895531169,HDFC010095,Salary,Regular,Active,24-05-2024,,1238994.96,2847013.13
3620512911139,758286228587,IOBA022080,Fixed Deposit,Regular,Active,21-12-2024,,9182253.47,10038978.57
701846380490,320922036555,BARB046323,Savings,Basic,Active,09-12-2023,,2708654.19,3052031.8
6518914605569392,334068563897,PUNB023712,Savings,BSBD,Active,13-01-2021,,2100096.93,3447216.45
8483754346964621,334068563897,PUNB023712,Fixed Deposit,Basic,Active,24-11-2021,,1236342.17,4577244.96
172682331083,201361083528,BARB021440,Salary,Premium,Active,20-06-2022,,672103.58,7097539.17
1955544075552,241865768263,CNRB025942,Recurring Deposit,BSBD,Active,15-11-2019,,3013110.01,3556270.58
74517553402243,241865768263,CNRB025942,Current,Regular,Active,01-11-2017,,1785883.38,3122762.83
18635558992572,699893073026,BARB045754,Salary,Basic,Active,18-11-2024,,1291412.08,3533356.81
67979103082,699893073026,BARB045754,Savings,BSBD,Active,31-12-2024,,235368.27,886741.42
99507399807,825729684580,SBIN036743,Recurring Deposit,Basic,Active,03-09-2022,,3999951.51,6987664.92
56685964131,825729684580,SBIN036743,Current,Basic,Active,31-07-2022,,1380551.12,2252445.28
9178505182058,722375536556,UTIB080069,Salary,BSBD,Active,12-07-2021,,1925062.51,2602083.6
62291123216,138470603803,KKBK010005,Savings,Basic,Active,30-07-2023,,1263683.1,3423437.6
97117323517106,138470603803,KKBK010005,Current,Premium,Active,29-05-2017,,677984.11,2228828.78
37134346807,163177472100,BKID044278,Current,Regular,Active,29-12-2024,,3473369.86,5269760.09
3450041015044,163177472100,BKID044278,Current,Regular,Active,20-09-2024,,5839332.22,6786525.32
507563480754,626075687118,ICIC022029,Current,Regular,Closed,17-04-2020,,0.0,0.0
9239913102742,168755393883,UTIB015774,Current,Premium,Active,18-06-2023,,603600.12,2390341.87
109540288129,360245919652,KKBK055939,Savings,BSBD,Active,13-12-2023,,1253620.01,1550726.13
94709798503,212235614434,BKID063535,Recurring Deposit,Basic,Active,18-05-2023,,3035561.0,6134781.75
41010528144768,212235614434,BKID063535,Recurring Deposit,Premium,Active,26-01-2023,,3219400.19,1563782.1
36286544758830,153198111043,KKBK038210,Savings,Basic,Active,04-12-2022,,1317833.0,2520147.38
29944462733,153198111043,KKBK038210,Savings,Premium,Dormant,02-02-2022,15-11-2023,22257.04,59345.92
112947581622,894818468054,ICIC054797,Current,Regular,Active,04-04-2024,,5786325.54,3490444.84
21239127343476,623289343942,HDFC057004,Salary,Premium,Active,10-09-2023,,1997561.11,3522091.54
32447712828832,197296667902,HDFC096963,Salary,Basic,Active,03-01-2020,,1150318.82,2025216.45
4312279187679,461181053389,IOBA043780,Current,BSBD,Active,27-06-2024,,1312045.1,4034852.72
28473178955050,461181053389,IOBA043780,Fixed Deposit,Regular,Active,02-05-2021,,331332.05,1381476.71
12328969072,668222942957,CNRB077966,Current,BSBD,Active,18-01-2024,,2000492.08,3354933.62
48485962838500,767101123625,HDFC063882,Recurring Deposit,Premium,Active,15-07-2017,,639910.51,2153112.12
9185195755237,681725896374,UTIB086775,Savings,BSBD,Active,23-10-2021,,3929212.32,1551650.59
41222202015,981232981886,BKID014434,Salary,Basic,Frozen,17-11-2024,,0.0,0.0
711424467091,104884668687,KKBK014215,Savings,Regular,Active,10-04-2022,,184915.55,328092.75
1807722532494,713323507439,BKID064006,Salary,Basic,Active,26-09-2019,,1177261.54,2554884.72
9617514970872,265500810908,CNRB056904,Current,Premium,Active,05-08-2022,,875523.29,1530449.18
91887530982,265500810908,CNRB056904,Savings,BSBD,Active,13-08-2019,,2696922.21,4546334.58
5613280489993,583147980379,BKID094920,Salary,Regular,Dormant,29-07-2019,23-04-2020,0.0,0.0
39376217279,729963283640,BKID010404,Fixed Deposit,Premium,Active,05-06-2021,,1478030.04,2469226.37
13548138100936,895198853321,HDFC066085,Current,Corporate,Active,24-03-2017,,7869596.7,15417913.53
75527638561014,895198853321,HDFC066085,Fixed Deposit,Corporate,Active,10-08-2021,,1867589.59,7534779.81
84615710339522,148212499457,HDFC056384,Fixed Deposit,Premium,Active,25-10-2022,,2596217.64,2937162.21
16058021714045,148212499457,HDFC056384,Current,Regular,Active,15-07-2021,,865450.24,2942908.18
15754360850969,994482043225,BARB097564,Current,Basic,Active,15-08-2023,,1626284.72,2723006.24
6807956045718610,582450619412,PUNB041848,Savings,Premium,Active,01-08-2022,,626137.66,2817268.34
1276323631241974,582450619412,PUNB041848,Savings,Basic,Active,24-01-2023,,1604567.03,3610604.91
279879781672,364325161917,KKBK073372,Current,Basic,Active,10-06-2020,,993330.43,1702811.05
41765222075603,364325161917,KKBK073372,Savings,BSBD,Dormant,02-06-2023,10-07-2023,0.0,0.0
1072943212291,612954343655,CNRB058125,Current,Basic,Active,28-06-2020,,1532702.5,2976822.08
3025458532384593,668170943006,PUNB020276,Savings,Premium,Active,27-06-2024,,3979622.76,5577556.86
18506043741513,914030599932,BARB010685,Current,Regular,Active,12-03-2021,,886054.97,3464865.5
659988206449,352389209223,IOBA096791,Savings,Regular,Active,11-08-2022,,3007478.54,5691010.03
7538430991635,273003306620,KKBK077388,Salary,BSBD,Active,22-09-2024,,1701091.89,2518607.52
42821416160296,361370670378,HDFC098193,Current,Corporate,Active,21-09-2023,,869792.88,2031841.66
60286536910,736401085056,IOBA077113,Savings,Regular,Active,09-06-2023,,2084002.1,3129058.63
235625973208,736401085056,IOBA077113,Fixed Deposit,Premium,Active,23-04-2024,,195690.41,1899858.83
7381492989758,109959674782,BARB031288,Current,Regular,Active,18-05-2017,,4263398.66,21881332.22
19451331514,109959674782,BARB031288,Fixed Deposit,Regular,Active,09-01-2021,,11977128.59,6376472.65
56941616565998,428708483704,KKBK084418,Current,Regular,Active,13-08-2018,,937873.79,15077860.38
2971762935989,428708483704,KKBK084418,Current,Regular,Active,27-10-2015,,15085555.32,12410418.79
6808733889835,934086093150,BKID084561,Savings,Premium,Active,11-09-2020,,113099.25,1360564.15
79934958935,129971072622,SBIN079406,Fixed Deposit,Regular,Active,12-03-2022,,13184575.81,14275295.98
7792724862426,286939330311,BKID037006,Savings,Premium,Active,19-02-2023,,583958.38,3413782.52
187344436311,440459634485,ICIC040391,Savings,Basic,Active,13-11-2020,,1710772.2,4144804.43
377761298658,440459634485,ICIC040391,Salary,Basic,Active,13-05-2017,,1981154.28,3944336.56
4791216252696,282807599256,IOBA027558,Savings,Regular,Active,28-04-2024,,411059.93,463271.84
4286786761788005,471040130839,PUNB087674,Savings,BSBD,Active,05-02-2024,,1730208.2,2484731.76
4264798361671447,471040130839,PUNB087674,Salary,Basic,Active,22-02-2024,,3165059.02,5849976.29
99467384019092,718212182964,KKBK099896,Savings,Basic,Active,17-09-2023,,7977148.09,10677001.25
61509751024,718212182964,KKBK099896,Savings,Premium,Active,25-05-2016,,5927937.18,8389330.33
4179041243197,229133227269,IOBA030406,Current,Premium,Active,23-06-2017,,661135.25,1579884.22
3866106159872198,430221749199,PUNB027650,Recurring Deposit,BSBD,Active,15-01-2022,,1518380.34,2703788.05
4374995916565876,807809737263,PUNB075751,Fixed Deposit,Regular,Active,09-11-2023,,3874706.4,5268444.44
5655195414883,164328265793,IOBA054238,Savings,BSBD,Active,30-09-2020,,963698.05,2357381.49
623817022777,461306676036,ICIC098816,Savings,BSBD,Active,21-06-2024,,1469630.91,3247864.28
974296118220,461306676036,ICIC098816,Salary,BSBD,Active,10-01-2019,,1389941.71,1418330.75
70897431988,384674667220,IOBA027161,Current,Regular,Active,08-11-2024,,3739741.05,3106024.04
27031159524,384674667220,IOBA027161,Fixed Deposit,Regular,Active,05-07-2024,,6287166.48,3933648.83
4044811838923295,494941948589,PUNB049377,Savings,Regular,Frozen,09-09-2022,,0.0,0.0
7720051540570619,968823509371,PUNB085692,Savings,BSBD,Active,19-09-2023,,4987892.11,8649462.09
2626127004117540,968823509371,PUNB085692,Recurring Deposit,Premium,Frozen,21-02-2023,,0.0,0.0
717361307783,665449539715,IOBA042821,Fixed Deposit,Regular,Active,06-11-2019,,279767.82,538701.43
18937025838,665449539715,IOBA042821,Current,Regular,Active,06-02-2024,,1303602.16,2513396.91
88062186883268,811128163906,KKBK023018,Current,Regular,Active,13-05-2021,,575371.01,1368501.14
61729896889963,878149209621,HDFC058711,Current,Regular,Active,10-10-2023,,109353.63,1214492.5
7592012983532375,179093017439,PUNB033320,Salary,BSBD,Active,07-06-2023,,1230081.7,2565261.97
51668538881,960444398979,BARB056951,Savings,Regular,Dormant,26-05-2023,22-10-2024,198060.2,0.0
54927643972101,960444398979,BARB056951,Recurring Deposit,Regular,Active,05-01-2021,,827211.51,3957939.78
9376895136793,735082346881,IOBA023686,Salary,BSBD,Active,13-02-2024,,2287146.55,3180437.1
96372815881,827038010346,BKID057957,Savings,Regular,Active,04-02-2023,,3739993.46,5825949.77
91817767200,684273999000,BKID053449,Salary,BSBD,Closed,19-11-2024,,0.0,0.0
351885679260,613974274098,ICIC038706,Current,BSBD,Dormant,30-10-2022,08-03-2025,0.0,0.0
828414829034,613974274098,ICIC038706,Salary,Premium,Active,18-07-2019,,2298531.62,3704883.79
8849644554104780,112268661844,PUNB027331,Current,BSBD,Active,13-05-2024,,4151485.03,5961818.53
9189253715137,213361537319,UTIB065457,Fixed Deposit,Regular,Active,12-06-2022,,1494269.46,3534977.04
9226828522171,209972688698,UTIB082032,Current,BSBD,Active,14-07-2024,,1019916.41,1491128.77
9155976180199,209972688698,UTIB082032,Salary,Premium,Active,06-10-2018,,823713.74,848400.32
21899463272667,504494520664,HDFC028714,Recurring Deposit,Premium,Active,18-08-2018,,1857306.75,2040529.3
84212747069374,504494520664,HDFC028714,Salary,Basic,Frozen,31-08-2019,,0.0,0.0
17848745380,177332003554,BARB077329,Savings,BSBD,Active,27-01-2023,,2092634.57,3484475.84
704946676282,960809171779,IOBA074805,Savings,Basic,Active,24-10-2023,,3346629.31,2997244.28
29743948946308,860145304937,BKID044567,Current,Regular,Active,06-05-2024,,4625695.1,19161305.0
910356733690,431551866683,KKBK049927,Salary,Basic,Active,09-09-2018,,1934605.26,2518759.43
32663318855774,431551866683,KKBK049927,Savings,Basic,Active,16-08-2019,,420222.76,2237902.41
97572517103445,639585129707,BARB092788,Savings,Regular,Active,12-06-2017,,1457922.58,4319059.49
9569015717114,639585129707,BARB092788,Recurring Deposit,BSBD,Active,18-04-2020,,1541818.28,3907530.94
99525473133385,981299901494,BARB084343,Current,Basic,Active,22-11-2024,,865736.57,3198118.58
62062019678,981299901494,BARB084343,Savings,Premium,Active,21-02-2022,,959604.01,1661111.42
7197913393085,630145261040,BKID084899,Savings,Regular,Active,19-12-2020,,577540.93,975931.37
338222902754,630145261040,BKID084899,Salary,Basic,Active,08-05-2022,,526936.52,1536034.6
68137427769,903232220446,SBIN095976,Savings,Basic,Active,26-08-2022,,310076.18,922735.06
77251641045,903232220446,SBIN095976,Salary,Regular,Active,13-10-2023,,1495713.49,3799726.84
48236531500072,157749921327,HDFC051528,Salary,Premium,Active,15-11-2022,,1404280.97,3243207.05
955577290625,129193404070,KKBK084387,Salary,Premium,Dormant,23-12-2021,25-04-2023,0.0,0.0
87385864960,129193404070,KKBK084387,Savings,Regular,Active,01-11-2022,,2220471.04,2671563.19
9279451610133,548653779626,UTIB070040,Salary,Regular,Active,19-08-2023,,332943.53,4670246.2
9272674092367,548653779626,UTIB070040,Fixed Deposit,BSBD,Active,21-01-2022,,3387130.81,6356355.46
6074947161776,944549660339,BKID042657,Salary,Basic,Active,01-11-2022,,3120642.14,4351121.84
8303855596496,944549660339,BKID042657,Savings,Basic,Active,22-06-2023,,1555940.24,4603989.23
340790317079,560646303016,ICIC027612,Savings,Basic,Active,22-03-2023,,1834177.35,3260931.65
329663382523,560646303016,ICIC027612,Savings,Regular,Active,27-07-2016,,3024838.06,3896525.97
39131640604,426854693496,IOBA032691,Recurring Deposit,Regular,Active,06-07-2023,,2846446.53,4033164.15
9154436175262,791207864135,UTIB033415,Current,Premium,Active,15-12-2024,,2288242.92,3738859.96
9110992246513,791207864135,UTIB033415,Savings,Basic,Active,21-04-2024,,2141737.67,1203384.36
59723848162125,267928388399,BKID084064,Fixed Deposit,Regular,Active,14-10-2024,,4551114.07,3064831.56
478503072973,267928388399,BKID084064,Fixed Deposit,Regular,Dormant,30-11-2024,26-02-2025,0.0,0.0
9454069670870,262657422079,BKID078687,Savings,Basic,Active,12-12-2024,,2213211.34,6328594.58
401126017305,262657422079,BKID078687,Savings,Regular,Closed,25-06-2023,,0.0,0.0
14328125912,912131063682,CNRB052625,Savings,Premium,Active,22-06-2024,,898116.11,3547733.09
4007098644762,989502767451,IOBA054442,Savings,Regular,Dormant,28-01-2023,31-01-2024,52399.88,196521.05
7608890584222,989502767451,IOBA054442,Fixed Deposit,Premium,Dormant,10-08-2024,20-11-2024,4054.12,0.0
39222208277,691660458150,KKBK080241,Savings,Premium,Dormant,01-06-2023,04-02-2024,0.0,7500.48
95246208587853,691660458150,KKBK080241,Salary,BSBD,Active,28-10-2020,,1408205.51,3118816.15
9283044161344,929276646135,UTIB085107,Current,BSBD,Active,04-06-2020,,2435312.17,3169575.46
9290965555359,929276646135,UTIB085107,Salary,Premium,Active,15-12-2023,,1223279.54,2995784.59
60349393062065,684443075891,KKBK014193,Current,Premium,Active,14-02-2021,,3071842.01,4372092.34
2454041148180,684443075891,KKBK014193,Salary,BSBD,Active,16-07-2021,,1890863.0,1581274.69
246480781576,528441887548,BARB065999,Current,Regular,Dormant,24-04-2018,17-10-2023,0.0,16915.56
4927345258504,528441887548,BARB065999,Current,Premium,Active,15-06-2022,,2584320.36,3978176.41
39843322387,522538971348,CNRB037365,Savings,BSBD,Active,25-03-2023,,1686726.99,3882234.35
91724744161427,522538971348,CNRB037365,Salary,Basic,Active,20-05-2019,,1039146.39,1162919.25
4256679874601,256791519170,CNRB045875,Savings,Regular,Active,17-09-2020,,1096112.3,2047341.02
35230076212547,385092850281,HDFC047767,Current,Regular,Closed,16-05-2021,,0.0,0.0
53185746026249,779748192826,BKID040807,Fixed Deposit,Premium,Frozen,22-03-2024,,0.0,0.0
7838010908358,779748192826,BKID040807,Savings,Regular,Active,03-02-2024,,62342.59,2082256.14
46888387032,490829215738,BKID093261,Salary,Basic,Active,25-11-2017,,3094855.71,4693425.55
144545245709,786721127268,ICIC051526,Fixed Deposit,Corporate,Active,02-05-2024,,1222504.86,6795552.2
44868708639800,751255233480,CNRB025758,Savings,Basic,Active,04-12-2015,,1613433.41,2328933.0
7782807941014,582004495152,BARB027350,Salary,BSBD,Active,08-05-2024,,3028601.06,4023065.21
4421687760082,582004495152,BARB027350,Fixed Deposit,BSBD,Active,26-03-2019,,2441777.79,5150926.16
516565367909,966297091554,ICIC028305,Current,Basic,Active,19-01-2021,,889882.4,2681242.54
7557180900866802,986627992660,PUNB067484,Savings,BSBD,Active,22-12-2017,,1856023.25,4265482.1
7121913303490947,986627992660,PUNB067484,Savings,Basic,Active,30-12-2021,,2514181.75,3611289.4
64157243506017,409535955918,KKBK021725,Salary,Regular,Active,03-08-2023,,751815.81,2241345.39
821025221705,409535955918,KKBK021725,Salary,Premium,Active,03-12-2022,,2538145.49,5841087.43
10215579084777,793457292756,HDFC024553,Fixed Deposit,BSBD,Active,28-11-2024,,6470011.06,7818220.83
99959521372113,793457292756,HDFC024553,Savings,Regular,Active,17-02-2024,,7811192.93,5017749.95
9174498953842,112257992681,CNRB084424,Salary,Premium,Active,27-12-2024,,664597.87,3022149.34
68086084862895,902727309176,HDFC068348,Savings,Premium,Active,30-07-2016,,1481098.6,3983423.02
70640575913888,902727309176,HDFC068348,Savings,BSBD,Active,16-09-2023,,2572978.42,3531325.8
130769773432,268388697568,CNRB037800,Savings,Regular,Active,21-01-2023,,1056015.76,1733796.66
278891226454,268388697568,CNRB037800,Current,Premium,Active,04-05-2020,,3304029.36,3519784.07
9922171209878,997450722855,CNRB078108,Salary,Premium,Active,28-08-2021,,2524423.29,5564021.96
842080819744,997450722855,CNRB078108,Salary,Regular,Active,13-08-2021,,993153.51,2122220.58
316971346590,234777163656,KKBK028442,Savings,BSBD,Active,18-10-2023,,4072404.25,3557671.5
97787236021,234777163656,KKBK028442,Salary,BSBD,Active,02-03-2023,,275448.61,1466133.71
2428367139067992,514284291215,PUNB068535,Current,Basic,Active,01-09-2021,,1965149.36,1483988.32
7146505071919476,514284291215,PUNB068535,Current,Premium,Active,09-06-2019,,1745227.69,2593959.44
16795586953,297633902808,IOBA042042,Salary,BSBD,Active,23-06-2020,,699096.75,763913.52
848875840420,297633902808,IOBA042042,Salary,Premium,Active,31-01-2022,,1911301.87,4869120.4
9149636544186,759278209203,UTIB051604,Current,Premium,Active,18-01-2024,,281839.57,1227243.76
83382508116668,301630671664,HDFC034232,Salary,BSBD,Active,13-06-2024,,1569008.26,3465609.18
73360399029013,301630671664,HDFC034232,Fixed Deposit,Regular,Active,19-11-2024,,3157802.9,5984414.58
54015137336,986893988545,BKID010872,Savings,Premium,Active,21-07-2019,,4120193.78,5702766.95
30018066472854,986893988545,BKID010872,Salary,Basic,Active,26-05-2022,,941856.5,2342745.93
22535454384,914184045307,IOBA026540,Salary,Basic,Active,15-04-2024,,1034478.31,2217974.47
1994328494940,914184045307,IOBA026540,Recurring Deposit,Premium,Active,08-04-2024,,3029420.94,4259376.28
9180053682360,229084282726,UTIB020229,Savings,Regular,Active,12-06-2022,,1686211.18,2154591.81
9218971181427,229084282726,UTIB020229,Savings,Basic,Active,25-10-2024,,2086508.14,3012244.75
47454033613,526766014616,SBIN065441,Salary,Premium,Active,15-01-2021,,875662.53,4286609.74
52485459440,526766014616,SBIN065441,Savings,Regular,Active,17-05-2023,,838726.25,1434179.1
36826990783364,573483617065,HDFC022223,Savings,Basic,Active,13-06-2024,,2211051.82,3167769.3
97246389507,527899308641,SBIN058127,Savings,Premium,Active,22-12-2018,,521764.78,814029.98
833580565268,394352184203,IOBA048644,Savings,BSBD,Active,09-02-2023,,1703161.68,6769809.24
6829579421431,394352184203,IOBA048644,Salary,BSBD,Active,26-09-2024,,2543192.6,4633862.86
45987619394288,140429679858,CNRB080897,Current,BSBD,Active,09-07-2022,,1122885.6,1374399.78
18771949548173,140429679858,CNRB080897,Savings,Basic,Active,02-03-2024,,1710288.29,2939282.28
935770571173,644971005318,BKID012949,Fixed Deposit,Corporate,Active,09-08-2020,,138006.07,2258448.55
17916488553540,220000040344,BKID076645,Savings,Regular,Active,04-07-2024,,2186313.98,3771431.69
77814724389,220000040344,BKID076645,Recurring Deposit,Regular,Active,16-09-2024,,2012866.83,2371528.37
33397743013,745839207491,IOBA084277,Current,Regular,Active,23-06-2024,,6405866.94,2067100.28
266500331248,745839207491,IOBA084277,Current,Regular,Active,26-04-2024,,10918654.44,12870432.61
9222824230066,715770664422,UTIB031158,Salary,Basic,Active,14-07-2020,,861151.95,2666198.43
9113333866323,715770664422,UTIB031158,Fixed Deposit,BSBD,Active,26-01-2017,,933881.12,1756407.84
9132293579351,461485787186,UTIB049466,Savings,Basic,Active,28-08-2024,,1232246.52,2645235.72
21577133411,978051806444,SBIN029797,Current,Premium,Active,26-06-2020,,655876.99,1536877.08
24734910816,702192077772,SBIN030645,Savings,Regular,Dormant,13-10-2024,14-10-2024,2376.04,118896.55
67490144642609,572714153491,HDFC046290,NRE,Regular,Active,03-10-2021,,1570410.69,2456335.08
17038575510,833826802720,SBIN049517,Fixed Deposit,BSBD,Active,10-01-2024,,2377846.87,2830594.05
66734358555611,518903718101,HDFC059660,Salary,Premium,Active,05-05-2023,,889865.39,1856443.73
62812240825088,518903718101,HDFC059660,Fixed Deposit,Basic,Active,31-10-2019,,2000889.52,4421837.16
54029734068,566130740897,SBIN077233,Savings,Regular,Active,31-07-2022,,2223074.02,2047506.74
5437521186894,477649282862,BKID089753,Fixed Deposit,BSBD,Active,29-04-2024,,2282359.72,3625495.83
400921586628,389527568106,BARB055539,Salary,Premium,Active,16-02-2020,,1073139.32,2754952.27
1108923014615,638282092568,KKBK068115,Salary,Regular,Active,13-03-2021,,2293483.23,3202017.68
88994970664194,866962181168,CNRB058150,Fixed Deposit,Regular,Active,10-09-2022,,4974871.12,3230969.44
2589840347163,866962181168,CNRB058150,Savings,Regular,Active,31-08-2020,,5747473.36,4709024.74
59329090945211,929919925392,CNRB030222,Salary,Regular,Active,15-07-2024,,1558323.31,2445278.53
9280803854181,171650737974,UTIB021389,Savings,Premium,Active,22-08-2023,,483297.59,347341.08
416339307004,710600329719,ICIC097884,Fixed Deposit,Regular,Active,10-09-2021,,830108.91,1414994.52
619843770335,710600329719,ICIC097884,Current,BSBD,Active,13-03-2020,,360561.07,2442392.13
16373137820,323390718689,SBIN075517,Salary,Premium,Active,07-12-2022,,500683.48,2052493.54
9142313210162,472046570652,UTIB048664,Salary,Regular,Active,01-01-2022,,3836646.59,12261283.79
9214940553964,472046570652,UTIB048664,Savings,Regular,Active,21-03-2018,,2443138.14,23825393.54
45968659460605,757802740957,CNRB018808,Current,Regular,Active,03-11-2024,,1008948.18,880557.49
98448608383793,480085867020,HDFC032601,Savings,Premium,Active,31-05-2022,,11977372.47,4126496.1
63066303382264,480085867020,HDFC032601,Savings,Regular,Active,30-09-2024,,3137031.64,3893263.92
75014290774,533359693421,BKID033354,Salary,Premium,Active,23-01-2020,,1982024.37,4364397.85
30646664142,367286279905,CNRB092434,Savings,Basic,Active,11-05-2023,,1710696.73,2698566.0
344326007229,367286279905,CNRB092434,Salary,Basic,Active,05-01-2024,,1642566.46,1799570.9
47762697184094,908774640701,IOBA093191,Current,Regular,Active,25-02-2022,,4244862.2,4281363.43
71495814415,949425794463,SBIN012596,Fixed Deposit,Basic,Active,09-10-2024,,851930.78,1577201.73
9122442840283,172956205771,UTIB087375,Fixed Deposit,Corporate,Active,21-02-2023,,5632930.63,1513522.52
9291165864076,172956205771,UTIB087375,Current,Regular,Active,03-06-2021,,9415554.69,17662092.72
89944596879651,771619973482,CNRB095022,Recurring Deposit,Premium,Active,01-10-2022,,3001778.86,3798194.09
893958475740,497306475781,KKBK032815,Current,Premium,Active,05-11-2024,,548023.62,1308946.67
217991904835,497306475781,KKBK032815,Fixed Deposit,Regular,Active,20-09-2015,,768932.42,2808582.45
4628106597732,423995395032,CNRB058276,Fixed Deposit,Regular,Active,29-11-2023,,3038078.45,9105411.32
171184953303,569916565500,ICIC086746,Savings,Premium,Active,17-05-2021,,1037833.09,4884914.79
955284167784,569916565500,ICIC086746,NRO,Regular,Active,29-12-2023,,1547150.49,2067780.28
65210826435848,402093233216,CNRB014671,Salary,Regular,Active,27-11-2022,,1115401.39,988083.12
51645324253,300498645309,IOBA099918,Savings,Regular,Active,20-09-2021,,1862531.5,5645330.7
82022810401277,300498645309,IOBA099918,Salary,Basic,Active,17-08-2024,,6268221.93,6540242.94
72229337884769,910014995753,IOBA064344,Current,Basic,Active,15-11-2022,,7315004.76,9354949.73
3633391799923,860160471303,BARB074213,Savings,Basic,Active,17-11-2024,,483468.77,800338.1
4653809818031,860160471303,BARB074213,Savings,Premium,Dormant,30-10-2024,04-12-2024,0.0,180930.53
8489768694048,955681071724,BARB013980,Recurring Deposit,BSBD,Active,04-01-2023,,1258072.57,1467828.34
7134744997254,955681071724,BARB013980,Current,Regular,Active,20-06-2024,,2761737.76,4382620.51
4093092567121,375287562982,BKID052712,NRO,Regular,Active,17-12-2024,,538645.22,647167.3
2940232824496,375287562982,BKID052712,NRO,Regular,Active,13-04-2024,,788370.57,746567.0
158366544193,638449952803,IOBA029907,Savings,BSBD,Active,15-02-2024,,823221.77,2674615.17
113718432051,706009538828,BKID057386,Savings,Premium,Active,12-04-2018,,868865.93,2079210.14
89597214430778,706009538828,BKID057386,Current,Basic,Active,29-07-2017,,712687.9,2985128.13
448702592360,429072488493,ICIC085718,Fixed Deposit,Corporate,Dormant,28-11-2022,20-10-2023,0.0,9686.11
922594296969,429072488493,ICIC085718,Current,Corporate,Active,24-11-2024,,4468469.79,5008645.75
233921731130,363819374041,BKID014882,Salary,Premium,Active,27-08-2017,,838954.89,1779485.84
54774236472,363819374041,BKID014882,Savings,Basic,Active,20-12-2024,,410529.61,402744.18
265526962607,820031665037,BKID071405,Savings,Basic,Active,15-03-2024,,1160181.99,2283420.6
9191470625047,660527203252,UTIB053941,Fixed Deposit,Regular,Active,22-03-2021,,1705808.25,2383967.57
9170900991010,660527203252,UTIB053941,Savings,Regular,Active,17-06-2020,,3333394.98,5196692.01
38618784052,244774625179,SBIN013669,Savings,Regular,Active,07-01-2024,,2240528.84,4080669.78
18063361443,244774625179,SBIN013669,Fixed Deposit,BSBD,Active,27-02-2024,,1197061.89,1992550.57
6182651556607,579621340350,IOBA079968,Current,Corporate,Active,10-07-2016,,4601963.98,5724099.49
6709289578807,408321984656,BARB090686,Recurring Deposit,BSBD,Active,27-04-2024,,1654030.15,4326115.06
96003931795,298907710567,IOBA027429,Savings,BSBD,Closed,08-03-2024,,0.0,0.0
87024463834,298907710567,IOBA027429,Recurring Deposit,Premium,Active,02-03-2021,,1650776.14,2210256.52
94787858255091,686154612501,CNRB065339,Fixed Deposit,Premium,Active,22-10-2022,,1389146.96,1953882.78
93172830503662,686154612501,CNRB065339,Fixed Deposit,Regular,Active,22-02-2019,,1420264.61,3636389.66
981289456241,743322467536,BARB056705,Fixed Deposit,Basic,Active,17-11-2021,,936469.36,3507089.92
70226341226202,743322467536,BARB056705,Salary,BSBD,Active,21-08-2017,,1318488.12,975022.61
55767863396179,894576584511,HDFC088815,Savings,BSBD,Active,09-09-2016,,4248014.5,1757966.57
9183051631843,471907928417,UTIB077726,Savings,Basic,Active,03-01-2019,,695431.08,3030542.43
9154492522199,471907928417,UTIB077726,Current,BSBD,Active,30-04-2018,,1945944.52,2182791.76
610841506209,255217957827,CNRB028573,Savings,Basic,Active,19-02-2020,,1255627.43,1178401.41
276115425744,588172273051,IOBA093869,Savings,BSBD,Dormant,01-05-2024,13-08-2024,965.25,0.0
46360163959,588172273051,IOBA093869,Savings,BSBD,Active,05-09-2022,,1571034.52,2307538.43
226117687934,248036552626,ICIC017724,Current,BSBD,Active,08-08-2024,,2289377.97,4597689.72
47516988341,909436698694,SBIN015660,Current,Premium,Active,31-10-2022,,407501.39,177732.67
41617875543248,393714358393,CNRB014630,Fixed Deposit,Regular,Active,08-01-2024,,8599492.36,12372054.74
1175032997097,723428997076,CNRB018107,Salary,Basic,Active,03-04-2019,,531446.55,1365180.44
59447407898305,495357196769,HDFC057907,Savings,Regular,Active,24-10-2024,,1193570.44,1503241.11
77119552422856,495357196769,HDFC057907,Savings,Regular,Active,31-08-2024,,791307.94,3558105.76
355446288513,639251828671,ICIC063267,Salary,BSBD,Active,27-02-2020,,828790.45,4104450.88
268732432025,194166467329,ICIC024444,Current,BSBD,Active,28-04-2022,,1478184.41,4238429.22
539034604081,710801888319,BARB030269,Savings,BSBD,Active,24-08-2024,,801010.1,1588128.93
14709160737439,710801888319,BARB030269,Current,BSBD,Active,15-10-2022,,168432.27,379116.47
11331069840,412159447668,BARB037638,Current,Corporate,Active,12-11-2021,,561741.45,7061086.37
31086068041,525628187835,BARB045887,Savings,Regular,Frozen,06-06-2024,,0.0,0.0
5976056750928,222429222117,BKID014969,Savings,BSBD,Active,21-12-2022,,2705359.48,2831670.16
4654127410737098,431293843237,PUNB066919,Recurring Deposit,Regular,Closed,26-08-2018,,0.0,0.0
470915920464,286158117280,BARB090184,Current,Regular,Active,01-01-2024,,2022211.55,5202454.48
8894583978616001,943435039630,PUNB046200,Savings,Basic,Active,07-12-2023,,650512.09,1027061.97
7599686098513965,943435039630,PUNB046200,Current,Premium,Active,23-07-2021,,1892513.43,2561293.07
9198653265680,512936689006,UTIB058684,Salary,Basic,Active,30-03-2021,,2837455.49,2859003.92
59653354974170,157455620003,KKBK071822,Salary,Basic,Dormant,11-11-2024,29-12-2024,0.0,0.0
92416380475,290739293283,SBIN049294,Current,Premium,Active,11-02-2020,,2326611.21,2305230.9
59720737160,240790261966,KKBK068028,Recurring Deposit,Basic,Active,03-05-2024,,932797.73,2650483.76
395086786885,134765829474,ICIC023307,Salary,Regular,Active,16-11-2023,,2397249.23,3251957.21
276747569264,134765829474,ICIC023307,Recurring Deposit,Premium,Active,19-08-2020,,682606.61,3436191.82
369360835574,554105327159,BKID042484,NRO,Regular,Active,06-09-2024,,2008344.04,3008932.22
36989637009074,122466939290,IOBA090213,Salary,Regular,Active,07-12-2021,,2263587.84,2328279.11
85388594979,592191495790,BARB029192,Savings,Premium,Active,12-01-2023,,1016529.63,4332263.51
56223651435,446598502933,SBIN044321,Salary,BSBD,Active,28-02-2020,,2876531.5,4376834.79
11288743721,446598502933,SBIN044321,Salary,Regular,Active,05-05-2022,,1119141.47,1422321.2
91996020046,600225021500,SBIN060267,Recurring Deposit,Regular,Active,26-06-2022,,443953.52,3247442.12
10674121675,874490936841,BKID057227,Current,BSBD,Active,04-07-2022,,665533.75,1697492.34
13717807858012,874490936841,BKID057227,Salary,Premium,Frozen,20-11-2021,,0.0,0.0
487478198426,784689045723,BKID093164,Savings,Regular,Active,07-10-2024,,3990250.15,966830.03
82049560892493,784689045723,BKID093164,NRE,Premium,Active,02-12-2024,,5231871.09,2947603.56
2776281072600007,585004877765,PUNB081551,Recurring Deposit,Regular,Active,04-10-2021,,526308.18,2211292.94
82038271436914,553270972299,HDFC042098,Salary,Premium,Active,17-11-2021,,1731537.07,3589915.81
64346775715418,553270972299,HDFC042098,Savings,Basic,Active,16-07-2018,,2555609.2,1969273.14
3311619090638476,874087400758,PUNB011388,Fixed Deposit,Basic,Active,25-09-2022,,296809.3,1975031.8
8148199567946894,874087400758,PUNB011388,Savings,Premium,Active,11-07-2019,,2354770.43,6081694.81
9414745627154,619653562802,KKBK021972,Salary,Regular,Active,18-11-2022,,753310.79,2505617.49
68699484486884,619653562802,KKBK021972,Salary,BSBD,Active,04-08-2023,,1300926.47,4367618.58
36927262041,870345295679,SBIN037290,Savings,Basic,Active,10-09-2020,,419731.85,713260.18
23037228992,870345295679,SBIN037290,Savings,Regular,Active,07-06-2018,,1305465.16,3381147.84
6950152262881,179533709341,IOBA024201,Current,Corporate,Dormant,14-05-2024,26-08-2024,0.0,40704.94
56248394968061,437871393747,HDFC021293,Recurring Deposit,Premium,Active,06-03-2023,,1178248.8,1995772.52
9705649890786659,773003861781,PUNB092309,Savings,Premium,Active,11-02-2022,,698942.36,1972478.87
9527926025215867,529512083895,PUNB037247,Salary,Basic,Active,24-02-2019,,1131156.47,3291400.23
9871406367426567,529512083895,PUNB037247,Savings,Basic,Active,24-10-2019,,552117.05,2191279.64
28544008199952,934579159904,HDFC073094,Current,BSBD,Active,15-05-2021,,307553.42,8702940.53
35251530961144,934579159904,HDFC073094,Savings,Basic,Active,14-04-2022,,11859762.27,6926157.35
402762032386,625094040582,ICIC041335,Recurring Deposit,Regular,Active,12-05-2023,,1119563.85,2802349.74
9214374630680,712525100454,UTIB087350,Savings,Regular,Active,19-11-2021,,1245172.07,1899311.76
9221826780003,712525100454,UTIB087350,Salary,BSBD,Active,11-02-2024,,2225260.19,2557084.12
9187867283952,974840380035,UTIB090900,Recurring Deposit,Basic,Active,23-05-2020,,7436258.74,12990212.04
9232705919875,974840380035,UTIB090900,Recurring Deposit,Basic,Active,08-08-2017,,6888319.44,10933516.23
19769015817073,449500317447,HDFC079713,Recurring Deposit,Regular,Active,12-04-2024,,1765459.33,1808520.15
86290611034,458621759175,SBIN042450,Fixed Deposit,BSBD,Active,22-06-2022,,114416.07,1979004.0
669628138204,970531266669,IOBA059061,Savings,BSBD,Dormant,05-12-2015,04-12-2017,4963.86,41200.08
9832399140280,970531266669,IOBA059061,Salary,Basic,Active,03-08-2017,,1421811.79,1956214.45
641516210914,889372427076,ICIC036039,Current,Premium,Frozen,02-04-2022,,0.0,0.0
829741958869,889372427076,ICIC036039,Current,Regular,Active,09-05-2023,,1776993.13,4908809.08
611669709323,866860912052,ICIC091127,Savings,Premium,Active,15-12-2022,,2135240.52,3265761.63
313981527638,866860912052,ICIC091127,Savings,BSBD,Active,21-04-2023,,510217.36,3555893.86
77057534872,947354219447,KKBK026917,Savings,Basic,Active,18-10-2024,,1696114.58,3116739.5
92602092146,947354219447,KKBK026917,Fixed Deposit,Premium,Active,16-06-2022,,3549025.99,3972982.17
8611822925714535,965445909705,PUNB039057,Current,Basic,Active,06-12-2023,,482264.66,1052195.86
947101196190,701670598424,KKBK064938,Savings,Premium,Active,13-08-2024,,899412.83,3540484.95
73140973396,569095597486,KKBK081142,Savings,Premium,Active,28-06-2022,,2530967.68,2728817.91
343870602422,788953581004,KKBK012896,Fixed Deposit,Basic,Active,27-01-2024,,729754.23,1532007.61
8990530330056,788953581004,KKBK012896,Savings,Regular,Closed,10-09-2021,,0.0,0.0
802931796937,886900793165,ICIC031544,Salary,Basic,Active,17-07-2019,,2177255.2,3220251.98
83113965545,967249729672,IOBA014953,Fixed Deposit,Regular,Active,11-05-2020,,188479.41,1307249.3
936103772446,967249729672,IOBA014953,NRE,Premium,Active,13-04-2022,,1845322.33,2028807.21
19600275326381,966380231620,HDFC078708,Savings,BSBD,Active,01-09-2024,,1834927.9,2233990.2
16414230925154,966380231620,HDFC078708,Current,Premium,Active,19-08-2024,,1043178.09,1321052.22
36409226052,635263804405,SBIN032501,Fixed Deposit,Regular,Active,28-12-2022,,2907746.58,5201109.65
1452099933217,461624465932,BARB065957,Current,BSBD,Closed,25-06-2024,,0.0,0.0
2368713586184,461624465932,BARB065957,Current,Premium,Active,02-01-2020,,1313830.75,1784675.18
9343428889316078,238220109665,PUNB030251,Salary,Basic,Active,17-04-2023,,1699904.34,3880931.87
2989824060104,510674163691,BARB086090,Recurring Deposit,Regular,Active,24-09-2020,,1076370.54,3078589.83
9234703216690683,813328743385,PUNB054390,Salary,Premium,Active,22-08-2023,,1799297.56,2534855.66
3595182131782,731797266455,CNRB023717,Savings,BSBD,Active,21-03-2021,,3115862.9,3598611.83
6654869829702,731797266455,CNRB023717,Current,Basic,Active,27-05-2020,,2764810.9,2521000.1
22039560375,976532410888,SBIN045471,Fixed Deposit,Basic,Active,05-10-2024,,4013961.71,4700679.8
773059520897,283116081863,ICIC017864,Salary,BSBD,Active,03-04-2023,,1627695.07,1598434.77
330582505537,283116081863,ICIC017864,Savings,Regular,Active,27-08-2022,,1760568.51,3090659.69
3174967594377777,690528552433,PUNB065601,Recurring Deposit,BSBD,Active,01-06-2020,,81825.25,627859.59
9229770641603,699201253037,UTIB017441,Salary,BSBD,Active,07-12-2024,,1481103.2,1913376.22
82799951167411,857774532133,HDFC081348,Savings,Regular,Active,14-11-2022,,2467584.61,2454517.42
83232966249290,857774532133,HDFC081348,NRE,Regular,Active,30-08-2021,,1444518.83,3825971.18
39258330659888,512169403428,KKBK029795,Current,Basic,Active,23-12-2022,,210410.91,1621686.27
4602152069206,466905231051,BKID055232,Savings,Basic,Active,06-12-2024,,1995392.47,2092698.44
959795234667,285330644428,IOBA071345,Savings,Basic,Active,30-11-2021,,772756.73,3068887.46
17461880715674,598991886381,HDFC076283,Current,Regular,Active,03-04-2024,,5245292.25,5172805.48
254309151909,715651106846,ICIC048829,Current,Corporate,Dormant,08-10-2024,20-02-2025,0.0,0.0
6281565820362,671670514687,IOBA042663,Savings,BSBD,Active,04-06-2023,,2183091.09,2940392.69
69186756373,671670514687,IOBA042663,Savings,BSBD,Active,05-01-2021,,1695225.25,1977277.31
193707900077,918776120710,ICIC056571,Salary,Basic,Active,18-02-2019,,3992163.67,7851914.33
9156976344144,740890088842,UTIB036734,Current,Regular,Active,15-11-2022,,11797337.22,6211960.78
9542501106115489,367359165530,PUNB041668,Current,Basic,Active,27-08-2024,,1851686.0,1468501.99
5610629445396,658445398989,IOBA056579,Salary,Regular,Active,25-09-2021,,1097363.94,2525297.39
56625858386,658445398989,IOBA056579,Salary,BSBD,Active,20-01-2021,,1029922.08,2333877.29
738213709625,422498908131,BARB096045,Recurring Deposit,Basic,Active,13-06-2018,,1678751.76,1739305.49
74933152403,422498908131,BARB096045,Salary,Regular,Active,17-02-2017,,1321729.89,2241902.88
64093686619834,322846232143,BKID068637,Current,BSBD,Frozen,20-02-2024,,0.0,0.0
34964208898714,674734237159,HDFC076202,Fixed Deposit,Premium,Active,13-11-2017,,1596188.73,1613560.67
64347256689,304884668407,CNRB028992,Recurring Deposit,Regular,Active,08-02-2022,,4006991.37,6595985.24
92005820661,226553564578,CNRB055824,Current,BSBD,Active,26-12-2024,,1720992.61,1806216.35
9113742342984,907718989620,UTIB071920,Fixed Deposit,Basic,Dormant,13-11-2019,24-02-2023,231.92,6262.24
69904370780,228212524945,IOBA094987,Recurring Deposit,Premium,Active,10-09-2022,,783834.77,5538360.71
91474918583,228212524945,IOBA094987,Recurring Deposit,Regular,Active,01-09-2022,,3583232.19,3810931.25
33541470362,996361641696,SBIN047440,Fixed Deposit,Regular,Active,27-12-2023,,4369690.28,10115170.59
93583616064,996361641696,SBIN047440,Current,Regular,Active,27-02-2023,,1250782.75,3234289.61
76226456664468,876519975378,IOBA037011,Current,BSBD,Active,14-08-2023,,376953.13,5769757.09
2518203654748,876519975378,IOBA037011,Salary,Basic,Active,14-02-2020,,7162161.36,4861210.71
78131960493738,451667361544,IOBA075631,Savings,Basic,Active,25-08-2020,,1996947.44,3299705.82
3649612980536,451667361544,IOBA075631,Salary,Premium,Frozen,06-12-2024,,0.0,0.0
21001149616118,903465486578,IOBA044039,Salary,BSBD,Active,12-07-2023,,999435.03,1338496.48
64594845170,945347625158,SBIN022411,Recurring Deposit,Premium,Active,05-01-2021,,1531938.4,3328002.43
86076816471441,855213451262,HDFC040110,Current,BSBD,Active,16-06-2021,,1987657.62,3113109.71
77787346812272,855213451262,HDFC040110,Savings,BSBD,Active,19-05-2021,,1068918.42,3082903.19
396040259204,450164995030,ICIC079558,Salary,Premium,Active,09-07-2022,,1806539.4,4752438.75
1829853007350471,949224585339,PUNB085152,Fixed Deposit,Regular,Active,14-10-2018,,390073.27,1567678.01
3482864613863360,949224585339,PUNB085152,Fixed Deposit,Corporate,Active,26-05-2015,,4445820.25,1929302.57
53830033463694,918528871370,HDFC040030,Current,Regular,Active,07-05-2017,,3758775.18,3731640.44
46424736178841,311342748598,BARB048712,Salary,Regular,Active,18-01-2021,,519864.1,1124703.93
62483435651816,243976850354,HDFC047266,Savings,Basic,Active,05-03-2022,,1197152.0,1535684.08
34425558246659,243976850354,HDFC047266,Savings,Basic,Active,09-04-2021,,422083.27,2582143.74
7697728980444,773825055902,IOBA075205,Fixed Deposit,Basic,Active,03-11-2017,,3536441.81,5802460.84
515996677516,773825055902,IOBA075205,Current,Premium,Active,12-07-2019,,745789.36,2240090.97
9153147366600,105508817281,UTIB034120,Fixed Deposit,Basic,Active,22-05-2024,,1693864.84,3380689.36
4012624904518,344363675507,BKID074705,Salary,BSBD,Active,02-01-2021,,3188744.11,2816041.07
66240498990,958771773070,SBIN017906,Current,Premium,Active,02-08-2023,,2615966.18,3891875.26
6517599401998,247736735764,CNRB052561,Savings,BSBD,Active,22-09-2023,,1519497.09,2185898.77
5606568097409,247736735764,CNRB052561,Savings,Basic,Active,12-06-2018,,2340971.7,2520852.71
30574017607905,950014468151,HDFC070564,Current,BSBD,Active,26-07-2023,,547630.56,2692280.37
67853921249214,950014468151,HDFC070564,Salary,Premium,Active,30-12-2021,,810206.58,287079.96
26021770470,828148903833,SBIN061054,Savings,Basic,Closed,18-10-2024,,0.0,0.0
2139833995237019,450329587987,PUNB059641,Salary,Regular,Active,28-12-2017,,824162.77,3379835.7
4599497397742265,450329587987,PUNB059641,Recurring Deposit,Regular,Active,09-04-2021,,544406.65,671122.48
5297856886912,187538157291,BKID090077,Savings,Premium,Active,25-07-2021,,2676665.08,3529111.02
29793729570338,990569447870,BARB082918,Savings,Basic,Active,06-07-2024,,4870210.69,4684757.84
8637015134165,990569447870,BARB082918,Savings,Premium,Active,01-08-2020,,2475521.2,2873945.19
78497701561998,695199956671,HDFC041814,Savings,Regular,Active,20-07-2024,,3088484.91,5854131.2
6807448221215483,533774077404,PUNB044971,Fixed Deposit,Regular,Active,17-04-2022,,654963.23,1973061.17
6078983378394934,533774077404,PUNB044971,Current,Corporate,Active,17-01-2021,,11049076.88,7494632.87
61280187405,474666929442,SBIN074074,Recurring Deposit,BSBD,Dormant,14-09-2023,14-12-2024,0.0,78611.25
54297245354,474666929442,SBIN074074,Current,Regular,Active,03-08-2023,,1738250.55,2456483.3
34383321980339,498721357410,HDFC039627,NRE,Regular,Active,12-09-2024,,1283578.42,2501651.86
93129233368186,498721357410,HDFC039627,NRE,Premium,Active,08-06-2022,,2174384.4,3729990.97
80177722075,909227144692,CNRB079945,Fixed Deposit,Corporate,Active,14-03-2024,,3565717.59,15752596.11
59974613033627,136140245674,HDFC073220,Salary,Basic,Active,08-05-2024,,2875162.05,5648364.97
54546016204957,136140245674,HDFC073220,Savings,Premium,Active,10-09-2024,,654006.57,1407241.2
77360906107,594310768502,SBIN013187,Recurring Deposit,BSBD,Active,19-10-2022,,744172.68,3391908.99
68105574761,594310768502,SBIN013187,Savings,Premium,Active,16-12-2019,,1300408.92,2391536.22
2225903925618417,799647532417,PUNB050224,Salary,Basic,Active,24-09-2022,,384525.68,858867.19
5472959863160440,799647532417,PUNB050224,Salary,Basic,Active,25-07-2022,,1244758.5,2420064.97
28782683035431,448223623215,HDFC094638,Savings,Regular,Active,19-02-2020,,3002209.36,4207077.03
1104294679151,235782855656,IOBA058106,Savings,Regular,Active,08-11-2023,,749532.02,2265487.26
972999973975,235782855656,IOBA058106,Savings,Basic,Active,11-09-2024,,1212081.91,2976356.42
54093861500066,501167246656,HDFC044722,Recurring Deposit,Basic,Active,27-11-2024,,2220338.49,3493894.02
24452291237845,501167246656,HDFC044722,Fixed Deposit,Regular,Active,17-01-2021,,1850521.87,3111638.47
799632134646,503128665178,BKID025334,Savings,Regular,Active,22-03-2023,,3678749.63,5036659.9
9550203997825,101425642531,BARB062274,NRO,Regular,Active,17-11-2024,,2891926.81,3596985.05
3945659394379216,429032980241,PUNB031499,Recurring Deposit,BSBD,Active,09-03-2024,,1412776.35,5552415.28
5144032244286898,429032980241,PUNB031499,Fixed Deposit,Regular,Active,18-01-2017,,794499.86,1783995.71
9144360065480,183620357507,UTIB024785,Salary,Premium,Active,05-12-2023,,255750.48,1576658.57
2530532712349787,518958567518,PUNB086956,Current,Regular,Active,17-03-2024,,434952.92,755973.22
9205481718545,225317569411,UTIB067348,Savings,Basic,Dormant,31-12-2024,07-03-2025,24286.44,59097.7
9192815100186,225317569411,UTIB067348,Salary,BSBD,Active,14-02-2024,,1674647.19,2194565.47
28626040108048,298312458067,HDFC072142,Savings,Basic,Active,31-08-2022,,1560688.19,2639402.72
43491538532,182524946791,IOBA040917,Current,Regular,Active,18-03-2017,,5456871.72,12335777.24
9240734836714,714991207010,UTIB059100,Savings,BSBD,Active,29-11-2023,,2054695.88,3530719.39
9100192910604,714991207010,UTIB059100,Recurring Deposit,Premium,Active,01-11-2024,,790493.97,999503.69
9280915710617,594228126742,UTIB033993,Savings,Basic,Active,30-03-2022,,2067992.65,4243243.31
9143659640013,470277807347,UTIB025209,Fixed Deposit,Premium,Active,05-07-2024,,1163001.45,4479673.41
91836061361,577839489590,IOBA083322,Salary,Regular,Active,02-04-2022,,1802478.13,3367948.77
6797094663352,436252971258,IOBA099827,Savings,Premium,Dormant,27-09-2024,26-02-2025,129044.85,0.0
8470959255947,102529350125,IOBA098454,Salary,BSBD,Active,31-08-2022,,1337665.68,3173694.86
67381575261246,102529350125,IOBA098454,Savings,Regular,Active,20-11-2020,,1045470.1,2015850.88
8715941704788,992035600749,IOBA050112,Salary,Premium,Active,07-09-2022,,796788.42,965232.91
899590778598,262823171041,BARB025677,Salary,Regular,Dormant,22-03-2024,31-07-2024,16429.91,24645.34
654763102931,262823171041,BARB025677,Current,Premium,Active,08-03-2024,,563244.13,1158447.59
863930329441,250040706128,IOBA028208,Current,Regular,Frozen,01-01-2024,,0.0,0.0
57810074110,387037383461,BKID065103,Savings,BSBD,Active,29-06-2023,,580195.18,3855560.83
40393445070,387037383461,BKID065103,Salary,Premium,Active,01-11-2023,,811832.11,1418440.8
44051765081,702084980718,IOBA054553,Savings,Basic,Closed,30-06-2022,,0.0,0.0
758030019533,702084980718,IOBA054553,Current,Basic,Closed,16-04-2024,,0.0,0.0
998085803405,321487220668,ICIC072333,Savings,Regular,Active,20-12-2021,,1290279.17,3998740.43
249071253576,321487220668,ICIC072333,Savings,BSBD,Frozen,16-09-2019,,0.0,0.0
499736174241,938989112242,ICIC099548,Salary,BSBD,Active,11-11-2023,,1259606.93,1946329.59
897918140293,938989112242,ICIC099548,Savings,Regular,Active,04-08-2021,,443062.58,1468300.52
62047921163,760606671032,SBIN087450,Recurring Deposit,Basic,Active,29-05-2023,,1472783.97,2647732.82
68629470332,760606671032,SBIN087450,Savings,Basic,Frozen,21-11-2023,,0.0,0.0
80742724425687,716240107740,HDFC064481,NRO,Regular,Active,17-07-2022,,1456680.08,3822561.45
89790851955529,716240107740,HDFC064481,NRO,Premium,Active,22-11-2016,,2252785.98,4229364.69
78967676980945,404034672257,HDFC098378,Fixed Deposit,Corporate,Active,20-07-2019,,4884462.06,1544877.28
9248637564409,787433634367,UTIB068416,Savings,Regular,Active,28-01-2024,,1262697.59,1257966.88
41544080455,659910731141,SBIN019265,Recurring Deposit,BSBD,Active,19-07-2022,,800136.33,3019908.9
57406018995,659910731141,SBIN019265,Savings,Premium,Active,06-01-2021,,4189300.46,4992011.67
183585261999,970098008916,CNRB098503,Savings,Premium,Active,05-06-2021,,11344170.68,15275248.78
36695482862957,970098008916,CNRB098503,Salary,Basic,Active,13-06-2019,,1507441.22,8028422.47
210862615078,611265474319,ICIC035049,Current,Regular,Active,02-09-2020,,1774004.2,2160265.59
2584484988892,163526244878,CNRB084434,Fixed Deposit,Basic,Active,14-06-2021,,1439603.04,2248859.59
31232101718,206141412498,SBIN040528,Fixed Deposit,Premium,Active,20-11-2021,,976825.52,1607978.85
60951486340,206141412498,SBIN040528,Savings,Premium,Active,19-10-2023,,1146076.35,3278899.74
780010918192,891462598535,BARB090458,Current,Regular,Active,24-11-2022,,5242928.89,19923731.47
86732219541881,474758798233,IOBA078323,Savings,Basic,Active,20-09-2024,,587790.6,3416272.25
6296844701174897,124161837310,PUNB021540,Savings,Premium,Active,21-04-2023,,1087590.72,3043815.38
4077263722251621,124161837310,PUNB021540,Savings,Basic,Active,05-11-2020,,1482105.49,3355440.58
56831461754,263537768406,SBIN029323,Salary,Premium,Active,25-10-2022,,11065969.66,20127225.24
41751184815,263537768406,SBIN029323,Fixed Deposit,BSBD,Active,07-10-2022,,3881012.29,6676211.82
7317167030551,980775054051,BARB016544,Recurring Deposit,Premium,Active,23-11-2023,,419249.73,1817420.01
62620090227126,980775054051,BARB016544,Savings,Premium,Active,03-12-2023,,1396554.29,2287261.11
75150480193700,299830652138,BARB096172,Savings,Regular,Active,15-07-2023,,1399932.71,1275905.47
952421946656,553836545714,CNRB027786,Salary,Basic,Active,22-09-2024,,1963857.38,4139992.74
48789551927,553836545714,CNRB027786,Savings,BSBD,Active,12-10-2023,,1376872.82,1053281.97
259536532077,818548492384,ICIC028625,Current,BSBD,Active,30-12-2024,,972138.08,1225451.2
82630908170097,659051235936,HDFC057344,Salary,Regular,Active,26-05-2017,,12031243.3,17403389.29
6207499329733090,498801594904,PUNB024556,Salary,Premium,Active,12-11-2024,,506682.77,2389423.39
31304590246577,184728372866,HDFC063848,Savings,Basic,Active,01-05-2024,,4445794.51,3843113.7
15122247868640,184728372866,HDFC063848,Salary,BSBD,Active,03-12-2024,,570372.4,3688014.96
9225428122932,435930723192,UTIB049297,Salary,Regular,Active,31-08-2021,,5221560.54,4826579.29
69196137735163,655710136742,HDFC055355,Savings,Premium,Active,16-12-2022,,2138189.3,2403943.35
52109548053759,325031389357,BKID064615,NRO,Regular,Active,12-11-2021,,1556112.05,2905367.34
172764007300,325031389357,BKID064615,NRO,Regular,Active,17-05-2023,,838546.96,1771010.79
66886914036996,915599305148,IOBA060919,Salary,Basic,Active,10-01-2024,,994140.94,4918621.18
633315705094,915599305148,IOBA060919,Savings,Regular,Active,11-04-2023,,1675294.93,2373403.95
2755632681600281,232242223247,PUNB058355,Recurring Deposit,BSBD,Active,16-02-2022,,1126712.67,15172382.99
19832606177,480671755431,SBIN065501,Current,Regular,Active,18-08-2024,,754974.65,8413496.98
68088344720369,457729244455,IOBA083532,Salary,Basic,Active,27-05-2020,,96365.82,1390924.72
99576575904588,476318422736,BKID039554,Recurring Deposit,BSBD,Active,22-03-2022,,2287174.46,3312294.03
13748846539,476318422736,BKID039554,Salary,Premium,Active,14-09-2023,,1829340.09,5124245.78
696939652822,687367332847,ICIC080899,Current,Regular,Active,24-04-2024,,5339683.53,4039521.61
70465369614,573959196075,SBIN083173,Savings,BSBD,Active,29-09-2024,,431848.61,3389192.49
36295906916,573959196075,SBIN083173,Salary,Premium,Active,05-11-2024,,1314877.85,1716046.47
846886015259,866206840236,ICIC031010,Savings,Regular,Active,02-02-2018,,2433765.97,2664562.53
47182689764528,278084204352,HDFC096144,Savings,Basic,Closed,17-11-2024,,0.0,0.0
698488110903,354090364035,ICIC075260,Current,Basic,Active,31-03-2017,,614546.19,1251378.54
52316343963834,541790585332,BKID023118,Recurring Deposit,Regular,Active,17-11-2024,,1223121.65,2450325.67
110073680955,541790585332,BKID023118,Current,BSBD,Active,06-06-2023,,2000403.11,4413120.29
45987916556656,974854500372,HDFC070954,Fixed Deposit,Regular,Active,22-11-2022,,631930.28,1461309.8
23534706497,753378124508,SBIN047110,Salary,Premium,Active,26-07-2023,,10267314.05,5592750.44
54182351069,353985987184,CNRB032345,Recurring Deposit,Regular,Active,11-10-2022,,3536033.41,8177054.53
26104672921,353985987184,CNRB032345,Salary,BSBD,Active,07-06-2019,,2330291.9,1062257.12
70172119892,630699768148,CNRB037309,Salary,BSBD,Active,01-05-2023,,1992278.31,2908025.42
15038073143286,630699768148,CNRB037309,Recurring Deposit,Basic,Active,18-08-2019,,3305194.8,3855577.19
9221258221533,801150382729,UTIB055252,Savings,Basic,Active,05-09-2023,,977092.96,1587715.95
9285197913835,801150382729,UTIB055252,Savings,Premium,Active,09-11-2024,,3762891.72,4568102.05
16947346620,704341709523,BARB010532,Salary,BSBD,Active,28-08-2023,,1231530.43,2005568.75
14368144297,704341709523,BARB010532,Savings,Regular,Active,01-08-2024,,416999.67,2024058.09
45122139574227,325358866424,HDFC037953,Current,Regular,Active,28-06-2024,,3334335.42,4504913.1
10123308625696,325358866424,HDFC037953,Current,BSBD,Active,06-01-2024,,2888478.46,3542474.09
712936718958,614912192348,ICIC051380,Savings,BSBD,Active,17-07-2024,,25470.12,1899137.63
140614415190,614912192348,ICIC051380,Fixed Deposit,BSBD,Active,29-04-2024,,189157.36,2172609.05
38026757669133,151895318526,HDFC085399,Savings,BSBD,Active,02-07-2017,,437539.14,2184886.52
44563692494804,683683755589,KKBK068397,Recurring Deposit,Premium,Active,10-03-2021,,1127247.11,3739560.21
60621283519,239398568695,SBIN035331,NRE,Premium,Active,16-02-2018,,1234506.35,4643984.52
65041201487,239398568695,SBIN035331,NRO,Premium,Active,25-11-2020,,1505830.43,2667852.46
4496931258731440,937542986030,PUNB089993,Current,Basic,Active,14-08-2022,,1607084.24,1490144.39
3993520425598959,677230180462,PUNB038969,Fixed Deposit,BSBD,Active,12-08-2016,,1101904.08,4824509.35
5141000352753,392735512552,CNRB010329,Current,BSBD,Active,07-12-2020,,2073817.86,2682241.76
20884621317,392735512552,CNRB010329,Savings,Basic,Active,20-11-2021,,1839478.74,3248647.26
6436218216369,526108810084,CNRB040333,Savings,BSBD,Active,30-05-2023,,539539.29,1139221.84
19565896565343,526108810084,CNRB040333,Current,Regular,Active,30-06-2022,,1448681.97,3973458.05
847916851160,222856028092,ICIC024221,Savings,BSBD,Active,01-06-2016,,1312155.67,2854456.93
726386915837,222856028092,ICIC024221,Fixed Deposit,BSBD,Active,15-10-2023,,2046198.74,4450492.02
64130990965,927037515722,IOBA080194,Savings,BSBD,Active,02-10-2022,,1924913.02,2272709.13
688767968634,927037515722,IOBA080194,Salary,BSBD,Active,24-09-2019,,2150157.79,4318055.68
64948954529226,712257162366,CNRB042760,Fixed Deposit,BSBD,Active,16-02-2023,,1325060.25,2312176.5
730061916390,162635667380,ICIC038940,Salary,BSBD,Active,26-07-2017,,3337591.89,4764675.34
909099972271,162635667380,ICIC038940,Salary,Basic,Active,10-11-2020,,512712.41,3009858.76
579410938207,539517260613,ICIC052055,Fixed Deposit,Premium,Active,15-09-2018,,741883.04,1742060.25
775033232918,539517260613,ICIC052055,Fixed Deposit,Regular,Active,25-02-2017,,776697.06,1780294.93
73661379170,985186118187,CNRB080481,Fixed Deposit,Regular,Active,16-09-2024,,4640051.31,4593167.37
64236885708,648064746196,BKID017946,Fixed Deposit,Basic,Active,19-12-2024,,1112610.84,1639088.74
196392657334,648064746196,BKID017946,Savings,BSBD,Active,05-10-2020,,1272810.34,2134095.34
6243410920935,234117729812,KKBK038448,Salary,Basic,Active,19-05-2022,,3296067.0,3477752.94
721959736412,234117729812,KKBK038448,Savings,Premium,Active,24-08-2024,,1024196.56,3093146.57
26202307234334,136738178645,HDFC035510,Salary,Basic,Frozen,04-06-2022,,0.0,0.0
98713674944814,136738178645,HDFC035510,Salary,BSBD,Active,19-06-2022,,3892367.05,4073397.72
916822186106,136646987932,ICIC047557,Current,Corporate,Active,15-01-2024,,3449031.37,13424476.31
750389932164,136646987932,ICIC047557,Current,Regular,Active,20-01-2024,,7161137.0,19128868.48
7660435273799,301497213752,IOBA081889,Salary,BSBD,Active,30-01-2022,,2145251.23,3411796.8
80363880280867,301497213752,IOBA081889,Current,Regular,Frozen,13-04-2020,,0.0,0.0
90519280577177,354753792887,HDFC082156,Salary,Premium,Active,17-06-2022,,1374067.68,1748163.81
43285945896525,354753792887,HDFC082156,Fixed Deposit,Premium,Active,15-04-2018,,1181155.02,1439736.83
841595232685,369791372418,BARB099435,Fixed Deposit,Corporate,Active,26-06-2023,,8424733.74,10084514.23
799388636064,369791372418,BARB099435,Current,Corporate,Active,14-08-2023,,792332.36,6636666.69
73113728609560,739458477929,IOBA028351,Current,Regular,Active,07-11-2024,,1193647.17,1957064.6
580229213590,739458477929,IOBA028351,Current,Premium,Active,20-12-2023,,2727959.64,5079494.08
879088200056,188481867365,IOBA039726,Recurring Deposit,Basic,Active,01-11-2019,,1585609.93,3171541.18
508055233549,309101546370,KKBK057750,Current,Premium,Active,20-09-2024,,2001781.94,3051051.1
65106411196275,309101546370,KKBK057750,Current,Premium,Active,31-12-2024,,695189.58,971572.25
510361467051,982040305641,ICIC021303,Savings,Basic,Active,27-11-2023,,1428752.62,1396034.76
56938859603674,572315925941,BKID099147,Fixed Deposit,Corporate,Active,05-10-2016,,5286821.96,3441620.98
73359898457,417106276117,IOBA081131,Fixed Deposit,Premium,Active,25-11-2023,,516485.59,3755045.95
113629685001,417106276117,IOBA081131,Savings,Premium,Active,25-03-2020,,1480079.75,3350695.23
90318762746916,716477905315,IOBA017519,Current,BSBD,Active,21-06-2023,,318482.36,1317712.98
8768824604347,716477905315,IOBA017519,Savings,BSBD,Active,02-09-2020,,1145516.83,5798840.35
39030649479,535599283355,BARB016389,Fixed Deposit,Basic,Dormant,14-10-2018,09-08-2021,0.0,0.0
79550128605,511920338650,IOBA084135,Salary,Basic,Active,15-09-2024,,1638322.64,2739681.18
31047293163168,511920338650,IOBA084135,Salary,Basic,Active,15-08-2021,,619017.9,1981807.46
43681479197912,740827643595,BKID022181,Salary,Premium,Active,21-04-2024,,700659.45,778669.06
7521952655961,740827643595,BKID022181,Salary,Premium,Active,03-03-2017,,1886336.52,2537397.16
47762786475,324901624665,SBIN059733,Savings,Basic,Active,11-11-2017,,1292163.7,3007424.02
89943284962,324901624665,SBIN059733,Savings,Premium,Active,20-02-2019,,1636912.61,4409384.72
402204448642,958218390102,KKBK019350,Current,Basic,Active,26-11-2021,,1687884.82,3519878.29
971840478217,978574857668,BKID070865,Salary,Regular,Frozen,09-11-2016,,0.0,0.0
642267964721,978574857668,BKID070865,Current,BSBD,Active,05-10-2019,,283272.45,611777.8
52378369788,547672314734,SBIN042323,Savings,Premium,Active,24-02-2024,,556045.42,978383.88
661164828142,953448876858,KKBK010696,Savings,Premium,Frozen,15-07-2024,,0.0,0.0
63957123227,737139151332,CNRB054844,Savings,Basic,Active,19-08-2023,,1452836.11,3265650.69
9126776759640,649942115763,UTIB036089,Salary,Regular,Active,30-12-2018,,290640.35,2198138.57
9199825216125,649942115763,UTIB036089,Recurring Deposit,Basic,Active,19-06-2024,,1417129.57,4888112.46
3488930953868047,332475968420,PUNB062778,Fixed Deposit,Premium,Active,27-07-2024,,2584357.3,3757899.72
9349792050237469,332475968420,PUNB062778,Salary,BSBD,Active,29-04-2024,,955280.31,886931.95
62384132791,726310724826,BARB044279,Salary,Regular,Active,10-06-2023,,1183898.25,4645887.77
71574695404800,726310724826,BARB044279,Salary,Basic,Active,12-09-2023,,2240051.29,4048222.13
71997899339,886852489806,KKBK084988,Savings,Premium,Dormant,01-05-2019,24-07-2023,0.0,0.0
629529979356,861624911947,ICIC087038,Salary,Premium,Active,14-07-2018,,2428704.01,4364339.72
243701585628,262562563937,BARB019272,Salary,Regular,Active,05-03-2023,,6357011.62,1317503.99
643141878511,922205817267,BKID057805,Savings,BSBD,Active,27-08-2019,,159945.91,1818297.56
98798297230,922205817267,BKID057805,Savings,Basic,Dormant,27-06-2022,18-07-2022,0.0,4546.73
2370754657854633,705734015029,PUNB057159,Current,Basic,Active,21-12-2023,,448633.04,2927628.75
4851286886268927,705734015029,PUNB057159,Current,Premium,Active,02-04-2023,,1802277.51,3350754.69
29512413381158,664110173588,IOBA061811,Current,Regular,Active,19-04-2018,,325810.43,5539330.67
12660005273,664110173588,IOBA061811,Fixed Deposit,Regular,Active,07-05-2016,,4465311.2,9781792.17
7466996336982743,744160039276,PUNB058868,Salary,Basic,Active,08-06-2023,,3306679.35,4308804.98
801575976980,791052227477,ICIC070109,Savings,Premium,Active,18-11-2023,,2351762.84,2113176.08
177651092815,791052227477,ICIC070109,Fixed Deposit,BSBD,Dormant,27-11-2024,16-12-2024,0.0,47314.79
2101184514209580,210294348157,PUNB082875,Salary,Basic,Active,20-11-2020,,1943051.29,4568627.22
7178816087653695,210294348157,PUNB082875,Salary,Premium,Active,22-11-2022,,1485830.71,2689043.03
50915517976002,802560705175,HDFC062091,Salary,Basic,Active,03-10-2021,,2022387.57,3315453.5
36771535680707,802560705175,HDFC062091,Recurring Deposit,Premium,Active,30-10-2023,,1106441.6,2851937.33
9121485392266,691022152990,UTIB029545,Salary,BSBD,Active,26-09-2023,,2037993.8,3238670.77
9154601502288,691022152990,UTIB029545,Salary,Regular,Frozen,01-02-2023,,0.0,0.0
1387503947178,959782542704,BARB010814,Savings,Regular,Active,20-12-2022,,1769176.32,4948863.71
22268830965,392939499075,BKID086289,Salary,Basic,Active,24-08-2016,,2260520.87,5382412.98
33477123397,901167445797,CNRB017544,Savings,Premium,Active,23-11-2022,,2453156.45,4339357.27
91828568231,959955132374,SBIN090159,Current,Basic,Frozen,04-12-2023,,0.0,0.0
2563933682084668,322048888866,PUNB051482,Fixed Deposit,Basic,Active,07-04-2022,,1380315.42,2782488.75
1812645344707955,322048888866,PUNB051482,Fixed Deposit,BSBD,Active,19-05-2024,,1323157.39,1405083.58
24923268111,465192839509,KKBK047472,Savings,BSBD,Active,13-07-2017,,820393.05,2152258.92
472392808916,465192839509,KKBK047472,Fixed Deposit,Regular,Dormant,07-10-2022,16-12-2024,64843.15,3434.53
22645550662,180471264010,IOBA030817,Savings,Premium,Active,17-03-2023,,511978.44,2964067.13
36421857583678,180471264010,IOBA030817,NRE,Premium,Active,06-07-2020,,520179.89,453042.58
70161023427036,284687819470,IOBA017953,Savings,Basic,Active,06-07-2017,,3847951.37,4734185.71
83992447865446,986739773595,HDFC032172,Current,Premium,Active,04-11-2018,,701930.34,1765192.14
3664898748823909,100648370663,PUNB098285,Current,Premium,Active,02-09-2023,,654356.61,2008584.15
6019820006282393,100648370663,PUNB098285,Savings,Premium,Active,09-02-2024,,146231.17,1432861.97
6739315589389,893481310436,BARB027514,Current,Regular,Active,07-07-2019,,1754031.68,6205456.01
29237593003,893481310436,BARB027514,Savings,Regular,Active,20-09-2019,,1905466.62,1723252.36
9244022205112,460077482713,UTIB068571,Salary,BSBD,Active,11-09-2022,,797450.89,3456588.1
98683501059119,820389322842,HDFC036906,NRO,Premium,Active,20-10-2023,,4472204.77,4680451.37
18506317591659,820389322842,HDFC036906,NRE,Regular,Dormant,23-07-2020,21-11-2020,49363.31,278718.38
21822364972070,995356302799,IOBA048824,Savings,Premium,Active,02-09-2018,,1489709.63,2458852.88
9179182562771,895535135059,UTIB066057,Recurring Deposit,Basic,Active,29-09-2022,,1152100.81,2189430.84
9189760853462,895535135059,UTIB066057,Salary,Basic,Active,21-05-2020,,2594433.47,4097598.82
6316017595145,737760175306,KKBK031397,NRO,Premium,Active,17-09-2020,,1429993.24,2396608.41
82381266901,154661014687,SBIN099465,Salary,Premium,Active,15-10-2021,,413318.97,811025.52
295760589492,987653842356,ICIC057144,Recurring Deposit,Basic,Active,09-09-2023,,999710.54,1526725.97
9214751351045,622655224877,UTIB056896,Current,Corporate,Active,25-09-2023,,83134.56,5012711.6
9204907498996,622655224877,UTIB056896,Current,Corporate,Active,09-05-2018,,6730350.73,617378.75
7946023242517,162793983608,CNRB033411,Savings,Basic,Dormant,31-10-2018,15-07-2020,0.0,0.0
94322558698884,162793983608,CNRB033411,Salary,Basic,Active,11-06-2019,,956322.76,2046530.61
9216486338523,743866595731,BARB037622,Recurring Deposit,Basic,Active,01-01-2020,,3385159.68,1996074.38
161113503799,743866595731,BARB037622,Salary,Premium,Active,26-01-2021,,1387933.88,2508843.73
20691847994681,740788814668,HDFC044102,Savings,Basic,Active,26-11-2017,,6507577.4,8061757.57
363798159907,439178135248,ICIC033832,Current,Regular,Active,15-05-2024,,8187164.73,5895365.45
86765579058901,528042162011,HDFC031744,Savings,Regular,Active,22-03-2019,,431797.17,2522209.87
62804035455410,528042162011,HDFC031744,Salary,Basic,Active,02-02-2024,,475669.04,1171006.54
37252959570,913475573908,SBIN097654,Current,Regular,Active,12-09-2021,,4550733.53,2876295.2
73935511861,777386912510,BKID085914,Savings,Premium,Dormant,03-04-2017,22-01-2019,33683.68,166996.18
3421209226428,777386912510,BKID085914,Savings,Regular,Active,26-02-2018,,3329185.73,4124201.89
52813259591,222252594486,SBIN050622,Recurring Deposit,BSBD,Active,28-05-2023,,210422.26,2340715.77
87128748384,262995945178,CNRB040504,NRO,Regular,Active,25-07-2024,,1981656.5,2190974.26
5289833681097,262995945178,CNRB040504,NRE,Premium,Active,24-06-2024,,2443132.36,4220764.21
54937148761595,717813389783,HDFC097264,Savings,Regular,Active,20-08-2022,,1840560.24,3184541.8
77781721102741,717813389783,HDFC097264,Salary,BSBD,Active,15-08-2023,,1490724.87,2424768.82
2750704650290,550945986328,KKBK028061,Savings,Regular,Active,11-08-2022,,764425.81,3891064.69
1131880053707458,138194602097,PUNB083017,Recurring Deposit,Basic,Active,05-12-2016,,327750.66,943212.42
7531665326497435,138194602097,PUNB083017,Salary,BSBD,Active,11-01-2021,,1059783.24,3024553.17
35631027352877,885456658374,HDFC068522,Current,Premium,Active,07-09-2017,,1025273.69,2624680.91
35957718756303,885456658374,HDFC068522,Current,Premium,Active,21-03-2020,,2160649.43,4289757.76
522719584141,521290328229,IOBA075419,Salary,Premium,Dormant,12-12-2024,01-02-2025,0.0,434.21
256357311749,268650237913,ICIC058415,Salary,Basic,Active,28-11-2019,,3308211.01,3636359.57
423877822294,268650237913,ICIC058415,Savings,BSBD,Active,24-03-2022,,2196529.16,4341249.1
3514068862896,315548100452,BKID093623,Savings,Regular,Active,19-08-2023,,779102.83,2343104.75
9170795107937,617583571459,UTIB053426,Salary,Basic,Active,12-12-2023,,2213420.24,4705024.58
9240941423097,617583571459,UTIB053426,Savings,BSBD,Active,08-11-2021,,1625786.08,2017257.37
844565814150,275088538906,CNRB026896,Current,BSBD,Active,02-09-2022,,1265032.41,2724316.55
603515524842,908431075603,ICIC047595,Current,Corporate,Active,15-06-2023,,1547236.93,5125321.86
60018445217,215630681744,BKID060884,Salary,Basic,Active,19-11-2023,,115416.33,430470.3
3377780685038,213884581598,IOBA021463,Fixed Deposit,Regular,Active,13-04-2021,,7653931.14,9441244.34
8137902286619,213884581598,IOBA021463,Current,Corporate,Active,21-05-2024,,599008.84,5402246.36
17906215786777,596691153492,BKID036126,Savings,Regular,Active,22-09-2018,,1371202.61,4354698.18
66738497337,202258525112,BKID061527,Fixed Deposit,Regular,Active,02-10-2019,,1029367.72,3327656.96
53540545649,202258525112,BKID061527,Savings,BSBD,Active,23-09-2024,,2139517.46,3253131.54
35228617821197,641445673281,BKID029175,Salary,Basic,Active,14-09-2021,,264904.78,2069612.9
3207238661000,641445673281,BKID029175,Salary,Regular,Dormant,02-07-2023,27-02-2024,5749.82,2157.52
4897638428864900,524689480526,PUNB018213,Savings,Regular,Active,29-04-2023,,986324.56,5407312.03
66869811742467,419134478351,CNRB047093,Fixed Deposit,Regular,Active,19-05-2022,,178777.16,932781.98
52803381447240,873053720876,HDFC063191,Current,Corporate,Active,12-01-2022,,9399594.0,9713956.05
14855471857662,873053720876,HDFC063191,Current,Corporate,Active,03-03-2023,,1769756.93,2845526.72
17437878334878,332179584378,HDFC090448,Fixed Deposit,Premium,Active,15-05-2024,,3910127.23,5643875.66
9231805649447,566539463778,UTIB089870,Current,Corporate,Active,09-08-2024,,5237394.09,15302684.91
9164532048854,566539463778,UTIB089870,Current,Regular,Active,10-07-2024,,4994026.37,6370425.9
802871573799,459917638285,CNRB045299,Savings,BSBD,Active,13-08-2022,,1031243.35,1813116.06
94073794535042,119969670188,CNRB041190,Salary,BSBD,Active,08-07-2022,,2933604.07,4124757.94
73465067112031,361265695067,HDFC037777,Fixed Deposit,Regular,Active,11-01-2020,,437339.13,594516.77
73023317093088,361265695067,HDFC037777,Savings,Regular,Active,05-03-2023,,2406400.22,2639445.87
64841130716045,862745794965,HDFC010706,Savings,Basic,Active,11-07-2022,,565584.23,1338874.42
13987849109,832952545655,KKBK096409,Current,BSBD,Active,14-11-2022,,669204.29,3672752.7
562675425132,832952545655,KKBK096409,Salary,BSBD,Active,09-07-2021,,998523.56,1656982.44
7184772258119,106596386105,CNRB077034,Savings,Regular,Active,04-07-2023,,1911966.5,3457464.21
64552091405,106596386105,CNRB077034,Savings,Basic,Active,10-09-2018,,916267.78,6554603.41
2938759599407829,632755614431,PUNB076386,Current,Corporate,Active,03-07-2023,,997868.89,7392527.69
4710722920359346,632755614431,PUNB076386,Fixed Deposit,Corporate,Active,04-12-2023,,6245616.65,12799189.97
158321486361,488096107077,ICIC069364,Savings,Regular,Active,01-12-2022,,493251.81,2518389.02
72918691468874,201134522978,BARB098698,Recurring Deposit,BSBD,Active,29-05-2024,,4438081.85,2757179.04
95564396464,201134522978,BARB098698,Salary,Basic,Active,04-09-2024,,1070285.67,2385255.57
9348008722693,575099094905,BARB047496,Recurring Deposit,Regular,Active,09-11-2022,,703469.86,1968926.43
36572128738,768327727492,CNRB088596,Salary,BSBD,Active,22-04-2019,,1664627.3,5436055.61
78910306480908,768327727492,CNRB088596,Savings,BSBD,Active,17-01-2021,,1485468.89,2498226.58
385954078562,958757054866,CNRB028726,Current,Corporate,Active,20-03-2017,,4981224.36,1617980.01
176560980214,958757054866,CNRB028726,Current,Regular,Active,22-04-2019,,9182168.58,14045901.53
634384172190,700259977809,ICIC084044,Current,BSBD,Active,14-06-2024,,1588800.98,2721733.01
73671696459317,135981231346,HDFC048312,Savings,Regular,Active,05-10-2023,,1069676.67,2671563.73
9124027275932,455602845581,UTIB017534,Salary,Regular,Active,25-12-2023,,1924294.3,2360770.38
48417802889,489411856722,SBIN031659,Fixed Deposit,Basic,Active,10-03-2023,,1259718.29,1086325.82
44180222490,605772547244,SBIN033064,Savings,Regular,Active,24-04-2021,,349753.35,3996469.66
98505619460,605772547244,SBIN033064,Salary,BSBD,Active,19-08-2022,,318888.79,490983.79
424770870255,416716036958,ICIC079965,Salary,Regular,Active,09-10-2021,,2903695.67,3663999.24
386441812587,416716036958,ICIC079965,Fixed Deposit,Basic,Active,24-06-2019,,520332.27,911571.11
37507269250746,926398960710,KKBK088112,Savings,Basic,Active,25-06-2024,,1899808.8,2134494.69
54136988233341,362447929236,HDFC022938,NRO,Premium,Closed,04-12-2024,,0.0,0.0
28087291977400,362447929236,HDFC022938,NRE,Premium,Active,26-09-2023,,1856805.5,2105473.25
543229371298,576127534688,BARB047789,Current,Basic,Active,30-08-2019,,3080050.04,5217150.2
1756803530599948,301040824274,PUNB035801,Current,Premium,Active,28-03-2023,,1204995.28,2325324.11
7459874734081755,301040824274,PUNB035801,Savings,BSBD,Active,30-05-2022,,3226202.11,4924495.6
894853569533,249456121514,ICIC086813,Current,Premium,Active,26-12-2023,,2768718.42,3746794.62
339278631544,249456121514,ICIC086813,Savings,Basic,Active,16-02-2024,,1061878.21,2186201.93
6983521437597748,100052674901,PUNB080059,Savings,BSBD,Active,11-01-2022,,3693002.58,3652412.13
1344183519330044,100052674901,PUNB080059,Savings,BSBD,Active,08-10-2023,,1423334.86,3804849.64
797976806827,773104988191,ICIC020767,Current,Basic,Closed,20-07-2024,,0.0,0.0
81900606751754,423776256664,HDFC013745,Fixed Deposit,Premium,Active,03-05-2024,,942481.81,3414196.88
57291634347587,423776256664,HDFC013745,Salary,Basic,Active,22-07-2024,,1002431.14,2637215.81
89543790933,151488409184,CNRB032210,Fixed Deposit,Basic,Active,12-10-2024,,977203.96,1095363.87
43439307817,954203200593,CNRB023022,Savings,Basic,Active,03-01-2024,,1628177.25,3538394.1
179123852731,954203200593,CNRB023022,Current,BSBD,Active,05-02-2018,,990326.11,3100437.85
803628277370,690651327135,ICIC075681,Salary,Premium,Active,17-02-2024,,1299458.99,4779651.28
312150324862,830402125810,ICIC095719,Fixed Deposit,Basic,Active,09-09-2020,,545933.27,1354314.35
45325066483271,947548322167,KKBK079598,Savings,BSBD,Active,30-11-2022,,926534.05,2591752.38
5753181210544,580618801593,BKID011114,Savings,Basic,Active,18-08-2022,,562820.49,6895996.41
97525890008,957593090176,CNRB057202,Savings,Basic,Active,01-01-2019,,3363246.47,5006847.83
3667210618984,957593090176,CNRB057202,Fixed Deposit,Basic,Active,02-09-2020,,3064455.4,5471228.67
732588337195,655866492532,ICIC047705,Fixed Deposit,Premium,Active,23-04-2024,,2111940.02,2074417.3
244245632598,655866492532,ICIC047705,Savings,Premium,Active,14-05-2024,,2286096.47,2292494.68
121914955152,580614665447,KKBK043221,Current,BSBD,Active,22-07-2024,,3878420.15,4657711.48
106253656066,580614665447,KKBK043221,Savings,Premium,Active,11-10-2024,,1988326.49,1939468.32
434612145302,737907051315,ICIC013064,Salary,Regular,Active,21-04-2024,,3395832.48,17326537.41
217426569575,737907051315,ICIC013064,Savings,BSBD,Active,09-06-2024,,1104186.46,8435071.91
85201176184,128565433616,SBIN015143,Salary,Regular,Active,06-03-2020,,186638.51,891919.1
9095636144339,670313225775,IOBA045865,Salary,Premium,Active,20-10-2019,,753563.39,3153510.86
9180768983179,528530586102,UTIB073781,Savings,Basic,Dormant,25-11-2023,30-08-2024,97326.88,2804.45
13042799093,395893089497,SBIN027144,Current,Premium,Active,16-11-2020,,2215981.16,2356350.7
9268555723858,991862977524,UTIB024186,Savings,Regular,Active,14-02-2020,,1657169.09,3539199.39
9273038489324,991862977524,UTIB024186,Savings,Premium,Active,10-09-2023,,565312.67,2285454.31
927491510106,889411456754,ICIC017243,Salary,Regular,Active,13-04-2023,,2070350.21,2487152.62
433814430421,109464074864,IOBA027999,Fixed Deposit,Corporate,Dormant,30-03-2017,06-10-2022,101272.25,8614.93
47549549932,109464074864,IOBA027999,Fixed Deposit,Regular,Active,06-02-2019,,1182011.24,8749946.17
613781863346,964396827175,ICIC087329,Salary,Basic,Active,28-12-2019,,2197860.03,2667250.47
463991474034,964396827175,ICIC087329,Savings,Premium,Active,10-11-2017,,1446205.17,2810814.39
32482565066,537918820874,SBIN056902,NRE,Premium,Dormant,15-07-2024,24-07-2024,0.0,0.0
9275177881110,686223387524,UTIB044581,Recurring Deposit,Regular,Active,02-05-2020,,2767805.67,2872945.7
9124885418138,686223387524,UTIB044581,Savings,BSBD,Active,23-08-2023,,2619064.69,2146947.92
69021189046,860472221171,BKID036901,Savings,BSBD,Active,07-04-2024,,1629614.23,4747983.55
438989332415,228022204290,ICIC048488,Salary,Basic,Active,20-08-2024,,2230910.52,8422867.22
574143789283,228022204290,ICIC048488,Current,Premium,Active,26-04-2024,,4738043.72,3714152.57
9208875367606,763088469646,UTIB035403,Salary,Regular,Active,15-04-2023,,728100.02,1921484.92
868995240885,950543673223,ICIC080337,Current,Corporate,Active,06-06-2021,,251470.9,2915393.17
724690039510,950543673223,ICIC080337,Fixed Deposit,Regular,Active,05-07-2019,,11801756.14,7211710.79
65107388130235,846521458092,HDFC022703,Fixed Deposit,Regular,Active,06-05-2024,,9040016.7,9487170.23
6448089661947,272377088229,KKBK010503,Fixed Deposit,Premium,Active,04-08-2024,,608617.96,787343.43
43533046962,423803936120,KKBK054226,Savings,Basic,Active,19-08-2024,,2413418.5,2907896.81
5838806392938207,951966960713,PUNB028560,Salary,Premium,Active,18-05-2023,,462201.81,762726.88
6645169134490368,951966960713,PUNB028560,Savings,Regular,Closed,27-04-2021,,0.0,0.0
56473059800983,269978693537,HDFC061458,Recurring Deposit,Regular,Active,02-12-2024,,1385349.6,2758521.41
7909324341109215,301059738004,PUNB038239,Savings,Basic,Active,26-03-2024,,713596.32,1879161.12
7897492706698158,301059738004,PUNB038239,Current,Regular,Active,12-10-2023,,1394568.07,4787130.88
16363432857640,945628615877,BARB051165,Fixed Deposit,Regular,Active,26-11-2023,,1950642.65,3334418.73
9170811711154,393509545145,UTIB021108,Savings,BSBD,Active,04-08-2023,,276045.55,1444012.62
9282262658535,393509545145,UTIB021108,Current,BSBD,Active,21-07-2019,,142078.4,763897.77
9481810675605,609822845945,IOBA040313,Current,Basic,Active,30-12-2018,,2567681.02,2865209.97
512638430035,748491469529,KKBK016595,Salary,Basic,Active,17-09-2020,,1057983.11,1707330.42
5665003321486,748491469529,KKBK016595,Salary,Regular,Active,06-11-2024,,1709968.14,2166042.63
29205225848524,725368768906,KKBK046824,Fixed Deposit,Regular,Active,19-01-2023,,3044069.63,17167408.29
39362867024,725368768906,KKBK046824,Current,Corporate,Active,31-07-2023,,1884668.0,4354772.64
4352022256355,487787247835,KKBK086031,Savings,Basic,Active,01-09-2023,,756285.6,4409809.59
306737400738,629538158704,ICIC079661,Savings,Regular,Frozen,03-11-2024,,0.0,0.0
684791211454,629538158704,ICIC079661,Salary,Basic,Active,25-10-2024,,486965.65,1862663.21
318796972889,145858808062,IOBA057706,Savings,Basic,Active,22-01-2020,,1526944.25,3044689.52
43873779345,145858808062,IOBA057706,Salary,BSBD,Active,09-07-2020,,1549453.84,2445038.7
406366747011,817149734783,KKBK039311,Savings,BSBD,Active,16-04-2018,,2298947.51,1661167.74
9928674217900,334620786629,BKID025765,Salary,BSBD,Active,19-12-2024,,1443514.07,1790954.02
27046169198132,334620786629,BKID025765,Current,Premium,Active,17-12-2024,,3801619.83,3917817.52
9220939493302,703633354977,UTIB066194,Recurring Deposit,BSBD,Active,11-09-2020,,3425861.51,2847117.62
9277832915311,703633354977,UTIB066194,Current,Premium,Active,24-12-2022,,2661916.54,3928370.77
53655883330,915572099851,SBIN079598,Salary,Basic,Active,05-04-2023,,884363.86,463150.07
52328386387,477378491353,SBIN063608,Savings,Regular,Active,18-12-2019,,1858412.69,1571209.66
44319931938,477378491353,SBIN063608,NRO,Premium,Dormant,03-07-2018,05-10-2019,104804.3,0.0
9584540346822,523481174841,KKBK040448,Salary,Premium,Active,25-05-2019,,2973169.43,6761471.55
37189613107944,861326451460,IOBA050254,Savings,BSBD,Active,18-11-2024,,1052960.95,1137117.53
29992780479126,333994190351,KKBK094042,Savings,Premium,Active,12-08-2023,,802141.79,3797596.15
725161964125,289122882663,KKBK077432,Recurring Deposit,Basic,Active,07-05-2022,,1244868.66,2781847.34
9253950426926,189099245678,UTIB027179,Savings,Regular,Active,20-01-2019,,829462.33,2504249.38
7120983409032359,219956169705,PUNB099712,Fixed Deposit,Regular,Active,14-08-2024,,1896734.32,3523439.98
53089857826,286731777944,CNRB053423,Recurring Deposit,Regular,Active,11-08-2022,,2720774.09,3959604.42
83064441230583,286731777944,CNRB053423,Recurring Deposit,Basic,Active,24-05-2017,,3148280.03,3338419.46
9292205283570,830007419448,UTIB075555,Savings,Regular,Active,12-10-2020,,867298.98,2750392.74
16174660650650,905261562477,CNRB047619,Fixed Deposit,Regular,Active,30-11-2023,,2251871.67,3565193.87
6352790395303,905261562477,CNRB047619,Recurring Deposit,Premium,Active,06-04-2023,,288188.19,1654815.18
5535619696528147,863297999391,PUNB057121,Savings,Basic,Active,19-09-2022,,725980.49,2196847.01
2683600861774,841826077798,KKBK093411,Current,Premium,Active,15-04-2020,,1744061.2,3928286.07
9658422130052466,612712389631,PUNB030043,Fixed Deposit,Corporate,Active,24-03-2023,,2027604.78,6595307.68
5577043676400746,612712389631,PUNB030043,Current,Regular,Active,13-09-2022,,1414297.48,6038526.24
108149262161,494265878586,ICIC017584,Fixed Deposit,Corporate,Active,14-07-2020,,1232027.07,6829537.16
514164477776,494265878586,ICIC017584,Current,Corporate,Active,06-07-2024,,203139.63,4182493.33
9264835896966,196260498374,UTIB064356,Fixed Deposit,Corporate,Active,18-03-2021,,6155123.87,2129136.51
92218557439,400408755515,BARB023467,Recurring Deposit,Premium,Dormant,30-10-2017,08-12-2020,0.0,0.0
78547126214581,400408755515,BARB023467,Savings,BSBD,Active,09-11-2018,,2117087.2,3419010.71
92645454266281,709910732049,HDFC018853,Salary,Regular,Active,22-09-2021,,2596020.91,5143258.59
62255116100196,709910732049,HDFC018853,Savings,Premium,Frozen,05-10-2018,,0.0,0.0
86104519798,112544030017,KKBK037613,Current,BSBD,Active,06-05-2024,,1828156.06,3142047.29
13969009814299,269191361866,BKID042520,Salary,Basic,Active,06-11-2024,,2756679.39,7324586.86
4060083698422,755452897085,IOBA054363,Salary,Basic,Active,16-05-2024,,419382.7,4900679.96
9201433252827,137741831499,UTIB021412,Salary,Premium,Active,11-02-2024,,2509710.98,2682653.89
35043292513,977767340221,BARB048635,Salary,Regular,Active,28-02-2024,,2545066.27,3157514.0
70530083864,977767340221,BARB048635,Current,Premium,Dormant,15-11-2020,12-08-2024,0.0,31053.47
3766132166906,222755832352,IOBA073368,Fixed Deposit,Premium,Active,09-12-2021,,1138009.47,1928827.11
92861990513737,222755832352,IOBA073368,Fixed Deposit,Premium,Active,16-10-2023,,2912502.85,4227645.84
596224024329,923475121970,IOBA058019,Savings,Premium,Active,06-11-2023,,600116.04,1245073.69
7427117611961,923475121970,IOBA058019,Fixed Deposit,Premium,Active,10-11-2024,,734757.54,4791617.98
2747394464123,169458319294,KKBK042278,Current,Corporate,Active,07-07-2015,,520651.94,6463017.93
31907419116,169458319294,KKBK042278,Current,Regular,Active,11-12-2017,,5400887.48,1516570.93
96650424871,941267114040,SBIN024660,Current,Regular,Active,18-04-2023,,295741.86,1057099.42
93546252285,941267114040,SBIN024660,Fixed Deposit,Regular,Dormant,12-03-2018,06-07-2023,1885598.77,2742255.86
24456686512,679629447040,IOBA064717,Savings,BSBD,Active,04-11-2022,,548176.93,2361141.76
82184929316655,260589763621,HDFC037876,Savings,Basic,Active,08-12-2023,,1755390.31,2999495.31
30129248804465,260589763621,HDFC037876,Current,Basic,Active,06-09-2024,,391374.8,3972638.11
69995537809,639869868890,SBIN078149,Current,Corporate,Active,08-02-2022,,9319817.76,10230464.04
9285535337448,204931224981,UTIB077101,Salary,Basic,Active,08-05-2024,,357792.58,1363061.18
58940982248788,254521034452,KKBK061022,Salary,Premium,Active,26-11-2020,,1775237.94,2403413.2
7488603846142,254521034452,KKBK061022,Recurring Deposit,Basic,Active,27-08-2023,,705514.78,2822097.68
24099366878843,962624878278,HDFC088776,Salary,Premium,Active,19-12-2020,,1089736.05,1847250.84
20269423324,567905257029,SBIN018460,Fixed Deposit,Basic,Active,24-04-2018,,1430605.94,3667415.97
37221958041,567905257029,SBIN018460,Savings,Basic,Active,10-11-2016,,2636891.93,3953794.84
12578785317,179106982730,KKBK056579,Fixed Deposit,Corporate,Active,27-09-2024,,3647330.28,7174584.78
4817875632651,179106982730,KKBK056579,Current,Corporate,Dormant,14-04-2024,04-10-2024,30269.71,109074.75
428497753977,849724435659,KKBK034684,Recurring Deposit,Basic,Active,28-03-2023,,2153810.43,3664247.26
41422303587866,568147045629,HDFC014873,Salary,Regular,Active,10-06-2024,,2343073.58,2940589.7
78800801165260,568147045629,HDFC014873,Savings,Premium,Active,03-12-2024,,2510799.39,5169464.09
77659426366,713856364114,SBIN050568,Fixed Deposit,Corporate,Active,19-05-2017,,2046530.18,6658660.47
22684714506,713856364114,SBIN050568,Fixed Deposit,Regular,Frozen,31-07-2019,,0.0,0.0
55056433531,854300690285,SBIN035160,Savings,Regular,Active,11-12-2016,,585560.31,1038100.34
4825773550526632,832253905228,PUNB090472,Fixed Deposit,Regular,Active,07-11-2023,,1220770.25,5519009.75
6638092366299032,832253905228,PUNB090472,Fixed Deposit,Regular,Active,01-07-2024,,1064417.89,2000812.61
87474341310,533210640380,SBIN032523,Savings,Premium,Active,19-10-2019,,615726.78,2677308.52
65845156848337,617731248471,HDFC036972,Savings,Premium,Active,14-04-2023,,903089.08,6058710.71
93782110853830,617731248471,HDFC036972,Current,Regular,Active,26-01-2023,,1473134.78,2696426.36
397105370891,556100546178,BARB064575,Savings,BSBD,Frozen,01-05-2024,,0.0,0.0
9989649744355,556100546178,BARB064575,Salary,Regular,Dormant,28-02-2024,11-10-2024,160847.57,4834.27
76904782106,464428437690,KKBK037465,Savings,Basic,Active,19-10-2024,,5386729.17,9317462.61
33222774370,774298449046,SBIN023152,Savings,Premium,Active,04-11-2024,,870009.48,3056448.24
32199534464,925870389943,BARB095011,Savings,Basic,Active,22-07-2021,,1461755.39,2964688.74
54391409655,925870389943,BARB095011,Savings,BSBD,Active,18-05-2024,,3210951.47,4495504.62
750455142571,262331520256,ICIC029076,Savings,BSBD,Active,24-06-2017,,4582060.96,13502277.87
564605562266,262331520256,ICIC029076,Salary,Basic,Closed,29-05-2021,,0.0,0.0
224846574910,848169707141,ICIC022667,Recurring Deposit,Regular,Active,25-11-2022,,306349.82,2132885.55
8540112425125593,947699579477,PUNB018369,Savings,Basic,Active,01-09-2016,,1176335.78,1528002.59
3663178295255,173045438068,CNRB051341,Savings,Premium,Active,11-09-2021,,1111440.56,4130569.86
435958927175,173045438068,CNRB051341,Recurring Deposit,Basic,Active,07-04-2021,,1419665.96,3202678.78
3514416400714238,154007731439,PUNB092128,Savings,Regular,Active,23-07-2024,,766055.99,1997682.88
7555377271579093,154007731439,PUNB092128,Savings,Basic,Active,01-04-2023,,537948.75,977656.04
4625084565507553,664830948268,PUNB093233,Savings,BSBD,Active,02-07-2020,,2888734.83,5009702.02
3132934690390714,664830948268,PUNB093233,Recurring Deposit,Basic,Active,18-12-2022,,2650552.79,4510445.29
17046515944,476439647827,SBIN086564,Salary,Basic,Active,02-02-2024,,355535.55,2557541.25
31410745867,476439647827,SBIN086564,Salary,Regular,Active,23-10-2023,,1907102.87,4694992.83
344719716729,459642578479,BKID032283,Savings,Basic,Active,08-10-2024,,2539519.55,1915234.72
8231226123481,459642578479,BKID032283,Salary,BSBD,Active,04-07-2024,,426795.68,1916091.07
2141381754001,794769244130,KKBK090606,Current,BSBD,Active,14-08-2021,,1649796.82,4654522.85
70427261811968,714691135949,HDFC054007,Salary,Basic,Active,24-03-2024,,2987821.29,5342543.03
804559930166,451946504731,ICIC093836,Savings,Basic,Active,28-11-2015,,1214765.76,3184094.93
56213808741,949273036575,IOBA097104,Current,Regular,Active,17-09-2022,,3830519.05,4572126.35
16498115102755,273087694634,HDFC010756,Current,Premium,Active,01-03-2023,,101149.96,510437.12
34504952351853,273087694634,HDFC010756,Savings,Regular,Active,08-09-2022,,896279.31,1724970.98
718052893885,207001575658,ICIC088004,Savings,BSBD,Active,20-10-2023,,995795.89,3148132.88
525847740598,270975445960,BARB071188,Recurring Deposit,Basic,Active,15-10-2018,,85600.02,1534456.09
9875674735457,270975445960,BARB071188,Recurring Deposit,Regular,Active,02-01-2022,,701345.99,664282.89
512817745014,885749198784,ICIC049526,Savings,Regular,Active,01-05-2020,,1899512.13,6740163.81
355903583383,885749198784,ICIC049526,Fixed Deposit,Regular,Active,03-04-2021,,700364.41,1676860.19
639459765513,454206379129,ICIC050265,Salary,Premium,Active,01-10-2024,,855514.95,2549232.0
724812654887,459777294615,BKID018516,Savings,Premium,Active,28-04-2024,,2558431.0,2960825.19
876734398379,459777294615,BKID018516,Salary,BSBD,Active,24-12-2024,,1078034.16,1234951.06
41186165799,948316653474,SBIN032256,Salary,Basic,Closed,24-01-2020,,0.0,0.0
58407529744,948316653474,SBIN032256,Current,BSBD,Active,15-11-2020,,1713451.02,5058024.22
108362043543,821333389450,KKBK058617,Current,Premium,Active,11-09-2024,,3234601.45,4913701.46
46680957598223,288757903900,HDFC068553,Fixed Deposit,Corporate,Dormant,13-03-2024,13-06-2024,15535.42,0.0
875475780452,694873363223,IOBA071842,Savings,Regular,Active,18-10-2019,,1729726.23,2856616.88
56676449166654,992971482702,HDFC037148,Current,Premium,Active,25-09-2023,,23946.62,230680.69
97779629338521,992971482702,HDFC037148,Fixed Deposit,Regular,Active,05-01-2020,,4069212.59,6477976.75
425549391796,227256551820,ICIC053504,Salary,Premium,Active,21-12-2024,,972198.37,2918992.86
9230808381832,116348784864,UTIB060384,Savings,Basic,Active,16-10-2020,,1848153.62,2240388.96
9213236463504,116348784864,UTIB060384,Recurring Deposit,Basic,Active,05-02-2017,,3043470.66,3536105.46
97210267029878,522554792113,HDFC031356,Salary,Premium,Active,10-11-2018,,629525.84,3773805.97
37715818936830,522554792113,HDFC031356,Savings,Premium,Active,02-05-2022,,3388767.82,6007506.41
53109915290,432741621772,SBIN013494,Savings,Regular,Active,20-03-2022,,2307272.19,3125862.93
969283800445,538104021790,BARB030034,Savings,Basic,Active,30-03-2024,,728906.71,2295065.78
26079948180,538104021790,BARB030034,Recurring Deposit,Premium,Active,04-08-2021,,1725197.42,2477069.73
778080433116,472064544491,CNRB029257,Savings,Basic,Dormant,24-11-2024,20-02-2025,19668.12,49241.68
94338305674534,660523993506,HDFC040203,Salary,Basic,Dormant,09-02-2021,28-01-2025,4848.84,9677.74
84079658061151,660523993506,HDFC040203,Savings,Premium,Active,10-12-2017,,99464.42,1290125.21
9249594707651,681006531228,UTIB075049,Savings,Regular,Active,25-11-2023,,958401.56,3551431.33
9287600593032,681006531228,UTIB075049,Savings,Regular,Active,05-10-2020,,381024.74,716012.4
22159932410608,877731056406,HDFC077037,Savings,Premium,Active,02-03-2021,,1694011.73,2026383.57
24732629257425,877731056406,HDFC077037,Current,Premium,Active,12-07-2017,,1038234.94,1684021.58
81910424239,885140166842,IOBA057632,Savings,Basic,Active,11-08-2021,,899287.54,2728706.34
16846477715,481066286316,IOBA052692,Fixed Deposit,Regular,Active,13-07-2020,,3371692.81,5917606.25
606280990303,481066286316,IOBA052692,Current,Regular,Active,01-09-2018,,2981344.57,4155724.37
394679538048,423469622555,ICIC078854,Recurring Deposit,BSBD,Active,11-08-2020,,2461593.82,3911315.78
112573430034,423469622555,ICIC078854,Current,Premium,Active,06-01-2023,,1180643.21,2159613.52
9593921802212,965841822850,CNRB059098,Recurring Deposit,Basic,Active,23-12-2023,,2330290.63,2100236.97
4797332001673,965841822850,CNRB059098,Current,Premium,Dormant,16-09-2023,13-08-2024,240290.72,701.3
85985008546,666893436741,SBIN080638,Savings,Premium,Active,03-09-2017,,2298743.22,2738651.09
49846513498124,200762626712,CNRB068062,Savings,Basic,Frozen,13-02-2024,,0.0,0.0
147928411101,200762626712,CNRB068062,Recurring Deposit,Regular,Active,11-12-2019,,1209714.32,3255834.32
36235347487,975402538007,IOBA038629,Current,Regular,Active,20-02-2020,,1826152.53,4247263.0
142986648038,975402538007,IOBA038629,Salary,Basic,Active,21-03-2023,,284876.23,2465411.95
5525855923960614,233112605763,PUNB036267,Savings,Basic,Active,21-08-2019,,292275.56,2797986.18
2014475428304695,233112605763,PUNB036267,Savings,BSBD,Active,18-04-2019,,312252.04,1143439.55
17602210106155,340444853021,BARB018017,Savings,Regular,Active,08-09-2020,,334458.5,2049850.54
9464112649778,340444853021,BARB018017,Salary,Premium,Active,12-04-2019,,66096.9,1674621.74
6596239425972,648274942452,BKID042610,Fixed Deposit,Regular,Active,01-12-2019,,1923651.84,2915485.22
86689899015,648274942452,BKID042610,Savings,BSBD,Active,06-05-2018,,2014574.68,4077075.69
86059705369551,585169014723,BARB079707,Salary,Basic,Active,13-10-2020,,1089892.2,4068825.51
3671866320886,513232305422,BKID022968,Savings,Basic,Active,18-10-2024,,1330408.52,4633541.63
453822671329,458069302124,ICIC082223,Savings,Premium,Active,07-06-2024,,506498.87,1508255.02
818399017434,458069302124,ICIC082223,Recurring Deposit,Basic,Active,11-03-2020,,874603.51,1869461.82
947988503725,954648076759,ICIC069717,Savings,Regular,Active,15-04-2022,,2036574.43,4009140.27
599894846261,954648076759,ICIC069717,Savings,Premium,Active,31-05-2022,,1269881.64,1825466.83
9212045879276,586929089756,UTIB063202,Savings,Basic,Dormant,20-02-2024,21-04-2024,0.0,2620.73
9163156255173,586929089756,UTIB063202,Savings,Regular,Active,17-12-2024,,2719412.53,4205338.78
57036011900,134399488300,SBIN047060,Savings,Premium,Active,02-08-2022,,1651117.72,4388302.77
26634646028,134399488300,SBIN047060,Savings,Premium,Active,12-03-2019,,1286381.9,5712780.51
9158866939901,617493623745,UTIB016026,Current,Basic,Active,29-08-2021,,698157.9,1257725.64
67956913255,293360062965,BARB051695,Savings,Premium,Active,11-06-2023,,2776890.85,4035442.91
68172520129,293360062965,BARB051695,Savings,Premium,Active,16-03-2023,,799351.88,1125879.79
545759825643,967743828326,IOBA015502,Salary,Basic,Active,25-06-2023,,1933128.86,2289616.37
74013248727,271453107527,BKID090602,Salary,Premium,Active,02-06-2024,,1665257.87,5508401.6
26740267348332,271453107527,BKID090602,Salary,Regular,Active,16-12-2024,,1416172.59,2428227.21
295782088317,783024190366,KKBK029898,Fixed Deposit,Regular,Active,12-10-2024,,3774845.19,6325366.96
73174501681,235152242321,CNRB074828,Recurring Deposit,Regular,Active,21-02-2024,,32506.01,3370734.33
14226806799875,443069293037,HDFC076822,NRO,Regular,Active,05-12-2024,,2723114.7,2898027.52
48362247566102,443069293037,HDFC076822,NRO,Regular,Active,09-02-2024,,1085738.79,4229184.68
7030554722734,545926076258,BARB073679,Savings,Basic,Dormant,15-09-2017,09-12-2017,0.0,0.0
51204879501,292241246976,IOBA069049,Fixed Deposit,Corporate,Active,09-03-2023,,799582.17,2090272.76
9162832411815,362923964037,UTIB042242,Current,Regular,Active,05-10-2024,,17945780.66,17822978.58
9276837261087,362923964037,UTIB042242,Current,Regular,Active,10-10-2024,,6627717.69,3875822.58
10104411939814,492637614571,BARB087465,Savings,Premium,Active,20-02-2023,,1723530.03,4590235.1
680329407836,512061869656,CNRB094025,Savings,Regular,Active,29-09-2022,,962964.28,2924114.66
96936098300,512061869656,CNRB094025,Current,Premium,Active,24-04-2024,,2905272.41,4166981.34
10223306749,715793539156,SBIN099953,Fixed Deposit,Corporate,Active,30-08-2024,,6740369.28,8531405.08
74288660573,715793539156,SBIN099953,Current,Corporate,Active,05-08-2024,,1459592.55,3345066.13
680967032319,170669174848,BARB084010,Savings,BSBD,Frozen,03-07-2018,,0.0,0.0
47352216179,424097674648,SBIN064655,Fixed Deposit,Regular,Active,19-08-2019,,1632102.15,2714136.47
76920329349,424097674648,SBIN064655,NRE,Premium,Active,01-08-2021,,2275363.04,3432652.51
9252590160678,171233849386,UTIB063980,Salary,Basic,Active,03-07-2018,,9848052.07,11935563.77
668363904953,882446297286,ICIC099716,Recurring Deposit,Premium,Active,01-09-2023,,3113165.22,4760125.04
704848214498,882446297286,ICIC099716,Fixed Deposit,Premium,Active,18-05-2021,,2678015.64,3434403.35
84463127012,723830678966,BKID072772,Current,Premium,Closed,18-04-2022,,0.0,0.0
67429511807705,841161489277,BKID050032,Salary,Basic,Active,10-02-2018,,971361.64,642903.97
26597882428,591813789394,SBIN076579,Fixed Deposit,Regular,Active,18-03-2023,,935199.63,3484560.59
98962052141,591813789394,SBIN076579,Salary,Basic,Frozen,23-05-2023,,0.0,0.0
225970829207,104722573365,BARB018567,NRO,Regular,Active,30-10-2024,,1452015.02,2096307.74
26918244943030,354180623448,CNRB046743,Savings,Regular,Active,15-11-2022,,1318987.59,2340638.77
339355282239,354180623448,CNRB046743,Savings,BSBD,Closed,15-10-2023,,0.0,0.0
6754272598201,145298195937,CNRB012518,Current,Corporate,Active,09-08-2024,,9973506.81,2810396.71
477414074462,145298195937,CNRB012518,Current,Regular,Active,14-12-2024,,8323688.58,9964443.58
65192587280,656764713976,SBIN074516,Current,Regular,Active,23-12-2016,,26218.96,781537.65
66128587515,656764713976,SBIN074516,Current,Corporate,Active,28-04-2022,,15481647.03,8215168.15
20382576294,739256592532,SBIN098582,Savings,Regular,Active,03-07-2024,,418064.5,1956127.1
1320707256669,220047727224,BKID084271,Fixed Deposit,Corporate,Active,02-07-2018,,11774193.16,18264016.48
18906782191,220047727224,BKID084271,Current,Regular,Active,07-09-2017,,16765691.59,20327132.96
5760065193856,605021104961,BARB041876,NRE,Regular,Active,03-03-2022,,1564874.27,4373862.53
683538241624,391284561819,ICIC098813,Current,Premium,Frozen,13-06-2023,,0.0,0.0
457970425978,391284561819,ICIC098813,Savings,BSBD,Active,28-12-2022,,2324985.58,3682352.64
77541620608,307372630373,SBIN096174,Salary,Regular,Active,18-03-2021,,2117290.24,3251935.05
36653179332,307372630373,SBIN096174,Savings,Basic,Active,04-12-2024,,232439.26,1361167.85
137784322952,303554251170,KKBK060937,Current,Corporate,Active,22-10-2024,,4286057.48,641315.79
1084085513342,303554251170,KKBK060937,Current,Regular,Active,02-03-2024,,15870718.84,3883371.43
66380118533,405940548484,SBIN067986,Salary,Premium,Active,14-01-2022,,927214.46,1767922.95
678249036172,997847793358,KKBK046820,Savings,Basic,Active,21-01-2024,,457520.24,3035703.5
3152504017042,391612756355,BKID053023,Savings,Basic,Active,25-11-2022,,1423150.09,4471492.38
88186027994560,391612756355,BKID053023,Savings,Premium,Active,05-04-2022,,1257429.63,2384994.04
9266957456532,446730530549,UTIB020102,Current,BSBD,Active,29-09-2022,,1196176.6,2412414.7
9198686281431,446730530549,UTIB020102,Salary,Premium,Active,07-01-2023,,2034566.42,2868664.99
33497276767390,264413419962,CNRB022329,Current,Corporate,Active,10-06-2024,,2238482.19,1653925.29
249588236037,264413419962,CNRB022329,Fixed Deposit,Regular,Active,27-08-2019,,1411545.0,5619768.27
3490100816841793,283205495859,PUNB080353,Savings,Regular,Active,24-10-2022,,984934.37,2675308.66
6528122430545841,283205495859,PUNB080353,Salary,Regular,Active,05-09-2023,,411468.86,2623839.22
61374347804616,920926647596,HDFC070772,Savings,BSBD,Active,29-08-2016,,1651953.98,1662683.71
7579903026397162,253001131672,PUNB013925,Fixed Deposit,Premium,Active,29-08-2020,,1509116.37,3006537.06
7623913124333288,253001131672,PUNB013925,Savings,Basic,Active,28-04-2022,,1968996.74,4082343.81
50750608651,811889757270,SBIN051678,Salary,Premium,Active,09-11-2020,,1351612.76,1508771.35
70225006649,811889757270,SBIN051678,Savings,Basic,Dormant,01-05-2019,18-08-2022,495.39,184694.71
7022888717693,552127987938,BKID015208,Savings,Premium,Active,26-12-2024,,4807772.07,4598116.86
1335497184093,149910986514,BKID024990,Savings,Regular,Active,05-06-2024,,143128.97,939106.03
1177989107389264,290816839865,PUNB066393,Fixed Deposit,Premium,Active,23-03-2019,,3486388.3,5059295.0
7311284633700363,290816839865,PUNB066393,NRE,Premium,Frozen,05-02-2024,,0.0,0.0
2296567851751,573005922671,BKID014085,Salary,BSBD,Active,06-12-2022,,2234409.82,4349002.44
87631965165,573005922671,BKID014085,Salary,Basic,Active,18-01-2024,,974093.42,2376299.73
185908121569,547282843500,IOBA032811,Salary,Basic,Active,19-10-2024,,3972304.35,1982869.6
66424183168331,687405072756,CNRB026663,Current,Premium,Active,04-07-2020,,3770396.12,2754452.53
46293470599,687405072756,CNRB026663,Savings,Regular,Active,07-05-2023,,451750.86,2647930.87
2665207732468968,978154372081,PUNB043714,Salary,Basic,Active,14-10-2022,,1444682.2,2072284.3
4211372122244886,978154372081,PUNB043714,Salary,Basic,Active,28-08-2021,,434867.18,4550619.52
3730435749340388,327139359389,PUNB053167,Savings,Premium,Dormant,13-08-2022,22-02-2023,0.0,13342.62
666323337944,566840884565,ICIC088046,Current,Corporate,Active,26-11-2024,,13423575.65,2937285.94
340890588536,763466259668,IOBA025328,Current,Regular,Active,22-08-2021,,9627324.47,8334394.15
17168244459,533598482457,SBIN013382,Current,Premium,Active,15-06-2024,,1764724.74,2070332.78
6953548035295,642680978084,BARB025185,Fixed Deposit,Premium,Active,29-12-2023,,1233049.99,2860615.06
66354708849263,642680978084,BARB025185,Savings,BSBD,Frozen,09-07-2022,,0.0,0.0
41403680702,389116778486,IOBA010042,Current,Basic,Active,31-03-2024,,368138.58,2665260.53
37615139393,389116778486,IOBA010042,Salary,BSBD,Active,30-12-2022,,360946.52,268885.03
27694255905,762253494891,BKID032232,Savings,Regular,Dormant,13-08-2023,02-04-2024,3953.04,0.0
9845568273532675,275039163925,PUNB019019,Savings,BSBD,Active,21-09-2015,,1969319.71,2301474.89
8416251881432167,275039163925,PUNB019019,Salary,Basic,Active,28-11-2021,,299123.83,1100938.83
89175059660,108158742142,SBIN084937,Savings,Premium,Active,08-11-2022,,923738.42,1061297.92
40286073412184,760085604014,HDFC080923,Savings,Basic,Dormant,17-02-2024,06-03-2024,0.0,123664.37
76626814635,159610667045,SBIN044622,Savings,Premium,Active,18-05-2023,,2479298.01,3869533.51
53256769213,376213385452,SBIN076641,Salary,Regular,Active,30-06-2018,,2194223.95,2427666.41
94944487558,376213385452,SBIN076641,Savings,Premium,Active,08-01-2018,,2645214.73,5288895.63
55288146646768,885117801867,BARB013444,Savings,Regular,Active,31-08-2023,,1362593.55,2070531.05
286484090879,885117801867,BARB013444,Fixed Deposit,Basic,Active,02-08-2023,,619390.92,2530798.53
59951273861205,299296423121,HDFC068477,Current,Premium,Active,06-06-2024,,2298370.36,2774329.09
90329527236406,299296423121,HDFC068477,Current,Basic,Active,02-11-2023,,1947596.12,5019358.18
53328397748,867548038736,SBIN090255,Savings,Regular,Active,12-05-2023,,170921.48,1153970.61
91404104100268,115675523038,BKID089468,Savings,Regular,Active,29-08-2017,,3048017.21,3499410.05
45623948789,115675523038,BKID089468,Savings,Basic,Active,02-11-2017,,508046.33,689403.82
37354264590,422077649068,SBIN022638,Current,Basic,Active,17-03-2019,,2714062.71,4936687.36
64946477876,422077649068,SBIN022638,Current,BSBD,Active,25-09-2019,,585753.18,477277.8
9255258630365,296634145978,UTIB069006,Recurring Deposit,Basic,Active,04-09-2021,,1333017.81,1977016.68
843329687595,215434775062,ICIC014031,Savings,BSBD,Active,24-11-2023,,977500.93,3139166.48
84325439623577,736591038802,CNRB060155,Salary,Premium,Active,21-09-2023,,3239519.02,4572079.21
9216380767743,621402199787,UTIB081258,Fixed Deposit,Regular,Active,12-01-2023,,1907141.88,4124344.32
9124037960815,621402199787,UTIB081258,Salary,BSBD,Active,28-03-2022,,1657212.74,2267752.26
16734843970,451158056894,SBIN055648,Recurring Deposit,Regular,Active,12-05-2023,,1850498.56,2838410.34
692313423751,111297240440,ICIC040753,Current,Basic,Active,20-09-2018,,4756791.2,2802033.45
9283979020126,936234204602,UTIB041869,Current,Premium,Active,23-03-2024,,1405119.5,6685855.48
9146667962843,936234204602,UTIB041869,Savings,Regular,Active,23-05-2021,,1435178.73,4324169.96
6333818870215,200492407353,BARB046742,Fixed Deposit,Premium,Active,16-07-2024,,1969885.55,3207997.38
17846421639,200492407353,BARB046742,Savings,BSBD,Active,03-07-2020,,1723724.3,2276121.1
40844054270,350935808881,BARB045172,Current,Regular,Active,01-12-2021,,1803685.9,2009980.44
9878590476600829,197956195133,PUNB098549,Salary,Regular,Active,13-09-2019,,3142957.64,4185198.41
2910148668918514,197956195133,PUNB098549,Current,BSBD,Active,20-02-2023,,1736893.84,2893667.66
35831837301420,496704392011,KKBK074504,Current,BSBD,Active,29-01-2024,,712105.28,1543258.34
11760890634272,924049986342,BARB023695,Fixed Deposit,Regular,Active,06-07-2023,,7201244.65,9496943.48
97134586146,191750127982,SBIN046998,Salary,Basic,Active,10-11-2020,,2347514.75,4568815.11
59699086187,191750127982,SBIN046998,Savings,Basic,Active,06-02-2023,,980576.06,3000366.02
403864232673,768328589797,ICIC037921,Current,BSBD,Active,06-03-2024,,619509.82,1702251.62
99147222109361,381802101011,HDFC078850,Savings,BSBD,Active,26-12-2024,,352961.5,1753122.02
40526056087245,381802101011,HDFC078850,Salary,Regular,Active,27-11-2024,,1219449.09,3299896.14
15212106496167,818091877333,BKID029847,Current,Corporate,Active,30-08-2021,,7388644.62,3029037.45
624726840135,450558872845,KKBK038698,Current,BSBD,Active,18-12-2022,,1214430.49,1634826.68
38412333733404,179545116861,IOBA026922,Salary,BSBD,Active,08-07-2022,,5205669.19,4231272.54
991723269202,179545116861,IOBA026922,Savings,BSBD,Active,05-04-2018,,3034543.24,3217236.91
5191373918469034,307681716620,PUNB075416,Salary,Premium,Active,22-02-2022,,1032475.16,2336066.53
9294678156838,351838343121,UTIB047204,Current,Corporate,Active,28-06-2024,,1735991.45,10034291.42
38752898859,885433319381,BARB020768,Savings,Regular,Active,28-04-2019,,5734304.21,8346298.69
17061264932532,916773757222,CNRB078488,Current,Corporate,Active,21-10-2021,,4898352.9,4693216.74
79624927279,993699881482,IOBA068722,Fixed Deposit,Regular,Active,01-02-2020,,1470007.26,1840788.21
17062821456345,620782982528,HDFC015264,Savings,Premium,Closed,02-05-2024,,0.0,0.0
287362728588,474316311363,ICIC038172,Current,Corporate,Active,30-08-2017,,14316545.12,9236033.15
561625637659,474316311363,ICIC038172,Fixed Deposit,Regular,Active,19-05-2019,,5257688.77,4986110.16
410281022634,403993246436,CNRB022803,Recurring Deposit,Regular,Active,21-06-2024,,1110899.24,2785231.15
68584629335,403993246436,CNRB022803,Current,Basic,Active,05-05-2020,,669055.92,2593754.4
62615734778,434071484653,CNRB033314,Salary,Basic,Active,17-12-2024,,1183561.89,1729347.31
351381345513,434071484653,CNRB033314,Current,Regular,Active,29-12-2022,,1922718.91,1972102.86
9160985728862,837144522878,UTIB026340,Current,BSBD,Active,16-06-2024,,2936076.3,3227911.33
9252647488815,367194970610,UTIB013772,Savings,Basic,Active,04-09-2020,,2687866.3,3523916.79
9196007386278,367194970610,UTIB013772,Salary,Basic,Active,30-03-2020,,1206429.95,2822270.93
84156874107,586743101446,BARB078484,Fixed Deposit,Regular,Closed,29-09-2024,,0.0,0.0
39463090242600,586743101446,BARB078484,Fixed Deposit,Corporate,Active,10-10-2024,,425198.95,2018467.82
40178304568161,648050562977,BKID069465,Salary,BSBD,Active,09-05-2022,,5229846.79,5777106.34
8948729578648,648050562977,BKID069465,Savings,Regular,Active,24-11-2023,,462764.24,201536.17
749496973057,947686031154,CNRB091571,Recurring Deposit,BSBD,Active,03-05-2021,,2771045.59,4797076.97
9232281478653,955014629730,UTIB017172,Salary,Basic,Active,01-04-2022,,1448230.31,4451266.41
88861198132,776707480003,SBIN041143,Current,BSBD,Active,12-06-2021,,394868.78,1978180.84
768585080951,117820068418,CNRB039695,Salary,Regular,Active,12-11-2021,,2254325.65,2683112.03
271231653271,581165926507,CNRB073815,Savings,BSBD,Active,27-08-2024,,5372814.59,5829775.17
71022697501514,581165926507,CNRB073815,Savings,BSBD,Active,24-04-2024,,209750.43,1278111.27
1245212454399,857387479426,KKBK071325,Savings,BSBD,Active,25-11-2021,,1769681.62,5716243.57
37900299187,857387479426,KKBK071325,Recurring Deposit,Basic,Active,21-09-2023,,1377227.19,2818129.29
75417740282,859108438123,SBIN018073,Current,BSBD,Active,17-10-2018,,2253021.11,3040801.39
51169099631,859108438123,SBIN018073,Current,BSBD,Closed,05-01-2017,,0.0,0.0
85837748624,723676603800,SBIN070876,Savings,BSBD,Active,27-10-2023,,1498628.79,3235945.21
480327699809,521795655303,BKID021567,Savings,Basic,Active,23-11-2022,,530727.62,2055111.2
40419926121,304078981528,SBIN088723,Current,Basic,Active,29-01-2023,,1194658.57,1899407.36
9277952174525,241772403996,UTIB078134,Recurring Deposit,BSBD,Dormant,15-09-2023,19-11-2023,0.0,0.0
9195666120362,241772403996,UTIB078134,Salary,Regular,Active,02-05-2020,,787637.61,1112343.07
80953179875,974104319012,BKID024926,Salary,Premium,Active,19-07-2022,,1345552.02,3634848.34
211391210128,985559555632,BARB035128,Savings,Regular,Active,12-02-2023,,134755.87,2066906.01
96569861641300,985559555632,BARB035128,Savings,Premium,Active,07-12-2019,,1906571.01,5648466.55
52526360469,415393266058,SBIN067866,Fixed Deposit,BSBD,Active,14-05-2021,,1765943.17,2129413.86
68502447345,415393266058,SBIN067866,Savings,Regular,Active,08-11-2024,,1876418.49,3675335.78
912928685317,257099388002,ICIC027076,NRE,Premium,Active,15-08-2021,,2581988.65,4980955.81
234999708267,315682887926,ICIC066576,Savings,Regular,Active,03-06-2023,,273039.5,1044323.24
12307346435090,360555216307,CNRB083381,Savings,Premium,Active,06-04-2023,,2279614.4,2873377.62
70508121115,797137027591,BKID022931,Salary,Basic,Active,12-07-2018,,4627962.73,6397061.24
65859647193060,797137027591,BKID022931,Savings,BSBD,Active,11-07-2024,,1781661.69,2735239.75
2566255560888,706149278905,IOBA051395,Recurring Deposit,Regular,Active,07-07-2024,,1384546.53,2968782.85
43294378957942,706149278905,IOBA051395,Fixed Deposit,Basic,Active,12-12-2024,,2429048.07,5893014.18
6402477125228,773326740316,BARB023578,Savings,Regular,Active,30-05-2024,,1634250.98,3426754.5
54925746113523,773326740316,BARB023578,Current,Regular,Active,08-07-2024,,1904748.67,3814467.72
635942019167,964564544479,ICIC079199,Current,Regular,Active,23-12-2024,,1255185.86,2110030.72
192682004633,964564544479,ICIC079199,Salary,Premium,Active,11-12-2024,,1022738.66,3136147.86
805857344789,310742242302,ICIC019424,Savings,Premium,Active,06-08-2024,,176020.13,2423658.66
64977357270,829652435145,SBIN079241,Current,Regular,Active,15-06-2024,,1515334.03,2283198.75
74348053970,139522143848,SBIN029316,Savings,Basic,Active,16-03-2023,,542010.77,1638297.1
527460369150,640420866800,CNRB085644,Savings,Basic,Active,29-01-2022,,1000917.33,2171324.76
7841365506583710,352082714926,PUNB032339,Salary,BSBD,Active,14-12-2023,,623366.8,2218018.23
9020119087274688,352082714926,PUNB032339,Current,Basic,Active,04-11-2024,,2095712.17,2487990.06
71172734962,882322390063,SBIN084232,Fixed Deposit,Regular,Active,15-10-2021,,1141912.06,2471114.29
78764203109,882322390063,SBIN084232,Current,Premium,Active,23-07-2019,,1011720.77,4163416.7
529754103188,538139833735,BARB058120,Salary,BSBD,Active,04-11-2017,,1928074.51,5593502.32
54996630447566,538139833735,BARB058120,Savings,BSBD,Active,18-06-2021,,1882368.31,4396060.51
928173819214,593028891533,CNRB014182,Current,Regular,Active,27-09-2023,,935740.51,3639277.78
91717169395021,593028891533,CNRB014182,Fixed Deposit,BSBD,Active,25-12-2023,,774029.44,1337790.81
717972288675,239460483818,ICIC080005,Savings,Regular,Active,14-01-2019,,426115.08,486992.66
5805698035089,287247862541,IOBA078186,Salary,BSBD,Active,02-08-2024,,442378.71,2409302.85
7745511747806,287247862541,IOBA078186,Salary,Regular,Active,02-07-2024,,1845768.92,4015275.2
81285558962,611568028238,SBIN036595,Salary,Basic,Active,16-05-2021,,1275743.46,1411910.84
190678229752,133778780722,BKID013142,Salary,Premium,Active,22-03-2023,,2450668.74,4413754.24
6053472120805,322081409478,KKBK083816,Current,Regular,Active,22-06-2024,,1544336.59,5182187.7
46414585091173,322081409478,KKBK083816,Savings,Basic,Active,04-05-2022,,2984372.0,4225121.68
8685120862469,780117499979,CNRB052827,Salary,Regular,Active,11-09-2024,,2231320.4,2589449.2
2950938613966,780117499979,CNRB052827,Savings,Regular,Active,01-10-2024,,1285071.01,2142113.66
3959895736045,383028282996,CNRB087028,Savings,Regular,Active,31-10-2023,,1609721.82,3353110.88
1244271525609,383028282996,CNRB087028,Savings,Basic,Active,04-11-2023,,212680.24,806063.1
44850948574,261177319959,KKBK024596,Fixed Deposit,Regular,Closed,18-02-2022,,0.0,0.0
253414543238,261177319959,KKBK024596,Fixed Deposit,Basic,Active,29-07-2021,,96326.56,960060.7
869990309840,429492681349,IOBA035908,Savings,Regular,Active,01-04-2023,,1717818.03,1894481.88
452788534937,429492681349,IOBA035908,Current,BSBD,Active,11-06-2023,,705596.65,1474830.0
99816590211,127415033181,SBIN020825,Fixed Deposit,Corporate,Active,04-03-2022,,590832.38,3396338.12
15038159979865,366946931313,CNRB097224,Salary,Regular,Dormant,15-09-2020,28-01-2025,3507.76,111489.92
48326114488,744356376143,CNRB051058,Fixed Deposit,Regular,Active,29-11-2019,,2265286.77,2390696.42
83480420391111,768203753503,KKBK072278,Recurring Deposit,Basic,Active,13-02-2024,,1022888.39,4258711.84
64057301210719,661661506374,HDFC030976,Savings,Basic,Active,11-05-2018,,1331421.57,5653950.74
90813172575,190022453233,SBIN083404,Salary,Premium,Dormant,26-07-2024,18-09-2024,7425.42,21672.13
90309121145,190022453233,SBIN083404,Fixed Deposit,Basic,Active,26-07-2024,,1288473.47,2110603.59
10437943612684,513894632753,BARB086602,Savings,Regular,Active,13-06-2024,,258108.17,1957725.11
780422774020,513894632753,BARB086602,Fixed Deposit,BSBD,Active,15-11-2024,,640449.87,1184018.45
47716283882,223005401501,SBIN040479,Recurring Deposit,Basic,Frozen,28-10-2023,,0.0,0.0
50335335004,223005401501,SBIN040479,Savings,Basic,Active,26-05-2024,,1996985.73,3322017.77
16914814825,409248776142,CNRB031456,Savings,Basic,Active,17-12-2019,,1436267.73,3263667.98
37380337985,409248776142,CNRB031456,Savings,Premium,Active,24-02-2023,,1521135.06,4599357.43
34364097760512,431051422137,HDFC078997,Salary,Basic,Closed,05-11-2024,,0.0,0.0
25197835908640,431051422137,HDFC078997,Salary,Basic,Active,14-08-2021,,1882800.29,2683916.06
9959934565993,413752030329,KKBK086925,Fixed Deposit,Regular,Active,25-06-2021,,886183.35,2631810.8
1938288369938,413752030329,KKBK086925,Current,Corporate,Active,18-04-2023,,3792606.25,3574963.31
6734015828340,395864861124,CNRB095849,Fixed Deposit,Premium,Active,20-03-2018,,3198524.13,3967322.39
907350594944,658461149461,IOBA098768,Savings,Basic,Active,24-02-2019,,157003.83,817536.2
979160181672,349537156378,CNRB090530,Recurring Deposit,Basic,Active,20-10-2021,,1569182.11,3932827.02
287806138712,250764438493,ICIC012253,Recurring Deposit,Premium,Active,21-03-2024,,2311496.42,3709552.15
9202453834849,507013449389,UTIB035761,Salary,BSBD,Active,24-07-2018,,2189606.4,3256376.93
99901125081,193155434907,SBIN010742,Current,Regular,Active,24-04-2022,,1369268.12,3219146.8
58060410055364,534097241617,HDFC078192,Fixed Deposit,Premium,Active,30-06-2024,,1320979.4,1281086.27
466313532412,606824495061,ICIC072105,Current,BSBD,Active,15-11-2024,,1178916.54,4234122.24
201248512941,606824495061,ICIC072105,Savings,BSBD,Active,09-05-2024,,363796.97,1963915.25
9229387667205,442814564749,UTIB066334,Savings,Regular,Active,01-08-2018,,2379218.13,5103896.94
9267344722641,442814564749,UTIB066334,Savings,Premium,Active,10-06-2023,,854081.4,910141.84
35295615297,533494326669,IOBA019166,Savings,Regular,Active,15-01-2019,,658122.71,4704605.32
244147013962,533494326669,IOBA019166,Current,Premium,Active,14-03-2018,,1978442.81,2209349.27
92553557083105,938484903876,HDFC051573,Savings,BSBD,Active,17-06-2023,,3199778.18,5545642.65
344090047451,517880016533,ICIC079672,Savings,Basic,Active,05-10-2023,,2073496.81,3477412.61
1014063114686230,877320425768,PUNB078741,Salary,BSBD,Active,17-09-2021,,1433383.91,2956535.54
1772808588676383,877320425768,PUNB078741,Salary,Premium,Active,08-02-2024,,1139598.23,2078030.63
903676036517,567900705977,ICIC042649,Savings,BSBD,Active,14-01-2022,,343405.92,945864.29
421173831917,567900705977,ICIC042649,Savings,Premium,Active,02-01-2018,,1397866.39,4053586.46
79560356264623,372085070834,HDFC013919,Salary,BSBD,Active,02-07-2021,,1636039.74,2323047.66
42558117575601,372085070834,HDFC013919,Savings,Premium,Active,06-02-2021,,1092414.61,1655714.35
62670910397,322555860344,KKBK076350,Salary,BSBD,Active,09-01-2024,,2290425.74,1941844.89
32195606899348,228066672098,HDFC057555,Salary,BSBD,Active,24-05-2020,,689055.96,2041141.39
94695193996,201951074424,SBIN091482,Savings,Premium,Active,08-04-2024,,962017.91,2435551.82
52216015485,201951074424,SBIN091482,Savings,Premium,Active,19-03-2024,,2088240.99,2712675.01
4398347956529003,101384180938,PUNB040356,Current,Corporate,Active,23-03-2024,,2042614.28,4242636.79
440641568639,649101829759,ICIC026056,Current,Basic,Active,26-06-2024,,1831338.59,4592403.13
9259195253904,437730005586,IOBA061564,Current,Regular,Active,25-09-2019,,2316360.24,3882150.31
68182368738975,109097938223,HDFC020643,Fixed Deposit,Regular,Active,06-09-2021,,1353096.81,2118259.92
44903108960779,109097938223,HDFC020643,Savings,Regular,Active,23-10-2017,,1944541.73,3108595.54
45833405323669,237848277333,CNRB037060,Current,Corporate,Closed,14-01-2017,,0.0,0.0
72425574205,237848277333,CNRB037060,Fixed Deposit,Corporate,Active,21-11-2015,,3090676.96,11548393.61
4111841266782048,140750810560,PUNB099154,Fixed Deposit,Regular,Active,12-11-2019,,1770907.62,2933426.6
37836793109,695186192694,SBIN042534,Savings,Premium,Frozen,06-08-2024,,0.0,0.0
6244294186882453,846653492019,PUNB075852,Current,Corporate,Active,26-12-2020,,4600243.78,2061908.71
1708129062511833,846653492019,PUNB075852,Current,Regular,Active,13-07-2024,,772100.69,9900087.99
53584282244777,777597773630,KKBK071508,Savings,BSBD,Active,05-05-2021,,864499.17,2442682.9
85817691389,777597773630,KKBK071508,Savings,Premium,Active,03-07-2019,,1276138.68,1758146.96
1762374411181,739185027264,CNRB026976,Recurring Deposit,Premium,Active,26-05-2024,,1524635.3,3208887.17
331484094644,739185027264,CNRB026976,Savings,Premium,Active,10-06-2024,,2417729.3,3874993.88
2843759545614706,522556129518,PUNB038956,Salary,Regular,Active,26-01-2024,,1176784.09,1284222.27
2074863224284585,748118218676,PUNB089140,Current,Premium,Active,09-12-2018,,2714555.26,3725882.68
8260485679057701,748118218676,PUNB089140,Current,BSBD,Active,27-07-2017,,1784208.2,4384739.44
9142781153889,268602274194,UTIB041066,Savings,Regular,Closed,05-11-2019,,0.0,0.0
8889886776580929,500074981547,PUNB083719,Current,Regular,Active,11-11-2023,,2084820.21,2219053.48
41908640283601,629248629218,HDFC018513,Savings,Premium,Active,13-05-2023,,2000604.03,2286334.51
38873515583635,629248629218,HDFC018513,Current,BSBD,Active,31-01-2023,,919491.27,1927541.33
9295862363048,534751410911,UTIB010306,Current,Basic,Active,29-05-2022,,1485322.95,3210299.52
9195042295792,534751410911,UTIB010306,Savings,Regular,Active,25-03-2022,,1693278.33,2437823.22
79144904561,559018903009,BKID014081,Savings,Premium,Active,18-08-2024,,2310106.32,2911032.34
33265020464,559018903009,BKID014081,Recurring Deposit,Premium,Active,03-10-2022,,2337199.99,4400806.54
97144966753,821217896809,SBIN020186,Recurring Deposit,Premium,Dormant,16-09-2017,25-03-2018,189990.59,0.0
4869542277588,182226498152,BARB080698,Salary,Regular,Dormant,20-08-2024,28-10-2024,0.0,0.0
9229032418937,367720383266,UTIB045570,Savings,Regular,Active,19-12-2021,,933331.17,3373036.2
9284830288805,367720383266,UTIB045570,Savings,Basic,Active,16-02-2021,,1270931.63,2396529.21
7345645264456382,748731106638,PUNB036059,Fixed Deposit,Regular,Active,17-10-2021,,4663436.27,10194351.41
49425365355987,577293375541,IOBA084277,Fixed Deposit,Regular,Active,17-07-2022,,4398916.95,12151814.77
45022745573066,577293375541,IOBA084277,Current,Regular,Active,12-04-2023,,11252322.39,12698709.64
25503047565,104211844236,SBIN076170,Salary,Basic,Active,30-01-2024,,14903453.59,8959964.99
32551500901,104211844236,SBIN076170,Savings,Basic,Active,23-01-2024,,11244557.27,7164469.04
141834761164,259043436683,ICIC093171,Recurring Deposit,Premium,Active,07-08-2022,,3839418.54,4041118.72
30463341119291,427189777251,HDFC012087,Savings,Basic,Active,15-06-2018,,188714.31,705213.83
83664097242725,427189777251,HDFC012087,Savings,Basic,Active,18-06-2018,,1058156.65,3761967.13
6682931674188,781252303284,CNRB088840,Savings,Regular,Dormant,12-11-2023,09-10-2024,1410.51,136658.61
765908719616,781252303284,CNRB088840,Savings,Basic,Dormant,05-02-2023,02-05-2024,152618.39,11571.4
15411762828876,393857822117,IOBA036294,Savings,Regular,Active,25-10-2017,,2576658.85,978730.92
79037924002,826142124019,KKBK060681,Salary,Premium,Active,11-01-2019,,3171238.69,4463635.48
1230886923369221,275182609386,PUNB071414,NRE,Premium,Active,22-11-2019,,2588353.6,4013723.52
53027102671,265272544309,SBIN047469,Current,Premium,Dormant,29-08-2022,06-12-2022,30304.86,10952.74
83162935866,265272544309,SBIN047469,Current,Basic,Active,27-11-2019,,2845333.52,4331273.16
12867074710,163608384440,SBIN013868,Salary,Basic,Active,19-02-2020,,3941720.8,5571840.53
25794751424,163608384440,SBIN013868,Savings,Basic,Active,19-09-2024,,2207429.0,2275504.09
34814631205109,670228384394,HDFC039586,Recurring Deposit,Regular,Active,04-05-2024,,1559659.24,2278029.01
58785541612339,670228384394,HDFC039586,Savings,BSBD,Active,11-06-2024,,908713.79,4908092.66
975568628268,826248740146,ICIC063892,Fixed Deposit,Corporate,Dormant,17-07-2024,18-08-2024,3695.43,1983.27
790013192712,826248740146,ICIC063892,Current,Corporate,Active,05-08-2024,,670413.5,6733103.88
7386991961238,794153597693,BKID012019,Savings,Regular,Active,16-04-2018,,1858760.65,2435917.69
57359050663,627313230127,SBIN058580,Fixed Deposit,Regular,Active,25-07-2023,,1475380.74,4538109.96
9239499135966,595654249028,UTIB077586,Current,Premium,Active,09-08-2022,,1275028.47,2124300.43
9263966633070,595654249028,UTIB077586,Savings,BSBD,Active,07-02-2024,,1752128.91,1912293.22
735770731961,519822219909,ICIC072603,Savings,Basic,Active,26-11-2024,,1330234.84,1931153.06
390378729218,294095514741,CNRB067569,Fixed Deposit,Premium,Active,20-09-2024,,2650271.73,2739516.48
57387376042401,298742661706,HDFC056125,NRO,Regular,Active,05-01-2024,,1990779.84,2467219.01
67311960261761,298742661706,HDFC056125,Fixed Deposit,Premium,Active,17-03-2024,,1368623.97,1259106.57
18727616451,142432952336,BKID033967,Savings,Premium,Active,09-07-2018,,799005.57,2867703.34
8502402653066,717421950271,CNRB093755,Salary,Basic,Active,22-02-2017,,1288593.42,5125870.26
77639891603966,717421950271,CNRB093755,Fixed Deposit,Regular,Active,26-10-2024,,2022493.86,3043728.45
761417175628,724231083802,KKBK029647,Savings,Regular,Active,16-10-2024,,726860.92,971610.53
656963469131,724231083802,KKBK029647,Savings,Premium,Active,25-05-2024,,1628228.53,1511648.84
65887028069,573663157669,SBIN078716,Salary,Regular,Active,20-10-2023,,3393837.93,5931660.48
9212741514182,306294004307,UTIB082726,Salary,Regular,Active,23-03-2022,,872234.46,4104634.62
230018564699,542340023616,ICIC024786,Savings,BSBD,Active,29-02-2020,,1297895.23,1233065.57
330997038478,542340023616,ICIC024786,Savings,BSBD,Closed,01-07-2021,,0.0,0.0
77973896562635,108723928949,HDFC066005,Salary,Premium,Active,15-08-2024,,1420970.61,2238611.73
15635881676264,108723928949,HDFC066005,Current,BSBD,Active,10-11-2017,,2205286.47,4811027.45
49357072204,464640613170,SBIN095773,Savings,Regular,Closed,25-07-2024,,0.0,0.0
807337742176,921742001498,KKBK014785,Current,Premium,Active,12-05-2024,,2076347.62,3903548.58
4993841141361,921742001498,KKBK014785,Savings,Premium,Active,07-08-2024,,373032.63,3779171.54
68895021217,770004924635,KKBK049316,Salary,BSBD,Active,08-01-2019,,1503498.71,2029509.34
49979901536,378593559969,BKID065494,Recurring Deposit,Premium,Active,14-04-2024,,1196815.83,2856734.91
97292354621612,482887326946,HDFC047175,Salary,Regular,Active,06-06-2017,,1212779.28,1241012.01
9276027131708,414919779870,UTIB059877,Current,Basic,Active,17-10-2019,,1649625.26,3011881.95
9185780076302,414919779870,UTIB059877,Fixed Deposit,Premium,Active,10-02-2018,,651477.9,2296042.78
86441377637908,247653259483,HDFC015617,Fixed Deposit,Corporate,Active,26-12-2023,,920498.11,7836518.51
19885729486,810789788230,SBIN074347,Savings,BSBD,Active,09-05-2023,,956019.03,3198604.23
495889240001,759353514229,KKBK097159,Savings,Basic,Active,07-10-2024,,3756011.33,4161079.81
3530135557986,703948999006,CNRB012385,Current,Basic,Active,12-04-2023,,1115733.02,4369594.92
99276415855,299464996189,SBIN015880,Savings,BSBD,Active,21-04-2021,,2567307.42,2553680.93
19285721384,993501999103,SBIN048702,Savings,Regular,Active,22-04-2023,,1738074.41,2350551.04
12235569412,993501999103,SBIN048702,Savings,Basic,Active,29-09-2023,,1600512.59,3685969.04
5419257821656600,743806247029,PUNB029904,NRO,Regular,Active,29-06-2024,,1275531.48,1928529.44
6612346927234727,751603863672,PUNB010876,Fixed Deposit,Regular,Active,02-01-2017,,4129308.45,2179848.34
6692761261726466,751603863672,PUNB010876,Fixed Deposit,Corporate,Active,05-09-2018,,1320791.2,4609720.05
806306604958,997676890793,KKBK022638,Current,Basic,Active,31-08-2024,,2881707.65,3394861.33
67757775530,703013918280,SBIN036649,Current,BSBD,Active,09-12-2023,,911405.98,1589994.3
75450590412,703013918280,SBIN036649,Salary,Regular,Active,14-09-2024,,1289637.57,6016643.19
6121810929111200,105173506625,PUNB054278,Savings,Regular,Active,31-03-2024,,4407383.06,5419782.21
1153806595995383,105173506625,PUNB054278,Savings,Regular,Active,16-06-2022,,1906340.53,2878542.06
39642947529,820965682862,SBIN015532,Fixed Deposit,Premium,Active,17-12-2023,,3343142.96,3010298.42
869667934723,101195754231,ICIC075524,Current,Basic,Active,07-06-2024,,3289288.13,4172227.1
493914827601,101195754231,ICIC075524,Savings,Regular,Active,28-02-2021,,1875339.95,2038887.1
222485538198,835228982539,ICIC027397,Savings,BSBD,Active,24-02-2023,,1058063.65,1768889.98
602947866879,835228982539,ICIC027397,Savings,BSBD,Active,28-12-2020,,1499122.25,1566401.56
5530174245107452,739245746399,PUNB083569,Recurring Deposit,Regular,Active,28-10-2021,,1883366.3,3314638.44
77514810319,763085520727,BKID030169,Savings,Premium,Active,16-09-2024,,2399480.99,4728744.93
313077665599,676937276061,ICIC022739,Savings,Basic,Active,10-01-2024,,670070.53,1994705.81
909912011495,676937276061,ICIC022739,Savings,Regular,Active,02-12-2024,,1043497.64,2685831.61
9108419009250,808000264443,UTIB038457,Recurring Deposit,Regular,Active,22-12-2023,,604924.87,2750999.12
4977253182784307,846557689386,PUNB015252,Fixed Deposit,Premium,Active,02-09-2021,,1215751.69,2317590.4
621186648451,431018350916,BARB063914,Fixed Deposit,Regular,Closed,20-11-2024,,0.0,0.0
720063085517,431018350916,BARB063914,Current,Regular,Active,19-11-2024,,856116.91,2218231.41
56637687343334,569358953528,BKID033898,Current,Regular,Active,05-04-2023,,3588554.8,5890116.09
6026519835538,569358953528,BKID033898,Current,Regular,Active,15-09-2022,,15443760.25,16122480.22
4175645560844352,596980804921,PUNB056891,Salary,BSBD,Active,23-10-2021,,490277.86,1812539.83
2714130386444960,596980804921,PUNB056891,Savings,Regular,Active,04-01-2024,,2001640.0,3311921.92
20424709194,973872800560,BARB069519,Savings,Basic,Active,16-03-2023,,3762408.73,4562814.97
36117885536,973872800560,BARB069519,Salary,Basic,Active,26-07-2024,,1601700.79,2144681.44
43005910958280,146498859626,HDFC068474,Current,Corporate,Dormant,14-10-2019,09-01-2022,121260.23,0.0
51015777924150,146498859626,HDFC068474,Fixed Deposit,Corporate,Active,01-01-2022,,7843437.92,15225826.12
25632422267,632584659460,SBIN068763,Fixed Deposit,Regular,Dormant,05-03-2024,10-10-2024,86819.35,3927.4
62394035033,902175929553,BARB060248,Recurring Deposit,Premium,Active,13-09-2018,,1120498.79,1969997.95
5705990705177897,326815157804,PUNB090788,Savings,Regular,Active,16-06-2022,,849365.09,1559382.32
961302097815,354597784475,KKBK079905,Fixed Deposit,Corporate,Active,15-02-2024,,7160059.36,7652661.9
589628586458,354597784475,KKBK079905,Fixed Deposit,Corporate,Active,06-03-2018,,5613741.45,6409318.29
7632885137023315,187543375426,PUNB030701,NRE,Premium,Active,22-03-2020,,1180202.45,4694623.11
5955416762321088,187543375426,PUNB030701,Fixed Deposit,Regular,Active,25-07-2022,,1175561.39,2008449.95
588950479390,695448781985,ICIC040783,Salary,Regular,Active,12-12-2024,,2452876.19,2799976.19
77262435968,564434172563,SBIN032123,Current,Premium,Active,22-01-2018,,10789724.28,14329795.27
646250329142,521718917036,BKID010101,Salary,BSBD,Active,12-04-2022,,1217402.18,1717801.28
659830516323,606918974038,ICIC093053,Current,BSBD,Frozen,24-12-2024,,0.0,0.0
400934452065,606918974038,ICIC093053,Salary,Premium,Active,15-06-2024,,1630570.07,2090477.4
14518267584626,196313262051,HDFC017475,Salary,BSBD,Active,08-11-2024,,1098863.23,1593927.19
9158823312112,423247113212,UTIB074427,Salary,Premium,Active,13-10-2021,,2754430.16,4986507.47
9268116699088,423247113212,UTIB074427,Salary,Basic,Active,23-05-2022,,1034837.16,807854.44
3178319555683078,622684991096,PUNB076567,Savings,Basic,Active,28-01-2024,,1224247.34,1393093.14
3574679956139521,622684991096,PUNB076567,Salary,BSBD,Active,10-02-2024,,839005.53,2093965.81
9318232133968,592182832634,CNRB027444,Salary,Regular,Active,13-04-2018,,1412510.9,1081197.43
11306333262,646257966137,SBIN097725,Salary,Regular,Active,22-01-2021,,2332763.33,5557474.3
30658136507,705625675897,SBIN034323,Savings,Regular,Active,21-02-2021,,131940.03,293693.06
705258521475,294851677088,BARB029640,Savings,Premium,Active,24-04-2021,,268567.04,1460573.95
61447612179,294851677088,BARB029640,Salary,Basic,Active,29-01-2022,,4259249.0,5600419.05
25653645509,738497565016,CNRB023354,Savings,Basic,Closed,28-05-2024,,0.0,0.0
25583804930,353774851927,BKID024571,Savings,BSBD,Active,14-04-2020,,1505119.69,899412.25
4964919819812715,381276438730,PUNB062311,Current,BSBD,Active,10-04-2024,,839457.07,3504402.32
84578715155,629945208518,CNRB072893,Salary,BSBD,Active,12-01-2023,,833290.46,1661194.9
55917030058950,362188526291,BARB010315,Savings,Premium,Active,02-01-2022,,4229239.11,4513326.48
74955594416,361546661594,SBIN061472,Salary,Premium,Active,21-02-2020,,1031828.53,4229463.25
51027766463,361546661594,SBIN061472,Recurring Deposit,Basic,Active,28-06-2019,,2792841.92,4429333.48
9261740170000,246724746699,UTIB024136,Recurring Deposit,Basic,Dormant,22-02-2023,06-03-2024,0.0,26462.49
9144113770285,246724746699,UTIB024136,Savings,Regular,Active,18-01-2023,,2130032.48,3669155.56
9147283425821,726410670438,UTIB031506,Savings,Basic,Active,07-02-2022,,2698123.3,2777399.84
3468030107654760,870430022251,PUNB029284,Savings,Premium,Active,25-12-2022,,2684144.03,2552273.56
821292284497,796412825320,ICIC020204,Current,Regular,Active,05-12-2023,,188002.62,476128.95
40035616818160,478873480135,BARB048960,Savings,Premium,Closed,20-10-2021,,0.0,0.0
6433063086223,478873480135,BARB048960,Savings,Basic,Active,30-08-2022,,450015.53,645101.76
9059752678501,682707692040,KKBK031261,Fixed Deposit,Premium,Active,14-12-2024,,305996.99,1385148.01
72015334819,682707692040,KKBK031261,Savings,Premium,Active,02-12-2023,,3039631.39,4983302.42
9029313563811545,625187083681,PUNB038975,Salary,Regular,Active,12-05-2024,,3389096.16,3129160.72
4559671659051,479047824235,BARB031360,Salary,Regular,Active,10-10-2023,,387436.6,2021847.0
3369666833755,479047824235,BARB031360,Current,Regular,Closed,17-06-2024,,0.0,0.0
37554659051205,423985531403,KKBK015407,Recurring Deposit,Premium,Active,04-04-2022,,429125.21,2116236.0
7131575375944,423985531403,KKBK015407,Savings,BSBD,Active,30-08-2021,,1549921.93,4411325.17
93175486857,123014648591,BARB060327,Current,Corporate,Active,14-01-2023,,2145211.86,9632226.47
947927075019,460225411017,IOBA053758,Salary,Premium,Active,07-11-2020,,2463180.63,3229977.37
12044461284387,136123266670,BKID089797,Fixed Deposit,Corporate,Active,17-09-2016,,4471030.07,6605284.98
7362683543235,136123266670,BKID089797,Current,Regular,Active,30-12-2015,,565632.98,8897895.69
454133034015,163453208933,ICIC091491,Current,BSBD,Active,19-05-2021,,1559350.45,2575966.93
170556387681,550909790009,ICIC062537,Savings,Basic,Active,14-05-2024,,160731.78,213695.52
65625568293,339072851480,CNRB012528,Savings,Regular,Active,07-01-2022,,1472382.93,2501396.41
9214972118497,835872123362,UTIB023786,Salary,Basic,Active,21-09-2023,,1613867.43,2091163.82
9160554082761,835872123362,UTIB023786,Current,Regular,Active,31-12-2021,,1759034.32,2710428.44
45749410239183,636334234132,HDFC051707,Savings,Basic,Active,29-11-2024,,2424262.43,3513500.73
168471775260,780369865262,ICIC011941,Savings,Basic,Active,28-04-2023,,1328474.92,2748146.07
755086240289,746114412982,CNRB026025,NRE,Regular,Active,23-09-2023,,1605156.92,1345670.62
46134314428,263331095665,CNRB059320,Recurring Deposit,Regular,Dormant,18-09-2024,03-03-2025,8169.91,44530.1
37657640015923,263331095665,CNRB059320,Savings,Premium,Active,03-12-2024,,1449181.44,2080057.74
994839568129,230824385803,ICIC039446,Savings,Premium,Active,05-06-2017,,2338459.41,1978270.63
505222629396,230824385803,ICIC039446,Recurring Deposit,BSBD,Active,12-03-2019,,746778.14,2617873.13
9141577912278,781025800784,UTIB017016,Savings,BSBD,Active,06-05-2023,,1273884.27,1454205.81
9114891802559,781025800784,UTIB017016,Savings,Basic,Active,22-02-2023,,623237.52,977372.42
644369262619,195502416345,BKID057805,Current,Premium,Active,06-02-2022,,1459715.5,2478611.38
7398004629853,195502416345,BKID057805,Savings,Premium,Active,14-06-2023,,1543274.08,2279739.84
37638956591,769561043460,BKID093716,Current,Corporate,Active,09-09-2021,,5937689.4,3688762.78
982112971968,769561043460,BKID093716,Fixed Deposit,Corporate,Active,03-10-2022,,601935.35,5375756.29
5681744652190177,891691021616,PUNB085232,Current,Regular,Active,25-08-2018,,853580.77,1758645.6
7226271175826501,891691021616,PUNB085232,Savings,Basic,Active,07-04-2022,,1201320.37,1261016.03
25889128304008,684412256870,CNRB023760,Savings,BSBD,Active,09-03-2023,,1562984.75,1617849.58
444322140933,341433925551,KKBK026629,Salary,Premium,Active,14-06-2024,,1886966.01,4367674.71
61178061764894,110790870509,HDFC042637,Savings,BSBD,Active,10-10-2018,,1159062.85,2139094.28
9185006440540,378715095804,UTIB062538,Current,Regular,Active,20-02-2023,,13692008.05,9370922.76
9131294701795,378715095804,UTIB062538,Fixed Deposit,Regular,Active,18-11-2024,,1952069.25,4134939.49
688305186739,558159327705,ICIC097259,Current,Regular,Frozen,03-02-2024,,0.0,0.0
624876839120,558159327705,ICIC097259,Current,Regular,Active,05-11-2024,,6558140.32,2247015.69
18703948811301,624916037824,BARB042517,Savings,Premium,Dormant,06-08-2022,04-01-2025,0.0,0.0
5306287068878,624916037824,BARB042517,Current,BSBD,Active,21-02-2021,,425688.99,1807891.52
994420832041,347047682688,ICIC082697,Current,Basic,Active,29-04-2022,,2102810.74,4082968.0
56104363094197,920135898376,IOBA074282,Savings,Basic,Active,18-04-2024,,936241.09,2417266.2
43809141405,131229146382,SBIN098745,Current,Corporate,Active,27-03-2023,,344088.92,1296325.16
68109272235,131229146382,SBIN098745,Current,Corporate,Active,21-03-2023,,3280103.44,10733897.7
75196167769,231169687778,SBIN070693,Salary,BSBD,Dormant,08-11-2019,03-10-2020,898.12,300764.67
42443153671,132949904198,SBIN027498,NRO,Regular,Dormant,16-01-2016,21-06-2022,0.0,1649.31
27624807607,806533171773,SBIN093156,Salary,Premium,Active,30-10-2023,,1985979.19,2272470.59
44023344736,806533171773,SBIN093156,Recurring Deposit,BSBD,Active,30-10-2023,,1238268.99,2687796.75
39700465813792,273793467232,HDFC038896,Current,Regular,Frozen,09-08-2024,,0.0,0.0
99993798677860,273793467232,HDFC038896,Current,Regular,Active,19-03-2017,,957767.18,5823646.01
2532544378879968,164065756172,PUNB061307,Recurring Deposit,Basic,Active,13-01-2023,,2499159.5,2647117.47
88360548313870,158452763026,IOBA044726,Recurring Deposit,BSBD,Active,30-06-2023,,1222776.8,3542185.57
660720320186,158452763026,IOBA044726,Savings,Basic,Dormant,25-10-2023,28-02-2025,0.0,0.0
44536011003,481386034190,CNRB091484,Fixed Deposit,Basic,Active,19-06-2019,,2381420.81,1928442.51
13702273291,395139720504,KKBK045771,Salary,Basic,Active,02-10-2021,,2341397.1,4366751.6
9115348264590,569202273758,UTIB035024,Current,Basic,Active,09-10-2024,,1088627.73,1467782.14
732984958273,784338327967,KKBK048050,Savings,Regular,Active,02-07-2024,,3204163.6,6871674.35
52187822409004,784338327967,KKBK048050,Salary,Premium,Active,29-03-2024,,1612147.34,2226859.87
73529122504511,986356494953,HDFC057383,Savings,Basic,Active,31-12-2017,,985314.25,2487285.23
81406301579057,986356494953,HDFC057383,Savings,BSBD,Active,09-02-2022,,1536501.22,2611343.44
2697820106310,417103565486,IOBA052035,Salary,BSBD,Active,09-08-2019,,1045528.24,2115420.13
13630942012800,417103565486,IOBA052035,Salary,Premium,Active,08-10-2017,,47977.39,927016.71
2667785538369,740470110440,IOBA080055,Savings,Premium,Active,21-12-2017,,674515.46,2544380.72
8031357868872,243376970362,CNRB069006,Recurring Deposit,Regular,Active,25-01-2024,,3029976.94,3744643.97
76977540578,715136229683,BKID015169,Savings,Basic,Active,30-10-2022,,1720025.19,2882507.0
68074280331,216501695742,IOBA026477,Fixed Deposit,Corporate,Active,26-06-2022,,9228248.55,1360165.52
2584367831544,216501695742,IOBA026477,Fixed Deposit,Regular,Active,05-04-2024,,5658500.19,2873201.1
43818055847472,157414983384,HDFC047692,Current,Regular,Active,18-02-2024,,1688185.48,3231926.34
178389207056,122731660593,ICIC025665,Savings,Regular,Active,21-06-2024,,294447.72,1179314.82
670293409663,270216261611,KKBK046289,Savings,Basic,Active,07-11-2024,,588823.81,1838265.29
8342408032128,243937550589,KKBK012251,Fixed Deposit,Premium,Active,05-05-2021,,2810317.07,4732879.68
116246170959,243937550589,KKBK012251,Salary,Basic,Active,13-01-2024,,658603.66,2569153.85
257708379275,700874549913,ICIC095893,Savings,Basic,Active,24-04-2020,,1856651.1,3844126.88
2085620712231,856585863085,IOBA028262,Savings,BSBD,Active,19-12-2021,,410615.85,1587381.87
96138648621,856585863085,IOBA028262,Salary,BSBD,Active,29-11-2024,,283375.25,5252069.8
6180414326199,187152155210,KKBK049736,Current,Premium,Closed,23-07-2024,,0.0,0.0
15958616045445,249280750660,HDFC059767,Savings,BSBD,Dormant,07-01-2023,31-03-2023,4724.55,0.0
78845321119,492815986045,SBIN016485,Savings,BSBD,Active,08-10-2021,,1311615.29,956479.91
39366407766,492815986045,SBIN016485,Savings,Regular,Active,25-06-2023,,2019867.51,4365027.81
9105735500415,264104917543,UTIB047643,Fixed Deposit,Regular,Active,30-04-2016,,2985915.74,3502605.68
9174127063546,264104917543,UTIB047643,Salary,Premium,Dormant,19-11-2020,28-07-2024,1644.49,0.0
125019030041,798056700911,IOBA038329,Recurring Deposit,Premium,Active,03-01-2022,,2891102.84,4616882.98
9240104457576,671468537682,UTIB045772,Savings,Regular,Active,25-03-2023,,649640.36,1290343.55
936809264695,697636963641,IOBA063134,Fixed Deposit,Corporate,Active,23-08-2021,,1651388.17,1557071.7
186930170139,697636963641,IOBA063134,Fixed Deposit,Corporate,Active,11-10-2023,,3038359.19,10761634.53
4754987656772,944951622024,IOBA072898,Salary,BSBD,Active,01-06-2019,,1770724.02,2969000.98
549712655526,261816246152,ICIC069948,Savings,Premium,Active,27-12-2024,,764384.1,1970924.03
180882032351,261816246152,ICIC069948,Salary,Basic,Active,05-08-2017,,149522.1,3492784.7
1485123835747383,605829853411,PUNB063843,Recurring Deposit,Basic,Active,21-02-2023,,643789.25,1220480.85
9895617961661799,605829853411,PUNB063843,Salary,Regular,Dormant,03-01-2024,13-01-2024,12408.63,0.0
653323065859,784830174831,IOBA046955,Savings,Premium,Frozen,25-11-2023,,0.0,0.0
21591177941,509329339662,SBIN060763,Fixed Deposit,Regular,Active,30-09-2021,,1843971.36,4376033.77
50702276139525,585720790756,KKBK046559,Savings,Basic,Active,28-11-2021,,3077307.3,5322677.13
84345804130,545460512257,SBIN032449,Recurring Deposit,BSBD,Dormant,11-03-2019,18-11-2021,126364.28,0.0
10117217576,545460512257,SBIN032449,Salary,Regular,Active,06-08-2022,,644170.67,1449800.35
7232457694687121,717901873333,PUNB055418,Current,Basic,Active,08-09-2019,,1921553.3,1952999.12
5023891747606274,717901873333,PUNB055418,Savings,Premium,Active,07-09-2024,,468037.01,1645444.51
72225653342094,709354092384,HDFC064037,Current,Regular,Active,07-09-2024,,1804272.18,3656079.15
1152037347436859,401512680379,PUNB077469,Current,Basic,Active,21-04-2020,,1709980.24,2688455.11
7850797473287044,401512680379,PUNB077469,Current,Premium,Active,10-12-2024,,1163876.12,1748360.4
623712144437,849048621723,BARB016806,Current,Basic,Active,02-09-2023,,3218477.35,2995425.82
5975381953459,849048621723,BARB016806,Savings,Regular,Active,21-03-2024,,2350978.17,3983683.1
38445729274,907039020003,SBIN010339,Current,BSBD,Active,04-09-2023,,2205998.68,3206900.88
57892281655926,859486414105,BARB082178,Savings,Basic,Active,27-11-2024,,1381772.22,2723702.8
5978774485807,955578568457,KKBK065149,Recurring Deposit,Premium,Active,02-12-2023,,948790.5,2682798.21
4228542551439,955578568457,KKBK065149,Current,BSBD,Active,01-10-2024,,819918.57,1865500.59
38997170309296,885277623309,BARB094518,Salary,Regular,Active,21-11-2024,,276215.27,3766057.69
70103715765771,899139326491,HDFC051046,Fixed Deposit,Corporate,Active,05-04-2017,,2531729.76,2260290.2
277391561187,291331184672,BARB040424,Savings,BSBD,Dormant,12-05-2019,18-05-2019,0.0,0.0
21536312470738,110780893473,KKBK095154,Savings,Basic,Active,19-04-2024,,1772258.11,2649213.54
85477526520,110780893473,KKBK095154,Savings,BSBD,Active,01-08-2024,,1615259.13,2492476.99
11958751255545,929286519655,CNRB041030,Salary,Premium,Active,11-08-2019,,1015098.59,2054578.29
86110018394,929286519655,CNRB041030,Savings,Basic,Active,13-07-2024,,2246896.13,3306534.44
930553858601,818727010527,ICIC078353,Fixed Deposit,Basic,Active,23-10-2024,,795656.91,2165758.23
640928576332,804878663251,ICIC078217,Savings,Regular,Active,31-07-2024,,1737013.8,6694546.54
913284836037,804878663251,ICIC078217,Savings,Basic,Active,13-02-2024,,459440.28,2143680.73
3713759661183,143242786822,IOBA078222,Fixed Deposit,Corporate,Active,11-09-2022,,1878184.53,8779296.27
61355757947941,143242786822,IOBA078222,Current,Corporate,Active,15-02-2024,,1859697.86,2966642.74
9101135143988,324217929816,UTIB036413,Savings,Regular,Active,07-02-2023,,474248.69,1589563.49
485213334990,806644533368,IOBA038502,Fixed Deposit,Basic,Active,01-02-2019,,2143046.7,3510988.44
3583937497146,797486216236,BKID014202,Fixed Deposit,Basic,Active,21-06-2023,,1501870.84,2256929.89
93528523881095,797486216236,BKID014202,Savings,Basic,Active,20-04-2023,,900568.75,1828883.2
64932626940,162968938385,BKID084174,Salary,BSBD,Active,22-08-2024,,1397520.6,2677334.49
57540690409238,757158113688,BKID043966,Current,Regular,Active,24-09-2024,,9910720.64,8433600.28
777954050226,365426566417,ICIC064416,Fixed Deposit,Regular,Active,02-02-2024,,8859431.12,5715387.14
4374058484990,367482788561,IOBA029281,Current,Basic,Active,12-11-2021,,476333.66,4479699.85
1918831473575038,342412503644,PUNB071714,Recurring Deposit,Regular,Active,07-09-2022,,1762288.99,7130822.5
708141123485,761198214223,ICIC058965,Savings,BSBD,Active,30-05-2024,,730433.27,1625492.11
1400029128016414,707496451671,PUNB044464,Savings,Basic,Active,17-10-2021,,1941734.41,3237998.07
9018835076945151,707496451671,PUNB044464,Salary,BSBD,Active,23-05-2021,,570695.43,2936313.54
4835456727364557,845726600759,PUNB041286,Fixed Deposit,BSBD,Active,01-11-2023,,1624618.96,1790524.02
9898550109444729,845726600759,PUNB041286,Salary,Premium,Active,03-08-2023,,1019335.43,5177116.16
3238542350074,990748624598,BARB074285,Salary,BSBD,Active,29-03-2020,,2745451.51,4206688.37
48062604576,990748624598,BARB074285,Fixed Deposit,Premium,Active,05-07-2020,,1742062.45,4243302.42
77171571354,482932243715,CNRB057049,Recurring Deposit,Premium,Active,16-09-2022,,557093.62,1516096.89
90041486737710,482932243715,CNRB057049,Fixed Deposit,BSBD,Active,26-08-2023,,2323277.67,2678398.77
85835321224786,808054023265,HDFC038728,Current,Premium,Active,09-09-2024,,558448.59,2095845.71
7751606348650,481356323786,BARB027601,Salary,Regular,Active,22-10-2023,,1314181.21,3053110.8
84031096599682,481356323786,BARB027601,Fixed Deposit,Basic,Active,19-01-2024,,2749459.69,3762478.63
67513959733000,637311591592,HDFC010683,Fixed Deposit,Basic,Active,18-10-2020,,1547467.51,5128375.95
59568436587019,637311591592,HDFC010683,Salary,Basic,Active,12-12-2019,,2099079.46,3801953.8
6752703897098946,466906342617,PUNB035375,Recurring Deposit,Regular,Closed,26-10-2024,,0.0,0.0
8918184626144372,466906342617,PUNB035375,Salary,BSBD,Active,24-04-2022,,1300565.11,2015683.43
332392948135,655666825288,ICIC074448,Salary,Regular,Active,04-07-2022,,3937184.75,5777781.85
638406165603,655666825288,ICIC074448,Recurring Deposit,Premium,Active,11-03-2023,,1125453.33,3166428.09
9109540614012,496073840961,UTIB010657,Fixed Deposit,Regular,Dormant,09-02-2023,03-06-2024,3522.36,49225.2
73720482915,274219329002,SBIN018634,Recurring Deposit,BSBD,Active,06-05-2024,,2096058.36,3369552.3
67510656878,274219329002,SBIN018634,Savings,BSBD,Active,04-10-2024,,1298051.19,2178591.48
6793430316750236,809589624715,PUNB095587,Salary,Premium,Active,29-06-2023,,2499191.26,3383325.61
1224047545972662,809589624715,PUNB095587,Savings,Basic,Active,25-07-2024,,1616689.8,4118554.68
78056331377,114953463591,SBIN015984,Recurring Deposit,Basic,Active,06-01-2023,,2201337.65,2936059.64
48850638461,114953463591,SBIN015984,Salary,Basic,Active,02-11-2019,,3518316.86,5635695.69
6080547763729642,474072306518,PUNB053203,Recurring Deposit,Basic,Active,14-07-2022,,559633.56,922169.26
3627603617502,248798240710,IOBA098710,Savings,Regular,Active,01-08-2023,,1712905.25,1734864.23
66931383081,248798240710,IOBA098710,Fixed Deposit,Basic,Dormant,22-03-2020,13-08-2023,3857.83,193143.95
48764046211,764888181535,BARB073665,Salary,Basic,Active,02-06-2018,,1806830.72,3852911.0
44815298639400,764888181535,BARB073665,Salary,Premium,Active,23-07-2023,,597415.39,1508373.9
6130042376217214,486007442964,PUNB085466,Current,Corporate,Active,13-07-2016,,773374.13,2345191.03
35025523067,504736919967,BKID012787,Savings,Premium,Dormant,20-04-2020,14-04-2021,20540.11,103777.31
59186970433,324633873429,IOBA083430,Salary,Regular,Active,02-10-2021,,1366132.79,3331135.35
2483574282010712,957173050010,PUNB093841,Current,Regular,Active,25-04-2023,,4346187.57,21180372.2
7954136565492,126190641404,IOBA018376,Fixed Deposit,Regular,Active,05-05-2023,,882337.15,2098073.8
631091333625,126190641404,IOBA018376,Recurring Deposit,Premium,Active,24-11-2022,,1481218.18,2000057.07
61544755922799,663194789584,HDFC054107,Salary,Regular,Active,09-06-2018,,995856.46,1378680.66
59978315788124,663194789584,HDFC054107,Current,Regular,Active,19-07-2019,,2096628.88,6228120.65
9264551134710,555950558237,UTIB021065,Savings,Basic,Active,14-07-2024,,830224.03,2559212.88
9230493761804,555950558237,UTIB021065,Savings,Premium,Active,07-06-2023,,879394.47,1917313.32
882694165535,745228506216,IOBA011042,Fixed Deposit,BSBD,Active,01-12-2023,,939370.21,4257629.99
7596638336708,745228506216,IOBA011042,Savings,Basic,Active,16-05-2024,,1956033.64,1909864.49
651335266672,172363808769,ICIC051146,Recurring Deposit,Premium,Active,08-11-2021,,2124825.51,2607770.96
79942098402,709455776090,CNRB048236,Savings,Premium,Active,05-05-2023,,437767.37,987174.66
3463835314629,709455776090,CNRB048236,Savings,Regular,Active,26-03-2022,,921540.4,1425862.38
812293224225,784232148437,IOBA098705,Savings,Premium,Active,27-02-2021,,504658.16,2017328.41
61979205827,732974646287,SBIN014922,Salary,BSBD,Active,07-10-2020,,2674514.63,1937820.78
90274146783746,241097030587,KKBK078291,Salary,Premium,Active,02-09-2024,,1479908.13,3105208.89
58560483583450,241097030587,KKBK078291,Salary,Regular,Closed,02-03-2024,,0.0,0.0
3450193305897,780894521143,BARB050122,Savings,Regular,Active,23-06-2024,,2253352.97,3760987.49
54438044254517,458134837105,BARB038157,Fixed Deposit,Corporate,Active,12-02-2023,,7481835.15,1281181.83
6561168657087,961959541483,CNRB080669,Savings,Basic,Active,13-04-2024,,1135666.67,1444137.14
18015940323,783092560267,CNRB055940,Recurring Deposit,Basic,Active,14-04-2024,,513327.27,829092.6
53215900945,783092560267,CNRB055940,Savings,Basic,Active,01-07-2024,,2403360.47,4869772.43
668673892942,152512034052,ICIC031623,Salary,Basic,Active,22-08-2021,,2838386.04,5659805.41
3074770181464,506800369842,BARB020795,Savings,BSBD,Active,07-08-2020,,2945485.93,3063689.76
9205587113558,166169213479,UTIB046991,Savings,BSBD,Active,25-09-2020,,368008.25,1208354.91
9210755339762,166169213479,UTIB046991,Savings,Basic,Active,25-07-2020,,606518.05,874676.21
199972555564,824535741987,IOBA025373,Salary,Premium,Active,07-12-2023,,1161748.22,1979685.13
45363816479,824535741987,IOBA025373,Fixed Deposit,Basic,Active,01-10-2024,,4029751.16,4993191.49
565587733035,311211415518,BARB079318,Salary,Basic,Active,11-06-2023,,2513841.14,2959853.62
831674695806,311211415518,BARB079318,Salary,Regular,Active,23-03-2022,,965774.94,1432927.52
57786568115,307965408659,SBIN047931,Savings,BSBD,Active,18-03-2021,,947885.9,3474938.4
91734047784,307965408659,SBIN047931,Current,Regular,Active,03-11-2020,,269225.86,2017209.73
40686290255,457120375635,SBIN063104,Savings,Regular,Active,01-03-2021,,1886997.15,1733997.06
4102032370717,153536983832,KKBK099190,Savings,Basic,Active,07-03-2024,,2436518.51,5461457.44
985131312199,153536983832,KKBK099190,Current,BSBD,Active,12-06-2024,,1593997.96,4449382.1
25104189352,510222040245,IOBA058692,Salary,Regular,Active,16-01-2024,,867540.5,2342458.82
987595910392,510222040245,IOBA058692,Salary,Basic,Active,12-08-2024,,2774234.43,2951979.42
63478278675,348448102259,SBIN041564,NRE,Regular,Active,13-11-2023,,895888.95,2151846.62
88970183919,443383655840,KKBK061153,Savings,BSBD,Active,02-01-2024,,3386543.59,4917952.06
108985646256,509526424587,ICIC037242,Fixed Deposit,Corporate,Active,14-03-2020,,8403968.39,10166027.16
68593122617,410597313235,SBIN054184,Savings,BSBD,Active,24-05-2019,,426367.26,929709.14
11032333748,410597313235,SBIN054184,Savings,BSBD,Active,06-04-2020,,374237.87,1521138.77
79841958395908,813333739485,CNRB042594,Savings,Basic,Dormant,21-05-2017,25-06-2024,0.0,0.0
187146931676,813333739485,CNRB042594,Salary,BSBD,Frozen,31-05-2020,,0.0,0.0
45772827852790,670913091329,HDFC019802,Fixed Deposit,Regular,Active,16-10-2023,,1023180.4,2151116.29
329753248325,717608168177,ICIC072127,Current,Regular,Active,19-04-2018,,2920896.45,3868413.79
631844686380,717608168177,ICIC072127,Savings,Premium,Active,18-12-2023,,1623707.51,3806039.43
4955740439888,276806217132,BKID051560,Current,Premium,Active,02-10-2020,,1935629.68,3194077.12
57088927342869,276806217132,BKID051560,Savings,Premium,Active,06-09-2020,,4238211.92,6888590.18
829342908519,137614787457,ICIC049957,Recurring Deposit,Regular,Active,24-09-2022,,1794444.73,2191048.8
8086700971137685,191964717563,PUNB080087,Salary,Regular,Active,08-12-2024,,1838481.24,2389159.41
5406383362919346,191964717563,PUNB080087,Current,BSBD,Active,13-10-2023,,1726488.25,3775463.54
9176115716302,283811801081,UTIB035243,Fixed Deposit,Premium,Active,28-07-2024,,471950.01,2032254.09
9201727807334,283811801081,UTIB035243,Savings,Premium,Active,23-10-2022,,3434088.35,4265638.52
765498046604,128068796786,KKBK039926,Salary,Basic,Active,07-08-2020,,302518.58,542497.24
825580998308,128068796786,KKBK039926,Savings,Premium,Active,05-09-2021,,819795.48,1811510.12
206595067412,644833193942,ICIC020175,Fixed Deposit,Regular,Active,04-02-2023,,5335590.27,7225987.79
208518797877,644833193942,ICIC020175,Fixed Deposit,Corporate,Active,19-11-2017,,9941005.55,18053973.66
3677940174989,436084116529,IOBA050578,Savings,Basic,Active,14-02-2023,,2443634.59,3231250.49
539246427527,358809918068,IOBA049472,Current,Premium,Active,27-03-2024,,1125873.74,1566829.94
1593172863260,712603639040,BARB030561,Salary,Basic,Active,31-08-2024,,1944586.95,2599808.73
942635638219,712603639040,BARB030561,Savings,Basic,Active,09-10-2023,,2759812.75,3412500.21
58577431178,458635668540,KKBK093387,Savings,BSBD,Dormant,22-07-2022,05-03-2023,0.0,0.0
9738761876108724,643741791319,PUNB098064,Salary,Regular,Active,06-03-2024,,1473863.47,4377197.53
4664203420531569,643741791319,PUNB098064,Salary,Basic,Active,04-04-2021,,534834.62,265205.48
399638124704,684008361640,ICIC033547,Current,Corporate,Active,31-01-2017,,6522703.6,9463457.72
196937100671,684008361640,ICIC033547,Current,Regular,Active,05-12-2015,,15627878.21,9999545.77
75729247273139,644800413319,CNRB061642,Current,Regular,Active,16-11-2022,,3614819.3,4758779.48
80748316844059,644800413319,CNRB061642,Salary,BSBD,Active,23-11-2023,,915031.58,1051242.09
17931756263,516911615878,SBIN091279,Savings,Basic,Active,11-06-2024,,1710494.63,3926764.21
97645573338,250164855976,SBIN068566,Savings,Basic,Active,16-01-2021,,1732479.2,4016740.39
49128419176,250164855976,SBIN068566,Savings,Basic,Active,27-08-2017,,1102429.16,1187694.33
927932685224,232755972379,BKID047698,Fixed Deposit,Regular,Active,26-11-2023,,5174745.34,9560309.76
23896987553,232755972379,BKID047698,Fixed Deposit,Regular,Active,21-08-2018,,13434797.35,9627577.76
9223711816514,419362911944,UTIB053800,Savings,Regular,Dormant,05-04-2017,04-11-2023,30980.34,182028.54
9264989822585,642075774411,UTIB032169,Salary,Premium,Active,01-12-2022,,5579633.45,5301355.38
9159302087006,642075774411,UTIB032169,Salary,BSBD,Active,29-09-2022,,276822.88,955489.15
91533078864,704802791322,SBIN041040,Savings,BSBD,Active,09-07-2023,,1396543.19,2493048.9
26029390072,587422259398,SBIN084645,Recurring Deposit,Basic,Active,08-12-2017,,3257077.3,4015811.11
54735428271304,461712854823,IOBA011228,Fixed Deposit,Premium,Active,29-07-2024,,1260576.7,3344031.36
56180033021738,461712854823,IOBA011228,Savings,Basic,Active,24-11-2024,,2765993.06,5437446.99
705761524755,516295911192,BKID083075,Savings,Regular,Active,24-05-2024,,3717680.01,4226401.07
374549617506,282805800636,ICIC088563,Fixed Deposit,Regular,Active,24-02-2023,,2346379.69,6057776.9
18183769652,667822346127,KKBK064214,Salary,Premium,Active,06-02-2020,,2918163.12,6171371.79
9157803843649,963136709704,UTIB038509,Savings,BSBD,Active,05-01-2019,,1286710.14,3344013.29
9148451758365,963136709704,UTIB038509,Savings,BSBD,Active,20-04-2015,,863348.47,2301570.95
855242173697,561696078850,KKBK013115,Fixed Deposit,BSBD,Active,01-07-2023,,1939799.2,2311587.33
80894505341012,282944839632,HDFC031158,Fixed Deposit,Regular,Active,20-09-2024,,1132412.22,2480992.29
55009248656,127636707963,BARB065804,Recurring Deposit,Premium,Active,29-10-2015,,628601.4,1932019.3
6497522805984,240329444017,IOBA047192,Salary,Regular,Active,26-10-2024,,1644731.02,3517819.21
9998608453008594,844425206792,PUNB026632,Salary,Regular,Active,20-12-2023,,1497764.56,3153865.49
4687697666097166,844425206792,PUNB026632,Fixed Deposit,Basic,Dormant,09-10-2023,13-06-2024,1571.96,0.0
467423477672,131263789436,ICIC048576,Salary,Basic,Active,14-07-2020,,813246.53,1295286.42
769970421036,131263789436,ICIC048576,Savings,Basic,Active,15-08-2021,,1469521.81,2123232.63
43537329810,254286538767,BARB072741,Savings,Premium,Active,28-11-2021,,928456.87,682044.14
6405749504491,703380482055,BARB075655,Savings,Premium,Frozen,15-05-2022,,0.0,0.0
2122644383012,703380482055,BARB075655,Savings,Premium,Active,15-02-2021,,2232668.25,1372187.74
97116620029,638481999924,BARB084008,Salary,BSBD,Active,04-07-2024,,964284.21,3303809.41
20867473962854,581593170629,HDFC016665,Savings,Basic,Active,18-10-2024,,2677542.47,4318263.79
67543246459,443341886456,IOBA043071,Savings,Basic,Active,03-06-2018,,298076.85,2417943.96
6078291244366621,266180636271,PUNB050048,Fixed Deposit,Corporate,Active,20-12-2023,,3471760.2,9698919.58
27681984679433,268229712509,KKBK069817,Salary,BSBD,Active,20-10-2022,,518185.77,2596057.13
25848162135,268229712509,KKBK069817,Savings,Premium,Active,28-02-2024,,1075093.85,1147871.38
23111230034533,301218361926,BKID097129,Salary,Basic,Active,30-12-2024,,798791.21,2088139.01
20036472520458,485100680916,BARB091758,Salary,BSBD,Dormant,30-01-2019,07-07-2023,1973.15,4934.03
3436826106061,661621636875,BARB011655,Current,Premium,Active,02-09-2024,,445512.28,616326.0
315056852826,489268692997,ICIC079399,Current,Regular,Active,20-04-2024,,350841.19,4649737.5
9202995586079,597450170831,UTIB061896,Recurring Deposit,Premium,Active,24-04-2019,,544595.8,2396393.36
9101853232686,597450170831,UTIB061896,Recurring Deposit,Basic,Active,30-01-2019,,2673969.53,4936792.03
77330295655,105937278667,SBIN082009,Salary,Basic,Active,24-05-2021,,2537943.07,3812371.55
6519371195660079,288458255176,PUNB065352,Recurring Deposit,Regular,Dormant,08-01-2024,05-07-2024,0.0,0.0
8754048547484529,288458255176,PUNB065352,Savings,Premium,Active,10-03-2024,,39130.09,728689.23
8653005667760,906300365851,CNRB067258,Savings,Basic,Active,29-10-2017,,1154543.21,2909503.97
7905059621684,906300365851,CNRB067258,Salary,Basic,Active,08-08-2022,,2849405.58,3969055.22
31270820957605,981956691761,IOBA038407,Fixed Deposit,Corporate,Active,01-02-2024,,3177768.68,2348843.86
161197992646,981956691761,IOBA038407,Fixed Deposit,Regular,Active,31-10-2024,,5549187.66,9678340.07
39529578294,167443921617,SBIN098725,Savings,Basic,Active,02-02-2023,,1933354.41,3001630.95
7533250745422,254611964046,BARB023197,Savings,Regular,Active,04-02-2019,,3855852.89,5447520.21
86940322742253,124916424193,IOBA054320,Savings,Regular,Dormant,06-03-2021,12-11-2021,0.0,124975.88
38469634003,124916424193,IOBA054320,Salary,Regular,Active,22-11-2024,,665068.33,954062.05
483619495796,596696223876,ICIC033102,Savings,Regular,Active,11-08-2021,,1890256.67,3148631.19
738362248280,596696223876,ICIC033102,Salary,Premium,Active,28-12-2017,,2432794.46,4997864.22
26574333651654,983050180684,KKBK072463,Savings,Premium,Dormant,01-07-2024,26-11-2024,0.0,86104.41
4872035948578,380069458810,CNRB014613,Recurring Deposit,Regular,Active,08-03-2021,,1623808.99,3385217.99
49672379927,686818134880,SBIN052842,Salary,Regular,Frozen,11-04-2022,,0.0,0.0
47339810717,155181328227,CNRB067902,Savings,BSBD,Active,23-01-2023,,1843103.98,3051853.68
23206915677,155181328227,CNRB067902,Salary,BSBD,Active,26-12-2023,,2109704.0,1429290.9
63070187870,910833751364,BARB067661,Savings,Premium,Active,17-07-2020,,4103501.13,5270805.8
9214221873666,243055913002,UTIB040232,Salary,Regular,Active,08-02-2021,,2601463.69,3292626.28
9127761762435,243055913002,UTIB040232,Savings,BSBD,Active,14-01-2019,,1243600.66,1367154.6
31078379662,812431544838,KKBK031698,Fixed Deposit,BSBD,Active,31-12-2019,,913003.74,5804124.49
45242041197589,812431544838,KKBK031698,Salary,BSBD,Active,13-12-2021,,662729.89,633474.62
31515872585,617423934477,SBIN093863,Savings,BSBD,Active,22-03-2024,,460707.48,2466453.84
58341532109,617423934477,SBIN093863,Savings,Premium,Active,19-11-2023,,2670107.99,2286615.94
680554479585,321248864992,CNRB016698,Fixed Deposit,Regular,Dormant,15-01-2018,30-03-2020,215652.84,38040.16
99798937583744,214562165650,HDFC094004,Salary,Basic,Active,20-11-2017,,2106450.59,3114967.71
82718315663153,798304439761,HDFC010601,Salary,BSBD,Active,28-12-2023,,1203251.02,2516066.99
15693733766829,798304439761,HDFC010601,Savings,BSBD,Active,13-07-2021,,1120411.67,1309421.75
48274854617,266096338172,KKBK044014,Salary,BSBD,Active,23-09-2017,,1617691.53,1696148.58
168120254574,553432053023,CNRB082005,Current,Regular,Active,05-11-2018,,824608.44,4423559.96
25946604563182,952029474780,HDFC029804,Recurring Deposit,Premium,Active,27-05-2023,,1684459.29,2491247.64
5302666692803,157848283938,KKBK046949,Salary,Premium,Active,05-10-2018,,3182809.86,6077220.91
787832011143,442465636400,IOBA059070,Savings,Basic,Active,19-08-2023,,1377821.85,2309983.88
127410918062,630266934896,ICIC044355,Recurring Deposit,BSBD,Active,05-07-2023,,2138693.08,3382981.98
254795376489,630266934896,ICIC044355,Savings,Regular,Active,21-03-2024,,750572.02,646657.81
40118401804,559471675183,KKBK036420,Savings,Basic,Active,13-12-2024,,1305474.17,6218612.01
22709915631528,934226219415,KKBK086676,Savings,Regular,Active,26-05-2021,,1250530.47,1382408.03
61505125474,128894670278,IOBA078809,Savings,Premium,Active,30-10-2024,,1374779.68,1446198.67
94057089171924,128894670278,IOBA078809,Salary,Basic,Active,28-03-2022,,1057615.44,1574347.43
37282949386465,692771962927,BARB036140,Salary,Premium,Active,07-01-2019,,1161311.83,1943964.95
40451505089,692771962927,BARB036140,Savings,Basic,Active,01-07-2021,,2062524.15,2263473.44
8899766953086864,565634630339,PUNB096380,Salary,Regular,Active,13-05-2024,,528935.01,1960210.91
5120965802283794,565634630339,PUNB096380,Savings,Regular,Active,09-03-2023,,1535699.27,1521414.4
93811058315004,619574271504,BARB095076,Salary,Basic,Active,30-09-2024,,565421.52,4508809.88
34391220743,740228497377,SBIN086406,Salary,BSBD,Active,10-05-2022,,250723.16,2989508.46
56601149312,740228497377,SBIN086406,Fixed Deposit,Regular,Active,14-01-2023,,1726457.68,5853403.46
77765175503843,165089739489,CNRB042049,Current,BSBD,Active,15-12-2019,,2983969.3,3877119.54
6919206228227,421268028264,IOBA061476,Salary,Basic,Active,13-10-2024,,534788.03,2194348.89
7038858544285,794600538895,IOBA045277,NRE,Regular,Active,20-01-2017,,841458.01,1973724.63
31074703935,794600538895,IOBA045277,NRO,Regular,Active,25-01-2022,,1871908.32,4674669.78
29006085236568,170615533295,KKBK025688,Savings,Premium,Active,26-12-2024,,1872607.11,2212225.58
83833030279887,439604451823,KKBK080785,Savings,Basic,Active,16-10-2018,,903081.33,1670961.7
325602966933,439604451823,KKBK080785,Savings,BSBD,Active,18-12-2024,,1264797.3,2972847.98
8544653642997,862766673744,IOBA013732,Savings,Regular,Active,22-04-2020,,1313873.36,3272113.97
4536280581990,862766673744,IOBA013732,Savings,Basic,Active,17-08-2018,,431710.13,2614858.43
9287105871361,671385793005,BARB069455,Fixed Deposit,Regular,Active,22-10-2024,,2055346.75,2153349.69
33114320626569,389495491434,HDFC099732,Salary,Basic,Dormant,10-10-2022,11-08-2024,110053.43,239972.84
55198222688,836883085698,BARB093101,Savings,BSBD,Active,05-03-2018,,1349590.55,1431297.02
72808251650316,238360051329,HDFC067379,Savings,Basic,Active,31-10-2024,,2456578.38,4404397.54
40846973711960,238360051329,HDFC067379,Current,Premium,Active,13-07-2024,,208436.2,4038410.63
98701878125,437361092628,SBIN099868,Salary,BSBD,Active,31-07-2019,,1715930.66,2774199.22
781299711615,561994013894,BKID036516,Current,Premium,Active,25-02-2024,,664760.42,3168729.4
88267518185576,561994013894,BKID036516,Recurring Deposit,BSBD,Active,21-10-2024,,224534.94,2724305.66
6007781018041466,476651868445,PUNB084223,Fixed Deposit,Regular,Active,19-12-2024,,6887768.97,8856723.38
6699593806445793,476651868445,PUNB084223,Current,Regular,Active,11-10-2023,,8449050.94,7637207.93
47811117571,496145792214,CNRB068943,Current,BSBD,Active,23-11-2022,,3024472.83,7364847.04
816680251337,248454300009,ICIC059580,Savings,Basic,Active,05-08-2021,,630091.19,1931051.5
27363482338844,142307428466,KKBK099790,Current,BSBD,Active,18-08-2023,,583646.71,1077608.06
985969356501,421214324106,KKBK071352,Savings,BSBD,Active,30-09-2023,,589822.09,525063.37
76492286356138,852310920205,HDFC032530,Recurring Deposit,Regular,Active,13-04-2022,,3898958.23,3793691.69
59159096819814,639979591153,BARB093097,Salary,Basic,Active,10-05-2024,,845943.18,3902869.73
992349027369,771248842350,ICIC071821,Recurring Deposit,BSBD,Frozen,28-09-2024,,0.0,0.0
296448614277,771248842350,ICIC071821,Savings,Basic,Active,25-08-2023,,1674388.02,4371765.01
30940426928632,231766647007,CNRB054976,Current,Basic,Active,12-06-2024,,454162.71,1124092.79
1357941977620,889508785337,CNRB065862,Salary,Basic,Active,09-02-2024,,735721.63,1195736.77
6205876169902,269960157239,BKID035550,Salary,BSBD,Frozen,16-08-2023,,0.0,0.0
22803244516,269960157239,BKID035550,Savings,Regular,Active,26-11-2023,,347248.94,486240.74
6303629538467,328639534053,CNRB027240,Fixed Deposit,Basic,Active,04-09-2021,,1616955.49,1599576.16
51047316887,349493710238,KKBK039560,Savings,Basic,Active,12-10-2021,,3896206.89,6385190.84
124051142590,349493710238,KKBK039560,Savings,Basic,Frozen,18-12-2021,,0.0,0.0
22971350685,840035761386,SBIN031362,Savings,BSBD,Active,12-10-2021,,1663293.63,3336858.97
499843392882,911775496303,BKID074230,Savings,Basic,Active,21-04-2022,,576002.81,1230147.89
69045157479,911775496303,BKID074230,Current,Premium,Active,13-04-2024,,2196750.77,3193080.16
189923435333,280876962815,CNRB017482,Fixed Deposit,Corporate,Active,03-11-2024,,1969643.81,6600846.6
2999680445099,280876962815,CNRB017482,Current,Regular,Dormant,16-07-2024,29-11-2024,10361.17,4695.52
94664585371452,530614889340,BARB091811,Savings,Basic,Active,19-07-2024,,1628463.44,2819825.53
2248451832971,530614889340,BARB091811,Savings,Premium,Active,09-11-2024,,1043678.76,1691048.53
227529404055,204461416864,ICIC091063,Current,Basic,Active,17-06-2020,,1299609.33,3344849.98
46841362046,429143084791,IOBA047953,Savings,Regular,Active,19-01-2016,,496129.9,1060752.45
67417750591,429143084791,IOBA047953,Recurring Deposit,Regular,Active,18-02-2017,,2081247.32,1713804.57
14322334634454,835900512795,BKID045963,Current,Basic,Active,21-05-2022,,837220.22,607852.51
142246664525,493427482190,KKBK024680,Salary,BSBD,Active,12-04-2022,,357566.52,3154148.15
9168741998591,295322261092,UTIB014345,Savings,Premium,Active,13-07-2018,,653707.79,1518420.04
3779675763209,902980542925,BARB050975,Savings,BSBD,Closed,24-02-2023,,0.0,0.0
9269252383395,824944410594,UTIB042860,Savings,Premium,Active,07-06-2022,,1145043.04,2052794.87
737005266749,188177531999,BARB072982,Current,Corporate,Active,11-01-2021,,12218503.26,8412993.88
33360530001856,188177531999,BARB072982,Fixed Deposit,Corporate,Active,24-08-2015,,792844.82,2651051.12
9266050257320874,848304042541,PUNB058446,Salary,Basic,Active,25-09-2024,,531945.1,635684.16
42523196810,326478003661,SBIN013571,Fixed Deposit,Corporate,Active,09-10-2024,,2573079.44,5354219.25
3564867825080891,105503263053,PUNB070096,Fixed Deposit,Premium,Active,08-12-2017,,220290.89,1218291.13
7668002943115762,105503263053,PUNB070096,Savings,Basic,Dormant,16-02-2021,15-03-2021,86702.93,81228.32
78263783487128,395506771828,BARB028077,Savings,BSBD,Frozen,03-03-2024,,0.0,0.0
487373638296,395506771828,BARB028077,Savings,Basic,Active,27-01-2023,,318482.29,793497.52
50540978145,961635665780,SBIN026406,Savings,Premium,Active,01-07-2016,,3743263.47,2196264.35
17479420031,961635665780,SBIN026406,Current,Premium,Active,10-02-2018,,1440501.73,1961319.13
9291031696589,436555753791,UTIB060324,Salary,BSBD,Active,08-02-2020,,209900.1,2906948.66
9108860876203,436555753791,UTIB060324,Salary,Premium,Active,08-07-2023,,960715.47,5252835.39
51410627597102,110541209439,HDFC080253,Savings,Regular,Active,22-02-2024,,1847813.61,2690796.34
58313458813,461039591254,SBIN053313,Salary,Basic,Active,13-05-2021,,999190.29,1691810.77
43269027185,461039591254,SBIN053313,Salary,BSBD,Active,13-06-2021,,3511171.18,4900204.69
39927045057,523419963043,SBIN024026,Salary,Basic,Active,28-04-2024,,1143899.07,3761950.57
86033557260,523419963043,SBIN024026,Recurring Deposit,Premium,Active,03-02-2023,,1562016.21,1008304.09
13663071370073,118422705292,IOBA044369,Current,BSBD,Active,05-01-2023,,812846.26,2917982.29
71069796048,751152406614,SBIN055184,Savings,Basic,Active,27-09-2024,,1923007.57,3221218.27
9249082676695,453570528291,UTIB029182,Savings,Premium,Active,18-09-2020,,1286801.89,2022122.72
4405151138937,688729237934,IOBA092295,Fixed Deposit,Basic,Active,27-12-2023,,1076039.95,2682676.46
20706828645,688729237934,IOBA092295,Salary,Premium,Active,06-07-2024,,209535.65,1797213.52
57852892253,510448745177,SBIN027052,Salary,BSBD,Active,16-09-2016,,2787082.68,2193399.29
727841409693,236333289254,IOBA051989,Current,BSBD,Active,10-05-2021,,1834162.22,3046349.26
17601150398646,317903399593,HDFC053926,Savings,Premium,Active,02-12-2024,,2971679.78,2731944.65
66282819487615,778839529512,HDFC094128,Salary,Basic,Active,16-12-2022,,1821754.29,1153329.16
1927567912131513,694378098623,PUNB077408,Salary,BSBD,Active,21-09-2024,,1190275.03,4607219.82
3031667533028508,694378098623,PUNB077408,Savings,Regular,Active,29-12-2024,,864702.99,2465503.04
78847844441235,764356859224,CNRB015959,Savings,BSBD,Active,22-03-2024,,1958007.86,4207856.37
1654444297476053,798609085632,PUNB075944,Salary,Regular,Active,11-10-2024,,224131.47,1449164.13
5392998004310103,798609085632,PUNB075944,Savings,Regular,Active,01-12-2022,,208453.78,1041986.16
