group_id,typology,txn_count,total_amount,unique_accounts
CHARITY_01858,Charity Abuse,26,7888051.97,10
CHARITY_01795,Charity Abuse,16,7420552.29,11
CHARITY_00127,Charity Abuse,25,6840143.19,8
CHARITY_00290,Charity Abuse,21,6511115.81,8
CHARITY_01011,Charity Abuse,22,6462323.5600000005,11
FUNNEL_00096,Funnel Account Network,24,6159255.44,12
CHARITY_02074,Charity Abuse,20,6084365.79,12
CHARITY_02496,Charity Abuse,16,6070261.390000001,11
CHARITY_01463,Charity Abuse,18,6036278.06,8
FUNNEL_00190,Funnel Account Network,13,5998173.95,6
FUNNEL_00125,Funnel Account Network,17,5829987.489999999,11
FUNNEL_00258,Funnel Account Network,6,5793380.06,4
CHARITY_00118,Charity Abuse,19,5789698.8,9
CHARITY_02495,Charity Abuse,24,5718719.2700000005,15
FUNNEL_00186,Funnel Account Network,25,5664570.3,13
CHARITY_00472,Charity Abuse,16,5516504.0600000005,6
CHARITY_01687,Charity Abuse,19,5488519.67,14
CHARITY_00424,Charity Abuse,18,5485025.930000001,4
CHARITY_01112,Charity Abuse,20,5399717.25,5
CHARITY_02815,Charity Abuse,22,5331908.05,14
CHARITY_01670,Charity Abuse,18,5286422.82,10
CHARITY_00697,Charity Abuse,17,5199342.87,5
CHARITY_01911,Charity Abuse,20,5195662.699999999,8
CHARITY_02243,Charity Abuse,20,5189657.34,11
CHARITY_02005,Charity Abuse,14,5164940.79,7
CHARITY_02216,Charity Abuse,18,5153026.25,8
CHARITY_01580,Charity Abuse,16,5144122.08,10
CHARITY_02007,Charity Abuse,27,5115403.8100000005,11
CHARITY_01610,Charity Abuse,23,5058921.85,8
CHARITY_01899,Charity Abuse,19,5041043.17,6
CHARITY_02929,Charity Abuse,19,5033175.1,8
CHARITY_01777,Charity Abuse,18,5014855.21,5
CHARITY_01847,Charity Abuse,13,4999598.359999999,7
CHARITY_01133,Charity Abuse,30,4984720.96,12
CHARITY_02963,Charity Abuse,25,4970355.180000001,16
CHARITY_02962,Charity Abuse,17,4968466.48,9
CHARITY_01715,Charity Abuse,11,4966833.470000001,5
CHARITY_01348,Charity Abuse,17,4943751.18,10
CHARITY_00805,Charity Abuse,27,4941907.8,9
CHARITY_01360,Charity Abuse,20,4939334.890000001,10
CHARITY_01066,Charity Abuse,23,4850925.37,8
CHARITY_00173,Charity Abuse,20,4813180.12,10
CHARITY_01287,Charity Abuse,13,4766697.24,8
CHARITY_00070,Charity Abuse,21,4759398.65,8
CHARITY_01197,Charity Abuse,21,4723384.9,9
CHARITY_00908,Charity Abuse,16,4638713.21,13
CHARITY_02081,Charity Abuse,22,4558993.22,6
CHARITY_02910,Charity Abuse,14,4531640.68,10
CHARITY_00196,Charity Abuse,20,4507665.32,11
CHARITY_01667,Charity Abuse,15,4477998.600000001,8
CHARITY_02605,Charity Abuse,20,4414871.72,4
CHARITY_01365,Charity Abuse,20,4406233.53,11
CHARITY_03153,Charity Abuse,13,4366447.47,11
CHARITY_02076,Charity Abuse,19,4353727.49,11
CHARITY_00442,Charity Abuse,17,4341936.17,11
CHARITY_01803,Charity Abuse,18,4303850.2700000005,9
CHARITY_01755,Charity Abuse,21,4299914.17,11
CHARITY_01789,Charity Abuse,16,4285854.0600000005,7
FUNNEL_00152,Charity Abuse; Funnel Account Network,17,4237037.03,11
CHARITY_02590,Charity Abuse,19,4235953.87,5
CHARITY_01869,Charity Abuse; Funnel Account Network,13,4181863.62,11
CHARITY_01074,Charity Abuse,21,4157036.78,9
CHARITY_02061,Charity Abuse,23,4024562.7399999998,10
CHARITY_03047,Charity Abuse,22,4022318.0100000002,6
CHARITY_02537,Charity Abuse,18,3996219.33,5
PASS_00525,Pass-Through Transit Hub,2,3975974.6,1
PASS_00466,Pass-Through Transit Hub,2,3974662.39,1
PASS_00552,Pass-Through Transit Hub,2,3974111.0599999996,1
CHARITY_00962,Charity Abuse,27,3944908.33,11
CHARITY_02681,Charity Abuse,18,3944556.4000000004,6
PASS_00578,Pass-Through Transit Hub,2,3937890.96,1
FUNNEL_00202,Charity Abuse; Funnel Account Network,15,3927494.99,6
PASS_00369,Pass-Through Transit Hub,2,3927173.2199999997,1
CHARITY_01980,Charity Abuse,21,3926924.06,5
CHARITY_02419,Charity Abuse; Funnel Account Network,14,3923706.75,5
PASS_00072,Pass-Through Transit Hub,2,3920715.0,1
PASS_00652,Pass-Through Transit Hub,2,3913783.01,1
PASS_00182,Pass-Through Transit Hub,2,3892988.8899999997,1
PASS_00468,Pass-Through Transit Hub,2,3885296.34,1
PASS_00279,Pass-Through Transit Hub,2,3883708.27,1
PASS_00079,Pass-Through Transit Hub,2,3876949.76,1
PASS_00598,Pass-Through Transit Hub,2,3866481.55,1
PASS_00331,Pass-Through Transit Hub,2,3863343.01,1
CHARITY_01510,Charity Abuse,19,3860976.55,8
PASS_00229,Pass-Through Transit Hub,2,3855893.49,1
PASS_00527,Pass-Through Transit Hub,2,3849490.02,1
CHARITY_03119,Charity Abuse,18,3841146.8200000003,7
CHARITY_00837,Charity Abuse,18,3840159.8200000003,9
PASS_00066,Pass-Through Transit Hub,2,3833401.87,1
PASS_00286,Pass-Through Transit Hub,2,3832285.75,1
CHARITY_00041,Charity Abuse,16,3826578.55,7
FUNNEL_00266,Charity Abuse; Funnel Account Network,21,3808546.02,8
PASS_00407,Pass-Through Transit Hub,2,3808007.8200000003,1
PASS_00305,Pass-Through Transit Hub,2,3806902.84,1
PASS_00194,Pass-Through Transit Hub,2,3800177.5300000003,1
PASS_00276,Pass-Through Transit Hub,2,3780681.4699999997,1
PASS_00695,Pass-Through Transit Hub,2,3774815.52,1
PASS_00475,Pass-Through Transit Hub,2,3768664.35,1
CHARITY_03137,Charity Abuse; Funnel Account Network,20,3763944.21,8
PASS_00289,Pass-Through Transit Hub,2,3760188.56,1
PASS_00581,Pass-Through Transit Hub,2,3751270.16,1
CHARITY_02945,Charity Abuse,26,3746066.27,6
PASS_00656,Charity Abuse; Pass-Through Transit Hub,2,3723504.0700000003,1
PASS_00250,Pass-Through Transit Hub,2,3716970.38,1
PASS_00517,Pass-Through Transit Hub,2,3716221.8,1
PASS_00499,Pass-Through Transit Hub,2,3714743.11,1
PASS_00227,Pass-Through Transit Hub,2,3711355.7,1
PASS_00174,Pass-Through Transit Hub,2,3708582.51,1
PASS_00595,Pass-Through Transit Hub,2,3695969.1100000003,1
FUNNEL_00271,Charity Abuse; Funnel Account Network,14,3692448.16,6
CHARITY_03163,Charity Abuse; Funnel Account Network,14,3692448.16,6
PASS_00098,Pass-Through Transit Hub,2,3687502.33,1
PASS_00176,Pass-Through Transit Hub,2,3683338.71,1
PASS_00130,Pass-Through Transit Hub,2,3674678.7199999997,1
CHARITY_01291,Charity Abuse,18,3672745.2099999995,9
CHARITY_00904,Charity Abuse,23,3666457.9000000004,12
PASS_00603,Pass-Through Transit Hub,2,3639754.7800000003,1
PASS_00052,Pass-Through Transit Hub,2,3634879.52,1
CHARITY_02352,Charity Abuse,13,3626342.01,8
PASS_00019,Pass-Through Transit Hub,2,3615041.41,1
PASS_00587,Pass-Through Transit Hub,2,3607767.7,1
PASS_00522,Pass-Through Transit Hub,2,3599895.63,1
PASS_00658,Pass-Through Transit Hub,2,3598949.26,1
PASS_00672,Pass-Through Transit Hub,2,3585642.12,1
PASS_00221,Pass-Through Transit Hub,2,3577715.16,1
PASS_00453,Pass-Through Transit Hub,2,3567641.59,1
PASS_00026,Pass-Through Transit Hub,2,3560562.23,1
CHARITY_00066,Charity Abuse,22,3560047.02,13
PASS_00395,Pass-Through Transit Hub,2,3559162.8899999997,1
PASS_00573,Pass-Through Transit Hub,2,3558056.39,1
PASS_00634,Pass-Through Transit Hub,2,3555601.54,1
PASS_00538,Pass-Through Transit Hub,2,3542427.93,1
PASS_00513,Pass-Through Transit Hub,2,3541455.67,1
CHARITY_01252,Charity Abuse,17,3539776.94,10
PASS_00236,Pass-Through Transit Hub,2,3539375.34,1
PASS_00012,Pass-Through Transit Hub,2,3537432.3,1
CHARITY_02761,Charity Abuse,21,3508256.92,7
PASS_00018,Pass-Through Transit Hub,2,3507831.92,1
PASS_00368,Pass-Through Transit Hub,2,3494540.3899999997,1
PASS_00565,Pass-Through Transit Hub,2,3492517.62,1
PASS_00554,Charity Abuse; Pass-Through Transit Hub,2,3487974.52,1
CHARITY_00489,Charity Abuse,6,3477225.8800000004,5
PASS_00497,Pass-Through Transit Hub,2,3466212.13,1
PASS_00705,Pass-Through Transit Hub,2,3463009.23,1
PASS_00259,Pass-Through Transit Hub,2,3461683.9299999997,1
PASS_00391,Pass-Through Transit Hub,2,3454966.42,1
PASS_00530,Pass-Through Transit Hub,2,3441159.08,1
PASS_00123,Pass-Through Transit Hub,2,3438975.8200000003,1
PASS_00504,Pass-Through Transit Hub,3,3431721.7800000003,2
CHARITY_00340,Charity Abuse,19,3403775.96,8
PASS_00200,Pass-Through Transit Hub,2,3388474.24,1
PASS_00258,Pass-Through Transit Hub,2,3382403.01,1
CHARITY_02591,Charity Abuse,18,3366754.32,16
PASS_00480,Pass-Through Transit Hub,2,3366394.3899999997,1
PASS_00336,Pass-Through Transit Hub,2,3359426.25,1
CHARITY_00563,Charity Abuse,17,3359247.71,9
PASS_00064,Pass-Through Transit Hub,2,3353836.0599999996,1
PASS_00295,Pass-Through Transit Hub,2,3343696.6399999997,1
CHARITY_02358,Charity Abuse,22,3342766.3100000005,5
PASS_00531,Pass-Through Transit Hub,2,3340368.92,1
PASS_00294,Pass-Through Transit Hub,2,3334656.8600000003,1
PASS_00627,Pass-Through Transit Hub,2,3324244.86,1
CHARITY_01840,Charity Abuse,23,3313490.95,14
CHARITY_01817,Charity Abuse,22,3292028.6,12
CHARITY_00935,Charity Abuse,18,3279070.61,8
PASS_00039,Pass-Through Transit Hub,2,3269491.0300000003,1
PASS_00252,Pass-Through Transit Hub,2,3266463.96,1
PASS_00600,Pass-Through Transit Hub,2,3265614.73,1
CHARITY_00918,Charity Abuse,24,3248747.51,11
PASS_00467,Pass-Through Transit Hub,2,3241658.84,1
PASS_00154,Pass-Through Transit Hub,3,3234562.76,1
PASS_00262,Pass-Through Transit Hub,2,3232978.96,1
CHARITY_00212,Charity Abuse,19,3227141.68,7
CHARITY_02840,Charity Abuse,22,3223690.0000000005,12
PASS_00569,Pass-Through Transit Hub,2,3218340.38,1
PASS_00009,Charity Abuse; Pass-Through Transit Hub,3,3214394.5700000003,1
PASS_00556,Pass-Through Transit Hub,2,3212754.9699999997,1
PASS_00590,Pass-Through Transit Hub,2,3204333.92,1
PASS_00267,Pass-Through Transit Hub,2,3203594.14,1
PASS_00275,Pass-Through Transit Hub,3,3201248.4000000004,1
PASS_00374,Pass-Through Transit Hub,2,3200659.8,1
CHARITY_02096,Charity Abuse,12,3199279.45,8
PASS_00189,Pass-Through Transit Hub,2,3191071.81,1
CHARITY_03307,Charity Abuse,15,3183122.06,10
PASS_00042,Pass-Through Transit Hub,2,3181425.18,1
PASS_00233,Pass-Through Transit Hub,2,3169583.44,1
FUNNEL_00135,Funnel Account Network,8,3164941.5,8
PASS_00138,Pass-Through Transit Hub,2,3161414.75,1
CHARITY_00072,Charity Abuse,17,3155319.98,6
PASS_00187,Pass-Through Transit Hub,2,3154103.09,1
CHARITY_01787,Charity Abuse,24,3153821.47,10
CHARITY_00484,Charity Abuse,23,3153645.09,9
PASS_00385,Pass-Through Transit Hub,2,3147801.5,1
PASS_00498,Pass-Through Transit Hub,2,3147342.37,1
PASS_00582,Pass-Through Transit Hub,2,3146080.69,1
PASS_00320,Pass-Through Transit Hub,2,3135322.46,1
PASS_00156,Charity Abuse; Pass-Through Transit Hub,2,3132255.8600000003,1
CHARITY_01590,Charity Abuse,24,3131391.01,9
PASS_00179,Pass-Through Transit Hub,2,3128385.7800000003,1
PASS_00630,Pass-Through Transit Hub,3,3124109.7,2
PASS_00246,Pass-Through Transit Hub,2,3118577.7199999997,1
PASS_00108,Pass-Through Transit Hub,2,3096459.3600000003,1
PASS_00029,Pass-Through Transit Hub,2,3091881.15,1
PASS_00619,Pass-Through Transit Hub,2,3091620.79,1
FUNNEL_00242,Funnel Account Network,39,3085463.56,24
PASS_00203,Pass-Through Transit Hub,2,3071900.63,1
FUNNEL_00203,Funnel Account Network,41,3069869.21,34
PASS_00404,Pass-Through Transit Hub,2,3066027.09,1
PASS_00316,Pass-Through Transit Hub,2,3065623.5,1
CHARITY_00771,Charity Abuse,22,3063287.5,6
CHARITY_02139,Charity Abuse,17,3053869.0300000003,5
PASS_00033,Pass-Through Transit Hub,2,3035977.12,1
PASS_00645,Pass-Through Transit Hub,2,3027174.86,1
PASS_00492,Pass-Through Transit Hub,2,3025583.27,1
PASS_00366,Pass-Through Transit Hub,2,3018255.16,1
PASS_00253,Pass-Through Transit Hub,2,3009552.67,1
PASS_00243,Pass-Through Transit Hub,2,3006356.2800000003,1
PASS_00483,Pass-Through Transit Hub,2,2994349.54,1
CHARITY_00915,Charity Abuse,23,2994101.88,10
CHARITY_00224,Charity Abuse,19,2989344.08,11
PASS_00003,Pass-Through Transit Hub,2,2987316.13,1
PASS_00057,Pass-Through Transit Hub,2,2984086.54,1
PASS_00584,Pass-Through Transit Hub,2,2974191.73,1
CHARITY_01300,Charity Abuse,15,2964702.66,7
PASS_00699,Pass-Through Transit Hub,2,2951491.3600000003,1
HAWALA_00001,Underground Banking (Hawala),3,2950763.84,3
PASS_00678,Pass-Through Transit Hub,2,2944085.24,1
PASS_00403,Pass-Through Transit Hub,2,2923101.86,1
CHARITY_01825,Charity Abuse,18,2913579.3,8
PASS_00270,Pass-Through Transit Hub,2,2912075.99,1
CHARITY_03295,Charity Abuse,21,2911319.85,10
PASS_00002,Pass-Through Transit Hub,2,2902568.04,1
PASS_00378,Pass-Through Transit Hub,2,2900371.49,1
PASS_00509,Pass-Through Transit Hub,3,2899635.91,2
CHARITY_00186,Charity Abuse,26,2894508.9599999995,12
HAWALA_00002,Underground Banking (Hawala),3,2893295.27,3
CHARITY_01732,Charity Abuse,22,2892321.31,7
PASS_00020,Pass-Through Transit Hub,2,2875191.54,1
PASS_00485,Pass-Through Transit Hub,2,2869633.6799999997,1
CHARITY_02086,Charity Abuse,19,2868895.3899999997,6
CHARITY_01271,Charity Abuse,24,2867855.92,14
PASS_00681,Pass-Through Transit Hub,2,2862871.21,1
PASS_00076,Pass-Through Transit Hub,2,2851747.27,1
FUNNEL_00081,Funnel Account Network,15,2851542.71,9
CHARITY_03023,Charity Abuse,23,2847008.0,10
PASS_00688,Pass-Through Transit Hub,2,2840412.99,1
CHARITY_01248,Charity Abuse,20,2836840.7800000003,7
PASS_00301,Charity Abuse; Pass-Through Transit Hub,2,2832866.08,1
CHARITY_00936,Charity Abuse,24,2828132.5199999996,15
PASS_00095,Pass-Through Transit Hub,2,2825124.08,1
PASS_00296,Pass-Through Transit Hub,2,2824120.1,1
PASS_00416,Pass-Through Transit Hub,2,2823386.07,1
CHARITY_01979,Charity Abuse,18,2818189.41,9
CHARITY_00262,Charity Abuse,19,2804998.35,10
PASS_00568,Pass-Through Transit Hub,2,2804333.3,1
CHARITY_01866,Charity Abuse,25,2799815.9,9
PASS_00085,Pass-Through Transit Hub,2,2796248.48,1
PASS_00195,Pass-Through Transit Hub,2,2785853.91,1
PASS_00488,Pass-Through Transit Hub,2,2777996.2800000003,1
PASS_00363,Pass-Through Transit Hub,2,2775300.3499999996,1
CHARITY_02505,Charity Abuse,17,2774913.73,10
CHARITY_01819,Charity Abuse,16,2771487.93,9
PASS_00649,Pass-Through Transit Hub,2,2767914.96,1
PASS_00637,Pass-Through Transit Hub,2,2766472.06,1
PASS_00280,Pass-Through Transit Hub,2,2766207.46,1
CHARITY_02018,Charity Abuse,18,2759858.6,9
PASS_00024,Charity Abuse; Pass-Through Transit Hub,2,2758775.98,1
HAWALA_00003,Underground Banking (Hawala),3,2756350.35,3
CHARITY_02165,Charity Abuse,23,2749301.6799999997,11
CHARITY_02244,Charity Abuse,17,2727069.1599999997,7
CHARITY_03203,Charity Abuse,13,2724487.28,7
PASS_00278,Pass-Through Transit Hub,2,2724035.15,1
PASS_00396,Pass-Through Transit Hub,2,2723292.49,1
PASS_00472,Pass-Through Transit Hub,2,2713791.17,1
MULE_00069,Money Mule Network,19,2713583.99,9
PASS_00469,Pass-Through Transit Hub,2,2700794.3,1
PASS_00080,Pass-Through Transit Hub,2,2698691.17,1
PASS_00638,Pass-Through Transit Hub,2,2697664.44,1
PASS_00608,Pass-Through Transit Hub,2,2688561.16,1
PASS_00519,Pass-Through Transit Hub,2,2687657.54,1
PASS_00213,Pass-Through Transit Hub,2,2687477.91,1
PASS_00426,Pass-Through Transit Hub,2,2682770.45,1
PASS_00547,Pass-Through Transit Hub,2,2676212.67,1
CHARITY_02181,Charity Abuse,19,2674666.9299999997,12
PASS_00321,Pass-Through Transit Hub,2,2671686.19,1
CHARITY_02536,Charity Abuse,22,2662190.9400000004,6
CHARITY_00953,Charity Abuse,20,2645609.5,7
PASS_00328,Pass-Through Transit Hub,2,2644829.8,1
PASS_00110,Pass-Through Transit Hub,2,2628097.58,1
MULE_00020,Money Mule Network,19,2626441.83,10
PASS_00308,Pass-Through Transit Hub,2,2615834.9000000004,1
PASS_00068,Pass-Through Transit Hub,2,2599809.94,1
HAWALA_00004,Underground Banking (Hawala),3,2583409.09,3
PASS_00031,Pass-Through Transit Hub,2,2579114.8899999997,1
HAWALA_00005,Underground Banking (Hawala),3,2578112.74,3
PASS_00392,Pass-Through Transit Hub,2,2572898.1799999997,1
CHARITY_00644,Charity Abuse,23,2572034.78,10
CHARITY_00894,Charity Abuse,21,2568995.46,13
PASS_00422,Pass-Through Transit Hub,2,2565888.24,1
PASS_00224,Pass-Through Transit Hub,2,2563667.42,1
CHARITY_01786,Charity Abuse,24,2546117.97,9
CHARITY_02371,Charity Abuse,16,2528140.75,11
HAWALA_00006,Underground Banking (Hawala),3,2523904.48,3
CHARITY_01526,Charity Abuse,26,2518314.09,8
CHARITY_01183,Charity Abuse,23,2517640.07,12
CHARITY_02399,Charity Abuse,17,2508483.36,9
CHARITY_02798,Charity Abuse,14,2505654.71,6
PASS_00371,Pass-Through Transit Hub,2,2496593.8,1
PASS_00143,Pass-Through Transit Hub,2,2482958.02,1
CHARITY_00847,Charity Abuse,13,2479426.1,11
CHARITY_01163,Charity Abuse,19,2471374.63,5
PASS_00354,Pass-Through Transit Hub,2,2469401.81,1
HRCORR_00290,High-Risk Corridor Transfer,7,2437202.95,1
HRCORR_00517,High-Risk Corridor Transfer,9,2437142.6999999997,1
PASS_00348,Pass-Through Transit Hub,2,2433150.5,1
PASS_00214,Pass-Through Transit Hub,2,2425654.17,1
PASS_00148,Pass-Through Transit Hub,2,2423821.56,1
PASS_00612,Pass-Through Transit Hub,2,2415637.18,1
CHARITY_02000,Charity Abuse,19,2400816.89,7
PASS_00058,Pass-Through Transit Hub,2,2391973.2199999997,1
PASS_00196,Pass-Through Transit Hub,2,2391387.0,1
PASS_00339,Pass-Through Transit Hub,2,2384991.83,1
CHARITY_01752,Charity Abuse,19,2371973.84,8
PASS_00051,Pass-Through Transit Hub,2,2365312.04,1
CHARITY_01390,Charity Abuse,17,2361324.81,8
CHARITY_02755,Charity Abuse,13,2357059.2099999995,4
CHARITY_00314,Charity Abuse,20,2355032.64,11
FUNNEL_00212,Charity Abuse; Funnel Account Network; Pass-Through Transit Hub,2,2346684.81,1
CHARITY_02513,Charity Abuse; Funnel Account Network; Pass-Through Transit Hub,2,2346684.81,1
CHARITY_03041,Charity Abuse; Funnel Account Network,14,2339745.48,6
FUNNEL_00260,Charity Abuse; Funnel Account Network,14,2339745.48,6
FUNNEL_00053,Charity Abuse; Funnel Account Network,16,2330966.37,5
PASS_00016,Pass-Through Transit Hub,2,2328742.87,1
CHARITY_00327,Charity Abuse,20,2315110.92,14
CHARITY_00285,Charity Abuse,15,2310439.0,7
PASS_00682,Pass-Through Transit Hub,2,2307836.9299999997,1
CHARITY_02348,Charity Abuse,18,2307525.83,6
CHARITY_02374,Charity Abuse,14,2305756.46,11
PASS_00376,Pass-Through Transit Hub,2,2302972.66,1
PASS_00447,Pass-Through Transit Hub,2,2300820.74,1
HRCORR_00163,High-Risk Corridor Transfer,6,2300799.94,1
HRCORR_00462,High-Risk Corridor Transfer,7,2297890.09,1
HAWALA_00007,Underground Banking (Hawala),3,2294462.75,3
CHARITY_01844,Charity Abuse,22,2294307.83,15
PASS_00340,Pass-Through Transit Hub,2,2293115.58,1
CHARITY_03046,Charity Abuse,19,2292731.24,11
CHARITY_00642,Charity Abuse,19,2292297.51,7
MULE_00083,Money Mule Network,18,2289126.06,7
CHARITY_00261,Charity Abuse,20,2285404.7399999998,8
HRCORR_00384,High-Risk Corridor Transfer,6,2282770.8,1
CHARITY_01335,Charity Abuse,20,2282503.5,10
CHARITY_02937,Charity Abuse,15,2246467.19,14
CHARITY_01085,Charity Abuse,12,2240582.18,6
HAWALA_00008,Underground Banking (Hawala),3,2237756.89,3
CHARITY_00351,Charity Abuse,17,2237540.33,11
CHARITY_00853,Charity Abuse,17,2235917.65,6
CHARITY_01047,Charity Abuse,15,2234745.16,12
PASS_00508,Pass-Through Transit Hub,2,2229767.54,1
CHARITY_02579,Charity Abuse,17,2224213.11,12
HAWALA_00009,Underground Banking (Hawala),3,2223679.96,3
CHARITY_00054,Charity Abuse,21,2219556.95,9
PASS_00284,Pass-Through Transit Hub,2,2218995.96,1
FUNNEL_00191,Charity Abuse; Funnel Account Network,9,2214254.5300000003,5
CHARITY_02343,Charity Abuse; Funnel Account Network,9,2214254.5300000003,5
PASS_00489,Pass-Through Transit Hub,2,2211919.35,1
PASS_00683,Pass-Through Transit Hub,2,2209654.73,1
PASS_00111,Pass-Through Transit Hub,2,2208691.5,1
PASS_00419,Pass-Through Transit Hub,2,2207329.9,1
PASS_00120,Pass-Through Transit Hub,2,2199532.31,1
FUNNEL_00088,Charity Abuse; Funnel Account Network,16,2197518.1,6
CHARITY_01102,Charity Abuse; Funnel Account Network,16,2197518.1,6
CHARITY_02132,Charity Abuse,15,2192394.33,11
CHARITY_02712,Charity Abuse,19,2191311.77,6
CHARITY_00014,Charity Abuse,19,2185594.2399999998,5
PASS_00667,Pass-Through Transit Hub,3,2179411.42,1
CHARITY_03132,Charity Abuse,18,2173947.4899999998,15
CHARITY_00695,Charity Abuse; Funnel Account Network,15,2172751.0700000003,5
CHARITY_00866,Charity Abuse,27,2170418.17,12
CHARITY_02075,Charity Abuse,20,2165213.87,10
CHARITY_00726,Charity Abuse,18,2162640.92,8
MULE_00057,Money Mule Network,15,2162617.61,7
CHARITY_02804,Charity Abuse,20,2158788.36,12
CHARITY_02342,Charity Abuse,16,2156992.1700000004,9
PASS_00163,Pass-Through Transit Hub,2,2156727.2800000003,1
CHARITY_03167,Charity Abuse,21,2156276.35,11
PASS_00248,Pass-Through Transit Hub,2,2155860.21,1
CHARITY_00088,Charity Abuse,21,2155491.98,10
PASS_00050,Pass-Through Transit Hub,2,2153654.0300000003,1
PASS_00027,Pass-Through Transit Hub,2,2152781.7199999997,1
CHARITY_01001,Charity Abuse,21,2142279.29,12
CHARITY_02701,Charity Abuse,15,2137996.8,10
PASS_00494,Pass-Through Transit Hub,2,2136573.85,1
FUNNEL_00093,Funnel Account Network,25,2135169.27,14
HRCORR_00272,High-Risk Corridor Transfer,5,2134810.24,1
CHARITY_01976,Charity Abuse,23,2130240.5,10
FUNNEL_00019,Funnel Account Network,34,2128773.5700000003,22
HRCORR_00297,High-Risk Corridor Transfer,7,2127772.33,1
CHARITY_01021,Charity Abuse,19,2126960.75,10
PASS_00464,Pass-Through Transit Hub,2,2126269.8899999997,1
CHARITY_01222,Charity Abuse,17,2126216.6500000004,8
PASS_00413,Pass-Through Transit Hub,2,2117969.38,1
HRCORR_00364,High-Risk Corridor Transfer,7,2117506.81,1
PASS_00687,Pass-Through Transit Hub,2,2112306.51,1
CHARITY_02028,Charity Abuse,15,2110631.17,13
HRCORR_00059,High-Risk Corridor Transfer,6,2109502.5,1
PASS_00631,Pass-Through Transit Hub,2,2108556.66,1
PASS_00171,Pass-Through Transit Hub,2,2106654.57,1
PASS_00654,Pass-Through Transit Hub,2,2105020.03,1
MULE_00054,Money Mule Network,20,2101977.2,11
PASS_00707,Pass-Through Transit Hub,2,2100959.77,1
PASS_00478,Pass-Through Transit Hub,2,2100264.16,1
CHARITY_02152,Charity Abuse,21,2098272.84,9
CHARITY_03189,Charity Abuse,18,2096543.31,6
FUNNEL_00259,Charity Abuse; Funnel Account Network,27,2092097.6099999999,23
CHARITY_03035,Charity Abuse; Funnel Account Network,26,2091012.38,23
CHARITY_01292,Charity Abuse,20,2090881.8,11
HAWALA_00011,Underground Banking (Hawala),3,2090657.6,3
PASS_00555,Pass-Through Transit Hub,2,2089998.94,1
PASS_00228,Pass-Through Transit Hub,2,2084347.54,1
PASS_00136,Pass-Through Transit Hub,2,2084139.47,1
PASS_00094,Pass-Through Transit Hub,2,2083875.97,1
CHARITY_02350,Charity Abuse,17,2080287.67,5
CHARITY_00096,Charity Abuse,24,2078215.6199999999,9
MULE_00002,Money Mule Network,19,2078068.93,11
CHARITY_03285,Charity Abuse,21,2076285.53,15
CHARITY_01974,Charity Abuse,19,2075780.3099999998,8
PASS_00112,Pass-Through Transit Hub,2,2072535.75,1
CHARITY_03166,Charity Abuse,30,2067112.1099999999,7
PASS_00314,Charity Abuse; Pass-Through Transit Hub,2,2065022.63,1
CHARITY_01530,Charity Abuse,23,2063101.4,11
CHARITY_03256,Charity Abuse,18,2062652.44,13
HRCORR_00354,High-Risk Corridor Transfer,6,2062615.1600000001,1
PASS_00089,Pass-Through Transit Hub,2,2057131.22,1
CHARITY_02079,Charity Abuse,10,2056900.7,8
CHARITY_02710,Charity Abuse,17,2054448.9400000002,7
PASS_00201,Pass-Through Transit Hub,2,2053641.13,1
CHARITY_00063,Charity Abuse,22,2051277.28,9
CHARITY_02359,Charity Abuse,21,2050854.7999999998,13
FUNNEL_00207,Funnel Account Network,20,2047922.14,9
CHARITY_01313,Charity Abuse,15,2044236.47,9
CHARITY_00160,Charity Abuse,26,2043907.09,13
CHARITY_00583,Charity Abuse,23,2043796.19,11
FUNNEL_00022,Funnel Account Network,26,2041118.39,7
HRCORR_00147,High-Risk Corridor Transfer,5,2040695.71,1
PASS_00486,Pass-Through Transit Hub,2,2039297.76,1
HAWALA_00014,Underground Banking (Hawala),3,2034109.1099999999,3
HRCORR_00105,High-Risk Corridor Transfer,6,2033924.98,1
PASS_00444,Pass-Through Transit Hub,2,2033301.31,1
CHARITY_02265,Charity Abuse,19,2033108.11,13
CHARITY_03138,Charity Abuse,13,2031362.63,6
PASS_00093,Pass-Through Transit Hub,2,2029013.85,1
FUNNEL_00049,Funnel Account Network,16,2028211.64,8
CIRC_00001,Circular Transaction Loop; Underground Banking (Hawala),3,2019880.0299999998,3
HAWALA_00012,Circular Transaction Loop; Underground Banking (Hawala),3,2019880.0299999998,3
PASS_00501,Pass-Through Transit Hub,2,2019508.08,1
CHARITY_00516,Charity Abuse,26,2017717.91,10
CHARITY_02758,Charity Abuse,15,2017542.8100000003,11
CHARITY_02717,Charity Abuse,18,2016215.1500000001,7
PASS_00437,Pass-Through Transit Hub,2,2009465.5699999998,1
HRCORR_00287,High-Risk Corridor Transfer,6,2006491.5499999998,1
HAWALA_00013,Underground Banking (Hawala),3,2006376.4900000002,3
CHARITY_03154,Charity Abuse,23,2005725.41,9
HRCORR_00061,High-Risk Corridor Transfer,5,1990281.61,1
HRCORR_00092,High-Risk Corridor Transfer,6,1985134.53,1
CHARITY_01562,Charity Abuse,15,1982886.56,10
MULE_00066,Money Mule Network,17,1980524.69,7
CHARITY_00367,Charity Abuse,18,1979117.1600000001,8
CHARITY_02841,Charity Abuse,25,1978565.41,10
CHARITY_02065,Charity Abuse; Funnel Account Network,15,1977137.19,10
FUNNEL_00171,Charity Abuse; Funnel Account Network,15,1977137.19,10
CHARITY_02148,Charity Abuse,17,1975378.0799999998,11
CHARITY_02670,Charity Abuse,14,1974401.54,8
CHARITY_03232,Charity Abuse,14,1971477.8699999999,7
CHARITY_02429,Charity Abuse,17,1970411.46,6
PASS_00044,Pass-Through Transit Hub,1,1969888.26,1
FUNNEL_00122,Funnel Account Network,33,1969427.29,15
CHARITY_00893,Charity Abuse,15,1961242.63,8
PASS_00198,Pass-Through Transit Hub,2,1959934.6,1
MULE_00061,Money Mule Network,15,1956755.85,7
FUNNEL_00177,Funnel Account Network,19,1955934.8800000001,15
PASS_00510,Pass-Through Transit Hub,2,1955158.0699999998,1
FUNNEL_00255,Funnel Account Network,31,1953372.96,21
PASS_00192,Pass-Through Transit Hub,2,1949966.59,1
CHARITY_00572,Charity Abuse,18,1949912.2500000002,13
CHARITY_00824,Charity Abuse,21,1949494.97,4
CHARITY_00487,Charity Abuse,14,1949483.26,3
PASS_00576,Pass-Through Transit Hub,2,1946906.03,1
HAWALA_00042,Underground Banking (Hawala),4,1946524.99,2
HAWALA_00043,Underground Banking (Hawala),4,1946524.99,3
HAWALA_00039,Underground Banking (Hawala),4,1946524.99,4
HAWALA_00038,Underground Banking (Hawala),4,1946524.99,3
HAWALA_00046,Underground Banking (Hawala),4,1946524.99,3
HAWALA_00047,Underground Banking (Hawala),4,1946524.99,3
HAWALA_00050,Underground Banking (Hawala),4,1946524.99,3
HAWALA_00051,Underground Banking (Hawala),4,1946524.99,3
HAWALA_00069,Underground Banking (Hawala),4,1943987.77,3
HAWALA_00068,Underground Banking (Hawala),4,1943987.77,4
HAWALA_00061,Underground Banking (Hawala),4,1943987.77,3
HAWALA_00060,Underground Banking (Hawala),4,1943987.77,3
HAWALA_00067,Underground Banking (Hawala),4,1943987.77,4
HAWALA_00066,Underground Banking (Hawala),4,1943987.77,3
HAWALA_00065,Underground Banking (Hawala),4,1943987.77,3
HAWALA_00064,Underground Banking (Hawala),4,1943987.77,3
HAWALA_00063,Underground Banking (Hawala),4,1943987.77,3
HAWALA_00062,Underground Banking (Hawala),4,1943987.77,2
HAWALA_00070,Underground Banking (Hawala),4,1943987.77,3
HAWALA_00071,Underground Banking (Hawala),4,1943987.77,3
HAWALA_00073,Underground Banking (Hawala),4,1943987.77,2
HAWALA_00072,Underground Banking (Hawala),4,1943987.77,3
HAWALA_00075,Underground Banking (Hawala),4,1943987.77,3
HAWALA_00074,Underground Banking (Hawala),4,1943987.77,3
CIRC_00219,Circular Transaction Loop,5,1940281.0499999998,4
CIRC_00220,Circular Transaction Loop,5,1940281.0499999998,4
CIRC_00218,Circular Transaction Loop,5,1940281.0499999998,3
CIRC_00233,Circular Transaction Loop,5,1940281.0499999998,3
CIRC_00230,Circular Transaction Loop,5,1940281.0499999998,3
CIRC_00231,Circular Transaction Loop,5,1940281.0499999998,4
CIRC_00232,Circular Transaction Loop,5,1940281.0499999998,3
CIRC_00222,Circular Transaction Loop,5,1940281.0499999998,4
CIRC_00227,Circular Transaction Loop,5,1940281.0499999998,4
CIRC_00228,Circular Transaction Loop,5,1940281.0499999998,4
CIRC_00229,Circular Transaction Loop,5,1940281.0499999998,4
CIRC_00221,Circular Transaction Loop,5,1940281.0499999998,4
CIRC_00223,Circular Transaction Loop,5,1940281.0499999998,5
CIRC_00224,Circular Transaction Loop,5,1940281.0499999998,4
CIRC_00225,Circular Transaction Loop,5,1940281.0499999998,4
CIRC_00226,Circular Transaction Loop,5,1940281.0499999998,3
CIRC_00209,Circular Transaction Loop,5,1940281.0499999998,3
CIRC_00208,Circular Transaction Loop,5,1940281.0499999998,4
CIRC_00207,Circular Transaction Loop,5,1940281.0499999998,4
CIRC_00206,Circular Transaction Loop,5,1940281.0499999998,4
CIRC_00205,Circular Transaction Loop,5,1940281.0499999998,3
CIRC_00210,Circular Transaction Loop,5,1940281.0499999998,4
CIRC_00212,Circular Transaction Loop,5,1940281.0499999998,5
CIRC_00211,Circular Transaction Loop,5,1940281.0499999998,4
CIRC_00217,Circular Transaction Loop,5,1940281.0499999998,3
CIRC_00216,Circular Transaction Loop,5,1940281.0499999998,4
CIRC_00215,Circular Transaction Loop,5,1940281.0499999998,4
CIRC_00214,Circular Transaction Loop,5,1940281.0499999998,4
CIRC_00213,Circular Transaction Loop,5,1940281.0499999998,4
CIRC_00204,Circular Transaction Loop,5,1940281.0499999998,4
CIRC_00202,Circular Transaction Loop,5,1940281.0499999998,3
CIRC_00203,Circular Transaction Loop,5,1940281.0499999998,3
HAWALA_00108,Underground Banking (Hawala),4,1939845.91,3
HAWALA_00116,Underground Banking (Hawala),4,1939845.91,4
HAWALA_00118,Underground Banking (Hawala),4,1939845.91,3
HAWALA_00117,Underground Banking (Hawala),4,1939845.91,3
HAWALA_00111,Underground Banking (Hawala),4,1939845.91,3
HAWALA_00110,Underground Banking (Hawala),4,1939845.91,2
HAWALA_00113,Underground Banking (Hawala),4,1939845.91,3
HAWALA_00112,Underground Banking (Hawala),4,1939845.91,3
HAWALA_00115,Underground Banking (Hawala),4,1939845.91,4
HAWALA_00114,Underground Banking (Hawala),4,1939845.91,3
HAWALA_00109,Underground Banking (Hawala),4,1939845.91,3
HAWALA_00119,Underground Banking (Hawala),4,1939845.91,3
HAWALA_00122,Underground Banking (Hawala),4,1939845.91,3
HAWALA_00121,Underground Banking (Hawala),4,1939845.91,2
HAWALA_00123,Underground Banking (Hawala),4,1939845.91,3
HAWALA_00120,Underground Banking (Hawala),4,1939845.91,3
PASS_00610,Pass-Through Transit Hub,2,1938042.54,1
PASS_00476,Charity Abuse; Pass-Through Transit Hub,1,1935827.86,1
CHARITY_00948,Charity Abuse; Pass-Through Transit Hub,1,1935827.86,1
CHARITY_01138,Charity Abuse,17,1934462.4500000002,8
PASS_00657,Pass-Through Transit Hub,2,1933318.76,1
PASS_00167,Pass-Through Transit Hub,2,1929297.06,1
HRCORR_00215,High-Risk Corridor Transfer,6,1927137.6099999999,1
PASS_00309,Charity Abuse; Pass-Through Transit Hub,2,1924299.37,1
HAWALA_00175,Underground Banking (Hawala),4,1921175.61,3
HAWALA_00172,Underground Banking (Hawala),4,1921175.61,4
HAWALA_00186,Underground Banking (Hawala),4,1921175.61,3
HAWALA_00183,Underground Banking (Hawala),4,1921175.61,3
HAWALA_00174,Underground Banking (Hawala),4,1921175.61,3
HAWALA_00173,Underground Banking (Hawala),4,1921175.61,3
HAWALA_00178,Underground Banking (Hawala),4,1921175.61,3
HAWALA_00184,Underground Banking (Hawala),4,1921175.61,3
HAWALA_00182,Underground Banking (Hawala),4,1921175.61,2
HAWALA_00185,Underground Banking (Hawala),4,1921175.61,3
HAWALA_00181,Underground Banking (Hawala),4,1921175.61,3
HAWALA_00187,Underground Banking (Hawala),4,1921175.61,4
HAWALA_00176,Underground Banking (Hawala),4,1921175.61,3
HAWALA_00177,Underground Banking (Hawala),4,1921175.61,2
HAWALA_00180,Underground Banking (Hawala),4,1921175.61,3
HAWALA_00179,Underground Banking (Hawala),4,1921175.61,3
CHARITY_00373,Charity Abuse; Pass-Through Transit Hub,1,1920973.67,1
PASS_00044,Charity Abuse; Pass-Through Transit Hub,1,1920973.67,1
CIRC_00015,Circular Transaction Loop; Underground Banking (Hawala),4,1918459.27,3
CIRC_00012,Circular Transaction Loop; Underground Banking (Hawala),4,1918459.27,3
CIRC_00009,Circular Transaction Loop; Underground Banking (Hawala),4,1918459.27,3
CIRC_00008,Circular Transaction Loop; Underground Banking (Hawala),4,1918459.27,2
CIRC_00010,Circular Transaction Loop; Underground Banking (Hawala),4,1918459.27,3
CIRC_00006,Circular Transaction Loop; Underground Banking (Hawala),4,1918459.27,3
CIRC_00005,Circular Transaction Loop; Underground Banking (Hawala),4,1918459.27,4
CIRC_00004,Circular Transaction Loop; Underground Banking (Hawala),4,1918459.27,3
CIRC_00007,Circular Transaction Loop; Underground Banking (Hawala),4,1918459.27,3
CIRC_00011,Circular Transaction Loop; Underground Banking (Hawala),4,1918459.27,2
HAWALA_00141,Circular Transaction Loop; Underground Banking (Hawala),4,1918459.27,3
HAWALA_00140,Circular Transaction Loop; Underground Banking (Hawala),4,1918459.27,3
HAWALA_00143,Circular Transaction Loop; Underground Banking (Hawala),4,1918459.27,4
HAWALA_00142,Circular Transaction Loop; Underground Banking (Hawala),4,1918459.27,3
HAWALA_00155,Circular Transaction Loop; Underground Banking (Hawala),4,1918459.27,3
HAWALA_00144,Circular Transaction Loop; Underground Banking (Hawala),4,1918459.27,3
HAWALA_00153,Circular Transaction Loop; Underground Banking (Hawala),4,1918459.27,3
HAWALA_00154,Circular Transaction Loop; Underground Banking (Hawala),4,1918459.27,3
HAWALA_00152,Circular Transaction Loop; Underground Banking (Hawala),4,1918459.27,4
CIRC_00003,Circular Transaction Loop; Underground Banking (Hawala),4,1918459.27,3
CIRC_00016,Circular Transaction Loop; Underground Banking (Hawala),4,1918459.27,3
CIRC_00017,Circular Transaction Loop; Underground Banking (Hawala),4,1918459.27,3
CIRC_00014,Circular Transaction Loop; Underground Banking (Hawala),4,1918459.27,4
CIRC_00013,Circular Transaction Loop; Underground Banking (Hawala),4,1918459.27,3
HAWALA_00147,Circular Transaction Loop; Underground Banking (Hawala),4,1918459.27,3
HAWALA_00150,Circular Transaction Loop; Underground Banking (Hawala),4,1918459.27,3
HAWALA_00149,Circular Transaction Loop; Underground Banking (Hawala),4,1918459.27,2
HAWALA_00151,Circular Transaction Loop; Underground Banking (Hawala),4,1918459.27,3
HAWALA_00145,Circular Transaction Loop; Underground Banking (Hawala),4,1918459.27,3
CIRC_00002,Circular Transaction Loop; Underground Banking (Hawala),4,1918459.27,3
HAWALA_00146,Circular Transaction Loop; Underground Banking (Hawala),4,1918459.27,2
HAWALA_00148,Circular Transaction Loop; Underground Banking (Hawala),4,1918459.27,3
PASS_00449,Pass-Through Transit Hub,2,1917371.52,1
CHARITY_01387,Charity Abuse,20,1917007.05,10
HAWALA_00138,Underground Banking (Hawala),4,1916213.9,3
HAWALA_00129,Underground Banking (Hawala),4,1916213.9,3
HAWALA_00126,Underground Banking (Hawala),4,1916213.9,4
HAWALA_00124,Underground Banking (Hawala),4,1916213.9,3
HAWALA_00135,Underground Banking (Hawala),4,1916213.9,3
HAWALA_00134,Underground Banking (Hawala),4,1916213.9,3
HAWALA_00131,Underground Banking (Hawala),4,1916213.9,2
HAWALA_00128,Underground Banking (Hawala),4,1916213.9,3
HAWALA_00132,Underground Banking (Hawala),4,1916213.9,2
HAWALA_00127,Underground Banking (Hawala),4,1916213.9,3
HAWALA_00130,Underground Banking (Hawala),4,1916213.9,3
HAWALA_00125,Underground Banking (Hawala),4,1916213.9,3
HAWALA_00133,Underground Banking (Hawala),4,1916213.9,3
HAWALA_00136,Underground Banking (Hawala),4,1916213.9,3
HAWALA_00137,Underground Banking (Hawala),4,1916213.9,4
HAWALA_00139,Underground Banking (Hawala),4,1916213.9,3
FUNNEL_00246,Funnel Account Network,42,1916073.63,30
CHARITY_01711,Charity Abuse,15,1915346.38,8
PASS_00636,Pass-Through Transit Hub,2,1914850.28,2
PASS_00415,Pass-Through Transit Hub,1,1911424.92,1
PASS_00102,Pass-Through Transit Hub,2,1905327.88,2
HRCORR_00390,High-Risk Corridor Transfer,5,1904871.59,1
PASS_00401,Pass-Through Transit Hub,2,1902105.3900000001,2
HRCORR_00245,High-Risk Corridor Transfer,6,1900668.02,1
PASS_00430,Pass-Through Transit Hub,2,1897458.9300000002,1
CHARITY_00476,Charity Abuse,19,1897436.6300000001,7
HRCORR_00360,High-Risk Corridor Transfer,6,1895516.88,1
PASS_00476,Pass-Through Transit Hub,1,1890672.43,1
HAWALA_00270,Underground Banking (Hawala),4,1887452.38,4
HAWALA_00275,Underground Banking (Hawala),4,1887452.38,2
HAWALA_00278,Underground Banking (Hawala),4,1887452.38,3
HAWALA_00269,Underground Banking (Hawala),4,1887452.38,3
HAWALA_00276,Underground Banking (Hawala),4,1887452.38,2
HAWALA_00282,Underground Banking (Hawala),4,1887452.38,3
HAWALA_00277,Underground Banking (Hawala),4,1887452.38,3
HAWALA_00274,Underground Banking (Hawala),4,1887452.38,3
HAWALA_00271,Underground Banking (Hawala),4,1887452.38,3
HAWALA_00268,Underground Banking (Hawala),4,1887452.38,3
HAWALA_00272,Underground Banking (Hawala),4,1887452.38,3
HAWALA_00281,Underground Banking (Hawala),4,1887452.38,4
HAWALA_00280,Underground Banking (Hawala),4,1887452.38,3
HAWALA_00283,Underground Banking (Hawala),4,1887452.38,3
HAWALA_00279,Underground Banking (Hawala),4,1887452.38,3
HAWALA_00273,Underground Banking (Hawala),4,1887452.38,3
CIRC_00028,Circular Transaction Loop; Underground Banking (Hawala),4,1884502.12,3
CIRC_00027,Circular Transaction Loop; Underground Banking (Hawala),4,1884502.12,3
CIRC_00029,Circular Transaction Loop; Underground Banking (Hawala),4,1884502.12,2
CIRC_00030,Circular Transaction Loop; Underground Banking (Hawala),4,1884502.12,3
CIRC_00031,Circular Transaction Loop; Underground Banking (Hawala),4,1884502.12,3
CIRC_00032,Circular Transaction Loop; Underground Banking (Hawala),4,1884502.12,4
CIRC_00020,Circular Transaction Loop; Underground Banking (Hawala),4,1884502.12,3
CIRC_00021,Circular Transaction Loop; Underground Banking (Hawala),4,1884502.12,3
CIRC_00018,Circular Transaction Loop; Underground Banking (Hawala),4,1884502.12,3
CIRC_00019,Circular Transaction Loop; Underground Banking (Hawala),4,1884502.12,4
CIRC_00026,Circular Transaction Loop; Underground Banking (Hawala),4,1884502.12,3
CIRC_00024,Circular Transaction Loop; Underground Banking (Hawala),4,1884502.12,3
CIRC_00023,Circular Transaction Loop; Underground Banking (Hawala),4,1884502.12,3
HAWALA_00236,Circular Transaction Loop; Underground Banking (Hawala),4,1884502.12,3
HAWALA_00228,Circular Transaction Loop; Underground Banking (Hawala),4,1884502.12,3
CIRC_00033,Circular Transaction Loop; Underground Banking (Hawala),4,1884502.12,3
HAWALA_00230,Circular Transaction Loop; Underground Banking (Hawala),4,1884502.12,3
HAWALA_00229,Circular Transaction Loop; Underground Banking (Hawala),4,1884502.12,4
HAWALA_00240,Circular Transaction Loop; Underground Banking (Hawala),4,1884502.12,3
HAWALA_00241,Circular Transaction Loop; Underground Banking (Hawala),4,1884502.12,3
HAWALA_00242,Circular Transaction Loop; Underground Banking (Hawala),4,1884502.12,4
HAWALA_00243,Circular Transaction Loop; Underground Banking (Hawala),4,1884502.12,3
HAWALA_00231,Circular Transaction Loop; Underground Banking (Hawala),4,1884502.12,3
HAWALA_00232,Circular Transaction Loop; Underground Banking (Hawala),4,1884502.12,2
HAWALA_00233,Circular Transaction Loop; Underground Banking (Hawala),4,1884502.12,3
HAWALA_00234,Circular Transaction Loop; Underground Banking (Hawala),4,1884502.12,3
HAWALA_00235,Circular Transaction Loop; Underground Banking (Hawala),4,1884502.12,3
HAWALA_00239,Circular Transaction Loop; Underground Banking (Hawala),4,1884502.12,2
HAWALA_00238,Circular Transaction Loop; Underground Banking (Hawala),4,1884502.12,3
HAWALA_00237,Circular Transaction Loop; Underground Banking (Hawala),4,1884502.12,3
CIRC_00022,Circular Transaction Loop; Underground Banking (Hawala),4,1884502.12,2
CIRC_00025,Circular Transaction Loop; Underground Banking (Hawala),4,1884502.12,3
FUNNEL_00214,Funnel Account Network,20,1883126.2299999997,16
HAWALA_00244,Underground Banking (Hawala),4,1882345.85,3
HAWALA_00248,Underground Banking (Hawala),4,1882345.85,3
HAWALA_00259,Underground Banking (Hawala),4,1882345.85,3
HAWALA_00245,Underground Banking (Hawala),4,1882345.85,3
HAWALA_00247,Underground Banking (Hawala),4,1882345.85,2
HAWALA_00251,Underground Banking (Hawala),4,1882345.85,3
HAWALA_00250,Underground Banking (Hawala),4,1882345.85,4
HAWALA_00246,Underground Banking (Hawala),4,1882345.85,3
HAWALA_00258,Underground Banking (Hawala),4,1882345.85,3
HAWALA_00256,Underground Banking (Hawala),4,1882345.85,2
HAWALA_00255,Underground Banking (Hawala),4,1882345.85,3
HAWALA_00254,Underground Banking (Hawala),4,1882345.85,3
HAWALA_00257,Underground Banking (Hawala),4,1882345.85,3
HAWALA_00249,Underground Banking (Hawala),4,1882345.85,3
HAWALA_00252,Underground Banking (Hawala),4,1882345.85,3
HAWALA_00253,Underground Banking (Hawala),4,1882345.85,4
CHARITY_00819,Charity Abuse,23,1879858.6199999999,7
PASS_00343,Pass-Through Transit Hub,2,1879092.38,2
CHARITY_00238,Charity Abuse; Pass-Through Transit Hub,1,1876986.23,1
HAWALA_00292,Underground Banking (Hawala),4,1876273.75,2
HAWALA_00293,Underground Banking (Hawala),4,1876273.75,3
HAWALA_00303,Underground Banking (Hawala),4,1876273.75,3
HAWALA_00302,Underground Banking (Hawala),4,1876273.75,4
HAWALA_00301,Underground Banking (Hawala),4,1876273.75,3
HAWALA_00305,Underground Banking (Hawala),4,1876273.75,3
HAWALA_00304,Underground Banking (Hawala),4,1876273.75,3
HAWALA_00298,Underground Banking (Hawala),4,1876273.75,3
HAWALA_00306,Underground Banking (Hawala),4,1876273.75,3
HAWALA_00307,Underground Banking (Hawala),4,1876273.75,2
HAWALA_00294,Underground Banking (Hawala),4,1876273.75,3
HAWALA_00299,Underground Banking (Hawala),4,1876273.75,3
HAWALA_00295,Underground Banking (Hawala),4,1876273.75,3
HAWALA_00297,Underground Banking (Hawala),4,1876273.75,4
HAWALA_00300,Underground Banking (Hawala),4,1876273.75,3
HAWALA_00296,Underground Banking (Hawala),4,1876273.75,3
PASS_00162,Pass-Through Transit Hub,2,1875369.97,2
FUNNEL_00248,Charity Abuse; Funnel Account Network,18,1871341.4200000002,13
PASS_00557,Pass-Through Transit Hub,2,1867600.9100000001,1
CHARITY_01100,Charity Abuse,19,1865554.88,7
PASS_00117,Charity Abuse; Pass-Through Transit Hub,1,1863493.6,1
CHARITY_02488,Charity Abuse; Pass-Through Transit Hub,1,1863493.6,1
CHARITY_03278,Charity Abuse; Pass-Through Transit Hub,1,1859852.8,1
PASS_00415,Charity Abuse; Pass-Through Transit Hub,1,1859852.8,1
PASS_00373,Pass-Through Transit Hub,2,1857425.0,2
CHARITY_01173,Charity Abuse,22,1856163.3399999999,12
PASS_00607,Pass-Through Transit Hub,2,1855610.66,2
PASS_00477,Pass-Through Transit Hub,2,1855217.37,1
HRCORR_00135,High-Risk Corridor Transfer,5,1854516.57,1
CHARITY_00831,Charity Abuse,17,1854099.14,12
PASS_00655,Pass-Through Transit Hub,2,1850791.92,1
PASS_00546,Pass-Through Transit Hub,2,1850597.52,1
HRCORR_00465,High-Risk Corridor Transfer,6,1848086.32,1
PASS_00534,Pass-Through Transit Hub,2,1847884.4100000001,2
CHARITY_01868,Charity Abuse,14,1847722.37,10
CHARITY_00555,Charity Abuse; Pass-Through Transit Hub,1,1846517.84,1
PASS_00220,Pass-Through Transit Hub,2,1844897.05,1
PASS_00633,Pass-Through Transit Hub,2,1844304.63,2
CHARITY_02055,Charity Abuse,19,1843028.5,10
PASS_00186,Charity Abuse; Pass-Through Transit Hub,1,1840400.56,1
CHARITY_01422,Charity Abuse; Pass-Through Transit Hub,1,1840400.56,1
HRCORR_00306,High-Risk Corridor Transfer,5,1836557.6700000002,1
HRCORR_00315,High-Risk Corridor Transfer,5,1836003.46,1
HRCORR_00399,High-Risk Corridor Transfer,5,1835571.51,1
FUNNEL_00189,Funnel Account Network,12,1835146.53,6
CHARITY_01204,Charity Abuse,19,1834241.06,7
CHARITY_01726,Charity Abuse,16,1833709.8699999999,6
CHARITY_00496,Charity Abuse,24,1832841.4599999997,10
PASS_00159,Pass-Through Transit Hub,2,1832132.5,1
FUNNEL_00030,Funnel Account Network,43,1831393.93,33
CIRC_00067,Circular Transaction Loop; Underground Banking (Hawala),4,1829197.6,3
CIRC_00066,Circular Transaction Loop; Underground Banking (Hawala),4,1829197.6,3
CIRC_00065,Circular Transaction Loop; Underground Banking (Hawala),4,1829197.6,3
HAWALA_00398,Circular Transaction Loop; Underground Banking (Hawala),4,1829197.6,4
HAWALA_00397,Circular Transaction Loop; Underground Banking (Hawala),4,1829197.6,3
HAWALA_00396,Circular Transaction Loop; Underground Banking (Hawala),4,1829197.6,3
HAWALA_00395,Circular Transaction Loop; Underground Banking (Hawala),4,1829197.6,3
HAWALA_00393,Circular Transaction Loop; Underground Banking (Hawala),4,1829197.6,4
HAWALA_00388,Circular Transaction Loop; Underground Banking (Hawala),4,1829197.6,2
HAWALA_00392,Circular Transaction Loop; Underground Banking (Hawala),4,1829197.6,3
HAWALA_00391,Circular Transaction Loop; Underground Banking (Hawala),4,1829197.6,3
HAWALA_00390,Circular Transaction Loop; Underground Banking (Hawala),4,1829197.6,3
HAWALA_00389,Circular Transaction Loop; Underground Banking (Hawala),4,1829197.6,3
HAWALA_00394,Circular Transaction Loop; Underground Banking (Hawala),4,1829197.6,3
CIRC_00068,Circular Transaction Loop; Underground Banking (Hawala),4,1829197.6,4
CIRC_00070,Circular Transaction Loop; Underground Banking (Hawala),4,1829197.6,3
HAWALA_00403,Circular Transaction Loop; Underground Banking (Hawala),4,1829197.6,2
HAWALA_00402,Circular Transaction Loop; Underground Banking (Hawala),4,1829197.6,3
HAWALA_00401,Circular Transaction Loop; Underground Banking (Hawala),4,1829197.6,3
CIRC_00069,Circular Transaction Loop; Underground Banking (Hawala),4,1829197.6,3
CIRC_00073,Circular Transaction Loop; Underground Banking (Hawala),4,1829197.6,2
CIRC_00072,Circular Transaction Loop; Underground Banking (Hawala),4,1829197.6,3
HAWALA_00399,Circular Transaction Loop; Underground Banking (Hawala),4,1829197.6,3
HAWALA_00400,Circular Transaction Loop; Underground Banking (Hawala),4,1829197.6,3
CIRC_00071,Circular Transaction Loop; Underground Banking (Hawala),4,1829197.6,3
CIRC_00062,Circular Transaction Loop; Underground Banking (Hawala),4,1829197.6,3
CIRC_00063,Circular Transaction Loop; Underground Banking (Hawala),4,1829197.6,4
CIRC_00060,Circular Transaction Loop; Underground Banking (Hawala),4,1829197.6,3
CIRC_00059,Circular Transaction Loop; Underground Banking (Hawala),4,1829197.6,3
CIRC_00058,Circular Transaction Loop; Underground Banking (Hawala),4,1829197.6,2
CIRC_00061,Circular Transaction Loop; Underground Banking (Hawala),4,1829197.6,3
CIRC_00064,Circular Transaction Loop; Underground Banking (Hawala),4,1829197.6,3
PASS_00512,Pass-Through Transit Hub,2,1827298.99,2
CHARITY_02527,Charity Abuse; Pass-Through Transit Hub,1,1825437.42,1
PASS_00493,Charity Abuse; Pass-Through Transit Hub,1,1825437.42,1
PASS_00380,Pass-Through Transit Hub,2,1825069.42,1
CHARITY_02843,Charity Abuse,29,1824485.84,8
CHARITY_00779,Charity Abuse,27,1823752.08,14
CHARITY_00974,Charity Abuse,28,1816353.44,9
PASS_00515,Pass-Through Transit Hub,2,1815268.4300000002,2
HRCORR_00367,High-Risk Corridor Transfer,5,1813781.39,1
PASS_00117,Pass-Through Transit Hub,1,1812196.17,1
PASS_00065,Pass-Through Transit Hub,2,1811825.16,1
PASS_00256,Pass-Through Transit Hub,1,1810588.54,1
FUNNEL_00194,Funnel Account Network,43,1810067.79,26
CHARITY_01018,Charity Abuse,11,1809933.15,2
CHARITY_01932,Charity Abuse,24,1809202.8299999998,14
HRCORR_00118,High-Risk Corridor Transfer,6,1808387.58,1
PASS_00677,Pass-Through Transit Hub,2,1806554.49,2
PASS_00357,Pass-Through Transit Hub,2,1805332.29,1
HRCORR_00490,High-Risk Corridor Transfer,6,1801925.87,1
HRCORR_00433,High-Risk Corridor Transfer,5,1800613.28,1
CIRC_00083,Circular Transaction Loop,4,1798327.33,4
CIRC_00084,Circular Transaction Loop,4,1798327.33,4
CIRC_00090,Circular Transaction Loop,4,1798327.33,3
CIRC_00091,Circular Transaction Loop,4,1798327.33,3
CIRC_00095,Circular Transaction Loop,4,1798327.33,3
CIRC_00094,Circular Transaction Loop,4,1798327.33,3
CIRC_00093,Circular Transaction Loop,4,1798327.33,3
CIRC_00092,Circular Transaction Loop,4,1798327.33,3
CIRC_00103,Circular Transaction Loop,4,1798327.33,2
CIRC_00104,Circular Transaction Loop,4,1798327.33,3
CIRC_00089,Circular Transaction Loop,4,1798327.33,3
CIRC_00082,Circular Transaction Loop,4,1798327.33,4
CIRC_00106,Circular Transaction Loop,4,1798327.33,4
CIRC_00105,Circular Transaction Loop,4,1798327.33,2
CIRC_00108,Circular Transaction Loop,4,1798327.33,4
CIRC_00107,Circular Transaction Loop,4,1798327.33,3
CIRC_00085,Circular Transaction Loop,4,1798327.33,4
CIRC_00086,Circular Transaction Loop,4,1798327.33,3
CIRC_00087,Circular Transaction Loop,4,1798327.33,3
CIRC_00088,Circular Transaction Loop,4,1798327.33,3
CIRC_00102,Circular Transaction Loop,4,1798327.33,3
CIRC_00097,Circular Transaction Loop,4,1798327.33,3
CIRC_00113,Circular Transaction Loop,4,1798327.33,3
CIRC_00096,Circular Transaction Loop,4,1798327.33,3
CIRC_00109,Circular Transaction Loop,4,1798327.33,3
CIRC_00110,Circular Transaction Loop,4,1798327.33,4
CIRC_00111,Circular Transaction Loop,4,1798327.33,3
CIRC_00112,Circular Transaction Loop,4,1798327.33,4
CIRC_00099,Circular Transaction Loop,4,1798327.33,3
CIRC_00100,Circular Transaction Loop,4,1798327.33,4
CIRC_00101,Circular Transaction Loop,4,1798327.33,3
CIRC_00098,Circular Transaction Loop,4,1798327.33,4
FUNNEL_00120,Funnel Account Network,14,1793706.88,9
CHARITY_00920,Charity Abuse,21,1788521.78,7
CHARITY_02406,Charity Abuse,19,1788062.52,13
CHARITY_00770,Charity Abuse,19,1787585.43,10
PASS_00226,Pass-Through Transit Hub,2,1785731.01,1
FUNNEL_00089,Funnel Account Network,47,1785328.31,42
PASS_00676,Pass-Through Transit Hub,1,1784217.01,1
PASS_00423,Pass-Through Transit Hub,1,1782609.27,1
HRCORR_00072,High-Risk Corridor Transfer,6,1781750.64,1
PASS_00579,Pass-Through Transit Hub,2,1780960.42,2
PASS_00317,Pass-Through Transit Hub,2,1780281.4100000001,2
PASS_00087,Pass-Through Transit Hub,2,1780238.02,1
MULE_00075,Money Mule Network,14,1778471.98,7
PASS_00443,Pass-Through Transit Hub,2,1777207.5499999998,2
PASS_00349,Pass-Through Transit Hub,2,1776276.84,2
PASS_00186,Pass-Through Transit Hub,1,1775513.98,1
PASS_00399,Pass-Through Transit Hub,2,1771876.02,2
PASS_00256,Charity Abuse; Pass-Through Transit Hub,1,1771097.03,1
CHARITY_02186,Charity Abuse; Pass-Through Transit Hub,1,1771097.03,1
CHARITY_00999,Charity Abuse,10,1771051.11,10
PASS_00493,Pass-Through Transit Hub,1,1770206.7,1
MULE_00028,Money Mule Network,14,1767899.1500000001,6
FUNNEL_00216,Funnel Account Network,47,1767736.24,42
CHARITY_01608,Charity Abuse,13,1764853.71,9
FUNNEL_00044,Funnel Account Network,38,1764347.46,29
HAWALA_00486,Underground Banking (Hawala),4,1763150.97,3
HAWALA_00484,Underground Banking (Hawala),4,1763150.97,3
HAWALA_00487,Underground Banking (Hawala),4,1763150.97,4
HAWALA_00499,Underground Banking (Hawala),4,1763150.97,3
HAWALA_00498,Underground Banking (Hawala),4,1763150.97,3
HAWALA_00494,Underground Banking (Hawala),4,1763150.97,3
HAWALA_00491,Underground Banking (Hawala),4,1763150.97,3
HAWALA_00489,Underground Banking (Hawala),4,1763150.97,3
HAWALA_00488,Underground Banking (Hawala),4,1763150.97,3
HAWALA_00497,Underground Banking (Hawala),4,1763150.97,3
HAWALA_00493,Underground Banking (Hawala),4,1763150.97,2
HAWALA_00496,Underground Banking (Hawala),4,1763150.97,4
HAWALA_00495,Underground Banking (Hawala),4,1763150.97,3
HAWALA_00492,Underground Banking (Hawala),4,1763150.97,3
HAWALA_00490,Underground Banking (Hawala),4,1763150.97,2
HAWALA_00485,Underground Banking (Hawala),4,1763150.97,3
HRCORR_00402,High-Risk Corridor Transfer,6,1761352.98,1
PASS_00583,Pass-Through Transit Hub,2,1759732.24,1
CHARITY_00114,Charity Abuse; Funnel Account Network,15,1759728.81,12
FUNNEL_00009,Charity Abuse; Funnel Account Network,15,1759728.81,12
CHARITY_02213,Charity Abuse; Pass-Through Transit Hub,1,1757905.77,1
CHARITY_02845,Charity Abuse,19,1757074.63,10
PASS_00070,Pass-Through Transit Hub,2,1756532.73,2
PASS_00507,Pass-Through Transit Hub,2,1753487.51,2
PASS_00676,Charity Abuse; Pass-Through Transit Hub,2,1752090.48,1
CHARITY_00291,Charity Abuse; Pass-Through Transit Hub,2,1752090.48,1
HAWALA_00502,Circular Transaction Loop; Underground Banking (Hawala),4,1751945.51,3
HAWALA_00505,Circular Transaction Loop; Underground Banking (Hawala),4,1751945.51,4
CIRC_00128,Circular Transaction Loop; Underground Banking (Hawala),4,1751945.51,3
CIRC_00136,Circular Transaction Loop; Underground Banking (Hawala),4,1751945.51,3
CIRC_00130,Circular Transaction Loop; Underground Banking (Hawala),4,1751945.51,3
CIRC_00137,Circular Transaction Loop; Underground Banking (Hawala),4,1751945.51,2
CIRC_00129,Circular Transaction Loop; Underground Banking (Hawala),4,1751945.51,3
HAWALA_00508,Circular Transaction Loop; Underground Banking (Hawala),4,1751945.51,3
HAWALA_00513,Circular Transaction Loop; Underground Banking (Hawala),4,1751945.51,3
HAWALA_00514,Circular Transaction Loop; Underground Banking (Hawala),4,1751945.51,3
HAWALA_00511,Circular Transaction Loop; Underground Banking (Hawala),4,1751945.51,3
HAWALA_00515,Circular Transaction Loop; Underground Banking (Hawala),4,1751945.51,2
HAWALA_00512,Circular Transaction Loop; Underground Banking (Hawala),4,1751945.51,3
HAWALA_00509,Circular Transaction Loop; Underground Banking (Hawala),4,1751945.51,3
HAWALA_00507,Circular Transaction Loop; Underground Banking (Hawala),4,1751945.51,3
HAWALA_00510,Circular Transaction Loop; Underground Banking (Hawala),4,1751945.51,4
HAWALA_00506,Circular Transaction Loop; Underground Banking (Hawala),4,1751945.51,3
CIRC_00134,Circular Transaction Loop; Underground Banking (Hawala),4,1751945.51,3
CIRC_00135,Circular Transaction Loop; Underground Banking (Hawala),4,1751945.51,3
HAWALA_00503,Circular Transaction Loop; Underground Banking (Hawala),4,1751945.51,3
CIRC_00123,Circular Transaction Loop; Underground Banking (Hawala),4,1751945.51,3
CIRC_00133,Circular Transaction Loop; Underground Banking (Hawala),4,1751945.51,3
CIRC_00132,Circular Transaction Loop; Underground Banking (Hawala),4,1751945.51,4
CIRC_00131,Circular Transaction Loop; Underground Banking (Hawala),4,1751945.51,3
CIRC_00125,Circular Transaction Loop; Underground Banking (Hawala),4,1751945.51,3
HAWALA_00501,Circular Transaction Loop; Underground Banking (Hawala),4,1751945.51,3
HAWALA_00500,Circular Transaction Loop; Underground Banking (Hawala),4,1751945.51,2
CIRC_00126,Circular Transaction Loop; Underground Banking (Hawala),4,1751945.51,3
CIRC_00122,Circular Transaction Loop; Underground Banking (Hawala),4,1751945.51,2
HAWALA_00504,Circular Transaction Loop; Underground Banking (Hawala),4,1751945.51,3
CIRC_00127,Circular Transaction Loop; Underground Banking (Hawala),4,1751945.51,4
CIRC_00124,Circular Transaction Loop; Underground Banking (Hawala),4,1751945.51,3
MULE_00010,Money Mule Network,12,1749546.16,6
PASS_00662,Pass-Through Transit Hub,2,1744794.5699999998,2
FUNNEL_00247,Funnel Account Network,39,1740463.86,29
CHARITY_00447,Charity Abuse,20,1739959.6700000002,11
CHARITY_01678,Charity Abuse,17,1737473.4000000001,8
PASS_00648,Pass-Through Transit Hub,1,1737462.22,1
HRCORR_00452,High-Risk Corridor Transfer,5,1736345.6400000001,1
HRCORR_00021,High-Risk Corridor Transfer,4,1732311.75,1
HRCORR_00455,High-Risk Corridor Transfer,5,1731016.87,1
CHARITY_01815,Charity Abuse; Pass-Through Transit Hub,1,1730068.75,1
HRCORR_00054,High-Risk Corridor Transfer,5,1729315.35,1
MULE_00073,Money Mule Network,17,1728365.9100000001,10
PASS_00006,Pass-Through Transit Hub,1,1725991.11,1
HRCORR_00432,High-Risk Corridor Transfer,5,1723292.6600000001,1
CHARITY_01902,Charity Abuse,16,1722013.65,8
PASS_00423,Charity Abuse; Funnel Account Network; Pass-Through Transit Hub,1,1717202.56,1
CHARITY_01113,Charity Abuse,20,1716630.1900000002,11
PASS_00037,Pass-Through Transit Hub,2,1716032.6,2
MULE_00038,Money Mule Network,11,1715860.59,5
CIRC_00141,Circular Transaction Loop; Underground Banking (Hawala),4,1715697.79,3
CIRC_00142,Circular Transaction Loop; Underground Banking (Hawala),4,1715697.79,3
CIRC_00143,Circular Transaction Loop; Underground Banking (Hawala),4,1715697.79,3
CIRC_00144,Circular Transaction Loop; Underground Banking (Hawala),4,1715697.79,3
CIRC_00148,Circular Transaction Loop; Underground Banking (Hawala),4,1715697.79,3
CIRC_00147,Circular Transaction Loop; Underground Banking (Hawala),4,1715697.79,3
CIRC_00150,Circular Transaction Loop; Underground Banking (Hawala),4,1715697.79,3
CIRC_00149,Circular Transaction Loop; Underground Banking (Hawala),4,1715697.79,3
HAWALA_00556,Circular Transaction Loop; Underground Banking (Hawala),4,1715697.79,3
HAWALA_00557,Circular Transaction Loop; Underground Banking (Hawala),4,1715697.79,3
HAWALA_00558,Circular Transaction Loop; Underground Banking (Hawala),4,1715697.79,4
HAWALA_00559,Circular Transaction Loop; Underground Banking (Hawala),4,1715697.79,3
HAWALA_00560,Circular Transaction Loop; Underground Banking (Hawala),4,1715697.79,3
HAWALA_00561,Circular Transaction Loop; Underground Banking (Hawala),4,1715697.79,3
HAWALA_00562,Circular Transaction Loop; Underground Banking (Hawala),4,1715697.79,3
HAWALA_00563,Circular Transaction Loop; Underground Banking (Hawala),4,1715697.79,2
HAWALA_00564,Circular Transaction Loop; Underground Banking (Hawala),4,1715697.79,2
HAWALA_00565,Circular Transaction Loop; Underground Banking (Hawala),4,1715697.79,3
HAWALA_00566,Circular Transaction Loop; Underground Banking (Hawala),4,1715697.79,3
HAWALA_00567,Circular Transaction Loop; Underground Banking (Hawala),4,1715697.79,3
HAWALA_00568,Circular Transaction Loop; Underground Banking (Hawala),4,1715697.79,3
HAWALA_00569,Circular Transaction Loop; Underground Banking (Hawala),4,1715697.79,4
HAWALA_00570,Circular Transaction Loop; Underground Banking (Hawala),4,1715697.79,3
HAWALA_00571,Circular Transaction Loop; Underground Banking (Hawala),4,1715697.79,3
CIRC_00145,Circular Transaction Loop; Underground Banking (Hawala),4,1715697.79,2
CIRC_00146,Circular Transaction Loop; Underground Banking (Hawala),4,1715697.79,2
CIRC_00139,Circular Transaction Loop; Underground Banking (Hawala),4,1715697.79,3
CIRC_00138,Circular Transaction Loop; Underground Banking (Hawala),4,1715697.79,3
CIRC_00153,Circular Transaction Loop; Underground Banking (Hawala),4,1715697.79,3
CIRC_00140,Circular Transaction Loop; Underground Banking (Hawala),4,1715697.79,4
CIRC_00152,Circular Transaction Loop; Underground Banking (Hawala),4,1715697.79,3
CIRC_00151,Circular Transaction Loop; Underground Banking (Hawala),4,1715697.79,4
CHARITY_01543,Charity Abuse,24,1714690.76,12
PASS_00274,Charity Abuse; Pass-Through Transit Hub,1,1714183.34,1
CHARITY_02697,Charity Abuse; Pass-Through Transit Hub,1,1714183.34,1
FUNNEL_00142,Funnel Account Network,19,1713205.23,6
PASS_00125,Pass-Through Transit Hub,3,1712888.8,1
PASS_00028,Pass-Through Transit Hub,2,1712745.9,2
PASS_00208,Pass-Through Transit Hub,2,1711414.69,2
FUNNEL_00111,Charity Abuse; Funnel Account Network,20,1711301.57,9
HRCORR_00034,High-Risk Corridor Transfer,6,1711132.15,1
CHARITY_01231,Charity Abuse,18,1710932.8,8
CHARITY_01427,Charity Abuse; Funnel Account Network,19,1710647.48,8
HAWALA_00601,Underground Banking (Hawala),4,1707972.26,3
HAWALA_00600,Underground Banking (Hawala),4,1707972.26,3
HAWALA_00596,Underground Banking (Hawala),4,1707972.26,3
HAWALA_00597,Underground Banking (Hawala),4,1707972.26,3
HAWALA_00588,Underground Banking (Hawala),4,1707972.26,3
HAWALA_00589,Underground Banking (Hawala),4,1707972.26,2
HAWALA_00593,Underground Banking (Hawala),4,1707972.26,3
HAWALA_00592,Underground Banking (Hawala),4,1707972.26,4
HAWALA_00591,Underground Banking (Hawala),4,1707972.26,3
HAWALA_00590,Underground Banking (Hawala),4,1707972.26,3
HAWALA_00602,Underground Banking (Hawala),4,1707972.26,2
HAWALA_00603,Underground Banking (Hawala),4,1707972.26,3
HAWALA_00594,Underground Banking (Hawala),4,1707972.26,3
HAWALA_00595,Underground Banking (Hawala),4,1707972.26,3
HAWALA_00599,Underground Banking (Hawala),4,1707972.26,4
HAWALA_00598,Underground Banking (Hawala),4,1707972.26,3
CHARITY_02873,Charity Abuse,27,1706942.65,13
HAWALA_00660,Underground Banking (Hawala),4,1703203.32,2
HAWALA_00667,Underground Banking (Hawala),4,1703203.32,3
HAWALA_00661,Underground Banking (Hawala),4,1703203.32,3
HAWALA_00652,Underground Banking (Hawala),4,1703203.32,3
HAWALA_00653,Underground Banking (Hawala),4,1703203.32,3
HAWALA_00657,Underground Banking (Hawala),4,1703203.32,3
HAWALA_00656,Underground Banking (Hawala),4,1703203.32,3
HAWALA_00659,Underground Banking (Hawala),4,1703203.32,2
HAWALA_00658,Underground Banking (Hawala),4,1703203.32,3
HAWALA_00654,Underground Banking (Hawala),4,1703203.32,4
HAWALA_00655,Underground Banking (Hawala),4,1703203.32,3
HAWALA_00664,Underground Banking (Hawala),4,1703203.32,3
HAWALA_00663,Underground Banking (Hawala),4,1703203.32,3
HAWALA_00666,Underground Banking (Hawala),4,1703203.32,3
HAWALA_00665,Underground Banking (Hawala),4,1703203.32,4
HAWALA_00662,Underground Banking (Hawala),4,1703203.32,3
HRCORR_00453,High-Risk Corridor Transfer,5,1700773.21,1
CHARITY_00016,Charity Abuse,27,1699900.2600000002,12
HAWALA_00548,Underground Banking (Hawala),4,1698420.73,3
HAWALA_00550,Underground Banking (Hawala),4,1698420.73,3
HAWALA_00549,Underground Banking (Hawala),4,1698420.73,2
HAWALA_00546,Underground Banking (Hawala),4,1698420.73,2
HAWALA_00547,Underground Banking (Hawala),4,1698420.73,3
HAWALA_00542,Underground Banking (Hawala),4,1698420.73,3
HAWALA_00543,Underground Banking (Hawala),4,1698420.73,4
HAWALA_00552,Underground Banking (Hawala),4,1698420.73,4
HAWALA_00544,Underground Banking (Hawala),4,1698420.73,3
HAWALA_00554,Underground Banking (Hawala),4,1698420.73,3
HAWALA_00553,Underground Banking (Hawala),4,1698420.73,3
HAWALA_00555,Underground Banking (Hawala),4,1698420.73,3
HAWALA_00551,Underground Banking (Hawala),4,1698420.73,3
HAWALA_00541,Underground Banking (Hawala),4,1698420.73,3
HAWALA_00540,Underground Banking (Hawala),4,1698420.73,3
HAWALA_00545,Underground Banking (Hawala),4,1698420.73,3
HRCORR_00356,High-Risk Corridor Transfer,4,1695947.51,1
PASS_00558,Pass-Through Transit Hub,2,1695518.72,2
CHARITY_00342,Charity Abuse,18,1694496.0000000002,12
CHARITY_00917,Charity Abuse,24,1693762.09,10
CHARITY_02917,Charity Abuse,17,1691577.38,9
PASS_00199,Pass-Through Transit Hub,1,1689509.3,1
HAWALA_00016,Underground Banking (Hawala),3,1687605.77,3
HAWALA_00637,Underground Banking (Hawala),4,1686764.78,3
HAWALA_00636,Underground Banking (Hawala),4,1686764.78,3
HAWALA_00638,Underground Banking (Hawala),4,1686764.78,4
HAWALA_00642,Underground Banking (Hawala),4,1686764.78,3
HAWALA_00649,Underground Banking (Hawala),4,1686764.78,4
HAWALA_00648,Underground Banking (Hawala),4,1686764.78,3
HAWALA_00646,Underground Banking (Hawala),4,1686764.78,3
HAWALA_00647,Underground Banking (Hawala),4,1686764.78,3
HAWALA_00651,Underground Banking (Hawala),4,1686764.78,3
HAWALA_00650,Underground Banking (Hawala),4,1686764.78,3
HAWALA_00643,Underground Banking (Hawala),4,1686764.78,2
HAWALA_00644,Underground Banking (Hawala),4,1686764.78,2
HAWALA_00641,Underground Banking (Hawala),4,1686764.78,3
HAWALA_00645,Underground Banking (Hawala),4,1686764.78,3
HAWALA_00640,Underground Banking (Hawala),4,1686764.78,3
HAWALA_00639,Underground Banking (Hawala),4,1686764.78,3
CHARITY_01170,Charity Abuse; Pass-Through Transit Hub,1,1685331.99,1
PASS_00648,Charity Abuse; Pass-Through Transit Hub,1,1685331.99,1
FUNNEL_00279,Funnel Account Network,3,1683985.91,1
CHARITY_00734,Charity Abuse,20,1681665.91,10
PASS_00090,Pass-Through Transit Hub,2,1679681.79,1
PASS_00274,Pass-Through Transit Hub,1,1677147.13,1
CHARITY_01378,Charity Abuse,18,1675795.6800000002,6
CHARITY_01984,Charity Abuse; Pass-Through Transit Hub,1,1675660.21,1
PASS_00006,Charity Abuse; Pass-Through Transit Hub,1,1675660.21,1
PASS_00549,Pass-Through Transit Hub,2,1674392.82,2
CHARITY_01867,Charity Abuse,16,1673030.6300000001,10
CHARITY_01529,Charity Abuse,21,1672415.75,10
HAWALA_00695,Underground Banking (Hawala),4,1670609.01,3
HAWALA_00697,Underground Banking (Hawala),4,1670609.01,3
HAWALA_00692,Underground Banking (Hawala),4,1670609.01,3
HAWALA_00691,Underground Banking (Hawala),4,1670609.01,3
HAWALA_00693,Underground Banking (Hawala),4,1670609.01,4
HAWALA_00696,Underground Banking (Hawala),4,1670609.01,2
HAWALA_00699,Underground Banking (Hawala),4,1670609.01,3
HAWALA_00698,Underground Banking (Hawala),4,1670609.01,3
HAWALA_00694,Underground Banking (Hawala),4,1670609.01,3
HAWALA_00685,Underground Banking (Hawala),4,1670609.01,3
HAWALA_00687,Underground Banking (Hawala),4,1670609.01,2
HAWALA_00684,Underground Banking (Hawala),4,1670609.01,3
HAWALA_00686,Underground Banking (Hawala),4,1670609.01,3
HAWALA_00690,Underground Banking (Hawala),4,1670609.01,4
HAWALA_00688,Underground Banking (Hawala),4,1670609.01,3
HAWALA_00689,Underground Banking (Hawala),4,1670609.01,3
CHARITY_01320,Charity Abuse,23,1670252.8299999998,8
HRCORR_00512,High-Risk Corridor Transfer,6,1667906.8,1
FUNNEL_00170,Funnel Account Network,34,1667268.3,21
FUNNEL_00011,Funnel Account Network,31,1666178.4,19
CHARITY_03269,Charity Abuse,15,1665534.3399999999,5
PASS_00639,Pass-Through Transit Hub,1,1664640.22,1
HRCORR_00497,High-Risk Corridor Transfer,6,1662687.6099999999,1
CHARITY_01631,Charity Abuse,22,1661637.24,9
CHARITY_03164,Charity Abuse; Pass-Through Transit Hub,1,1661531.03,1
PASS_00318,Charity Abuse; Pass-Through Transit Hub,1,1661531.03,1
HRCORR_00170,High-Risk Corridor Transfer,5,1661474.0899999999,1
HRCORR_00117,High-Risk Corridor Transfer,4,1661019.16,1
CHARITY_03182,Charity Abuse,19,1660938.84,7
CHARITY_01301,Charity Abuse,16,1655235.58,8
PASS_00199,Charity Abuse; Pass-Through Transit Hub,1,1655007.98,1
CHARITY_00223,Charity Abuse; Pass-Through Transit Hub,1,1655007.98,1
CHARITY_00796,Charity Abuse,17,1654311.7899999998,9
PASS_00417,Pass-Through Transit Hub,2,1653715.15,2
HAWALA_00757,Underground Banking (Hawala),4,1652633.73,3
HAWALA_00756,Underground Banking (Hawala),4,1652633.73,3
HAWALA_00755,Underground Banking (Hawala),4,1652633.73,3
HAWALA_00753,Underground Banking (Hawala),4,1652633.73,2
HAWALA_00754,Underground Banking (Hawala),4,1652633.73,3
HAWALA_00752,Underground Banking (Hawala),4,1652633.73,3
HAWALA_00750,Underground Banking (Hawala),4,1652633.73,3
HAWALA_00749,Underground Banking (Hawala),4,1652633.73,3
HAWALA_00748,Underground Banking (Hawala),4,1652633.73,4
HAWALA_00760,Underground Banking (Hawala),4,1652633.73,3
HAWALA_00761,Underground Banking (Hawala),4,1652633.73,3
HAWALA_00751,Underground Banking (Hawala),4,1652633.73,3
HAWALA_00763,Underground Banking (Hawala),4,1652633.73,4
HAWALA_00762,Underground Banking (Hawala),4,1652633.73,3
HAWALA_00759,Underground Banking (Hawala),4,1652633.73,3
HAWALA_00758,Underground Banking (Hawala),4,1652633.73,2
FUNNEL_00158,Funnel Account Network,41,1651199.42,33
PASS_00244,Pass-Through Transit Hub,2,1649975.13,1
HAWALA_00727,Underground Banking (Hawala),4,1647973.73,2
HAWALA_00731,Underground Banking (Hawala),4,1647973.73,3
HAWALA_00730,Underground Banking (Hawala),4,1647973.73,4
HAWALA_00729,Underground Banking (Hawala),4,1647973.73,3
HAWALA_00728,Underground Banking (Hawala),4,1647973.73,3
HAWALA_00735,Underground Banking (Hawala),4,1647973.73,3
HAWALA_00733,Underground Banking (Hawala),4,1647973.73,4
HAWALA_00734,Underground Banking (Hawala),4,1647973.73,3
HAWALA_00732,Underground Banking (Hawala),4,1647973.73,3
HAWALA_00736,Underground Banking (Hawala),4,1647973.73,2
HAWALA_00739,Underground Banking (Hawala),4,1647973.73,3
HAWALA_00738,Underground Banking (Hawala),4,1647973.73,3
HAWALA_00737,Underground Banking (Hawala),4,1647973.73,3
HAWALA_00724,Underground Banking (Hawala),4,1647973.73,3
HAWALA_00725,Underground Banking (Hawala),4,1647973.73,3
HAWALA_00726,Underground Banking (Hawala),4,1647973.73,3
HAWALA_00788,Underground Banking (Hawala),4,1647400.67,3
HAWALA_00793,Underground Banking (Hawala),4,1647400.67,3
HAWALA_00800,Underground Banking (Hawala),4,1647400.67,2
HAWALA_00801,Underground Banking (Hawala),4,1647400.67,3
HAWALA_00802,Underground Banking (Hawala),4,1647400.67,3
HAWALA_00803,Underground Banking (Hawala),4,1647400.67,3
HAWALA_00789,Underground Banking (Hawala),4,1647400.67,3
HAWALA_00790,Underground Banking (Hawala),4,1647400.67,3
HAWALA_00791,Underground Banking (Hawala),4,1647400.67,2
HAWALA_00792,Underground Banking (Hawala),4,1647400.67,3
HAWALA_00799,Underground Banking (Hawala),4,1647400.67,3
HAWALA_00798,Underground Banking (Hawala),4,1647400.67,3
HAWALA_00797,Underground Banking (Hawala),4,1647400.67,4
HAWALA_00796,Underground Banking (Hawala),4,1647400.67,3
HAWALA_00795,Underground Banking (Hawala),4,1647400.67,3
HAWALA_00794,Underground Banking (Hawala),4,1647400.67,4
FUNNEL_00048,Funnel Account Network,37,1647169.3699999999,25
PASS_00081,Pass-Through Transit Hub,2,1646672.12,1
HRCORR_00261,High-Risk Corridor Transfer,6,1644965.12,1
PASS_00161,Pass-Through Transit Hub,2,1644345.81,2
CHARITY_02109,Charity Abuse,22,1644274.98,12
PASS_00537,Pass-Through Transit Hub,2,1639223.74,2
HRCORR_00214,High-Risk Corridor Transfer,5,1638537.67,1
PASS_00511,Pass-Through Transit Hub,2,1638049.46,2
PASS_00048,Pass-Through Transit Hub,2,1637181.3599999999,2
PASS_00190,Pass-Through Transit Hub,2,1637029.81,2
PASS_00181,Pass-Through Transit Hub,2,1636178.85,2
PASS_00639,Charity Abuse; Pass-Through Transit Hub,1,1635271.62,1
CHARITY_00882,Charity Abuse; Pass-Through Transit Hub,1,1635271.62,1
HAWALA_00017,Underground Banking (Hawala),3,1635040.38,3
PASS_00091,Pass-Through Transit Hub,1,1634963.28,1
PASS_00223,Pass-Through Transit Hub,2,1634124.51,1
MULE_00014,Money Mule Network,12,1633987.42,7
CHARITY_01101,Charity Abuse; Pass-Through Transit Hub,1,1633898.65,1
HRCORR_00279,High-Risk Corridor Transfer,5,1628388.39,1
HRCORR_00458,High-Risk Corridor Transfer,4,1628346.84,1
HAWALA_00018,Underground Banking (Hawala),3,1628206.78,3
PASS_00471,Pass-Through Transit Hub,2,1627033.9300000002,2
HAWALA_00939,Underground Banking (Hawala),4,1625372.45,3
HAWALA_00946,Underground Banking (Hawala),4,1625372.45,3
HAWALA_00947,Underground Banking (Hawala),4,1625372.45,4
HAWALA_00948,Underground Banking (Hawala),4,1625372.45,3
HAWALA_00935,Underground Banking (Hawala),4,1625372.45,3
HAWALA_00938,Underground Banking (Hawala),4,1625372.45,3
HAWALA_00944,Underground Banking (Hawala),4,1625372.45,2
HAWALA_00945,Underground Banking (Hawala),4,1625372.45,3
HAWALA_00942,Underground Banking (Hawala),4,1625372.45,3
HAWALA_00941,Underground Banking (Hawala),4,1625372.45,3
HAWALA_00940,Underground Banking (Hawala),4,1625372.45,3
HAWALA_00943,Underground Banking (Hawala),4,1625372.45,3
HAWALA_00933,Underground Banking (Hawala),4,1625372.45,3
HAWALA_00934,Underground Banking (Hawala),4,1625372.45,4
HAWALA_00936,Underground Banking (Hawala),4,1625372.45,3
HAWALA_00937,Underground Banking (Hawala),4,1625372.45,2
CHARITY_02445,Charity Abuse,18,1622994.35,11
PASS_00539,Pass-Through Transit Hub,2,1622014.55,2
HRCORR_00053,High-Risk Corridor Transfer,4,1621768.93,1
PASS_00594,Charity Abuse; Pass-Through Transit Hub,2,1620840.3599999999,2
HRCORR_00114,High-Risk Corridor Transfer,6,1619979.24,1
PASS_00704,Pass-Through Transit Hub,2,1619699.32,2
CHARITY_01462,Charity Abuse,19,1619107.32,6
HRCORR_00448,High-Risk Corridor Transfer,5,1618104.17,1
CHARITY_02187,Charity Abuse,24,1617949.3,14
PASS_00703,Pass-Through Transit Hub,2,1617123.35,1
MULE_00003,Money Mule Network,11,1616805.08,5
HRCORR_00264,High-Risk Corridor Transfer,6,1614409.05,1
PASS_00152,Pass-Through Transit Hub,2,1614350.93,2
PASS_00091,Charity Abuse; Pass-Through Transit Hub,1,1613888.58,1
CHARITY_01218,Charity Abuse; Pass-Through Transit Hub,1,1613888.58,1
HRCORR_00445,High-Risk Corridor Transfer,5,1613353.21,1
HRCORR_00014,High-Risk Corridor Transfer,4,1612667.82,1
HAWALA_00907,Underground Banking (Hawala),4,1612124.84,3
HAWALA_00901,Underground Banking (Hawala),4,1612124.84,4
HAWALA_00900,Underground Banking (Hawala),4,1612124.84,4
HAWALA_00902,Underground Banking (Hawala),4,1612124.84,3
HAWALA_00896,Underground Banking (Hawala),4,1612124.84,3
HAWALA_00897,Underground Banking (Hawala),4,1612124.84,3
HAWALA_00898,Underground Banking (Hawala),4,1612124.84,3
HAWALA_00899,Underground Banking (Hawala),4,1612124.84,3
HAWALA_00903,Underground Banking (Hawala),4,1612124.84,3
HAWALA_00906,Underground Banking (Hawala),4,1612124.84,2
HAWALA_00905,Underground Banking (Hawala),4,1612124.84,3
HAWALA_00904,Underground Banking (Hawala),4,1612124.84,3
HAWALA_00895,Underground Banking (Hawala),4,1612124.84,2
HAWALA_00894,Underground Banking (Hawala),4,1612124.84,3
HAWALA_00893,Underground Banking (Hawala),4,1612124.84,3
HAWALA_00908,Underground Banking (Hawala),4,1612124.84,3
PASS_00231,Pass-Through Transit Hub,2,1611936.84,2
PASS_00318,Pass-Through Transit Hub,1,1611802.54,1
PASS_00337,Pass-Through Transit Hub,2,1607347.46,2
PASS_00616,Pass-Through Transit Hub,2,1604571.5,2
HRCORR_00076,High-Risk Corridor Transfer,4,1603833.59,1
HRCORR_00198,High-Risk Corridor Transfer,5,1603517.03,1
FUNNEL_00166,Funnel Account Network,24,1602767.8800000001,17
PASS_00625,Pass-Through Transit Hub,2,1602119.9,1
CHARITY_01994,Charity Abuse,21,1600614.6,8
CHARITY_01091,Charity Abuse,19,1599941.12,9
PASS_00330,Pass-Through Transit Hub,2,1599831.5899999999,1
PASS_00326,Pass-Through Transit Hub,2,1598934.3399999999,1
FUNNEL_00161,Charity Abuse; Funnel Account Network,17,1598540.07,13
CHARITY_01926,Charity Abuse; Funnel Account Network,17,1598540.07,13
FUNNEL_00008,Charity Abuse; Funnel Account Network,16,1598508.19,6
CHARITY_00113,Charity Abuse; Funnel Account Network,16,1598508.19,6
HAWALA_00910,Underground Banking (Hawala),4,1598325.71,3
HAWALA_00912,Underground Banking (Hawala),4,1598325.71,3
HAWALA_00914,Underground Banking (Hawala),4,1598325.71,2
HAWALA_00915,Underground Banking (Hawala),4,1598325.71,3
HAWALA_00916,Underground Banking (Hawala),4,1598325.71,3
HAWALA_00923,Underground Banking (Hawala),4,1598325.71,3
HAWALA_00909,Underground Banking (Hawala),4,1598325.71,4
HAWALA_00917,Underground Banking (Hawala),4,1598325.71,3
HAWALA_00913,Underground Banking (Hawala),4,1598325.71,3
HAWALA_00911,Underground Banking (Hawala),4,1598325.71,3
HAWALA_00918,Underground Banking (Hawala),4,1598325.71,3
HAWALA_00921,Underground Banking (Hawala),4,1598325.71,3
HAWALA_00922,Underground Banking (Hawala),4,1598325.71,3
HAWALA_00919,Underground Banking (Hawala),4,1598325.71,2
HAWALA_00920,Underground Banking (Hawala),4,1598325.71,3
HAWALA_00924,Underground Banking (Hawala),4,1598325.71,4
PASS_00706,Pass-Through Transit Hub,2,1595998.1400000001,2
HAWALA_00954,Underground Banking (Hawala),4,1592922.41,3
HAWALA_00953,Underground Banking (Hawala),4,1592922.41,3
HAWALA_00951,Underground Banking (Hawala),4,1592922.41,2
HAWALA_00962,Underground Banking (Hawala),4,1592922.41,2
HAWALA_00949,Underground Banking (Hawala),4,1592922.41,3
HAWALA_00964,Underground Banking (Hawala),4,1592922.41,3
HAWALA_00958,Underground Banking (Hawala),4,1592922.41,3
HAWALA_00961,Underground Banking (Hawala),4,1592922.41,3
HAWALA_00963,Underground Banking (Hawala),4,1592922.41,3
HAWALA_00957,Underground Banking (Hawala),4,1592922.41,4
HAWALA_00960,Underground Banking (Hawala),4,1592922.41,3
HAWALA_00959,Underground Banking (Hawala),4,1592922.41,3
HAWALA_00956,Underground Banking (Hawala),4,1592922.41,4
HAWALA_00955,Underground Banking (Hawala),4,1592922.41,3
HAWALA_00950,Underground Banking (Hawala),4,1592922.41,3
HAWALA_00952,Underground Banking (Hawala),4,1592922.41,3
CHARITY_01024,Charity Abuse,15,1591681.5799999998,11
HRCORR_00312,High-Risk Corridor Transfer,4,1591234.87,1
CHARITY_02039,Charity Abuse,15,1591128.3099999998,7
HRCORR_00103,High-Risk Corridor Transfer,4,1590804.58,1
PASS_00352,Pass-Through Transit Hub,2,1588901.69,1
HAWALA_00997,Underground Banking (Hawala),4,1588838.58,3
HAWALA_00991,Underground Banking (Hawala),4,1588838.58,3
HAWALA_00992,Underground Banking (Hawala),4,1588838.58,3
HAWALA_00990,Underground Banking (Hawala),4,1588838.58,3
HAWALA_00989,Underground Banking (Hawala),4,1588838.58,4
HAWALA_01004,Underground Banking (Hawala),4,1588838.58,4
HAWALA_01001,Underground Banking (Hawala),4,1588838.58,3
HAWALA_01003,Underground Banking (Hawala),4,1588838.58,3
HAWALA_01002,Underground Banking (Hawala),4,1588838.58,3
HAWALA_00996,Underground Banking (Hawala),4,1588838.58,3
HAWALA_01000,Underground Banking (Hawala),4,1588838.58,3
HAWALA_00995,Underground Banking (Hawala),4,1588838.58,3
HAWALA_00994,Underground Banking (Hawala),4,1588838.58,2
HAWALA_00998,Underground Banking (Hawala),4,1588838.58,3
HAWALA_00999,Underground Banking (Hawala),4,1588838.58,2
HAWALA_00993,Underground Banking (Hawala),4,1588838.58,3
PASS_00188,Pass-Through Transit Hub,2,1587977.8199999998,2
HRCORR_00247,High-Risk Corridor Transfer,5,1587755.6,1
HRCORR_00319,High-Risk Corridor Transfer,5,1586133.26,1
PASS_00441,Pass-Through Transit Hub,1,1585767.9,1
HAWALA_00019,Underground Banking (Hawala),3,1584366.22,3
PASS_00032,Pass-Through Transit Hub,2,1583854.25,2
PASS_00668,Pass-Through Transit Hub,1,1583210.04,1
CHARITY_01830,Charity Abuse; Pass-Through Transit Hub,1,1581539.04,1
HRCORR_00065,High-Risk Corridor Transfer,5,1581152.21,1
HRCORR_00270,High-Risk Corridor Transfer,6,1580980.8599999999,1
CHARITY_02261,Charity Abuse; Pass-Through Transit Hub,2,1580495.9200000002,1
CHARITY_01703,Charity Abuse,24,1577725.74,12
PASS_00544,Pass-Through Transit Hub,2,1577349.51,1
MULE_00005,Money Mule Network,13,1576163.99,5
HRCORR_00473,High-Risk Corridor Transfer,5,1576059.95,1
PASS_00212,Pass-Through Transit Hub,2,1572931.73,2
HAWALA_01014,Underground Banking (Hawala),4,1570602.6400000001,2
HAWALA_01013,Underground Banking (Hawala),4,1570602.6400000001,3
HAWALA_01016,Underground Banking (Hawala),4,1570602.6400000001,3
HAWALA_01015,Underground Banking (Hawala),4,1570602.6400000001,3
HAWALA_01009,Underground Banking (Hawala),4,1570602.6400000001,3
HAWALA_01006,Underground Banking (Hawala),4,1570602.6400000001,3
HAWALA_01007,Underground Banking (Hawala),4,1570602.6400000001,3
HAWALA_01008,Underground Banking (Hawala),4,1570602.6400000001,4
HAWALA_01005,Underground Banking (Hawala),4,1570602.6400000001,3
HAWALA_01011,Underground Banking (Hawala),4,1570602.6400000001,2
HAWALA_01012,Underground Banking (Hawala),4,1570602.6400000001,3
HAWALA_01010,Underground Banking (Hawala),4,1570602.6400000001,3
HAWALA_01017,Underground Banking (Hawala),4,1570602.6400000001,4
HAWALA_01019,Underground Banking (Hawala),4,1570602.6400000001,3
HAWALA_01020,Underground Banking (Hawala),4,1570602.6400000001,3
HAWALA_01018,Underground Banking (Hawala),4,1570602.6400000001,3
FUNNEL_00078,Funnel Account Network,40,1570538.58,30
PASS_00458,Pass-Through Transit Hub,2,1570478.97,2
PASS_00219,Pass-Through Transit Hub,2,1569747.77,2
CHARITY_02883,Charity Abuse; Pass-Through Transit Hub,1,1569577.14,1
PASS_00367,Charity Abuse; Pass-Through Transit Hub,1,1569577.14,1
CHARITY_00994,Charity Abuse,17,1568724.71,11
CHARITY_02806,Charity Abuse,20,1566340.05,13
PASS_00353,Pass-Through Transit Hub,1,1566012.02,1
FUNNEL_00012,Charity Abuse; Funnel Account Network,20,1563946.36,9
HRCORR_00494,High-Risk Corridor Transfer,5,1562835.4,1
PASS_00170,Charity Abuse; Pass-Through Transit Hub,1,1562273.9,1
CHARITY_00950,Charity Abuse; Pass-Through Transit Hub,1,1562273.9,1
CHARITY_01449,Charity Abuse,21,1562173.05,13
PASS_00131,Pass-Through Transit Hub,2,1560893.15,1
CHARITY_00132,Charity Abuse; Funnel Account Network,19,1560325.62,9
FUNNEL_00038,Funnel Account Network,24,1560262.75,21
HRCORR_00099,High-Risk Corridor Transfer,5,1559623.05,1
PASS_00691,Pass-Through Transit Hub,2,1557848.01,2
PASS_00116,Pass-Through Transit Hub,2,1557767.58,1
CHARITY_00503,Charity Abuse,14,1555957.0,13
PASS_00230,Pass-Through Transit Hub,2,1555798.9100000001,1
PASS_00277,Pass-Through Transit Hub,2,1554793.02,1
PASS_00025,Pass-Through Transit Hub,2,1554662.01,2
PASS_00149,Pass-Through Transit Hub,2,1554577.56,2
HRCORR_00019,High-Risk Corridor Transfer,5,1553918.78,1
CHARITY_01663,Charity Abuse,27,1550754.26,9
CHARITY_01924,Charity Abuse; Pass-Through Transit Hub,1,1550716.82,1
HRCORR_00380,High-Risk Corridor Transfer,4,1547607.22,1
CHARITY_00688,Charity Abuse,13,1547176.1199999999,8
PASS_00455,Pass-Through Transit Hub,2,1546270.78,2
FUNNEL_00109,Funnel Account Network,31,1545591.0999999999,20
MULE_00074,Money Mule Network,15,1545318.81,8
CHARITY_00776,Charity Abuse,26,1541147.63,11
CHARITY_00510,Charity Abuse,20,1540207.41,8
PASS_00211,Pass-Through Transit Hub,2,1538225.83,2
CHARITY_00289,Charity Abuse; Pass-Through Transit Hub,1,1538048.52,1
PASS_00668,Charity Abuse; Pass-Through Transit Hub,1,1538048.52,1
PASS_00353,Charity Abuse; Pass-Through Transit Hub,1,1537617.85,1
CHARITY_01551,Charity Abuse; Pass-Through Transit Hub,1,1537617.85,1
FUNNEL_00149,Charity Abuse; Funnel Account Network,17,1537066.8,11
CHARITY_01827,Charity Abuse; Funnel Account Network,17,1537066.8,11
MULE_00050,Money Mule Network,10,1536948.34,6
HAWALA_01098,Underground Banking (Hawala),4,1536290.1300000001,4
HAWALA_01097,Underground Banking (Hawala),4,1536290.1300000001,3
HAWALA_01096,Underground Banking (Hawala),4,1536290.1300000001,3
HAWALA_01090,Underground Banking (Hawala),4,1536290.1300000001,3
HAWALA_01085,Underground Banking (Hawala),4,1536290.1300000001,3
HAWALA_01089,Underground Banking (Hawala),4,1536290.1300000001,3
HAWALA_01088,Underground Banking (Hawala),4,1536290.1300000001,3
HAWALA_01087,Underground Banking (Hawala),4,1536290.1300000001,4
HAWALA_01086,Underground Banking (Hawala),4,1536290.1300000001,3
HAWALA_01099,Underground Banking (Hawala),4,1536290.1300000001,3
HAWALA_01100,Underground Banking (Hawala),4,1536290.1300000001,3
HAWALA_01095,Underground Banking (Hawala),4,1536290.1300000001,3
HAWALA_01094,Underground Banking (Hawala),4,1536290.1300000001,3
HAWALA_01093,Underground Banking (Hawala),4,1536290.1300000001,2
HAWALA_01092,Underground Banking (Hawala),4,1536290.1300000001,2
HAWALA_01091,Underground Banking (Hawala),4,1536290.1300000001,3
CHARITY_01996,Charity Abuse,19,1535229.54,5
HRCORR_00200,High-Risk Corridor Transfer,5,1534945.0,1
CHARITY_00307,Charity Abuse,13,1534238.58,12
HRCORR_00293,Charity Abuse; High-Risk Corridor Transfer,4,1534152.1600000001,1
CHARITY_02802,Charity Abuse; High-Risk Corridor Transfer,4,1534152.1600000001,1
PASS_00367,Pass-Through Transit Hub,1,1533727.92,1
CHARITY_03127,Charity Abuse,23,1533435.5,10
PASS_00659,Pass-Through Transit Hub,2,1533386.83,1
HRCORR_00160,High-Risk Corridor Transfer,6,1532711.69,1
CHARITY_02161,Charity Abuse; Pass-Through Transit Hub,1,1529525.76,1
PASS_00441,Charity Abuse; Pass-Through Transit Hub,1,1529525.76,1
HRCORR_00141,High-Risk Corridor Transfer,4,1527334.43,1
MULE_00070,Money Mule Network,12,1524705.52,6
CHARITY_01232,Charity Abuse,18,1524586.2,12
MULE_00017,Money Mule Network,11,1520864.42,6
CHARITY_00073,Charity Abuse; Funnel Account Network,15,1520487.14,4
FUNNEL_00003,Charity Abuse; Funnel Account Network,15,1520487.14,4
PASS_00207,Pass-Through Transit Hub,2,1519961.12,1
PASS_00613,Pass-Through Transit Hub,2,1518976.56,1
HRCORR_00345,High-Risk Corridor Transfer,5,1518825.28,1
CHARITY_02373,Charity Abuse,13,1518431.43,8
HRCORR_00333,High-Risk Corridor Transfer,5,1518284.88,1
CHARITY_00732,Charity Abuse,19,1517525.14,12
PASS_00170,Pass-Through Transit Hub,1,1517134.75,1
FUNNEL_00146,Funnel Account Network,26,1514418.21,12
HRCORR_00251,High-Risk Corridor Transfer,5,1513421.88,1
HAWALA_01201,Underground Banking (Hawala),4,1512843.52,3
HAWALA_01198,Underground Banking (Hawala),4,1512843.52,2
HAWALA_01196,Underground Banking (Hawala),4,1512843.52,3
HAWALA_01197,Underground Banking (Hawala),4,1512843.52,2
HAWALA_01200,Underground Banking (Hawala),4,1512843.52,3
HAWALA_01193,Underground Banking (Hawala),4,1512843.52,3
HAWALA_01192,Underground Banking (Hawala),4,1512843.52,4
HAWALA_01204,Underground Banking (Hawala),4,1512843.52,3
HAWALA_01203,Underground Banking (Hawala),4,1512843.52,4
HAWALA_01205,Underground Banking (Hawala),4,1512843.52,3
HAWALA_01194,Underground Banking (Hawala),4,1512843.52,3
HAWALA_01195,Underground Banking (Hawala),4,1512843.52,3
HAWALA_01202,Underground Banking (Hawala),4,1512843.52,3
HAWALA_01190,Underground Banking (Hawala),4,1512843.52,3
HAWALA_01199,Underground Banking (Hawala),4,1512843.52,3
HAWALA_01191,Underground Banking (Hawala),4,1512843.52,3
HRCORR_00109,High-Risk Corridor Transfer,6,1510691.3599999999,1
CHARITY_01907,Charity Abuse,21,1510342.9,8
CHARITY_00606,Charity Abuse; Funnel Account Network,25,1506752.91,18
FUNNEL_00045,Charity Abuse; Funnel Account Network,25,1506752.91,18
CHARITY_01288,Charity Abuse,22,1506163.03,14
CHARITY_00887,Charity Abuse,23,1505472.88,11
PASS_00692,Pass-Through Transit Hub,2,1503946.22,1
FUNNEL_00141,Funnel Account Network,46,1502317.08,35
PASS_00240,Pass-Through Transit Hub,2,1500756.9,2
PASS_00268,Pass-Through Transit Hub,2,1497434.21,1
PASS_00553,Pass-Through Transit Hub,2,1491986.21,2
MULE_00072,Money Mule Network,12,1491405.66,6
PASS_00290,Pass-Through Transit Hub,2,1491134.54,1
HRCORR_00314,High-Risk Corridor Transfer,5,1489518.59,1
PASS_00474,Pass-Through Transit Hub,2,1489365.04,2
CHARITY_00553,Charity Abuse,22,1488729.3,9
CHARITY_00461,Charity Abuse,15,1487928.7,9
CHARITY_02330,Charity Abuse,11,1487460.3499999999,6
HRCORR_00116,High-Risk Corridor Transfer,5,1487449.82,1
MULE_00067,Money Mule Network,11,1487343.1400000001,5
HRCORR_00498,High-Risk Corridor Transfer,5,1487309.3399999999,1
PASS_00263,Pass-Through Transit Hub,2,1485075.97,2
PASS_00481,Pass-Through Transit Hub,1,1483888.57,1
HAWALA_01225,Underground Banking (Hawala),4,1482442.3,3
HAWALA_01234,Underground Banking (Hawala),4,1482442.3,3
HAWALA_01235,Underground Banking (Hawala),4,1482442.3,3
HAWALA_01228,Underground Banking (Hawala),4,1482442.3,3
HAWALA_01232,Underground Banking (Hawala),4,1482442.3,4
HAWALA_01223,Underground Banking (Hawala),4,1482442.3,3
HAWALA_01222,Underground Banking (Hawala),4,1482442.3,2
HAWALA_01237,Underground Banking (Hawala),4,1482442.3,2
HAWALA_01236,Underground Banking (Hawala),4,1482442.3,3
HAWALA_01226,Underground Banking (Hawala),4,1482442.3,3
HAWALA_01227,Underground Banking (Hawala),4,1482442.3,4
HAWALA_01224,Underground Banking (Hawala),4,1482442.3,3
HAWALA_01231,Underground Banking (Hawala),4,1482442.3,3
HAWALA_01229,Underground Banking (Hawala),4,1482442.3,3
HAWALA_01230,Underground Banking (Hawala),4,1482442.3,3
HAWALA_01233,Underground Banking (Hawala),4,1482442.3,3
HRCORR_00285,High-Risk Corridor Transfer,5,1481492.8,1
PASS_00470,Pass-Through Transit Hub,2,1480501.1099999999,2
CHARITY_00453,Charity Abuse,15,1480153.33,5
PASS_00431,Pass-Through Transit Hub,2,1479816.92,1
PASS_00283,Pass-Through Transit Hub,2,1478380.6800000002,2
HAWALA_00031,Underground Banking (Hawala),3,1477610.95,2
HAWALA_00030,Underground Banking (Hawala),3,1477610.95,2
HAWALA_00024,Underground Banking (Hawala),3,1477610.95,3
HAWALA_00032,Underground Banking (Hawala),3,1477610.95,3
HAWALA_00020,Underground Banking (Hawala),3,1477610.95,3
HAWALA_00026,Underground Banking (Hawala),3,1477610.95,3
HAWALA_00027,Underground Banking (Hawala),3,1477610.95,2
HAWALA_00021,Underground Banking (Hawala),3,1477610.95,2
HAWALA_00022,Underground Banking (Hawala),3,1477610.95,3
HAWALA_00023,Underground Banking (Hawala),3,1477610.95,2
HAWALA_00025,Underground Banking (Hawala),3,1477610.95,2
HAWALA_00034,Underground Banking (Hawala),3,1477610.95,3
HAWALA_00035,Underground Banking (Hawala),3,1477610.95,3
HAWALA_00033,Underground Banking (Hawala),3,1477610.95,3
HAWALA_00028,Underground Banking (Hawala),3,1477610.95,2
HAWALA_00029,Underground Banking (Hawala),3,1477610.95,2
HRCORR_00073,High-Risk Corridor Transfer,5,1472259.5,1
CHARITY_01270,Charity Abuse,18,1471646.38,8
HRCORR_00291,High-Risk Corridor Transfer,4,1470651.7000000002,1
HRCORR_00467,High-Risk Corridor Transfer,5,1469874.26,1
HRCORR_00185,High-Risk Corridor Transfer,4,1469702.73,1
HAWALA_00059,Underground Banking (Hawala),3,1468972.74,2
HAWALA_00058,Underground Banking (Hawala),3,1468972.74,2
HAWALA_00055,Underground Banking (Hawala),3,1468972.74,3
HAWALA_00054,Underground Banking (Hawala),3,1468972.74,2
HRCORR_00187,High-Risk Corridor Transfer,4,1468355.2000000002,1
CHARITY_02346,Charity Abuse,16,1467818.5899999999,13
CHARITY_01211,Charity Abuse,14,1465256.95,9
PASS_00405,Pass-Through Transit Hub,2,1464849.62,2
HRCORR_00095,High-Risk Corridor Transfer,6,1464729.75,1
PASS_00040,Pass-Through Transit Hub,2,1462131.2999999998,2
HRCORR_00128,High-Risk Corridor Transfer,5,1460513.54,1
PASS_00674,Pass-Through Transit Hub,2,1460026.6099999999,2
HRCORR_00350,High-Risk Corridor Transfer,4,1459059.96,1
HRCORR_00359,High-Risk Corridor Transfer,6,1458399.27,1
HAWALA_01333,Underground Banking (Hawala),4,1458135.97,3
HAWALA_01323,Underground Banking (Hawala),4,1458135.97,3
HAWALA_01324,Underground Banking (Hawala),4,1458135.97,3
HAWALA_01329,Underground Banking (Hawala),4,1458135.97,4
HAWALA_01320,Underground Banking (Hawala),4,1458135.97,3
HAWALA_01321,Underground Banking (Hawala),4,1458135.97,3
HAWALA_01322,Underground Banking (Hawala),4,1458135.97,4
HAWALA_01319,Underground Banking (Hawala),4,1458135.97,2
HAWALA_01318,Underground Banking (Hawala),4,1458135.97,3
HAWALA_01331,Underground Banking (Hawala),4,1458135.97,3
HAWALA_01332,Underground Banking (Hawala),4,1458135.97,2
HAWALA_01326,Underground Banking (Hawala),4,1458135.97,3
HAWALA_01328,Underground Banking (Hawala),4,1458135.97,3
HAWALA_01327,Underground Banking (Hawala),4,1458135.97,3
HAWALA_01330,Underground Banking (Hawala),4,1458135.97,3
HAWALA_01325,Underground Banking (Hawala),4,1458135.97,3
CIRC_00435,Circular Transaction Loop,5,1457889.43,4
CIRC_00434,Circular Transaction Loop,5,1457889.43,4
CIRC_00454,Circular Transaction Loop,5,1457889.43,4
CIRC_00455,Circular Transaction Loop,5,1457889.43,3
CIRC_00440,Circular Transaction Loop,5,1457889.43,4
CIRC_00441,Circular Transaction Loop,5,1457889.43,5
CIRC_00448,Circular Transaction Loop,5,1457889.43,3
CIRC_00449,Circular Transaction Loop,5,1457889.43,4
CIRC_00438,Circular Transaction Loop,5,1457889.43,4
CIRC_00439,Circular Transaction Loop,5,1457889.43,4
CIRC_00436,Circular Transaction Loop,5,1457889.43,3
CIRC_00437,Circular Transaction Loop,5,1457889.43,4
CIRC_00452,Circular Transaction Loop,5,1457889.43,3
CIRC_00453,Circular Transaction Loop,5,1457889.43,3
CIRC_00460,Circular Transaction Loop,5,1457889.43,4
CIRC_00461,Circular Transaction Loop,5,1457889.43,4
CIRC_00445,Circular Transaction Loop,5,1457889.43,4
CIRC_00444,Circular Transaction Loop,5,1457889.43,3
CIRC_00447,Circular Transaction Loop,5,1457889.43,3
CIRC_00446,Circular Transaction Loop,5,1457889.43,3
CIRC_00443,Circular Transaction Loop,5,1457889.43,4
CIRC_00442,Circular Transaction Loop,5,1457889.43,4
CIRC_00462,Circular Transaction Loop,5,1457889.43,4
CIRC_00463,Circular Transaction Loop,5,1457889.43,3
CIRC_00457,Circular Transaction Loop,5,1457889.43,4
CIRC_00456,Circular Transaction Loop,5,1457889.43,4
CIRC_00451,Circular Transaction Loop,5,1457889.43,3
CIRC_00450,Circular Transaction Loop,5,1457889.43,4
CIRC_00458,Circular Transaction Loop,5,1457889.43,5
CIRC_00459,Circular Transaction Loop,5,1457889.43,4
CIRC_00464,Circular Transaction Loop,5,1457889.43,4
CIRC_00465,Circular Transaction Loop,5,1457889.43,4
HAWALA_01279,Underground Banking (Hawala),4,1457850.44,3
HAWALA_01280,Underground Banking (Hawala),4,1457850.44,3
HAWALA_01282,Underground Banking (Hawala),4,1457850.44,3
HAWALA_01278,Underground Banking (Hawala),4,1457850.44,4
HAWALA_01290,Underground Banking (Hawala),4,1457850.44,3
HAWALA_01283,Underground Banking (Hawala),4,1457850.44,2
HAWALA_01284,Underground Banking (Hawala),4,1457850.44,3
HAWALA_01285,Underground Banking (Hawala),4,1457850.44,3
HAWALA_01286,Underground Banking (Hawala),4,1457850.44,3
HAWALA_01293,Underground Banking (Hawala),4,1457850.44,4
HAWALA_01292,Underground Banking (Hawala),4,1457850.44,3
HAWALA_01291,Underground Banking (Hawala),4,1457850.44,3
HAWALA_01289,Underground Banking (Hawala),4,1457850.44,3
HAWALA_01288,Underground Banking (Hawala),4,1457850.44,2
HAWALA_01287,Underground Banking (Hawala),4,1457850.44,3
HAWALA_01281,Underground Banking (Hawala),4,1457850.44,3
HRCORR_00159,High-Risk Corridor Transfer,6,1457739.13,1
PASS_00241,Pass-Through Transit Hub,1,1457706.84,1
CHARITY_00299,Charity Abuse,23,1455813.01,10
HAWALA_00048,Underground Banking (Hawala),3,1455576.92,3
HAWALA_00049,Underground Banking (Hawala),3,1455576.92,3
HAWALA_00037,Underground Banking (Hawala),3,1455576.92,3
HAWALA_00036,Underground Banking (Hawala),3,1455576.92,2
HAWALA_00045,Underground Banking (Hawala),3,1455576.92,2
HAWALA_00041,Underground Banking (Hawala),3,1455576.92,3
HAWALA_00044,Underground Banking (Hawala),3,1455576.92,2
HAWALA_00040,Underground Banking (Hawala),3,1455576.92,2
PASS_00463,Pass-Through Transit Hub,2,1455137.4100000001,1
CHARITY_02774,Charity Abuse,22,1455065.1099999999,5
HRCORR_00519,High-Risk Corridor Transfer,4,1453829.21,1
FUNNEL_00145,Funnel Account Network,30,1452822.8699999999,26
PASS_00465,Pass-Through Transit Hub,3,1449557.54,1
MULE_00071,Money Mule Network,12,1448977.56,4
PASS_00481,Charity Abuse; Pass-Through Transit Hub,1,1448418.84,1
CHARITY_02138,Charity Abuse; Pass-Through Transit Hub,1,1448418.84,1
PASS_00545,Pass-Through Transit Hub,2,1447729.13,2
CHARITY_03237,Charity Abuse,14,1446567.38,7
HRCORR_00183,High-Risk Corridor Transfer,6,1445624.99,1
HRCORR_00219,High-Risk Corridor Transfer,5,1445519.0899999999,1
HRCORR_00140,High-Risk Corridor Transfer,5,1445513.3599999999,1
PASS_00650,Pass-Through Transit Hub,2,1444051.88,2
HAWALA_00104,Underground Banking (Hawala),3,1443032.45,2
HAWALA_00095,Underground Banking (Hawala),3,1443032.45,3
HAWALA_00106,Underground Banking (Hawala),3,1443032.45,2
HAWALA_00094,Underground Banking (Hawala),3,1443032.45,3
HAWALA_00093,Underground Banking (Hawala),3,1443032.45,3
HAWALA_00092,Underground Banking (Hawala),3,1443032.45,3
HAWALA_00107,Underground Banking (Hawala),3,1443032.45,3
HAWALA_00105,Underground Banking (Hawala),3,1443032.45,3
HAWALA_00102,Underground Banking (Hawala),3,1443032.45,2
HAWALA_00099,Underground Banking (Hawala),3,1443032.45,2
HAWALA_00097,Underground Banking (Hawala),3,1443032.45,2
HAWALA_00103,Underground Banking (Hawala),3,1443032.45,3
HAWALA_00101,Underground Banking (Hawala),3,1443032.45,3
HAWALA_00100,Underground Banking (Hawala),3,1443032.45,2
HAWALA_00098,Underground Banking (Hawala),3,1443032.45,2
HAWALA_00096,Underground Banking (Hawala),3,1443032.45,2
PASS_00420,Pass-Through Transit Hub,1,1442881.69,1
HRCORR_00442,High-Risk Corridor Transfer,4,1441625.88,1
HRCORR_00461,High-Risk Corridor Transfer,6,1438983.46,1
MULE_00036,Money Mule Network,19,1438550.1,10
MULE_00044,Money Mule Network,9,1438242.69,5
PASS_00122,Pass-Through Transit Hub,2,1438090.96,2
HAWALA_00163,Underground Banking (Hawala),3,1437947.81,3
HAWALA_00159,Underground Banking (Hawala),3,1437947.81,2
HAWALA_00168,Underground Banking (Hawala),3,1437947.81,2
HAWALA_00171,Underground Banking (Hawala),3,1437947.81,3
HAWALA_00156,Underground Banking (Hawala),3,1437947.81,2
HAWALA_00164,Underground Banking (Hawala),3,1437947.81,3
HAWALA_00170,Underground Banking (Hawala),3,1437947.81,3
HAWALA_00166,Underground Banking (Hawala),3,1437947.81,3
HAWALA_00167,Underground Banking (Hawala),3,1437947.81,3
HAWALA_00162,Underground Banking (Hawala),3,1437947.81,3
HAWALA_00157,Underground Banking (Hawala),3,1437947.81,2
HAWALA_00160,Underground Banking (Hawala),3,1437947.81,2
HAWALA_00165,Underground Banking (Hawala),3,1437947.81,3
HAWALA_00169,Underground Banking (Hawala),3,1437947.81,2
HAWALA_00161,Underground Banking (Hawala),3,1437947.81,2
HAWALA_00158,Underground Banking (Hawala),3,1437947.81,2
HAWALA_01302,Underground Banking (Hawala),4,1437859.91,3
HAWALA_01306,Underground Banking (Hawala),4,1437859.91,4
HAWALA_01295,Underground Banking (Hawala),4,1437859.91,3
HAWALA_01294,Underground Banking (Hawala),4,1437859.91,3
HAWALA_01304,Underground Banking (Hawala),4,1437859.91,3
HAWALA_01303,Underground Banking (Hawala),4,1437859.91,2
HAWALA_01309,Underground Banking (Hawala),4,1437859.91,3
HAWALA_01308,Underground Banking (Hawala),4,1437859.91,3
HAWALA_01307,Underground Banking (Hawala),4,1437859.91,3
HAWALA_01296,Underground Banking (Hawala),4,1437859.91,3
HAWALA_01300,Underground Banking (Hawala),4,1437859.91,2
HAWALA_01305,Underground Banking (Hawala),4,1437859.91,3
HAWALA_01301,Underground Banking (Hawala),4,1437859.91,3
HAWALA_01298,Underground Banking (Hawala),4,1437859.91,3
HAWALA_01299,Underground Banking (Hawala),4,1437859.91,3
HAWALA_01297,Underground Banking (Hawala),4,1437859.91,4
CHARITY_01963,Charity Abuse,20,1436688.44,5
FUNNEL_00152,Funnel Account Network,10,1434341.02,7
CIRC_00474,Circular Transaction Loop,5,1433489.3900000001,4
CIRC_00487,Circular Transaction Loop,5,1433489.3900000001,4
CIRC_00486,Circular Transaction Loop,5,1433489.3900000001,4
CIRC_00485,Circular Transaction Loop,5,1433489.3900000001,3
CIRC_00470,Circular Transaction Loop,5,1433489.3900000001,3
CIRC_00477,Circular Transaction Loop,5,1433489.3900000001,4
CIRC_00484,Circular Transaction Loop,5,1433489.3900000001,4
CIRC_00482,Circular Transaction Loop,5,1433489.3900000001,4
CIRC_00481,Circular Transaction Loop,5,1433489.3900000001,4
CIRC_00471,Circular Transaction Loop,5,1433489.3900000001,4
CIRC_00467,Circular Transaction Loop,5,1433489.3900000001,4
CIRC_00488,Circular Transaction Loop,5,1433489.3900000001,5
CIRC_00466,Circular Transaction Loop,5,1433489.3900000001,3
CIRC_00473,Circular Transaction Loop,5,1433489.3900000001,4
CIRC_00472,Circular Transaction Loop,5,1433489.3900000001,4
CIRC_00468,Circular Transaction Loop,5,1433489.3900000001,3
CIRC_00469,Circular Transaction Loop,5,1433489.3900000001,3
CIRC_00491,Circular Transaction Loop,5,1433489.3900000001,4
CIRC_00475,Circular Transaction Loop,5,1433489.3900000001,5
CIRC_00479,Circular Transaction Loop,5,1433489.3900000001,4
CIRC_00478,Circular Transaction Loop,5,1433489.3900000001,3
CIRC_00476,Circular Transaction Loop,5,1433489.3900000001,4
CIRC_00495,Circular Transaction Loop,5,1433489.3900000001,3
CIRC_00490,Circular Transaction Loop,5,1433489.3900000001,4
CIRC_00492,Circular Transaction Loop,5,1433489.3900000001,4
CIRC_00480,Circular Transaction Loop,5,1433489.3900000001,4
CIRC_00483,Circular Transaction Loop,5,1433489.3900000001,4
CIRC_00497,Circular Transaction Loop,5,1433489.3900000001,3
CIRC_00494,Circular Transaction Loop,5,1433489.3900000001,3
CIRC_00493,Circular Transaction Loop,5,1433489.3900000001,3
CIRC_00496,Circular Transaction Loop,5,1433489.3900000001,4
CIRC_00489,Circular Transaction Loop,5,1433489.3900000001,4
FUNNEL_00110,Funnel Account Network,26,1431393.69,18
CHARITY_02090,Charity Abuse; Pass-Through Transit Hub,1,1431198.92,1
HRCORR_00058,High-Risk Corridor Transfer,4,1430370.21,1
HRCORR_00083,High-Risk Corridor Transfer,4,1429208.36,1
HRCORR_00178,High-Risk Corridor Transfer,4,1429084.1,1
PASS_00379,Pass-Through Transit Hub,2,1429073.8199999998,1
PASS_00075,Pass-Through Transit Hub,2,1429065.93,2
HAWALA_01364,Circular Transaction Loop; Underground Banking (Hawala),4,1427973.65,3
HAWALA_01363,Circular Transaction Loop; Underground Banking (Hawala),4,1427973.65,3
HAWALA_01367,Circular Transaction Loop; Underground Banking (Hawala),4,1427973.65,3
HAWALA_01366,Circular Transaction Loop; Underground Banking (Hawala),4,1427973.65,2
HAWALA_01358,Circular Transaction Loop; Underground Banking (Hawala),4,1427973.65,3
HAWALA_01370,Circular Transaction Loop; Underground Banking (Hawala),4,1427973.65,3
HAWALA_01368,Circular Transaction Loop; Underground Banking (Hawala),4,1427973.65,3
HAWALA_01359,Circular Transaction Loop; Underground Banking (Hawala),4,1427973.65,3
HAWALA_01362,Circular Transaction Loop; Underground Banking (Hawala),4,1427973.65,3
HAWALA_01361,Circular Transaction Loop; Underground Banking (Hawala),4,1427973.65,3
HAWALA_01360,Circular Transaction Loop; Underground Banking (Hawala),4,1427973.65,4
HAWALA_01371,Circular Transaction Loop; Underground Banking (Hawala),4,1427973.65,4
HAWALA_01372,Circular Transaction Loop; Underground Banking (Hawala),4,1427973.65,3
HAWALA_01373,Circular Transaction Loop; Underground Banking (Hawala),4,1427973.65,3
HAWALA_01365,Circular Transaction Loop; Underground Banking (Hawala),4,1427973.65,2
HAWALA_01369,Circular Transaction Loop; Underground Banking (Hawala),4,1427973.65,3
CIRC_00325,Circular Transaction Loop; Underground Banking (Hawala),4,1427973.65,3
CIRC_00326,Circular Transaction Loop; Underground Banking (Hawala),4,1427973.65,3
CIRC_00327,Circular Transaction Loop; Underground Banking (Hawala),4,1427973.65,4
CIRC_00329,Circular Transaction Loop; Underground Banking (Hawala),4,1427973.65,3
CIRC_00328,Circular Transaction Loop; Underground Banking (Hawala),4,1427973.65,3
CIRC_00322,Circular Transaction Loop; Underground Banking (Hawala),4,1427973.65,2
CIRC_00314,Circular Transaction Loop; Underground Banking (Hawala),4,1427973.65,3
CIRC_00317,Circular Transaction Loop; Underground Banking (Hawala),4,1427973.65,3
CIRC_00316,Circular Transaction Loop; Underground Banking (Hawala),4,1427973.65,4
CIRC_00321,Circular Transaction Loop; Underground Banking (Hawala),4,1427973.65,2
CIRC_00320,Circular Transaction Loop; Underground Banking (Hawala),4,1427973.65,3
CIRC_00319,Circular Transaction Loop; Underground Banking (Hawala),4,1427973.65,3
CIRC_00318,Circular Transaction Loop; Underground Banking (Hawala),4,1427973.65,3
CIRC_00315,Circular Transaction Loop; Underground Banking (Hawala),4,1427973.65,3
CIRC_00324,Circular Transaction Loop; Underground Banking (Hawala),4,1427973.65,3
CIRC_00323,Circular Transaction Loop; Underground Banking (Hawala),4,1427973.65,3
PASS_00577,Pass-Through Transit Hub,2,1427189.98,1
FUNNEL_00164,Funnel Account Network,29,1427128.53,21
HRCORR_00146,High-Risk Corridor Transfer,5,1426869.81,1
PASS_00082,Pass-Through Transit Hub,2,1425941.37,2
MULE_00079,Money Mule Network,11,1425634.85,6
PASS_00254,Pass-Through Transit Hub,2,1425307.3900000001,2
PASS_00409,Pass-Through Transit Hub,2,1422063.4,2
CHARITY_00279,Charity Abuse; Pass-Through Transit Hub,1,1421717.4,1
PASS_00420,Charity Abuse; Pass-Through Transit Hub,1,1421717.4,1
HRCORR_00176,High-Risk Corridor Transfer,5,1420945.0,1
HRCORR_00454,High-Risk Corridor Transfer,5,1419920.43,1
PASS_00265,Pass-Through Transit Hub,2,1419702.04,1
PASS_00673,Pass-Through Transit Hub,2,1418531.7200000002,1
CHARITY_00085,Charity Abuse,20,1415092.99,10
PASS_00038,Pass-Through Transit Hub,2,1413181.4500000002,2
FUNNEL_00222,Funnel Account Network,3,1412452.68,2
HAWALA_00315,Underground Banking (Hawala),3,1412424.49,2
HAWALA_00309,Underground Banking (Hawala),3,1412424.49,3
HAWALA_00308,Underground Banking (Hawala),3,1412424.49,2
HAWALA_00310,Underground Banking (Hawala),3,1412424.49,2
HAWALA_00311,Underground Banking (Hawala),3,1412424.49,2
HAWALA_00314,Underground Banking (Hawala),3,1412424.49,3
HAWALA_00313,Underground Banking (Hawala),3,1412424.49,2
HAWALA_00312,Underground Banking (Hawala),3,1412424.49,2
HRCORR_00440,High-Risk Corridor Transfer,6,1412394.92,1
CHARITY_02871,Charity Abuse,17,1412258.86,10
CHARITY_02421,Charity Abuse,23,1411855.2200000002,8
FUNNEL_00095,Funnel Account Network,15,1410816.72,6
CHARITY_00502,Charity Abuse,19,1410239.0299999998,8
HAWALA_00194,Underground Banking (Hawala),3,1408876.3199999998,2
HAWALA_00188,Underground Banking (Hawala),3,1408876.3199999998,2
HAWALA_00193,Underground Banking (Hawala),3,1408876.3199999998,2
HAWALA_00195,Underground Banking (Hawala),3,1408876.3199999998,3
HAWALA_00189,Underground Banking (Hawala),3,1408876.3199999998,2
HAWALA_00196,Underground Banking (Hawala),3,1408876.3199999998,3
HAWALA_00192,Underground Banking (Hawala),3,1408876.3199999998,2
HAWALA_00190,Underground Banking (Hawala),3,1408876.3199999998,2
HAWALA_00198,Underground Banking (Hawala),3,1408876.3199999998,3
HAWALA_00199,Underground Banking (Hawala),3,1408876.3199999998,3
HAWALA_00197,Underground Banking (Hawala),3,1408876.3199999998,2
HAWALA_00202,Underground Banking (Hawala),3,1408876.3199999998,3
HAWALA_00200,Underground Banking (Hawala),3,1408876.3199999998,3
HAWALA_00203,Underground Banking (Hawala),3,1408876.3199999998,3
HAWALA_00191,Underground Banking (Hawala),3,1408876.3199999998,3
HAWALA_00201,Underground Banking (Hawala),3,1408876.3199999998,2
HAWALA_00221,Underground Banking (Hawala),3,1408820.15,2
HAWALA_00222,Underground Banking (Hawala),3,1408820.15,2
HAWALA_00226,Underground Banking (Hawala),3,1408820.15,2
HAWALA_00227,Underground Banking (Hawala),3,1408820.15,3
HAWALA_00223,Underground Banking (Hawala),3,1408820.15,2
HAWALA_00220,Underground Banking (Hawala),3,1408820.15,3
HAWALA_00225,Underground Banking (Hawala),3,1408820.15,2
HAWALA_00224,Underground Banking (Hawala),3,1408820.15,2
HAWALA_01388,Underground Banking (Hawala),4,1408219.8900000001,3
HAWALA_01387,Underground Banking (Hawala),4,1408219.8900000001,3
HAWALA_01381,Underground Banking (Hawala),4,1408219.8900000001,3
HAWALA_01385,Underground Banking (Hawala),4,1408219.8900000001,3
HAWALA_01374,Underground Banking (Hawala),4,1408219.8900000001,3
HAWALA_01377,Underground Banking (Hawala),4,1408219.8900000001,4
HAWALA_01376,Underground Banking (Hawala),4,1408219.8900000001,3
HAWALA_01375,Underground Banking (Hawala),4,1408219.8900000001,3
HAWALA_01389,Underground Banking (Hawala),4,1408219.8900000001,3
HAWALA_01386,Underground Banking (Hawala),4,1408219.8900000001,4
HAWALA_01378,Underground Banking (Hawala),4,1408219.8900000001,3
HAWALA_01379,Underground Banking (Hawala),4,1408219.8900000001,3
HAWALA_01383,Underground Banking (Hawala),4,1408219.8900000001,2
HAWALA_01380,Underground Banking (Hawala),4,1408219.8900000001,2
HAWALA_01384,Underground Banking (Hawala),4,1408219.8900000001,3
HAWALA_01382,Underground Banking (Hawala),4,1408219.8900000001,3
FUNNEL_00251,Charity Abuse; Funnel Account Network,12,1407217.97,10
CHARITY_02964,Charity Abuse; Funnel Account Network,12,1407217.97,10
HAWALA_00335,Underground Banking (Hawala),3,1407170.45,3
HAWALA_00333,Underground Banking (Hawala),3,1407170.45,2
HAWALA_00339,Underground Banking (Hawala),3,1407170.45,2
HAWALA_00337,Underground Banking (Hawala),3,1407170.45,2
HRCORR_00040,High-Risk Corridor Transfer,6,1406153.13,1
PASS_00241,Charity Abuse; Pass-Through Transit Hub,1,1406103.77,1
CHARITY_01708,Charity Abuse; Pass-Through Transit Hub,1,1406103.77,1
CHARITY_00800,Charity Abuse,20,1402977.52,10
CHARITY_01921,Charity Abuse; Pass-Through Transit Hub,1,1401667.16,1
CHARITY_01401,Charity Abuse; Pass-Through Transit Hub,1,1399257.4,1
HRCORR_00124,High-Risk Corridor Transfer,5,1399110.43,1
HAWALA_00010,Underground Banking (Hawala),2,1399090.03,2
HRCORR_00089,High-Risk Corridor Transfer,5,1397919.31,1
HRCORR_00393,High-Risk Corridor Transfer,4,1397615.44,1
CHARITY_02286,Charity Abuse,21,1396207.88,7
CHARITY_00101,Charity Abuse,22,1394073.0999999999,10
CHARITY_01780,Charity Abuse,16,1392977.09,9
FUNNEL_00183,Charity Abuse; Funnel Account Network,36,1392007.3900000001,34
CHARITY_02164,Charity Abuse,23,1391832.86,14
HRCORR_00096,High-Risk Corridor Transfer,5,1391402.6199999999,1
HAWALA_00357,Underground Banking (Hawala),3,1390713.19,2
HAWALA_00356,Underground Banking (Hawala),3,1390713.19,2
HAWALA_00371,Underground Banking (Hawala),3,1390713.19,3
HAWALA_00367,Underground Banking (Hawala),3,1390713.19,3
HAWALA_00363,Underground Banking (Hawala),3,1390713.19,3
HAWALA_00365,Underground Banking (Hawala),3,1390713.19,2
HAWALA_00364,Underground Banking (Hawala),3,1390713.19,2
HAWALA_00362,Underground Banking (Hawala),3,1390713.19,2
HAWALA_00366,Underground Banking (Hawala),3,1390713.19,2
HAWALA_00360,Underground Banking (Hawala),3,1390713.19,3
HAWALA_00361,Underground Banking (Hawala),3,1390713.19,3
HAWALA_00358,Underground Banking (Hawala),3,1390713.19,2
HAWALA_00370,Underground Banking (Hawala),3,1390713.19,2
HAWALA_00369,Underground Banking (Hawala),3,1390713.19,3
HAWALA_00359,Underground Banking (Hawala),3,1390713.19,3
HAWALA_00368,Underground Banking (Hawala),3,1390713.19,3
PASS_00651,Pass-Through Transit Hub,2,1389056.37,2
PASS_00479,Pass-Through Transit Hub,2,1387306.76,1
MULE_00026,Money Mule Network,10,1387202.98,5
HAWALA_00322,Underground Banking (Hawala),3,1386506.6300000001,2
HAWALA_00316,Underground Banking (Hawala),3,1386506.6300000001,2
HAWALA_00319,Underground Banking (Hawala),3,1386506.6300000001,3
HAWALA_00317,Underground Banking (Hawala),3,1386506.6300000001,2
HAWALA_00318,Underground Banking (Hawala),3,1386506.6300000001,2
HAWALA_00320,Underground Banking (Hawala),3,1386506.6300000001,3
HAWALA_00323,Underground Banking (Hawala),3,1386506.6300000001,2
HAWALA_00321,Underground Banking (Hawala),3,1386506.6300000001,2
PASS_00144,Pass-Through Transit Hub,2,1383316.44,1
HAWALA_00354,Circular Transaction Loop; Underground Banking (Hawala),3,1383176.77,2
CIRC_00047,Circular Transaction Loop; Underground Banking (Hawala),3,1383176.77,2
CIRC_00050,Circular Transaction Loop; Underground Banking (Hawala),3,1383176.77,2
HAWALA_00347,Circular Transaction Loop; Underground Banking (Hawala),3,1383176.77,3
HAWALA_00349,Circular Transaction Loop; Underground Banking (Hawala),3,1383176.77,2
HAWALA_00348,Circular Transaction Loop; Underground Banking (Hawala),3,1383176.77,2
HAWALA_00351,Circular Transaction Loop; Underground Banking (Hawala),3,1383176.77,3
HAWALA_00350,Circular Transaction Loop; Underground Banking (Hawala),3,1383176.77,2
HAWALA_00352,Circular Transaction Loop; Underground Banking (Hawala),3,1383176.77,2
HAWALA_00346,Circular Transaction Loop; Underground Banking (Hawala),3,1383176.77,3
CIRC_00044,Circular Transaction Loop; Underground Banking (Hawala),3,1383176.77,3
CIRC_00042,Circular Transaction Loop; Underground Banking (Hawala),3,1383176.77,3
CIRC_00043,Circular Transaction Loop; Underground Banking (Hawala),3,1383176.77,2
HAWALA_00345,Circular Transaction Loop; Underground Banking (Hawala),3,1383176.77,2
HAWALA_00355,Circular Transaction Loop; Underground Banking (Hawala),3,1383176.77,3
HAWALA_00343,Circular Transaction Loop; Underground Banking (Hawala),3,1383176.77,3
HAWALA_00344,Circular Transaction Loop; Underground Banking (Hawala),3,1383176.77,3
HAWALA_00353,Circular Transaction Loop; Underground Banking (Hawala),3,1383176.77,2
HAWALA_00342,Circular Transaction Loop; Underground Banking (Hawala),3,1383176.77,3
HAWALA_00341,Circular Transaction Loop; Underground Banking (Hawala),3,1383176.77,2
HAWALA_00340,Circular Transaction Loop; Underground Banking (Hawala),3,1383176.77,3
CIRC_00046,Circular Transaction Loop; Underground Banking (Hawala),3,1383176.77,3
CIRC_00055,Circular Transaction Loop; Underground Banking (Hawala),3,1383176.77,2
CIRC_00054,Circular Transaction Loop; Underground Banking (Hawala),3,1383176.77,2
CIRC_00045,Circular Transaction Loop; Underground Banking (Hawala),3,1383176.77,3
CIRC_00057,Circular Transaction Loop; Underground Banking (Hawala),3,1383176.77,3
CIRC_00048,Circular Transaction Loop; Underground Banking (Hawala),3,1383176.77,3
CIRC_00053,Circular Transaction Loop; Underground Banking (Hawala),3,1383176.77,3
CIRC_00049,Circular Transaction Loop; Underground Banking (Hawala),3,1383176.77,3
CIRC_00052,Circular Transaction Loop; Underground Banking (Hawala),3,1383176.77,2
CIRC_00051,Circular Transaction Loop; Underground Banking (Hawala),3,1383176.77,2
CIRC_00056,Circular Transaction Loop; Underground Banking (Hawala),3,1383176.77,2
CHARITY_00964,Charity Abuse,28,1382875.3,17
PASS_00562,Pass-Through Transit Hub,2,1380943.28,2
PASS_00410,Charity Abuse; Pass-Through Transit Hub,1,1380596.66,1
CHARITY_01454,Charity Abuse; Pass-Through Transit Hub,1,1380596.66,1
CHARITY_02826,Charity Abuse,18,1380214.3699999999,9
FUNNEL_00215,Charity Abuse; Funnel Account Network,11,1380079.38,7
CHARITY_02522,Charity Abuse; Funnel Account Network,10,1379520.45,6
HRCORR_00396,High-Risk Corridor Transfer,5,1378173.29,1
PASS_00496,Pass-Through Transit Hub,2,1378148.3900000001,2
HRCORR_00518,High-Risk Corridor Transfer,5,1377839.3199999998,1
CHARITY_00416,Charity Abuse,22,1377304.1600000001,11
HAWALA_00380,Underground Banking (Hawala),3,1376332.33,3
HAWALA_00386,Underground Banking (Hawala),3,1376332.33,3
HAWALA_00384,Underground Banking (Hawala),3,1376332.33,3
HAWALA_00381,Underground Banking (Hawala),3,1376332.33,2
HAWALA_00382,Underground Banking (Hawala),3,1376332.33,3
HAWALA_00383,Underground Banking (Hawala),3,1376332.33,3
HAWALA_00385,Underground Banking (Hawala),3,1376332.33,2
HAWALA_00387,Underground Banking (Hawala),3,1376332.33,3
CHARITY_01340,Charity Abuse,24,1375977.2,11
MULE_00081,Money Mule Network,14,1375944.3,8
HRCORR_00222,High-Risk Corridor Transfer,4,1375068.22,1
HRCORR_00035,High-Risk Corridor Transfer,5,1374982.2,1
HRCORR_00079,High-Risk Corridor Transfer,5,1374939.0,1
CHARITY_02905,Charity Abuse,16,1373848.55,9
HRCORR_00056,High-Risk Corridor Transfer,5,1373848.55,1
HRCORR_00060,High-Risk Corridor Transfer,3,1373618.0,1
CHARITY_00889,Charity Abuse,22,1373425.76,10
CHARITY_01607,Charity Abuse,15,1373048.3699999999,8
PASS_00362,Charity Abuse; Pass-Through Transit Hub,1,1371801.37,1
CHARITY_03219,Charity Abuse; Pass-Through Transit Hub,1,1371801.37,1
PASS_00062,Pass-Through Transit Hub,2,1371634.4100000001,2
HRCORR_00033,High-Risk Corridor Transfer,4,1370918.1600000001,1
CHARITY_03072,Charity Abuse,23,1370872.86,10
PASS_00620,Pass-Through Transit Hub,2,1370549.6600000001,2
PASS_00675,Pass-Through Transit Hub,2,1370109.0699999998,2
HRCORR_00505,High-Risk Corridor Transfer,4,1369758.1400000001,1
HAWALA_00415,Underground Banking (Hawala),3,1368821.8399999999,3
HAWALA_00417,Underground Banking (Hawala),3,1368821.8399999999,3
HAWALA_00412,Underground Banking (Hawala),3,1368821.8399999999,2
HAWALA_00418,Underground Banking (Hawala),3,1368821.8399999999,2
HAWALA_00420,Underground Banking (Hawala),3,1368821.8399999999,2
HAWALA_00421,Underground Banking (Hawala),3,1368821.8399999999,2
HAWALA_00422,Underground Banking (Hawala),3,1368821.8399999999,2
HAWALA_00424,Underground Banking (Hawala),3,1368821.8399999999,3
HAWALA_00414,Underground Banking (Hawala),3,1368821.8399999999,2
HAWALA_00416,Underground Banking (Hawala),3,1368821.8399999999,3
HAWALA_00419,Underground Banking (Hawala),3,1368821.8399999999,3
HAWALA_00423,Underground Banking (Hawala),3,1368821.8399999999,3
HAWALA_00426,Underground Banking (Hawala),3,1368821.8399999999,2
HAWALA_00425,Underground Banking (Hawala),3,1368821.8399999999,3
HAWALA_00427,Underground Banking (Hawala),3,1368821.8399999999,3
HAWALA_00413,Underground Banking (Hawala),3,1368821.8399999999,2
HAWALA_00411,Circular Transaction Loop; Underground Banking (Hawala),3,1367199.67,2
CIRC_00080,Circular Transaction Loop; Underground Banking (Hawala),3,1367199.67,3
CIRC_00081,Circular Transaction Loop; Underground Banking (Hawala),3,1367199.67,2
HAWALA_00410,Circular Transaction Loop; Underground Banking (Hawala),3,1367199.67,3
CIRC_00076,Circular Transaction Loop; Underground Banking (Hawala),3,1367199.67,2
CIRC_00075,Circular Transaction Loop; Underground Banking (Hawala),3,1367199.67,3
CIRC_00074,Circular Transaction Loop; Underground Banking (Hawala),3,1367199.67,2
CIRC_00079,Circular Transaction Loop; Underground Banking (Hawala),3,1367199.67,2
CIRC_00078,Circular Transaction Loop; Underground Banking (Hawala),3,1367199.67,2
CIRC_00077,Circular Transaction Loop; Underground Banking (Hawala),3,1367199.67,2
HAWALA_00407,Circular Transaction Loop; Underground Banking (Hawala),3,1367199.67,2
HAWALA_00405,Circular Transaction Loop; Underground Banking (Hawala),3,1367199.67,3
HAWALA_00404,Circular Transaction Loop; Underground Banking (Hawala),3,1367199.67,2
HAWALA_00409,Circular Transaction Loop; Underground Banking (Hawala),3,1367199.67,2
HAWALA_00406,Circular Transaction Loop; Underground Banking (Hawala),3,1367199.67,2
HAWALA_00408,Circular Transaction Loop; Underground Banking (Hawala),3,1367199.67,2
HRCORR_00460,High-Risk Corridor Transfer,5,1367126.49,1
PASS_00618,Pass-Through Transit Hub,2,1364060.53,1
FUNNEL_00154,Charity Abuse; Funnel Account Network,14,1363079.56,10
CHARITY_00194,Charity Abuse,23,1361241.2,10
CHARITY_00466,Charity Abuse,5,1361233.08,4
PASS_00104,Charity Abuse; Pass-Through Transit Hub,1,1360071.16,1
CHARITY_02708,Charity Abuse; Pass-Through Transit Hub,1,1360071.16,1
PASS_00711,Pass-Through Transit Hub,2,1359554.25,2
CHARITY_02818,Charity Abuse; Pass-Through Transit Hub,1,1359518.58,1
CHARITY_03012,Charity Abuse,21,1358783.83,8
HRCORR_00509,High-Risk Corridor Transfer,5,1358368.81,1
CHARITY_02861,Charity Abuse,19,1357840.8800000001,13
CHARITY_02622,Charity Abuse,24,1357660.94,5
FUNNEL_00185,Funnel Account Network,22,1356371.1199999999,15
CHARITY_01839,Charity Abuse,27,1356247.4100000001,13
PASS_00591,Pass-Through Transit Hub,2,1355713.74,1
FUNNEL_00062,Funnel Account Network,43,1354326.14,37
PASS_00225,Pass-Through Transit Hub,2,1353363.29,2
PASS_00197,Pass-Through Transit Hub,2,1353009.38,1
CHARITY_03226,Charity Abuse,24,1352672.48,10
CHARITY_02687,Charity Abuse,18,1352454.2899999998,15
HAWALA_01421,Underground Banking (Hawala),4,1351159.41,3
HAWALA_01419,Underground Banking (Hawala),4,1351159.41,2
HAWALA_01415,Underground Banking (Hawala),4,1351159.41,3
HAWALA_01414,Underground Banking (Hawala),4,1351159.41,4
HAWALA_01420,Underground Banking (Hawala),4,1351159.41,3
HAWALA_01411,Underground Banking (Hawala),4,1351159.41,3
HAWALA_01407,Underground Banking (Hawala),4,1351159.41,3
HAWALA_01416,Underground Banking (Hawala),4,1351159.41,3
HAWALA_01418,Underground Banking (Hawala),4,1351159.41,3
HAWALA_01409,Underground Banking (Hawala),4,1351159.41,3
HAWALA_01417,Underground Banking (Hawala),4,1351159.41,3
HAWALA_01408,Underground Banking (Hawala),4,1351159.41,2
HAWALA_01406,Underground Banking (Hawala),4,1351159.41,3
HAWALA_01412,Underground Banking (Hawala),4,1351159.41,3
HAWALA_01413,Underground Banking (Hawala),4,1351159.41,4
HAWALA_01410,Underground Banking (Hawala),4,1351159.41,3
FUNNEL_00239,Funnel Account Network,10,1350028.88,7
CHARITY_02056,Charity Abuse,23,1349466.17,6
CHARITY_00207,Charity Abuse,16,1349354.14,8
PASS_00596,Pass-Through Transit Hub,2,1346658.1,2
CHARITY_00220,Charity Abuse,21,1346441.3699999999,9
HRCORR_00376,High-Risk Corridor Transfer,4,1346340.03,1
PASS_00249,Pass-Through Transit Hub,2,1345415.08,2
CHARITY_01698,Charity Abuse,17,1345319.39,7
CHARITY_02090,Charity Abuse,24,1345109.94,14
CHARITY_00628,Charity Abuse,15,1344418.63,11
HRCORR_00508,High-Risk Corridor Transfer,5,1342134.12,1
CHARITY_00976,Charity Abuse,25,1341549.38,8
HRCORR_00254,High-Risk Corridor Transfer,7,1341170.42,1
PASS_00022,Pass-Through Transit Hub,2,1340708.53,2
HAWALA_01432,Circular Transaction Loop; Underground Banking (Hawala),4,1340199.67,2
HAWALA_01427,Circular Transaction Loop; Underground Banking (Hawala),4,1340199.67,2
CIRC_00331,Circular Transaction Loop; Underground Banking (Hawala),4,1340199.67,3
CIRC_00333,Circular Transaction Loop; Underground Banking (Hawala),4,1340199.67,3
CIRC_00332,Circular Transaction Loop; Underground Banking (Hawala),4,1340199.67,3
HAWALA_01428,Circular Transaction Loop; Underground Banking (Hawala),4,1340199.67,3
HAWALA_01430,Circular Transaction Loop; Underground Banking (Hawala),4,1340199.67,3
HAWALA_01433,Circular Transaction Loop; Underground Banking (Hawala),4,1340199.67,3
CIRC_00330,Circular Transaction Loop; Underground Banking (Hawala),4,1340199.67,4
HAWALA_01434,Circular Transaction Loop; Underground Banking (Hawala),4,1340199.67,3
HAWALA_01429,Circular Transaction Loop; Underground Banking (Hawala),4,1340199.67,3
HAWALA_01431,Circular Transaction Loop; Underground Banking (Hawala),4,1340199.67,3
HAWALA_01437,Circular Transaction Loop; Underground Banking (Hawala),4,1340199.67,4
CIRC_00342,Circular Transaction Loop; Underground Banking (Hawala),4,1340199.67,3
CIRC_00341,Circular Transaction Loop; Underground Banking (Hawala),4,1340199.67,3
HAWALA_01423,Circular Transaction Loop; Underground Banking (Hawala),4,1340199.67,3
HAWALA_01422,Circular Transaction Loop; Underground Banking (Hawala),4,1340199.67,4
HAWALA_01435,Circular Transaction Loop; Underground Banking (Hawala),4,1340199.67,3
CIRC_00345,Circular Transaction Loop; Underground Banking (Hawala),4,1340199.67,4
CIRC_00334,Circular Transaction Loop; Underground Banking (Hawala),4,1340199.67,3
CIRC_00339,Circular Transaction Loop; Underground Banking (Hawala),4,1340199.67,3
CIRC_00338,Circular Transaction Loop; Underground Banking (Hawala),4,1340199.67,3
CIRC_00337,Circular Transaction Loop; Underground Banking (Hawala),4,1340199.67,3
CIRC_00336,Circular Transaction Loop; Underground Banking (Hawala),4,1340199.67,3
CIRC_00335,Circular Transaction Loop; Underground Banking (Hawala),4,1340199.67,2
HAWALA_01425,Circular Transaction Loop; Underground Banking (Hawala),4,1340199.67,3
CIRC_00340,Circular Transaction Loop; Underground Banking (Hawala),4,1340199.67,2
HAWALA_01436,Circular Transaction Loop; Underground Banking (Hawala),4,1340199.67,3
HAWALA_01424,Circular Transaction Loop; Underground Banking (Hawala),4,1340199.67,3
CIRC_00343,Circular Transaction Loop; Underground Banking (Hawala),4,1340199.67,3
HAWALA_01426,Circular Transaction Loop; Underground Banking (Hawala),4,1340199.67,3
CIRC_00344,Circular Transaction Loop; Underground Banking (Hawala),4,1340199.67,3
HRCORR_00044,High-Risk Corridor Transfer,4,1339655.14,1
PASS_00304,Pass-Through Transit Hub,1,1337726.66,1
PASS_00410,Pass-Through Transit Hub,1,1337452.17,1
PASS_00389,Pass-Through Transit Hub,2,1337075.41,2
MULE_00064,Money Mule Network,10,1336337.45,4
CHARITY_02770,Charity Abuse,21,1335542.57,9
HAWALA_00451,Underground Banking (Hawala),3,1335375.67,3
HAWALA_00445,Underground Banking (Hawala),3,1335375.67,2
HAWALA_00446,Underground Banking (Hawala),3,1335375.67,2
HAWALA_00447,Underground Banking (Hawala),3,1335375.67,2
HAWALA_00449,Underground Banking (Hawala),3,1335375.67,2
HAWALA_00448,Underground Banking (Hawala),3,1335375.67,2
HAWALA_00444,Underground Banking (Hawala),3,1335375.67,3
HAWALA_00450,Underground Banking (Hawala),3,1335375.67,2
HRCORR_00122,High-Risk Corridor Transfer,5,1335207.1,1
HAWALA_00435,Underground Banking (Hawala),3,1334983.99,2
HAWALA_00429,Underground Banking (Hawala),3,1334983.99,2
HAWALA_00430,Underground Banking (Hawala),3,1334983.99,2
HAWALA_00431,Underground Banking (Hawala),3,1334983.99,3
HAWALA_00432,Underground Banking (Hawala),3,1334983.99,3
HAWALA_00433,Underground Banking (Hawala),3,1334983.99,2
HAWALA_00434,Underground Banking (Hawala),3,1334983.99,2
HAWALA_00428,Underground Banking (Hawala),3,1334983.99,2
HRCORR_00300,High-Risk Corridor Transfer,5,1334639.05,1
CHARITY_01991,Charity Abuse,19,1334220.25,6
HRCORR_00239,High-Risk Corridor Transfer,4,1333944.74,1
CHARITY_02503,Charity Abuse,22,1331994.86,9
HRCORR_00082,High-Risk Corridor Transfer,4,1331852.8599999999,1
CHARITY_01881,Charity Abuse; Funnel Account Network,13,1331228.25,9
FUNNEL_00270,Charity Abuse; Funnel Account Network,19,1330531.23,12
HRCORR_00047,High-Risk Corridor Transfer,4,1330451.68,1
HAWALA_00482,Underground Banking (Hawala),3,1330324.25,3
HAWALA_00477,Underground Banking (Hawala),3,1330324.25,3
HAWALA_00476,Underground Banking (Hawala),3,1330324.25,2
HAWALA_00478,Underground Banking (Hawala),3,1330324.25,2
HAWALA_00483,Underground Banking (Hawala),3,1330324.25,2
HAWALA_00480,Underground Banking (Hawala),3,1330324.25,2
HAWALA_00481,Underground Banking (Hawala),3,1330324.25,2
HAWALA_00479,Underground Banking (Hawala),3,1330324.25,2
HRCORR_00232,High-Risk Corridor Transfer,4,1330128.71,1
PASS_00421,Pass-Through Transit Hub,2,1329674.94,1
HAWALA_00439,Underground Banking (Hawala),3,1329192.81,2
HAWALA_00441,Underground Banking (Hawala),3,1329192.81,2
HAWALA_00436,Underground Banking (Hawala),3,1329192.81,3
HAWALA_00443,Underground Banking (Hawala),3,1329192.81,3
HAWALA_00438,Underground Banking (Hawala),3,1329192.81,2
HAWALA_00437,Underground Banking (Hawala),3,1329192.81,2
HAWALA_00442,Underground Banking (Hawala),3,1329192.81,2
HAWALA_00440,Underground Banking (Hawala),3,1329192.81,2
HRCORR_00022,High-Risk Corridor Transfer,3,1328016.9100000001,1
MULE_00053,Money Mule Network,11,1327545.18,5
CHARITY_01448,Charity Abuse,16,1327030.69,13
CHARITY_00790,Charity Abuse,14,1326824.44,11
HRCORR_00415,High-Risk Corridor Transfer,3,1326351.18,1
PASS_00362,Pass-Through Transit Hub,1,1325034.89,1
PASS_00448,Charity Abuse; Pass-Through Transit Hub,1,1324636.0,1
CHARITY_00342,Charity Abuse; Pass-Through Transit Hub,1,1324636.0,1
PASS_00184,Pass-Through Transit Hub,2,1324592.5899999999,1
PASS_00313,Pass-Through Transit Hub,2,1322810.5,1
CHARITY_01393,Charity Abuse,22,1321494.59,6
PASS_00155,Pass-Through Transit Hub,2,1321448.54,2
CHARITY_01611,Charity Abuse,19,1321417.77,7
HAWALA_00471,Circular Transaction Loop; Underground Banking (Hawala),3,1319778.8,3
HAWALA_00468,Circular Transaction Loop; Underground Banking (Hawala),3,1319778.8,2
CIRC_00117,Circular Transaction Loop; Underground Banking (Hawala),3,1319778.8,3
CIRC_00116,Circular Transaction Loop; Underground Banking (Hawala),3,1319778.8,2
CIRC_00115,Circular Transaction Loop; Underground Banking (Hawala),3,1319778.8,2
CIRC_00114,Circular Transaction Loop; Underground Banking (Hawala),3,1319778.8,2
HAWALA_00469,Circular Transaction Loop; Underground Banking (Hawala),3,1319778.8,2
HAWALA_00470,Circular Transaction Loop; Underground Banking (Hawala),3,1319778.8,2
HRCORR_00127,High-Risk Corridor Transfer,5,1318316.1,1
HRCORR_00149,High-Risk Corridor Transfer,4,1318298.45,1
HRCORR_00275,High-Risk Corridor Transfer,4,1318199.46,1
HRCORR_00477,High-Risk Corridor Transfer,5,1316973.79,1
PASS_00287,Pass-Through Transit Hub,2,1316091.3,2
HRCORR_00002,High-Risk Corridor Transfer,5,1315714.06,1
CHARITY_00389,Charity Abuse,16,1315445.65,10
FUNNEL_00201,Funnel Account Network,6,1315226.98,4
PASS_00104,Pass-Through Transit Hub,1,1313924.42,1
CHARITY_02769,Charity Abuse,18,1313575.72,9
CHARITY_02639,Charity Abuse,21,1313209.1400000001,8
PASS_00425,Pass-Through Transit Hub,2,1312671.37,2
CHARITY_03165,Charity Abuse,24,1311377.18,13
CHARITY_02995,Charity Abuse,25,1310917.59,10
HRCORR_00129,High-Risk Corridor Transfer,6,1310557.32,1
CHARITY_01870,Charity Abuse,22,1310084.76,6
HRCORR_00416,High-Risk Corridor Transfer,6,1308987.32,1
CHARITY_01347,Charity Abuse,17,1308118.28,3
HRCORR_00143,High-Risk Corridor Transfer,5,1307756.24,1
CHARITY_03236,Charity Abuse,13,1307629.73,13
HRCORR_00310,High-Risk Corridor Transfer,4,1307512.51,1
CHARITY_02344,Charity Abuse,21,1306864.41,10
CHARITY_03159,Charity Abuse; Funnel Account Network,17,1306608.1,11
PASS_00063,Pass-Through Transit Hub,2,1305386.77,1
PASS_00400,Pass-Through Transit Hub,1,1305172.65,1
PASS_00448,Pass-Through Transit Hub,1,1304883.13,1
HRCORR_00032,High-Risk Corridor Transfer,4,1303886.98,1
PASS_00334,Pass-Through Transit Hub,2,1303556.67,2
HRCORR_00278,High-Risk Corridor Transfer,5,1303483.0899999999,1
CHARITY_01075,Charity Abuse,21,1303004.69,10
HRCORR_00474,High-Risk Corridor Transfer,4,1302431.98,1
HRCORR_00401,High-Risk Corridor Transfer,5,1302075.6500000001,1
CHARITY_01015,Charity Abuse,39,1301800.2,24
PASS_00541,Pass-Through Transit Hub,1,1301740.16,1
PASS_00097,Pass-Through Transit Hub,2,1301463.92,2
CHARITY_00154,Charity Abuse,16,1301205.55,10
CHARITY_02641,Charity Abuse,17,1297845.48,8
HRCORR_00381,High-Risk Corridor Transfer,5,1297737.5,1
CHARITY_02033,Charity Abuse,15,1296673.15,8
CHARITY_00149,Charity Abuse,22,1296558.05,12
HRCORR_00258,High-Risk Corridor Transfer,4,1296433.94,1
PASS_00712,Pass-Through Transit Hub,2,1295147.6400000001,1
MULE_00060,Money Mule Network,11,1292745.67,3
FUNNEL_00121,Funnel Account Network,12,1291908.99,6
CHARITY_00247,Charity Abuse,25,1291472.3599999999,10
HRCORR_00281,High-Risk Corridor Transfer,5,1291369.98,1
PASS_00304,Charity Abuse; Pass-Through Transit Hub,1,1289204.0,1
CHARITY_02613,Charity Abuse; Pass-Through Transit Hub,1,1289204.0,1
PASS_00434,Pass-Through Transit Hub,2,1288352.98,2
CHARITY_02531,Charity Abuse,16,1287635.97,8
CHARITY_03196,Charity Abuse,19,1285661.81,8
HRCORR_00400,High-Risk Corridor Transfer,4,1284819.19,1
HRCORR_00121,High-Risk Corridor Transfer,5,1284465.45,1
MULE_00055,Money Mule Network,13,1282945.3900000001,4
PASS_00245,Pass-Through Transit Hub,2,1282243.2200000002,1
PASS_00567,Pass-Through Transit Hub,2,1282208.15,1
HAWALA_01541,Underground Banking (Hawala),4,1281957.1,3
HAWALA_01542,Underground Banking (Hawala),4,1281957.1,3
HAWALA_01536,Underground Banking (Hawala),4,1281957.1,3
HAWALA_01535,Underground Banking (Hawala),4,1281957.1,3
HAWALA_01534,Underground Banking (Hawala),4,1281957.1,2
HAWALA_01548,Underground Banking (Hawala),4,1281957.1,3
HAWALA_01547,Underground Banking (Hawala),4,1281957.1,3
HAWALA_01546,Underground Banking (Hawala),4,1281957.1,3
HAWALA_01537,Underground Banking (Hawala),4,1281957.1,3
HAWALA_01538,Underground Banking (Hawala),4,1281957.1,3
HAWALA_01544,Underground Banking (Hawala),4,1281957.1,4
HAWALA_01549,Underground Banking (Hawala),4,1281957.1,2
HAWALA_01545,Underground Banking (Hawala),4,1281957.1,3
HAWALA_01543,Underground Banking (Hawala),4,1281957.1,3
HAWALA_01540,Underground Banking (Hawala),4,1281957.1,3
HAWALA_01539,Underground Banking (Hawala),4,1281957.1,4
HRCORR_00284,High-Risk Corridor Transfer,4,1281242.79,1
HRCORR_00355,High-Risk Corridor Transfer,4,1280749.8399999999,1
CHARITY_00905,Charity Abuse,17,1279328.61,9
CHARITY_00722,Charity Abuse,21,1278826.5,9
CHARITY_03014,Charity Abuse,19,1278217.78,6
PASS_00528,Pass-Through Transit Hub,2,1277600.65,2
CHARITY_01244,Charity Abuse,23,1277311.84,10
HAWALA_00527,Underground Banking (Hawala),3,1277093.6099999999,2
HAWALA_00530,Underground Banking (Hawala),3,1277093.6099999999,2
HAWALA_00531,Underground Banking (Hawala),3,1277093.6099999999,2
HAWALA_00524,Underground Banking (Hawala),3,1277093.6099999999,2
HAWALA_00526,Underground Banking (Hawala),3,1277093.6099999999,3
HAWALA_00529,Underground Banking (Hawala),3,1277093.6099999999,3
HAWALA_00528,Underground Banking (Hawala),3,1277093.6099999999,2
HAWALA_00525,Underground Banking (Hawala),3,1277093.6099999999,2
HRCORR_00511,High-Risk Corridor Transfer,4,1276679.8,1
CHARITY_00807,Charity Abuse,23,1276445.45,10
CHARITY_02440,Charity Abuse,17,1275867.78,9
CHARITY_01782,Charity Abuse; Funnel Account Network,18,1275286.99,16
FUNNEL_00143,Charity Abuse; Funnel Account Network,18,1275286.99,16
FUNNEL_00180,Funnel Account Network,19,1275270.1099999999,6
PASS_00178,Pass-Through Transit Hub,2,1275099.69,2
CHARITY_01377,Charity Abuse; Funnel Account Network,22,1273990.59,15
FUNNEL_00105,Charity Abuse; Funnel Account Network,22,1273990.59,15
HAWALA_01574,Underground Banking (Hawala),4,1273707.33,3
HAWALA_01569,Underground Banking (Hawala),4,1273707.33,4
HAWALA_01566,Underground Banking (Hawala),4,1273707.33,3
HAWALA_01567,Underground Banking (Hawala),4,1273707.33,3
HAWALA_01577,Underground Banking (Hawala),4,1273707.33,3
HAWALA_01568,Underground Banking (Hawala),4,1273707.33,3
HAWALA_01576,Underground Banking (Hawala),4,1273707.33,3
HAWALA_01575,Underground Banking (Hawala),4,1273707.33,2
HAWALA_00585,Underground Banking (Hawala),3,1273696.99,3
HAWALA_00584,Underground Banking (Hawala),3,1273696.99,3
HAWALA_00573,Underground Banking (Hawala),3,1273696.99,3
HAWALA_00582,Underground Banking (Hawala),3,1273696.99,2
HAWALA_00580,Underground Banking (Hawala),3,1273696.99,2
HAWALA_00579,Underground Banking (Hawala),3,1273696.99,3
HAWALA_00587,Underground Banking (Hawala),3,1273696.99,3
HAWALA_00586,Underground Banking (Hawala),3,1273696.99,3
HAWALA_00583,Underground Banking (Hawala),3,1273696.99,2
HAWALA_00577,Underground Banking (Hawala),3,1273696.99,3
HAWALA_00578,Underground Banking (Hawala),3,1273696.99,2
HAWALA_00572,Underground Banking (Hawala),3,1273696.99,2
HAWALA_00574,Underground Banking (Hawala),3,1273696.99,2
HAWALA_00581,Underground Banking (Hawala),3,1273696.99,2
HAWALA_00576,Underground Banking (Hawala),3,1273696.99,2
HAWALA_00575,Underground Banking (Hawala),3,1273696.99,3
FUNNEL_00173,Charity Abuse; Funnel Account Network,19,1273034.02,8
CHARITY_02068,Charity Abuse; Funnel Account Network,19,1273034.02,8
HAWALA_01602,Circular Transaction Loop; Underground Banking (Hawala),4,1272242.07,3
HAWALA_01599,Circular Transaction Loop; Underground Banking (Hawala),4,1272242.07,3
HAWALA_01600,Circular Transaction Loop; Underground Banking (Hawala),4,1272242.07,3
HAWALA_01601,Circular Transaction Loop; Underground Banking (Hawala),4,1272242.07,3
HAWALA_01604,Circular Transaction Loop; Underground Banking (Hawala),4,1272242.07,3
HAWALA_01603,Circular Transaction Loop; Underground Banking (Hawala),4,1272242.07,2
HAWALA_01605,Circular Transaction Loop; Underground Banking (Hawala),4,1272242.07,3
HAWALA_01598,Circular Transaction Loop; Underground Banking (Hawala),4,1272242.07,4
HAWALA_01596,Circular Transaction Loop; Underground Banking (Hawala),4,1272242.07,3
HAWALA_01595,Circular Transaction Loop; Underground Banking (Hawala),4,1272242.07,3
HAWALA_01594,Circular Transaction Loop; Underground Banking (Hawala),4,1272242.07,3
HAWALA_01593,Circular Transaction Loop; Underground Banking (Hawala),4,1272242.07,3
HAWALA_01592,Circular Transaction Loop; Underground Banking (Hawala),4,1272242.07,2
HAWALA_01591,Circular Transaction Loop; Underground Banking (Hawala),4,1272242.07,3
HAWALA_01590,Circular Transaction Loop; Underground Banking (Hawala),4,1272242.07,3
HAWALA_01597,Circular Transaction Loop; Underground Banking (Hawala),4,1272242.07,4
CIRC_00386,Circular Transaction Loop; Underground Banking (Hawala),4,1272242.07,4
CIRC_00387,Circular Transaction Loop; Underground Banking (Hawala),4,1272242.07,3
CIRC_00384,Circular Transaction Loop; Underground Banking (Hawala),4,1272242.07,3
CIRC_00385,Circular Transaction Loop; Underground Banking (Hawala),4,1272242.07,4
CIRC_00383,Circular Transaction Loop; Underground Banking (Hawala),4,1272242.07,3
CIRC_00382,Circular Transaction Loop; Underground Banking (Hawala),4,1272242.07,3
CIRC_00379,Circular Transaction Loop; Underground Banking (Hawala),4,1272242.07,3
CIRC_00378,Circular Transaction Loop; Underground Banking (Hawala),4,1272242.07,3
CIRC_00381,Circular Transaction Loop; Underground Banking (Hawala),4,1272242.07,3
CIRC_00380,Circular Transaction Loop; Underground Banking (Hawala),4,1272242.07,2
CIRC_00393,Circular Transaction Loop; Underground Banking (Hawala),4,1272242.07,3
CIRC_00390,Circular Transaction Loop; Underground Banking (Hawala),4,1272242.07,3
CIRC_00389,Circular Transaction Loop; Underground Banking (Hawala),4,1272242.07,3
CIRC_00388,Circular Transaction Loop; Underground Banking (Hawala),4,1272242.07,3
CIRC_00391,Circular Transaction Loop; Underground Banking (Hawala),4,1272242.07,2
CIRC_00392,Circular Transaction Loop; Underground Banking (Hawala),4,1272242.07,3
HRCORR_00123,High-Risk Corridor Transfer,4,1271551.0899999999,1
CHARITY_00679,Charity Abuse; Pass-Through Transit Hub,1,1270846.91,1
PASS_00400,Charity Abuse; Pass-Through Transit Hub,1,1270846.91,1
MULE_00030,Charity Abuse; Money Mule Network,9,1270274.23,2
PASS_00541,Charity Abuse; Pass-Through Transit Hub,1,1269460.78,1
CHARITY_02611,Charity Abuse; Pass-Through Transit Hub,1,1269460.78,1
CHARITY_03230,Charity Abuse,26,1267798.51,11
HRCORR_00464,High-Risk Corridor Transfer,6,1266407.28,1
CHARITY_02278,Charity Abuse; Pass-Through Transit Hub,1,1265943.03,1
PASS_00693,Charity Abuse; Pass-Through Transit Hub,1,1265943.03,1
CHARITY_02880,Charity Abuse,20,1265152.45,13
HRCORR_00020,High-Risk Corridor Transfer,5,1264790.65,1
PASS_00622,Pass-Through Transit Hub,2,1264247.35,2
PASS_00698,Pass-Through Transit Hub,2,1263869.5,2
CHARITY_02211,Charity Abuse,18,1263427.5,13
PASS_00593,Pass-Through Transit Hub,2,1263384.11,2
HAWALA_01643,Underground Banking (Hawala),4,1262466.6,3
HAWALA_01645,Underground Banking (Hawala),4,1262466.6,4
HAWALA_01646,Underground Banking (Hawala),4,1262466.6,4
HAWALA_01644,Underground Banking (Hawala),4,1262466.6,3
HAWALA_01649,Underground Banking (Hawala),4,1262466.6,3
HAWALA_01639,Underground Banking (Hawala),4,1262466.6,3
HAWALA_01641,Underground Banking (Hawala),4,1262466.6,3
HAWALA_01640,Underground Banking (Hawala),4,1262466.6,2
HAWALA_01642,Underground Banking (Hawala),4,1262466.6,3
HAWALA_01653,Underground Banking (Hawala),4,1262466.6,3
HAWALA_01652,Underground Banking (Hawala),4,1262466.6,3
HAWALA_01651,Underground Banking (Hawala),4,1262466.6,2
HAWALA_01638,Underground Banking (Hawala),4,1262466.6,3
HAWALA_01650,Underground Banking (Hawala),4,1262466.6,3
HAWALA_01647,Underground Banking (Hawala),4,1262466.6,3
HAWALA_01648,Underground Banking (Hawala),4,1262466.6,3
PASS_00358,Pass-Through Transit Hub,2,1261562.67,2
PASS_00580,Pass-Through Transit Hub,2,1261325.38,2
HRCORR_00162,High-Risk Corridor Transfer,4,1260900.49,1
FUNNEL_00067,Charity Abuse; Funnel Account Network,22,1259429.22,12
CHARITY_00873,Charity Abuse; Funnel Account Network,22,1259429.22,12
HRCORR_00361,High-Risk Corridor Transfer,3,1258365.99,1
HRCORR_00179,High-Risk Corridor Transfer,3,1258004.58,1
HRCORR_00387,High-Risk Corridor Transfer,7,1257083.7,1
CHARITY_01234,Charity Abuse,17,1256268.44,9
CHARITY_01426,Charity Abuse,20,1256051.4700000002,10
HAWALA_00676,Underground Banking (Hawala),3,1255337.8399999999,3
HAWALA_00673,Underground Banking (Hawala),3,1255337.8399999999,3
HAWALA_00671,Underground Banking (Hawala),3,1255337.8399999999,3
HAWALA_00670,Underground Banking (Hawala),3,1255337.8399999999,2
HAWALA_00678,Underground Banking (Hawala),3,1255337.8399999999,3
HAWALA_00679,Underground Banking (Hawala),3,1255337.8399999999,3
HAWALA_00677,Underground Banking (Hawala),3,1255337.8399999999,3
HAWALA_00669,Underground Banking (Hawala),3,1255337.8399999999,3
HAWALA_00674,Underground Banking (Hawala),3,1255337.8399999999,2
HAWALA_00668,Underground Banking (Hawala),3,1255337.8399999999,2
HAWALA_00680,Underground Banking (Hawala),3,1255337.8399999999,2
HAWALA_00672,Underground Banking (Hawala),3,1255337.8399999999,2
HAWALA_00682,Underground Banking (Hawala),3,1255337.8399999999,2
HAWALA_00683,Underground Banking (Hawala),3,1255337.8399999999,2
HAWALA_00675,Underground Banking (Hawala),3,1255337.8399999999,3
HAWALA_00681,Underground Banking (Hawala),3,1255337.8399999999,2
CHARITY_00921,Charity Abuse,19,1255158.81,8
HRCORR_00479,High-Risk Corridor Transfer,4,1254655.72,1
HAWALA_01621,Underground Banking (Hawala),4,1254624.22,3
HAWALA_01614,Underground Banking (Hawala),4,1254624.22,3
HAWALA_01616,Underground Banking (Hawala),4,1254624.22,3
HAWALA_01613,Underground Banking (Hawala),4,1254624.22,3
HAWALA_01617,Underground Banking (Hawala),4,1254624.22,2
HAWALA_01620,Underground Banking (Hawala),4,1254624.22,4
HAWALA_01618,Underground Banking (Hawala),4,1254624.22,3
HAWALA_01615,Underground Banking (Hawala),4,1254624.22,3
HAWALA_01606,Underground Banking (Hawala),4,1254624.22,3
HAWALA_01607,Underground Banking (Hawala),4,1254624.22,4
HAWALA_01612,Underground Banking (Hawala),4,1254624.22,3
HAWALA_01608,Underground Banking (Hawala),4,1254624.22,3
HAWALA_01611,Underground Banking (Hawala),4,1254624.22,3
HAWALA_01610,Underground Banking (Hawala),4,1254624.22,2
HAWALA_01609,Underground Banking (Hawala),4,1254624.22,3
HAWALA_01619,Underground Banking (Hawala),4,1254624.22,3
MULE_00035,Money Mule Network,10,1254422.3900000001,5
CHARITY_00262,Charity Abuse; Pass-Through Transit Hub,2,1254167.46,1
CHARITY_00865,Charity Abuse,22,1253673.94,11
HRCORR_00441,High-Risk Corridor Transfer,5,1252720.02,1
CHARITY_02327,Charity Abuse,20,1252436.99,10
CHARITY_00716,Charity Abuse,18,1251406.4999999998,9
CHARITY_02659,Charity Abuse,19,1251201.46,13
HRCORR_00093,High-Risk Corridor Transfer,3,1250932.24,1
CHARITY_01280,Charity Abuse; Funnel Account Network,14,1250406.58,9
FUNNEL_00100,Charity Abuse; Funnel Account Network,14,1250406.58,9
PASS_00518,Pass-Through Transit Hub,2,1250293.21,2
HRCORR_00329,High-Risk Corridor Transfer,3,1249931.55,1
HRCORR_00394,High-Risk Corridor Transfer,5,1249688.09,1
HRCORR_00459,High-Risk Corridor Transfer,5,1248625.51,1
HAWALA_00766,Underground Banking (Hawala),3,1247492.88,3
HAWALA_00764,Underground Banking (Hawala),3,1247492.88,2
HAWALA_00767,Underground Banking (Hawala),3,1247492.88,2
HAWALA_00771,Underground Banking (Hawala),3,1247492.88,2
HAWALA_00770,Underground Banking (Hawala),3,1247492.88,2
HAWALA_00765,Underground Banking (Hawala),3,1247492.88,2
HAWALA_00768,Underground Banking (Hawala),3,1247492.88,2
HAWALA_00769,Underground Banking (Hawala),3,1247492.88,3
CHARITY_01305,Charity Abuse,20,1246988.86,13
HAWALA_00015,Underground Banking (Hawala),2,1246446.52,2
PASS_00164,Pass-Through Transit Hub,2,1246373.3,2
CHARITY_02237,Charity Abuse; Funnel Account Network,34,1246258.35,32
CHARITY_00996,Charity Abuse,18,1244389.57,7
CHARITY_01632,Charity Abuse,28,1244263.27,14
HAWALA_00810,Underground Banking (Hawala),3,1243576.0,2
HAWALA_00811,Underground Banking (Hawala),3,1243576.0,2
HAWALA_00808,Underground Banking (Hawala),3,1243576.0,3
HAWALA_00807,Underground Banking (Hawala),3,1243576.0,3
HAWALA_00809,Underground Banking (Hawala),3,1243576.0,2
HAWALA_00804,Underground Banking (Hawala),3,1243576.0,2
HAWALA_00806,Underground Banking (Hawala),3,1243576.0,2
HAWALA_00805,Underground Banking (Hawala),3,1243576.0,2
PASS_00215,Pass-Through Transit Hub,2,1243505.01,2
HAWALA_00707,Underground Banking (Hawala),3,1243385.3199999998,3
HAWALA_00708,Underground Banking (Hawala),3,1243385.3199999998,2
HAWALA_00704,Underground Banking (Hawala),3,1243385.3199999998,2
HAWALA_00713,Underground Banking (Hawala),3,1243385.3199999998,2
HAWALA_00714,Underground Banking (Hawala),3,1243385.3199999998,3
HAWALA_00712,Underground Banking (Hawala),3,1243385.3199999998,2
HAWALA_00711,Underground Banking (Hawala),3,1243385.3199999998,2
HAWALA_00702,Underground Banking (Hawala),3,1243385.3199999998,3
HAWALA_00715,Underground Banking (Hawala),3,1243385.3199999998,3
HAWALA_00710,Underground Banking (Hawala),3,1243385.3199999998,2
HAWALA_00709,Underground Banking (Hawala),3,1243385.3199999998,2
HAWALA_00700,Underground Banking (Hawala),3,1243385.3199999998,3
HAWALA_00705,Underground Banking (Hawala),3,1243385.3199999998,2
HAWALA_00703,Underground Banking (Hawala),3,1243385.3199999998,3
HAWALA_00706,Underground Banking (Hawala),3,1243385.3199999998,3
HAWALA_00701,Underground Banking (Hawala),3,1243385.3199999998,3
PASS_00350,Pass-Through Transit Hub,2,1243223.28,2
CHARITY_01020,Charity Abuse,18,1242984.76,5
CHARITY_02378,Charity Abuse,29,1242338.4,12
CIRC_00169,Circular Transaction Loop; Underground Banking (Hawala),3,1241981.6099999999,2
CIRC_00168,Circular Transaction Loop; Underground Banking (Hawala),3,1241981.6099999999,2
CIRC_00163,Circular Transaction Loop; Underground Banking (Hawala),3,1241981.6099999999,2
CIRC_00164,Circular Transaction Loop; Underground Banking (Hawala),3,1241981.6099999999,3
CIRC_00167,Circular Transaction Loop; Underground Banking (Hawala),3,1241981.6099999999,3
CIRC_00162,Circular Transaction Loop; Underground Banking (Hawala),3,1241981.6099999999,2
CIRC_00166,Circular Transaction Loop; Underground Banking (Hawala),3,1241981.6099999999,2
CIRC_00165,Circular Transaction Loop; Underground Banking (Hawala),3,1241981.6099999999,2
HAWALA_00720,Circular Transaction Loop; Underground Banking (Hawala),3,1241981.6099999999,2
HAWALA_00719,Circular Transaction Loop; Underground Banking (Hawala),3,1241981.6099999999,2
HAWALA_00718,Circular Transaction Loop; Underground Banking (Hawala),3,1241981.6099999999,3
HAWALA_00717,Circular Transaction Loop; Underground Banking (Hawala),3,1241981.6099999999,2
HAWALA_00716,Circular Transaction Loop; Underground Banking (Hawala),3,1241981.6099999999,2
HAWALA_00723,Circular Transaction Loop; Underground Banking (Hawala),3,1241981.6099999999,2
HAWALA_00722,Circular Transaction Loop; Underground Banking (Hawala),3,1241981.6099999999,2
HAWALA_00721,Circular Transaction Loop; Underground Banking (Hawala),3,1241981.6099999999,3
HRCORR_00148,High-Risk Corridor Transfer,4,1241006.59,1
HRCORR_00126,High-Risk Corridor Transfer,5,1240432.92,1
HRCORR_00204,High-Risk Corridor Transfer,4,1240303.17,1
CHARITY_03093,Charity Abuse,14,1239844.83,6
FUNNEL_00013,Funnel Account Network,10,1239057.83,5
HRCORR_00476,High-Risk Corridor Transfer,4,1238314.48,1
CHARITY_02448,Charity Abuse; Funnel Account Network,7,1238288.49,6
FUNNEL_00208,Charity Abuse; Funnel Account Network,7,1238288.49,6
HRCORR_00110,High-Risk Corridor Transfer,4,1238079.47,1
CHARITY_02662,Charity Abuse,17,1237963.69,8
HAWALA_00863,Underground Banking (Hawala),3,1237953.78,3
HAWALA_00864,Underground Banking (Hawala),3,1237953.78,3
HAWALA_00861,Underground Banking (Hawala),3,1237953.78,3
HAWALA_00862,Underground Banking (Hawala),3,1237953.78,2
HAWALA_00866,Underground Banking (Hawala),3,1237953.78,2
HAWALA_00872,Underground Banking (Hawala),3,1237953.78,3
HAWALA_00871,Underground Banking (Hawala),3,1237953.78,2
HAWALA_00875,Underground Banking (Hawala),3,1237953.78,2
HAWALA_00860,Underground Banking (Hawala),3,1237953.78,3
HAWALA_00865,Underground Banking (Hawala),3,1237953.78,3
HAWALA_00870,Underground Banking (Hawala),3,1237953.78,2
HAWALA_00869,Underground Banking (Hawala),3,1237953.78,2
HAWALA_00868,Underground Banking (Hawala),3,1237953.78,3
HAWALA_00874,Underground Banking (Hawala),3,1237953.78,2
HAWALA_00873,Underground Banking (Hawala),3,1237953.78,2
HAWALA_00867,Underground Banking (Hawala),3,1237953.78,3
HRCORR_00171,High-Risk Corridor Transfer,5,1237835.63,1
HRCORR_00407,High-Risk Corridor Transfer,4,1237644.75,1
CHARITY_02219,Charity Abuse,24,1237336.77,11
CHARITY_02037,Charity Abuse,18,1237138.03,6
PASS_00023,Pass-Through Transit Hub,2,1236822.29,2
HRCORR_00155,High-Risk Corridor Transfer,4,1236816.73,1
CHARITY_02847,Charity Abuse; Funnel Account Network,16,1236662.6600000001,11
FUNNEL_00241,Charity Abuse; Funnel Account Network,16,1236662.6600000001,11
PASS_00387,Pass-Through Transit Hub,2,1236622.3199999998,2
HAWALA_01703,Underground Banking (Hawala),4,1236547.6,2
HAWALA_01714,Underground Banking (Hawala),4,1236547.6,3
HAWALA_01712,Underground Banking (Hawala),4,1236547.6,3
HAWALA_01702,Underground Banking (Hawala),4,1236547.6,3
HAWALA_01704,Underground Banking (Hawala),4,1236547.6,3
HAWALA_01710,Underground Banking (Hawala),4,1236547.6,3
HAWALA_01711,Underground Banking (Hawala),4,1236547.6,3
HAWALA_01707,Underground Banking (Hawala),4,1236547.6,3
HAWALA_01713,Underground Banking (Hawala),4,1236547.6,4
HAWALA_01705,Underground Banking (Hawala),4,1236547.6,3
HAWALA_01716,Underground Banking (Hawala),4,1236547.6,2
HAWALA_01717,Underground Banking (Hawala),4,1236547.6,3
HAWALA_01715,Underground Banking (Hawala),4,1236547.6,3
HAWALA_01708,Underground Banking (Hawala),4,1236547.6,3
HAWALA_01706,Underground Banking (Hawala),4,1236547.6,4
HAWALA_01709,Underground Banking (Hawala),4,1236547.6,3
PASS_00500,Pass-Through Transit Hub,2,1236205.7000000002,2
CHARITY_00143,Charity Abuse,22,1235408.43,11
HRCORR_00005,High-Risk Corridor Transfer,4,1235170.3900000001,1
CHARITY_00736,Charity Abuse,20,1235006.23,10
HRCORR_00051,High-Risk Corridor Transfer,4,1234889.78,1
HAWALA_00829,Circular Transaction Loop; Underground Banking (Hawala),3,1234696.6400000001,3
HAWALA_00834,Circular Transaction Loop; Underground Banking (Hawala),3,1234696.6400000001,3
HAWALA_00833,Circular Transaction Loop; Underground Banking (Hawala),3,1234696.6400000001,2
HAWALA_00835,Circular Transaction Loop; Underground Banking (Hawala),3,1234696.6400000001,2
CIRC_00176,Circular Transaction Loop; Underground Banking (Hawala),3,1234696.6400000001,3
CIRC_00175,Circular Transaction Loop; Underground Banking (Hawala),3,1234696.6400000001,2
CIRC_00177,Circular Transaction Loop; Underground Banking (Hawala),3,1234696.6400000001,2
CIRC_00170,Circular Transaction Loop; Underground Banking (Hawala),3,1234696.6400000001,2
CIRC_00172,Circular Transaction Loop; Underground Banking (Hawala),3,1234696.6400000001,2
CIRC_00173,Circular Transaction Loop; Underground Banking (Hawala),3,1234696.6400000001,2
CIRC_00171,Circular Transaction Loop; Underground Banking (Hawala),3,1234696.6400000001,3
CIRC_00174,Circular Transaction Loop; Underground Banking (Hawala),3,1234696.6400000001,2
HAWALA_00831,Circular Transaction Loop; Underground Banking (Hawala),3,1234696.6400000001,2
HAWALA_00830,Circular Transaction Loop; Underground Banking (Hawala),3,1234696.6400000001,2
HAWALA_00832,Circular Transaction Loop; Underground Banking (Hawala),3,1234696.6400000001,2
HAWALA_00828,Circular Transaction Loop; Underground Banking (Hawala),3,1234696.6400000001,2
FUNNEL_00106,Charity Abuse; Funnel Account Network,23,1234147.16,7
CHARITY_01380,Charity Abuse; Funnel Account Network,23,1234147.16,7
HAWALA_00876,Underground Banking (Hawala),3,1233912.21,3
CHARITY_00082,Charity Abuse,27,1231794.07,7
HAWALA_00844,Underground Banking (Hawala),3,1231717.52,3
HAWALA_00845,Underground Banking (Hawala),3,1231717.52,2
HAWALA_00849,Underground Banking (Hawala),3,1231717.52,2
HAWALA_00851,Underground Banking (Hawala),3,1231717.52,3
HAWALA_00848,Underground Banking (Hawala),3,1231717.52,2
HAWALA_00846,Underground Banking (Hawala),3,1231717.52,2
HAWALA_00847,Underground Banking (Hawala),3,1231717.52,2
HAWALA_00850,Underground Banking (Hawala),3,1231717.52,2
FUNNEL_00200,Funnel Account Network,34,1229680.73,30
PASS_00077,Pass-Through Transit Hub,2,1227990.79,2
CHARITY_00455,Charity Abuse,17,1227932.23,4
PASS_00175,Pass-Through Transit Hub,2,1227598.84,2
HAWALA_00826,Underground Banking (Hawala),3,1227226.65,2
HAWALA_00819,Underground Banking (Hawala),3,1227226.65,3
HAWALA_00812,Underground Banking (Hawala),3,1227226.65,3
HAWALA_00813,Underground Banking (Hawala),3,1227226.65,3
HAWALA_00815,Underground Banking (Hawala),3,1227226.65,3
HAWALA_00823,Underground Banking (Hawala),3,1227226.65,2
HAWALA_00824,Underground Banking (Hawala),3,1227226.65,3
HAWALA_00827,Underground Banking (Hawala),3,1227226.65,2
HAWALA_00821,Underground Banking (Hawala),3,1227226.65,2
HAWALA_00822,Underground Banking (Hawala),3,1227226.65,2
HAWALA_00820,Underground Banking (Hawala),3,1227226.65,3
HAWALA_00825,Underground Banking (Hawala),3,1227226.65,2
HAWALA_00814,Underground Banking (Hawala),3,1227226.65,2
HAWALA_00816,Underground Banking (Hawala),3,1227226.65,3
HAWALA_00818,Underground Banking (Hawala),3,1227226.65,2
HAWALA_00817,Underground Banking (Hawala),3,1227226.65,3
CHARITY_00507,Charity Abuse,20,1226826.59,11
PASS_00693,Pass-Through Transit Hub,1,1226188.11,1
HRCORR_00397,High-Risk Corridor Transfer,5,1225228.66,1
PASS_00408,Pass-Through Transit Hub,2,1222874.74,1
CHARITY_02599,Charity Abuse,25,1220085.33,12
PASS_00059,Pass-Through Transit Hub,1,1220041.61,1
CHARITY_02384,Charity Abuse,17,1219008.01,12
MULE_00051,Money Mule Network,10,1218521.12,6
HAWALA_00856,Underground Banking (Hawala),3,1218506.3,2
HAWALA_00853,Underground Banking (Hawala),3,1218506.3,3
HAWALA_00858,Underground Banking (Hawala),3,1218506.3,3
HAWALA_00857,Underground Banking (Hawala),3,1218506.3,2
HAWALA_00852,Underground Banking (Hawala),3,1218506.3,2
HAWALA_00859,Underground Banking (Hawala),3,1218506.3,2
HAWALA_00854,Underground Banking (Hawala),3,1218506.3,2
HAWALA_00855,Underground Banking (Hawala),3,1218506.3,2
CHARITY_01316,Charity Abuse,20,1218003.44,8
CHARITY_00316,Charity Abuse,20,1217894.98,10
CHARITY_02217,Charity Abuse,18,1217765.98,8
PASS_00624,Pass-Through Transit Hub,2,1217674.83,2
HAWALA_00932,Underground Banking (Hawala),3,1216414.55,2
HAWALA_00927,Underground Banking (Hawala),3,1216414.55,3
HAWALA_00929,Underground Banking (Hawala),3,1216414.55,2
HAWALA_00928,Underground Banking (Hawala),3,1216414.55,2
HAWALA_00931,Underground Banking (Hawala),3,1216414.55,2
HAWALA_00925,Underground Banking (Hawala),3,1216414.55,2
HAWALA_00926,Underground Banking (Hawala),3,1216414.55,2
HAWALA_00930,Underground Banking (Hawala),3,1216414.55,3
HRCORR_00513,High-Risk Corridor Transfer,4,1216052.72,1
HAWALA_01750,Underground Banking (Hawala),4,1215247.1099999999,3
HAWALA_01751,Underground Banking (Hawala),4,1215247.1099999999,4
HAWALA_01753,Underground Banking (Hawala),4,1215247.1099999999,3
HAWALA_01763,Underground Banking (Hawala),4,1215247.1099999999,3
HAWALA_01764,Underground Banking (Hawala),4,1215247.1099999999,4
HAWALA_01754,Underground Banking (Hawala),4,1215247.1099999999,2
HAWALA_01765,Underground Banking (Hawala),4,1215247.1099999999,3
HAWALA_01752,Underground Banking (Hawala),4,1215247.1099999999,3
HAWALA_01759,Underground Banking (Hawala),4,1215247.1099999999,3
HAWALA_01760,Underground Banking (Hawala),4,1215247.1099999999,3
HAWALA_01761,Underground Banking (Hawala),4,1215247.1099999999,2
HAWALA_01762,Underground Banking (Hawala),4,1215247.1099999999,3
HAWALA_01755,Underground Banking (Hawala),4,1215247.1099999999,3
HAWALA_01756,Underground Banking (Hawala),4,1215247.1099999999,3
HAWALA_01757,Underground Banking (Hawala),4,1215247.1099999999,3
HAWALA_01758,Underground Banking (Hawala),4,1215247.1099999999,3
CHARITY_03029,Charity Abuse,18,1215132.8,8
PASS_00669,Pass-Through Transit Hub,2,1215126.66,2
CHARITY_00859,Charity Abuse,25,1214616.6800000002,14
PASS_00303,Pass-Through Transit Hub,2,1214601.45,1
HRCORR_00224,High-Risk Corridor Transfer,4,1212600.36,1
HRCORR_00208,High-Risk Corridor Transfer,4,1212287.12,1
CHARITY_00449,Charity Abuse,13,1211721.32,9
HRCORR_00398,High-Risk Corridor Transfer,4,1211227.31,1
CHARITY_02106,Charity Abuse,16,1210916.21,10
PASS_00490,Pass-Through Transit Hub,2,1210768.28,2
FUNNEL_00084,Funnel Account Network,15,1210083.9,7
HRCORR_00150,High-Risk Corridor Transfer,4,1209925.06,1
CHARITY_00134,Charity Abuse,18,1209009.3499999999,13
CHARITY_01554,Charity Abuse,24,1207210.54,21
CHARITY_03287,Charity Abuse,14,1205644.33,7
HRCORR_00138,High-Risk Corridor Transfer,4,1205299.0,1
PASS_00685,Pass-Through Transit Hub,2,1204840.3199999998,2
HRCORR_00451,High-Risk Corridor Transfer,3,1204535.8,1
PASS_00005,Pass-Through Transit Hub,2,1203869.54,2
CHARITY_02993,Charity Abuse,19,1203592.77,16
HAWALA_00881,Underground Banking (Hawala),3,1203346.11,2
HAWALA_00884,Underground Banking (Hawala),3,1203346.11,3
HAWALA_00883,Underground Banking (Hawala),3,1203346.11,2
HAWALA_00877,Underground Banking (Hawala),3,1203346.11,3
HAWALA_00882,Underground Banking (Hawala),3,1203346.11,2
HAWALA_00878,Underground Banking (Hawala),3,1203346.11,2
HAWALA_00879,Underground Banking (Hawala),3,1203346.11,2
HAWALA_00880,Underground Banking (Hawala),3,1203346.11,2
PASS_00414,Pass-Through Transit Hub,2,1201596.8199999998,2
FUNNEL_00016,Funnel Account Network,16,1201580.74,7
PASS_00069,Pass-Through Transit Hub,2,1201528.95,2
CHARITY_02050,Charity Abuse,17,1201373.73,10
CHARITY_00980,Charity Abuse,23,1201200.71,7
HAWALA_00973,Underground Banking (Hawala),3,1199853.88,2
HAWALA_00970,Underground Banking (Hawala),3,1199853.88,2
HAWALA_00971,Underground Banking (Hawala),3,1199853.88,2
HAWALA_00968,Underground Banking (Hawala),3,1199853.88,3
HAWALA_00969,Underground Banking (Hawala),3,1199853.88,2
HAWALA_00972,Underground Banking (Hawala),3,1199853.88,2
HAWALA_00966,Underground Banking (Hawala),3,1199853.88,2
HAWALA_00977,Underground Banking (Hawala),3,1199853.88,3
HAWALA_00978,Underground Banking (Hawala),3,1199853.88,3
HAWALA_00974,Underground Banking (Hawala),3,1199853.88,2
HAWALA_00976,Underground Banking (Hawala),3,1199853.88,3
HAWALA_00965,Underground Banking (Hawala),3,1199853.88,2
HAWALA_00979,Underground Banking (Hawala),3,1199853.88,3
HAWALA_00967,Underground Banking (Hawala),3,1199853.88,3
HAWALA_00975,Underground Banking (Hawala),3,1199853.88,3
HAWALA_00980,Underground Banking (Hawala),3,1199853.88,3
CHARITY_01250,Charity Abuse; Funnel Account Network,22,1199453.01,18
CHARITY_00774,Charity Abuse,21,1199348.23,8
CHARITY_02062,Charity Abuse,23,1199075.32,13
CHARITY_02558,Charity Abuse,22,1197200.8,9
HRCORR_00362,High-Risk Corridor Transfer,3,1196703.28,1
CHARITY_01317,Charity Abuse,21,1196496.12,4
HRCORR_00255,High-Risk Corridor Transfer,4,1196203.21,1
PASS_00585,Pass-Through Transit Hub,2,1194132.63,1
CHARITY_01497,Charity Abuse,29,1192674.8499999999,9
CHARITY_02598,Charity Abuse,21,1191978.06,10
FUNNEL_00165,Charity Abuse; Funnel Account Network,14,1190735.19,5
CHARITY_01962,Charity Abuse; Funnel Account Network,14,1190735.19,5
FUNNEL_00098,Charity Abuse; Funnel Account Network,23,1190527.86,17
HRCORR_00357,High-Risk Corridor Transfer,6,1188673.54,1
CHARITY_00276,Charity Abuse,27,1188585.16,9
PASS_00342,Pass-Through Transit Hub,2,1188233.01,2
HRCORR_00196,Charity Abuse; High-Risk Corridor Transfer,3,1187119.22,1
CHARITY_01205,Charity Abuse; High-Risk Corridor Transfer,3,1187119.22,1
CHARITY_02034,Charity Abuse,22,1186877.47,8
CHARITY_02916,Charity Abuse; Funnel Account Network,17,1186816.4200000002,13
HRCORR_00218,High-Risk Corridor Transfer,4,1185994.62,1
HRCORR_00339,High-Risk Corridor Transfer,4,1185894.46,1
HRCORR_00189,High-Risk Corridor Transfer,4,1185612.65,1
CHARITY_00951,Charity Abuse,14,1185486.79,5
HRCORR_00213,High-Risk Corridor Transfer,4,1185261.01,1
PASS_00451,Pass-Through Transit Hub,2,1184929.96,1
CHARITY_01856,Charity Abuse,19,1184911.04,13
HAWALA_00986,Underground Banking (Hawala),3,1183183.87,3
HAWALA_00985,Underground Banking (Hawala),3,1183183.87,2
HAWALA_00988,Underground Banking (Hawala),3,1183183.87,2
HAWALA_00987,Underground Banking (Hawala),3,1183183.87,2
HAWALA_00984,Underground Banking (Hawala),3,1183183.87,2
HAWALA_00983,Underground Banking (Hawala),3,1183183.87,3
HAWALA_00981,Underground Banking (Hawala),3,1183183.87,2
HAWALA_00982,Underground Banking (Hawala),3,1183183.87,2
HRCORR_00483,High-Risk Corridor Transfer,4,1182939.26,1
CHARITY_01192,Charity Abuse,18,1182889.8399999999,5
PASS_00690,Pass-Through Transit Hub,2,1182091.63,2
CHARITY_00117,Charity Abuse,17,1181672.3,6
CHARITY_00722,Charity Abuse; Pass-Through Transit Hub,1,1181660.02,1
PASS_00059,Charity Abuse; Pass-Through Transit Hub,1,1181660.02,1
HRCORR_00269,High-Risk Corridor Transfer,4,1180612.53,1
CHARITY_02119,Charity Abuse,21,1179874.22,13
FUNNEL_00176,Funnel Account Network,21,1178673.3900000001,15
CHARITY_01993,Charity Abuse,25,1177518.06,10
CHARITY_01268,Charity Abuse,22,1177336.51,13
CHARITY_02819,Charity Abuse,16,1174379.43,7
CHARITY_00167,Charity Abuse,21,1174321.09,8
HRCORR_00323,High-Risk Corridor Transfer,4,1172714.83,1
HAWALA_01027,Circular Transaction Loop; Underground Banking (Hawala),3,1172260.97,3
HAWALA_01022,Circular Transaction Loop; Underground Banking (Hawala),3,1172260.97,3
HAWALA_01023,Circular Transaction Loop; Underground Banking (Hawala),3,1172260.97,3
HAWALA_01021,Circular Transaction Loop; Underground Banking (Hawala),3,1172260.97,3
HAWALA_01028,Circular Transaction Loop; Underground Banking (Hawala),3,1172260.97,3
HAWALA_01025,Circular Transaction Loop; Underground Banking (Hawala),3,1172260.97,2
CIRC_00180,Circular Transaction Loop; Underground Banking (Hawala),3,1172260.97,3
CIRC_00179,Circular Transaction Loop; Underground Banking (Hawala),3,1172260.97,3
HAWALA_01026,Circular Transaction Loop; Underground Banking (Hawala),3,1172260.97,2
CIRC_00191,Circular Transaction Loop; Underground Banking (Hawala),3,1172260.97,2
CIRC_00184,Circular Transaction Loop; Underground Banking (Hawala),3,1172260.97,3
CIRC_00186,Circular Transaction Loop; Underground Banking (Hawala),3,1172260.97,2
CIRC_00185,Circular Transaction Loop; Underground Banking (Hawala),3,1172260.97,3
CIRC_00187,Circular Transaction Loop; Underground Banking (Hawala),3,1172260.97,2
CIRC_00190,Circular Transaction Loop; Underground Banking (Hawala),3,1172260.97,2
CIRC_00189,Circular Transaction Loop; Underground Banking (Hawala),3,1172260.97,2
CIRC_00188,Circular Transaction Loop; Underground Banking (Hawala),3,1172260.97,2
CIRC_00192,Circular Transaction Loop; Underground Banking (Hawala),3,1172260.97,3
CIRC_00193,Circular Transaction Loop; Underground Banking (Hawala),3,1172260.97,3
CIRC_00178,Circular Transaction Loop; Underground Banking (Hawala),3,1172260.97,3
HAWALA_01024,Circular Transaction Loop; Underground Banking (Hawala),3,1172260.97,3
HAWALA_01036,Circular Transaction Loop; Underground Banking (Hawala),3,1172260.97,3
CIRC_00183,Circular Transaction Loop; Underground Banking (Hawala),3,1172260.97,2
CIRC_00181,Circular Transaction Loop; Underground Banking (Hawala),3,1172260.97,3
CIRC_00182,Circular Transaction Loop; Underground Banking (Hawala),3,1172260.97,2
HAWALA_01033,Circular Transaction Loop; Underground Banking (Hawala),3,1172260.97,2
HAWALA_01034,Circular Transaction Loop; Underground Banking (Hawala),3,1172260.97,2
HAWALA_01030,Circular Transaction Loop; Underground Banking (Hawala),3,1172260.97,2
HAWALA_01035,Circular Transaction Loop; Underground Banking (Hawala),3,1172260.97,3
HAWALA_01032,Circular Transaction Loop; Underground Banking (Hawala),3,1172260.97,2
HAWALA_01031,Circular Transaction Loop; Underground Banking (Hawala),3,1172260.97,2
HAWALA_01029,Circular Transaction Loop; Underground Banking (Hawala),3,1172260.97,2
PASS_00008,Pass-Through Transit Hub,2,1172248.3,2
CHARITY_03234,Charity Abuse,20,1171245.3900000001,14
HRCORR_00192,High-Risk Corridor Transfer,4,1171211.48,1
CHARITY_03239,Charity Abuse,23,1170787.5,12
FUNNEL_00163,Charity Abuse; Funnel Account Network,11,1170190.52,10
MULE_00080,Money Mule Network,12,1170062.09,7
CHARITY_02588,Charity Abuse,19,1169272.69,9
CHARITY_02052,Charity Abuse,18,1168946.35,12
FUNNEL_00193,Funnel Account Network,18,1168556.3,11
PASS_00092,Pass-Through Transit Hub,2,1168453.3900000001,1
FUNNEL_00056,Funnel Account Network,18,1168286.49,14
HRCORR_00514,High-Risk Corridor Transfer,3,1167841.49,1
HAWALA_01039,Underground Banking (Hawala),3,1167680.38,2
HAWALA_01042,Underground Banking (Hawala),3,1167680.38,2
HAWALA_01040,Underground Banking (Hawala),3,1167680.38,3
HAWALA_01038,Underground Banking (Hawala),3,1167680.38,2
HAWALA_01037,Underground Banking (Hawala),3,1167680.38,2
HAWALA_01041,Underground Banking (Hawala),3,1167680.38,3
HAWALA_01043,Underground Banking (Hawala),3,1167680.38,2
HAWALA_01044,Underground Banking (Hawala),3,1167680.38,2
CHARITY_01191,Charity Abuse,20,1167556.97,11
MULE_00012,Money Mule Network,11,1166621.32,6
MULE_00068,Money Mule Network,9,1166394.68,4
CHARITY_03176,Charity Abuse,15,1165761.86,8
CHARITY_00544,Charity Abuse,21,1165406.74,9
HRCORR_00098,High-Risk Corridor Transfer,4,1165398.31,1
CHARITY_01859,Charity Abuse,14,1165146.6,6
HAWALA_01067,Circular Transaction Loop; Underground Banking (Hawala),3,1164816.26,2
HAWALA_01061,Circular Transaction Loop; Underground Banking (Hawala),3,1164816.26,3
HAWALA_01068,Circular Transaction Loop; Underground Banking (Hawala),3,1164816.26,3
HAWALA_01065,Circular Transaction Loop; Underground Banking (Hawala),3,1164816.26,2
HAWALA_01063,Circular Transaction Loop; Underground Banking (Hawala),3,1164816.26,2
HAWALA_01064,Circular Transaction Loop; Underground Banking (Hawala),3,1164816.26,2
CIRC_00237,Circular Transaction Loop; Underground Banking (Hawala),3,1164816.26,2
CIRC_00238,Circular Transaction Loop; Underground Banking (Hawala),3,1164816.26,2
CIRC_00236,Circular Transaction Loop; Underground Banking (Hawala),3,1164816.26,2
CIRC_00241,Circular Transaction Loop; Underground Banking (Hawala),3,1164816.26,3
HAWALA_01066,Circular Transaction Loop; Underground Banking (Hawala),3,1164816.26,2
CIRC_00239,Circular Transaction Loop; Underground Banking (Hawala),3,1164816.26,2
CIRC_00240,Circular Transaction Loop; Underground Banking (Hawala),3,1164816.26,2
CIRC_00234,Circular Transaction Loop; Underground Banking (Hawala),3,1164816.26,3
CIRC_00235,Circular Transaction Loop; Underground Banking (Hawala),3,1164816.26,2
HAWALA_01062,Circular Transaction Loop; Underground Banking (Hawala),3,1164816.26,2
CHARITY_00012,Charity Abuse,25,1163634.8599999999,11
HRCORR_00486,High-Risk Corridor Transfer,4,1163581.0899999999,1
PASS_00332,Pass-Through Transit Hub,2,1162495.65,2
CIRC_00194,Circular Transaction Loop; Underground Banking (Hawala),3,1162459.69,2
CIRC_00195,Circular Transaction Loop; Underground Banking (Hawala),3,1162459.69,2
CIRC_00196,Circular Transaction Loop; Underground Banking (Hawala),3,1162459.69,2
HAWALA_01058,Circular Transaction Loop; Underground Banking (Hawala),3,1162459.69,2
HAWALA_01060,Circular Transaction Loop; Underground Banking (Hawala),3,1162459.69,2
HAWALA_01055,Circular Transaction Loop; Underground Banking (Hawala),3,1162459.69,2
CIRC_00201,Circular Transaction Loop; Underground Banking (Hawala),3,1162459.69,2
HAWALA_01059,Circular Transaction Loop; Underground Banking (Hawala),3,1162459.69,2
HAWALA_01057,Circular Transaction Loop; Underground Banking (Hawala),3,1162459.69,3
HAWALA_01054,Circular Transaction Loop; Underground Banking (Hawala),3,1162459.69,2
HAWALA_01053,Circular Transaction Loop; Underground Banking (Hawala),3,1162459.69,2
HAWALA_01056,Circular Transaction Loop; Underground Banking (Hawala),3,1162459.69,3
CIRC_00198,Circular Transaction Loop; Underground Banking (Hawala),3,1162459.69,3
CIRC_00197,Circular Transaction Loop; Underground Banking (Hawala),3,1162459.69,3
CIRC_00200,Circular Transaction Loop; Underground Banking (Hawala),3,1162459.69,2
CIRC_00199,Circular Transaction Loop; Underground Banking (Hawala),3,1162459.69,2
CHARITY_01940,Charity Abuse; Funnel Account Network,10,1161925.96,9
CHARITY_00163,Charity Abuse,20,1161581.58,6
HAWALA_01071,Circular Transaction Loop; Underground Banking (Hawala),3,1161239.98,3
CIRC_00254,Circular Transaction Loop; Underground Banking (Hawala),3,1161239.98,2
HAWALA_01073,Circular Transaction Loop; Underground Banking (Hawala),3,1161239.98,3
CIRC_00242,Circular Transaction Loop; Underground Banking (Hawala),3,1161239.98,2
HAWALA_01069,Circular Transaction Loop; Underground Banking (Hawala),3,1161239.98,2
CIRC_00249,Circular Transaction Loop; Underground Banking (Hawala),3,1161239.98,3
CIRC_00250,Circular Transaction Loop; Underground Banking (Hawala),3,1161239.98,2
CIRC_00248,Circular Transaction Loop; Underground Banking (Hawala),3,1161239.98,3
CIRC_00246,Circular Transaction Loop; Underground Banking (Hawala),3,1161239.98,3
CIRC_00245,Circular Transaction Loop; Underground Banking (Hawala),3,1161239.98,3
CIRC_00247,Circular Transaction Loop; Underground Banking (Hawala),3,1161239.98,3
CIRC_00253,Circular Transaction Loop; Underground Banking (Hawala),3,1161239.98,3
CIRC_00255,Circular Transaction Loop; Underground Banking (Hawala),3,1161239.98,2
CIRC_00251,Circular Transaction Loop; Underground Banking (Hawala),3,1161239.98,2
HAWALA_01072,Circular Transaction Loop; Underground Banking (Hawala),3,1161239.98,3
HAWALA_01070,Circular Transaction Loop; Underground Banking (Hawala),3,1161239.98,2
CIRC_00252,Circular Transaction Loop; Underground Banking (Hawala),3,1161239.98,3
CIRC_00244,Circular Transaction Loop; Underground Banking (Hawala),3,1161239.98,3
CIRC_00257,Circular Transaction Loop; Underground Banking (Hawala),3,1161239.98,2
CIRC_00243,Circular Transaction Loop; Underground Banking (Hawala),3,1161239.98,2
CIRC_00256,Circular Transaction Loop; Underground Banking (Hawala),3,1161239.98,2
HAWALA_01074,Circular Transaction Loop; Underground Banking (Hawala),3,1161239.98,3
HAWALA_01077,Circular Transaction Loop; Underground Banking (Hawala),3,1161239.98,2
HAWALA_01079,Circular Transaction Loop; Underground Banking (Hawala),3,1161239.98,3
HAWALA_01081,Circular Transaction Loop; Underground Banking (Hawala),3,1161239.98,2
HAWALA_01078,Circular Transaction Loop; Underground Banking (Hawala),3,1161239.98,2
HAWALA_01083,Circular Transaction Loop; Underground Banking (Hawala),3,1161239.98,2
HAWALA_01076,Circular Transaction Loop; Underground Banking (Hawala),3,1161239.98,3
HAWALA_01075,Circular Transaction Loop; Underground Banking (Hawala),3,1161239.98,3
HAWALA_01084,Circular Transaction Loop; Underground Banking (Hawala),3,1161239.98,2
HAWALA_01082,Circular Transaction Loop; Underground Banking (Hawala),3,1161239.98,2
HAWALA_01080,Circular Transaction Loop; Underground Banking (Hawala),3,1161239.98,3
HRCORR_00447,High-Risk Corridor Transfer,3,1161234.2,1
HAWALA_01790,Underground Banking (Hawala),4,1161234.06,3
HAWALA_01794,Underground Banking (Hawala),4,1161234.06,4
HAWALA_01796,Underground Banking (Hawala),4,1161234.06,3
HAWALA_01799,Underground Banking (Hawala),4,1161234.06,3
HAWALA_01795,Underground Banking (Hawala),4,1161234.06,3
HAWALA_01793,Underground Banking (Hawala),4,1161234.06,3
HAWALA_01791,Underground Banking (Hawala),4,1161234.06,2
HAWALA_01792,Underground Banking (Hawala),4,1161234.06,3
HAWALA_01803,Underground Banking (Hawala),4,1161234.06,3
HAWALA_01804,Underground Banking (Hawala),4,1161234.06,2
HAWALA_01802,Underground Banking (Hawala),4,1161234.06,3
HAWALA_01800,Underground Banking (Hawala),4,1161234.06,3
HAWALA_01797,Underground Banking (Hawala),4,1161234.06,3
HAWALA_01798,Underground Banking (Hawala),4,1161234.06,3
HAWALA_01805,Underground Banking (Hawala),4,1161234.06,3
HAWALA_01801,Underground Banking (Hawala),4,1161234.06,4
HRCORR_00166,High-Risk Corridor Transfer,4,1160831.68,1
HRCORR_00102,High-Risk Corridor Transfer,5,1160820.3399999999,1
CHARITY_01219,Charity Abuse,22,1160342.26,15
HRCORR_00013,High-Risk Corridor Transfer,5,1160100.86,1
PASS_00629,Pass-Through Transit Hub,2,1159638.6400000001,1
PASS_00312,Pass-Through Transit Hub,2,1158944.76,2
CHARITY_02649,Charity Abuse,20,1157981.92,9
FUNNEL_00245,Charity Abuse; Funnel Account Network,17,1156091.2,10
MULE_00040,Money Mule Network,8,1156066.97,4
CHARITY_02105,Charity Abuse,21,1155193.76,4
HRCORR_00404,High-Risk Corridor Transfer,3,1154913.77,1
CIRC_00261,Circular Transaction Loop; Underground Banking (Hawala),3,1154608.95,2
HAWALA_01106,Circular Transaction Loop; Underground Banking (Hawala),3,1154608.95,2
HAWALA_01104,Circular Transaction Loop; Underground Banking (Hawala),3,1154608.95,2
HAWALA_01105,Circular Transaction Loop; Underground Banking (Hawala),3,1154608.95,2
CIRC_00259,Circular Transaction Loop; Underground Banking (Hawala),3,1154608.95,3
CIRC_00262,Circular Transaction Loop; Underground Banking (Hawala),3,1154608.95,2
CIRC_00263,Circular Transaction Loop; Underground Banking (Hawala),3,1154608.95,2
CIRC_00265,Circular Transaction Loop; Underground Banking (Hawala),3,1154608.95,2
CIRC_00260,Circular Transaction Loop; Underground Banking (Hawala),3,1154608.95,2
CIRC_00264,Circular Transaction Loop; Underground Banking (Hawala),3,1154608.95,3
HAWALA_01108,Circular Transaction Loop; Underground Banking (Hawala),3,1154608.95,2
HAWALA_01103,Circular Transaction Loop; Underground Banking (Hawala),3,1154608.95,2
HAWALA_01101,Circular Transaction Loop; Underground Banking (Hawala),3,1154608.95,2
HAWALA_01107,Circular Transaction Loop; Underground Banking (Hawala),3,1154608.95,3
HAWALA_01102,Circular Transaction Loop; Underground Banking (Hawala),3,1154608.95,3
CIRC_00258,Circular Transaction Loop; Underground Banking (Hawala),3,1154608.95,2
CHARITY_02185,Charity Abuse,18,1154288.71,10
HAWALA_01046,Underground Banking (Hawala),3,1154151.1,2
HAWALA_01045,Underground Banking (Hawala),3,1154151.1,3
HAWALA_01050,Underground Banking (Hawala),3,1154151.1,2
HAWALA_01051,Underground Banking (Hawala),3,1154151.1,2
HAWALA_01047,Underground Banking (Hawala),3,1154151.1,2
HAWALA_01049,Underground Banking (Hawala),3,1154151.1,2
HAWALA_01048,Underground Banking (Hawala),3,1154151.1,2
HAWALA_01052,Underground Banking (Hawala),3,1154151.1,3
HAWALA_01820,Underground Banking (Hawala),4,1152813.29,3
HAWALA_01821,Underground Banking (Hawala),4,1152813.29,3
HAWALA_01818,Underground Banking (Hawala),4,1152813.29,3
HAWALA_01817,Underground Banking (Hawala),4,1152813.29,3
HAWALA_01822,Underground Banking (Hawala),4,1152813.29,3
HAWALA_01824,Underground Banking (Hawala),4,1152813.29,2
HAWALA_01819,Underground Banking (Hawala),4,1152813.29,2
HAWALA_01826,Underground Banking (Hawala),4,1152813.29,3
HAWALA_01816,Underground Banking (Hawala),4,1152813.29,3
HAWALA_01815,Underground Banking (Hawala),4,1152813.29,3
HAWALA_01814,Underground Banking (Hawala),4,1152813.29,4
HAWALA_01825,Underground Banking (Hawala),4,1152813.29,3
HAWALA_01823,Underground Banking (Hawala),4,1152813.29,3
HAWALA_01827,Underground Banking (Hawala),4,1152813.29,3
HAWALA_01828,Underground Banking (Hawala),4,1152813.29,3
HAWALA_01829,Underground Banking (Hawala),4,1152813.29,4
FUNNEL_00083,Funnel Account Network,22,1151860.53,12
PASS_00615,Pass-Through Transit Hub,1,1151570.24,1
FUNNEL_00090,Charity Abuse; Funnel Account Network,12,1150329.28,6
HRCORR_00216,High-Risk Corridor Transfer,4,1150145.02,1
HRCORR_00057,High-Risk Corridor Transfer,3,1150023.82,1
HRCORR_00343,High-Risk Corridor Transfer,4,1148465.02,1
CHARITY_02860,Charity Abuse; Funnel Account Network,15,1148458.33,9
CHARITY_02678,Charity Abuse; Pass-Through Transit Hub,2,1147705.58,1
HRCORR_00426,High-Risk Corridor Transfer,3,1147651.25,1
PASS_00173,Pass-Through Transit Hub,2,1146323.6,2
CHARITY_02932,Charity Abuse,20,1146181.32,12
FUNNEL_00042,Funnel Account Network,25,1145482.92,16
HRCORR_00154,High-Risk Corridor Transfer,4,1144757.79,1
FUNNEL_00097,Charity Abuse; Funnel Account Network,11,1144611.93,5
CHARITY_01233,Charity Abuse; Funnel Account Network,11,1144611.93,5
CHARITY_00001,Charity Abuse,14,1143659.8499999999,13
HAWALA_01124,Underground Banking (Hawala),3,1143181.45,2
HAWALA_01123,Underground Banking (Hawala),3,1143181.45,2
HAWALA_01122,Underground Banking (Hawala),3,1143181.45,3
HAWALA_01121,Underground Banking (Hawala),3,1143181.45,2
HAWALA_01120,Underground Banking (Hawala),3,1143181.45,2
HAWALA_01119,Underground Banking (Hawala),3,1143181.45,3
HAWALA_01118,Underground Banking (Hawala),3,1143181.45,2
HAWALA_01117,Underground Banking (Hawala),3,1143181.45,2
PASS_00235,Charity Abuse; Pass-Through Transit Hub,2,1142935.74,2
HAWALA_01180,Underground Banking (Hawala),3,1142664.06,2
HAWALA_01176,Underground Banking (Hawala),3,1142664.06,2
HAWALA_01182,Underground Banking (Hawala),3,1142664.06,3
HAWALA_01188,Underground Banking (Hawala),3,1142664.06,3
HAWALA_01181,Underground Banking (Hawala),3,1142664.06,2
HAWALA_01174,Underground Banking (Hawala),3,1142664.06,2
HAWALA_01179,Underground Banking (Hawala),3,1142664.06,3
HAWALA_01183,Underground Banking (Hawala),3,1142664.06,3
HAWALA_01184,Underground Banking (Hawala),3,1142664.06,3
HAWALA_01187,Underground Banking (Hawala),3,1142664.06,3
HAWALA_01186,Underground Banking (Hawala),3,1142664.06,3
HAWALA_01185,Underground Banking (Hawala),3,1142664.06,2
HAWALA_01189,Underground Banking (Hawala),3,1142664.06,2
HAWALA_01175,Underground Banking (Hawala),3,1142664.06,3
HAWALA_01178,Underground Banking (Hawala),3,1142664.06,2
HAWALA_01177,Underground Banking (Hawala),3,1142664.06,2
PASS_00103,Pass-Through Transit Hub,2,1142556.01,2
CHARITY_00234,Charity Abuse,19,1142415.64,9
CHARITY_00945,Charity Abuse,15,1141908.5,8
PASS_00660,Pass-Through Transit Hub,2,1141674.21,2
HRCORR_00375,High-Risk Corridor Transfer,3,1140793.81,1
HRCORR_00029,High-Risk Corridor Transfer,5,1140751.17,1
HAWALA_01159,Underground Banking (Hawala),3,1140585.69,2
HAWALA_01165,Underground Banking (Hawala),3,1140585.69,2
HAWALA_01158,Underground Banking (Hawala),3,1140585.69,2
HAWALA_01161,Underground Banking (Hawala),3,1140585.69,3
HAWALA_01162,Underground Banking (Hawala),3,1140585.69,3
HAWALA_01163,Underground Banking (Hawala),3,1140585.69,2
HAWALA_01160,Underground Banking (Hawala),3,1140585.69,2
HAWALA_01164,Underground Banking (Hawala),3,1140585.69,2
FUNNEL_00107,Funnel Account Network; Pass-Through Transit Hub,1,1140563.62,1
PASS_00183,Funnel Account Network; Pass-Through Transit Hub,1,1140563.62,1
HAWALA_01157,Underground Banking (Hawala),3,1138651.81,3
HAWALA_01154,Underground Banking (Hawala),3,1138155.44,2
HAWALA_01149,Underground Banking (Hawala),3,1138155.44,2
HAWALA_01151,Underground Banking (Hawala),3,1138155.44,2
HAWALA_01153,Underground Banking (Hawala),3,1138155.44,2
HAWALA_01152,Underground Banking (Hawala),3,1138155.44,2
HAWALA_01156,Underground Banking (Hawala),3,1138155.44,2
HAWALA_01150,Underground Banking (Hawala),3,1138155.44,3
HAWALA_01155,Underground Banking (Hawala),3,1138155.44,3
CHARITY_02524,Charity Abuse,17,1137971.82,9
MULE_00045,Money Mule Network,11,1137873.57,7
PASS_00345,Pass-Through Transit Hub,2,1135473.23,1
HRCORR_00430,High-Risk Corridor Transfer,4,1135159.2,1
CHARITY_03089,Charity Abuse; High-Risk Corridor Transfer,3,1135138.59,1
HRCORR_00465,Charity Abuse; High-Risk Corridor Transfer,3,1135138.59,1
CHARITY_01984,Charity Abuse,22,1134902.76,8
PASS_00191,Pass-Through Transit Hub,2,1134331.63,2
PASS_00158,Pass-Through Transit Hub,2,1133962.42,2
CHARITY_00022,Charity Abuse,15,1132968.8,7
CHARITY_00611,Charity Abuse,25,1132920.94,20
FUNNEL_00127,Funnel Account Network,21,1132376.63,12
HAWALA_01245,Underground Banking (Hawala),3,1132321.53,2
HAWALA_01244,Underground Banking (Hawala),3,1132321.53,2
HAWALA_01240,Underground Banking (Hawala),3,1132321.53,3
HAWALA_01239,Underground Banking (Hawala),3,1132321.53,2
HAWALA_01242,Underground Banking (Hawala),3,1132321.53,2
HAWALA_01241,Underground Banking (Hawala),3,1132321.53,2
HAWALA_01243,Underground Banking (Hawala),3,1132321.53,3
HAWALA_01238,Underground Banking (Hawala),3,1132321.53,2
PASS_00433,Pass-Through Transit Hub,2,1131768.9100000001,2
CHARITY_01262,Charity Abuse,16,1129831.69,11
CHARITY_02141,Charity Abuse,12,1129778.18,9
CHARITY_01145,Charity Abuse; Funnel Account Network,10,1129061.99,5
HRCORR_00480,High-Risk Corridor Transfer,4,1128032.1400000001,1
CHARITY_00649,Charity Abuse,16,1127756.1600000001,9
CHARITY_00360,Charity Abuse,19,1127096.4000000001,14
HRCORR_00052,High-Risk Corridor Transfer,3,1126610.65,1
CHARITY_00828,Charity Abuse,20,1126214.59,11
CHARITY_02510,Charity Abuse,17,1126147.32,10
CHARITY_00046,Charity Abuse,23,1126071.5,10
HRCORR_00303,High-Risk Corridor Transfer,3,1125841.4100000001,1
HRCORR_00070,High-Risk Corridor Transfer,3,1125517.08,1
FUNNEL_00065,Funnel Account Network,9,1125358.07,4
CIRC_00509,Circular Transaction Loop,4,1124737.62,3
CIRC_00510,Circular Transaction Loop,4,1124737.62,3
CIRC_00515,Circular Transaction Loop,4,1124737.62,3
CIRC_00516,Circular Transaction Loop,4,1124737.62,2
CIRC_00517,Circular Transaction Loop,4,1124737.62,3
CIRC_00518,Circular Transaction Loop,4,1124737.62,3
CIRC_00498,Circular Transaction Loop,4,1124737.62,3
CIRC_00519,Circular Transaction Loop,4,1124737.62,4
CIRC_00505,Circular Transaction Loop,4,1124737.62,4
CIRC_00499,Circular Transaction Loop,4,1124737.62,3
CIRC_00528,Circular Transaction Loop,4,1124737.62,3
CIRC_00527,Circular Transaction Loop,4,1124737.62,4
CIRC_00500,Circular Transaction Loop,4,1124737.62,3
CIRC_00524,Circular Transaction Loop,4,1124737.62,3
CIRC_00502,Circular Transaction Loop,4,1124737.62,4
CIRC_00526,Circular Transaction Loop,4,1124737.62,3
CIRC_00529,Circular Transaction Loop,4,1124737.62,4
CIRC_00525,Circular Transaction Loop,4,1124737.62,4
CIRC_00522,Circular Transaction Loop,4,1124737.62,3
CIRC_00507,Circular Transaction Loop,4,1124737.62,3
CIRC_00508,Circular Transaction Loop,4,1124737.62,3
CIRC_00520,Circular Transaction Loop,4,1124737.62,3
CIRC_00506,Circular Transaction Loop,4,1124737.62,3
CIRC_00504,Circular Transaction Loop,4,1124737.62,4
CIRC_00503,Circular Transaction Loop,4,1124737.62,4
CIRC_00523,Circular Transaction Loop,4,1124737.62,4
CIRC_00513,Circular Transaction Loop,4,1124737.62,3
CIRC_00512,Circular Transaction Loop,4,1124737.62,3
CIRC_00514,Circular Transaction Loop,4,1124737.62,2
CIRC_00511,Circular Transaction Loop,4,1124737.62,3
CIRC_00521,Circular Transaction Loop,4,1124737.62,4
CIRC_00501,Circular Transaction Loop,4,1124737.62,3
CHARITY_00805,Charity Abuse; Money Mule Network,8,1123073.34,1
CHARITY_01107,Charity Abuse,20,1122294.07,12
FUNNEL_00119,Funnel Account Network,25,1121631.03,15
CHARITY_00267,Charity Abuse,9,1120045.8,8
PASS_00160,Pass-Through Transit Hub,2,1119779.8900000001,1
FUNNEL_00108,Funnel Account Network,27,1119058.82,24
CHARITY_01799,Charity Abuse,24,1118343.43,10
HRCORR_00266,High-Risk Corridor Transfer,4,1118300.73,1
HRCORR_00206,High-Risk Corridor Transfer,3,1118182.99,1
HAWALA_01213,Underground Banking (Hawala),3,1118134.87,3
HAWALA_01206,Underground Banking (Hawala),3,1118134.87,3
HAWALA_01207,Underground Banking (Hawala),3,1118134.87,2
HAWALA_01208,Underground Banking (Hawala),3,1118134.87,2
HAWALA_01209,Underground Banking (Hawala),3,1118134.87,2
HAWALA_01210,Underground Banking (Hawala),3,1118134.87,2
HAWALA_01211,Underground Banking (Hawala),3,1118134.87,2
HAWALA_01212,Underground Banking (Hawala),3,1118134.87,2
CHARITY_01092,Charity Abuse,21,1117437.63,11
HAWALA_01253,Circular Transaction Loop; Underground Banking (Hawala),3,1117127.58,2
HAWALA_01252,Circular Transaction Loop; Underground Banking (Hawala),3,1117127.58,2
HAWALA_01251,Circular Transaction Loop; Underground Banking (Hawala),3,1117127.58,2
HAWALA_01250,Circular Transaction Loop; Underground Banking (Hawala),3,1117127.58,3
HAWALA_01249,Circular Transaction Loop; Underground Banking (Hawala),3,1117127.58,3
HAWALA_01246,Circular Transaction Loop; Underground Banking (Hawala),3,1117127.58,2
HAWALA_01248,Circular Transaction Loop; Underground Banking (Hawala),3,1117127.58,2
HAWALA_01247,Circular Transaction Loop; Underground Banking (Hawala),3,1117127.58,2
CIRC_00293,Circular Transaction Loop; Underground Banking (Hawala),3,1117127.58,3
CIRC_00292,Circular Transaction Loop; Underground Banking (Hawala),3,1117127.58,2
CIRC_00291,Circular Transaction Loop; Underground Banking (Hawala),3,1117127.58,2
CIRC_00290,Circular Transaction Loop; Underground Banking (Hawala),3,1117127.58,2
CIRC_00297,Circular Transaction Loop; Underground Banking (Hawala),3,1117127.58,2
CIRC_00295,Circular Transaction Loop; Underground Banking (Hawala),3,1117127.58,2
CIRC_00296,Circular Transaction Loop; Underground Banking (Hawala),3,1117127.58,2
CIRC_00294,Circular Transaction Loop; Underground Banking (Hawala),3,1117127.58,3
HRCORR_00157,High-Risk Corridor Transfer,4,1116022.27,1
CHARITY_01460,Charity Abuse,25,1115487.15,10
PASS_00503,Pass-Through Transit Hub,1,1115193.42,1
PASS_00615,Charity Abuse; Pass-Through Transit Hub,1,1115072.86,1
CHARITY_01669,Charity Abuse; Pass-Through Transit Hub,1,1115072.86,1
HAWALA_01221,Underground Banking (Hawala),3,1114782.25,2
HAWALA_01218,Underground Banking (Hawala),3,1114782.25,2
HAWALA_01219,Underground Banking (Hawala),3,1114782.25,3
HAWALA_01214,Underground Banking (Hawala),3,1114782.25,2
HAWALA_01220,Underground Banking (Hawala),3,1114782.25,2
HAWALA_01216,Underground Banking (Hawala),3,1114782.25,3
HAWALA_01217,Underground Banking (Hawala),3,1114782.25,2
HAWALA_01215,Underground Banking (Hawala),3,1114782.25,2
CHARITY_00246,Charity Abuse,16,1114639.87,6
CHARITY_03121,Charity Abuse,21,1113460.32,9
HRCORR_00088,High-Risk Corridor Transfer,3,1112642.08,1
CHARITY_00170,Charity Abuse,16,1112599.14,7
HRCORR_00151,High-Risk Corridor Transfer,3,1112029.38,1
PASS_00429,Pass-Through Transit Hub,2,1111313.04,2
PASS_00124,Pass-Through Transit Hub,2,1111275.1800000002,2
CHARITY_03087,Charity Abuse,20,1111122.21,9
CHARITY_02146,Charity Abuse,12,1110935.03,7
PASS_00183,Pass-Through Transit Hub,1,1110768.26,1
CHARITY_01122,Charity Abuse,19,1109470.0499999998,9
HRCORR_00016,High-Risk Corridor Transfer,4,1108823.08,1
CHARITY_02470,Charity Abuse,18,1108780.26,9
HRCORR_00516,High-Risk Corridor Transfer,5,1108669.8,1
CHARITY_00489,Charity Abuse; Funnel Account Network,9,1108600.7000000002,8
HAWALA_01260,Underground Banking (Hawala),3,1108531.04,2
HAWALA_01259,Underground Banking (Hawala),3,1108531.04,3
HAWALA_01254,Underground Banking (Hawala),3,1108531.04,2
HAWALA_01255,Underground Banking (Hawala),3,1108531.04,2
HAWALA_01256,Underground Banking (Hawala),3,1108531.04,3
HAWALA_01261,Underground Banking (Hawala),3,1108531.04,2
HAWALA_01258,Underground Banking (Hawala),3,1108531.04,2
HAWALA_01257,Underground Banking (Hawala),3,1108531.04,2
CHARITY_02200,Charity Abuse,14,1108444.62,11
FUNNEL_00236,Funnel Account Network,19,1108420.99,8
CHARITY_03156,Charity Abuse,14,1108041.2,9
CHARITY_01890,Charity Abuse,24,1107455.0,10
HRCORR_00190,High-Risk Corridor Transfer,5,1107372.02,1
CHARITY_01527,Charity Abuse,14,1106018.1600000001,9
HRCORR_00038,High-Risk Corridor Transfer,6,1105956.67,1
FUNNEL_00102,Funnel Account Network,2,1105803.74,2
HRCORR_00108,High-Risk Corridor Transfer,5,1104604.94,1
MULE_00041,Money Mule Network,8,1104001.38,4
CHARITY_00788,Charity Abuse,21,1103119.8,9
HRCORR_00039,High-Risk Corridor Transfer,4,1102950.98,1
PASS_00132,Pass-Through Transit Hub,2,1102801.85,2
CHARITY_02127,Charity Abuse,22,1102709.97,10
CHARITY_00584,Charity Abuse,16,1102702.87,10
PASS_00047,Charity Abuse; Funnel Account Network; Pass-Through Transit Hub,1,1101176.7,1
FUNNEL_00215,Charity Abuse; Funnel Account Network; Pass-Through Transit Hub,1,1101176.7,1
CHARITY_02522,Charity Abuse; Funnel Account Network; Pass-Through Transit Hub,1,1101176.7,1
HRCORR_00006,High-Risk Corridor Transfer,4,1100941.93,1
PASS_00689,Pass-Through Transit Hub,2,1099915.1099999999,1
CHARITY_00467,Charity Abuse,17,1098909.71,10
HRCORR_00055,High-Risk Corridor Transfer,4,1098567.67,1
PASS_00445,Pass-Through Transit Hub,1,1098382.02,1
CHARITY_00169,Charity Abuse; Pass-Through Transit Hub,1,1098314.69,1
PASS_00503,Charity Abuse; Pass-Through Transit Hub,1,1098314.69,1
HRCORR_00066,High-Risk Corridor Transfer,3,1098041.55,1
CHARITY_03142,Charity Abuse,20,1097924.8599999999,6
FUNNEL_00032,Funnel Account Network,7,1097689.71,2
HAWALA_01267,Underground Banking (Hawala),3,1097645.1400000001,2
HAWALA_01269,Underground Banking (Hawala),3,1097645.1400000001,3
HAWALA_01263,Underground Banking (Hawala),3,1097645.1400000001,2
HAWALA_01264,Underground Banking (Hawala),3,1097645.1400000001,2
HAWALA_01262,Underground Banking (Hawala),3,1097645.1400000001,3
HAWALA_01268,Underground Banking (Hawala),3,1097645.1400000001,2
HAWALA_01265,Underground Banking (Hawala),3,1097645.1400000001,2
HAWALA_01266,Underground Banking (Hawala),3,1097645.1400000001,2
CHARITY_03216,Charity Abuse,14,1096645.96,12
HRCORR_00132,High-Risk Corridor Transfer,5,1096548.77,1
FUNNEL_00037,Charity Abuse; Funnel Account Network,8,1096408.9100000001,8
PASS_00121,Pass-Through Transit Hub,2,1096062.73,1
HRCORR_00131,High-Risk Corridor Transfer,4,1095236.0,1
PASS_00269,Pass-Through Transit Hub,2,1095078.6099999999,2
HAWALA_01276,Underground Banking (Hawala),3,1093107.07,3
HAWALA_01275,Underground Banking (Hawala),3,1093107.07,2
HAWALA_01277,Underground Banking (Hawala),3,1093107.07,2
HAWALA_01273,Underground Banking (Hawala),3,1093107.07,2
HAWALA_01272,Underground Banking (Hawala),3,1093107.07,2
HAWALA_01271,Underground Banking (Hawala),3,1093107.07,3
HAWALA_01274,Underground Banking (Hawala),3,1093107.07,2
HAWALA_01270,Underground Banking (Hawala),3,1093107.07,2
MULE_00031,Money Mule Network,8,1091845.57,4
FUNNEL_00147,Funnel Account Network,21,1091682.49,12
HRCORR_00024,High-Risk Corridor Transfer,3,1091068.86,1
HRCORR_00138,Charity Abuse; High-Risk Corridor Transfer,3,1090596.78,1
CHARITY_00799,Charity Abuse; High-Risk Corridor Transfer,3,1090596.78,1
CHARITY_03111,Charity Abuse,21,1088183.05,4
CHARITY_02452,Charity Abuse,19,1087447.4300000002,12
CHARITY_00927,Charity Abuse,27,1087333.13,12
CHARITY_00548,Charity Abuse,16,1086749.21,10
PASS_00696,Pass-Through Transit Hub,2,1086527.6800000002,1
HRCORR_00346,High-Risk Corridor Transfer,4,1086294.22,1
PASS_00372,Pass-Through Transit Hub,2,1086236.37,2
HRCORR_00049,High-Risk Corridor Transfer,4,1085648.23,1
HRCORR_00385,High-Risk Corridor Transfer,3,1085234.65,1
CHARITY_01174,Charity Abuse,23,1084779.9000000001,8
HRCORR_00308,High-Risk Corridor Transfer,4,1084606.21,1
HAWALA_01350,Underground Banking (Hawala),3,1084107.78,2
HAWALA_01352,Underground Banking (Hawala),3,1084107.78,3
HAWALA_01351,Underground Banking (Hawala),3,1084107.78,2
HAWALA_01355,Underground Banking (Hawala),3,1084107.78,3
HAWALA_01353,Underground Banking (Hawala),3,1084107.78,2
HAWALA_01356,Underground Banking (Hawala),3,1084107.78,2
HAWALA_01357,Underground Banking (Hawala),3,1084107.78,2
HAWALA_01354,Underground Banking (Hawala),3,1084107.78,2
PASS_00193,Pass-Through Transit Hub,2,1082372.4300000002,1
HAWALA_01310,Circular Transaction Loop; Underground Banking (Hawala),3,1082064.6099999999,2
CIRC_00300,Circular Transaction Loop; Underground Banking (Hawala),3,1082064.6099999999,2
CIRC_00298,Circular Transaction Loop; Underground Banking (Hawala),3,1082064.6099999999,2
HAWALA_01313,Circular Transaction Loop; Underground Banking (Hawala),3,1082064.6099999999,2
HAWALA_01314,Circular Transaction Loop; Underground Banking (Hawala),3,1082064.6099999999,2
CIRC_00302,Circular Transaction Loop; Underground Banking (Hawala),3,1082064.6099999999,2
CIRC_00301,Circular Transaction Loop; Underground Banking (Hawala),3,1082064.6099999999,2
CIRC_00304,Circular Transaction Loop; Underground Banking (Hawala),3,1082064.6099999999,3
CIRC_00305,Circular Transaction Loop; Underground Banking (Hawala),3,1082064.6099999999,2
CIRC_00303,Circular Transaction Loop; Underground Banking (Hawala),3,1082064.6099999999,2
HAWALA_01317,Circular Transaction Loop; Underground Banking (Hawala),3,1082064.6099999999,2
CIRC_00299,Circular Transaction Loop; Underground Banking (Hawala),3,1082064.6099999999,3
HAWALA_01316,Circular Transaction Loop; Underground Banking (Hawala),3,1082064.6099999999,3
HAWALA_01311,Circular Transaction Loop; Underground Banking (Hawala),3,1082064.6099999999,3
HAWALA_01312,Circular Transaction Loop; Underground Banking (Hawala),3,1082064.6099999999,2
HAWALA_01315,Circular Transaction Loop; Underground Banking (Hawala),3,1082064.6099999999,2
HRCORR_00348,High-Risk Corridor Transfer,4,1081499.92,1
HRCORR_00488,High-Risk Corridor Transfer,4,1081257.86,1
CHARITY_00527,Charity Abuse,23,1081211.29,9
HRCORR_00010,High-Risk Corridor Transfer,4,1081092.65,1
HRCORR_00369,High-Risk Corridor Transfer,3,1081019.44,1
PASS_00053,Charity Abuse; Pass-Through Transit Hub,2,1080429.8599999999,1
CHARITY_02354,Charity Abuse; Money Mule Network,10,1079887.12,1
MULE_00048,Charity Abuse; Money Mule Network,10,1079887.12,1
CHARITY_00033,Charity Abuse,18,1079743.13,7
HRCORR_00332,High-Risk Corridor Transfer,5,1079107.35,1
CHARITY_01970,Charity Abuse,20,1078959.14,8
CIRC_00310,Circular Transaction Loop; Underground Banking (Hawala),3,1078118.43,2
CIRC_00308,Circular Transaction Loop; Underground Banking (Hawala),3,1078118.43,2
CIRC_00309,Circular Transaction Loop; Underground Banking (Hawala),3,1078118.43,2
CIRC_00306,Circular Transaction Loop; Underground Banking (Hawala),3,1078118.43,3
CIRC_00307,Circular Transaction Loop; Underground Banking (Hawala),3,1078118.43,2
CIRC_00312,Circular Transaction Loop; Underground Banking (Hawala),3,1078118.43,2
HAWALA_01348,Circular Transaction Loop; Underground Banking (Hawala),3,1078118.43,2
HAWALA_01349,Circular Transaction Loop; Underground Banking (Hawala),3,1078118.43,3
HAWALA_01343,Circular Transaction Loop; Underground Banking (Hawala),3,1078118.43,2
HAWALA_01345,Circular Transaction Loop; Underground Banking (Hawala),3,1078118.43,2
HAWALA_01346,Circular Transaction Loop; Underground Banking (Hawala),3,1078118.43,2
HAWALA_01342,Circular Transaction Loop; Underground Banking (Hawala),3,1078118.43,3
HAWALA_01344,Circular Transaction Loop; Underground Banking (Hawala),3,1078118.43,2
CIRC_00313,Circular Transaction Loop; Underground Banking (Hawala),3,1078118.43,3
CIRC_00311,Circular Transaction Loop; Underground Banking (Hawala),3,1078118.43,2
HAWALA_01347,Circular Transaction Loop; Underground Banking (Hawala),3,1078118.43,2
HRCORR_00280,High-Risk Corridor Transfer,4,1077541.02,1
HRCORR_00205,High-Risk Corridor Transfer,4,1077409.91,1
MULE_00021,Money Mule Network,9,1076595.22,1
CHARITY_02520,Charity Abuse,14,1076490.23,9
PASS_00602,Pass-Through Transit Hub,2,1076202.1600000001,1
CHARITY_02642,Charity Abuse; Funnel Account Network,11,1076080.98,7
FUNNEL_00230,Charity Abuse; Funnel Account Network,11,1076080.98,7
PASS_00217,Pass-Through Transit Hub,2,1075472.03,2
FUNNEL_00046,Funnel Account Network,20,1075443.54,11
HAWALA_01925,Underground Banking (Hawala),4,1075268.71,3
HAWALA_01928,Underground Banking (Hawala),4,1075268.71,3
HAWALA_01926,Underground Banking (Hawala),4,1075268.71,3
HAWALA_01927,Underground Banking (Hawala),4,1075268.71,3
HAWALA_01930,Underground Banking (Hawala),4,1075268.71,4
HAWALA_01920,Underground Banking (Hawala),4,1075268.71,2
HAWALA_01923,Underground Banking (Hawala),4,1075268.71,4
HAWALA_01921,Underground Banking (Hawala),4,1075268.71,3
HAWALA_01933,Underground Banking (Hawala),4,1075268.71,2
HAWALA_01924,Underground Banking (Hawala),4,1075268.71,3
HAWALA_01922,Underground Banking (Hawala),4,1075268.71,3
HAWALA_01932,Underground Banking (Hawala),4,1075268.71,3
HAWALA_01929,Underground Banking (Hawala),4,1075268.71,3
HAWALA_01931,Underground Banking (Hawala),4,1075268.71,3
HAWALA_01919,Underground Banking (Hawala),4,1075268.71,3
HAWALA_01934,Underground Banking (Hawala),4,1075268.71,3
CHARITY_02573,Charity Abuse,36,1074479.41,27
PASS_00445,Charity Abuse; Pass-Through Transit Hub,1,1074172.44,1
CHARITY_02713,Charity Abuse; Pass-Through Transit Hub,1,1074172.44,1
CHARITY_03018,Charity Abuse,14,1073904.14,8
CHARITY_02277,Charity Abuse,17,1073149.75,7
CHARITY_00180,Charity Abuse; Funnel Account Network,14,1073108.79,9
FUNNEL_00015,Charity Abuse; Funnel Account Network,14,1073108.79,9
CHARITY_01814,Charity Abuse,21,1072016.34,13
MULE_00007,Money Mule Network,9,1071726.36,4
CHARITY_01823,Charity Abuse,19,1070761.84,7
PASS_00047,Pass-Through Transit Hub,1,1070162.16,1
CHARITY_01308,Charity Abuse,22,1068868.12,7
PASS_00514,Pass-Through Transit Hub,2,1068548.5499999998,2
HAWALA_01899,Underground Banking (Hawala),4,1068242.15,3
HAWALA_01901,Underground Banking (Hawala),4,1068242.15,3
HAWALA_01893,Underground Banking (Hawala),4,1068242.15,3
HAWALA_01896,Underground Banking (Hawala),4,1068242.15,3
HAWALA_01897,Underground Banking (Hawala),4,1068242.15,4
HAWALA_01902,Underground Banking (Hawala),4,1068242.15,2
HAWALA_01898,Underground Banking (Hawala),4,1068242.15,3
HAWALA_01891,Underground Banking (Hawala),4,1068242.15,3
HAWALA_01890,Underground Banking (Hawala),4,1068242.15,3
HAWALA_01892,Underground Banking (Hawala),4,1068242.15,4
HAWALA_01889,Underground Banking (Hawala),4,1068242.15,3
HAWALA_01887,Underground Banking (Hawala),4,1068242.15,2
HAWALA_01888,Underground Banking (Hawala),4,1068242.15,3
HAWALA_01894,Underground Banking (Hawala),4,1068242.15,3
HAWALA_01900,Underground Banking (Hawala),4,1068242.15,3
HAWALA_01895,Underground Banking (Hawala),4,1068242.15,3
HRCORR_00502,High-Risk Corridor Transfer,3,1067589.48,1
CHARITY_01578,Charity Abuse,24,1067396.87,10
CHARITY_00239,Charity Abuse,18,1067343.35,9
FUNNEL_00245,Funnel Account Network,8,1066683.91,7
HRCORR_00389,High-Risk Corridor Transfer,3,1066405.68,1
MULE_00006,Money Mule Network,12,1065665.32,7
MULE_00009,Money Mule Network,10,1065583.43,3
HRCORR_00500,High-Risk Corridor Transfer,4,1065542.19,1
CHARITY_02314,Charity Abuse,23,1065269.29,10
CHARITY_01516,Charity Abuse,18,1064872.05,11
FUNNEL_00072,Funnel Account Network,8,1064753.08,2
HAWALA_01959,Underground Banking (Hawala),4,1064533.87,2
HAWALA_01957,Underground Banking (Hawala),4,1064533.87,3
HAWALA_01966,Underground Banking (Hawala),4,1064533.87,3
HAWALA_01963,Underground Banking (Hawala),4,1064533.87,3
HAWALA_01962,Underground Banking (Hawala),4,1064533.87,3
HAWALA_01960,Underground Banking (Hawala),4,1064533.87,3
HAWALA_01964,Underground Banking (Hawala),4,1064533.87,4
HAWALA_01953,Underground Banking (Hawala),4,1064533.87,4
HAWALA_01956,Underground Banking (Hawala),4,1064533.87,3
HAWALA_01954,Underground Banking (Hawala),4,1064533.87,3
HAWALA_01955,Underground Banking (Hawala),4,1064533.87,3
HAWALA_01958,Underground Banking (Hawala),4,1064533.87,2
HAWALA_01961,Underground Banking (Hawala),4,1064533.87,3
HAWALA_01952,Underground Banking (Hawala),4,1064533.87,3
HAWALA_01951,Underground Banking (Hawala),4,1064533.87,3
HAWALA_01965,Underground Banking (Hawala),4,1064533.87,3
HRCORR_00248,High-Risk Corridor Transfer,5,1063332.29,1
FUNNEL_00250,Charity Abuse; Funnel Account Network,12,1062159.08,8
CHARITY_02939,Charity Abuse; Funnel Account Network,12,1062159.08,8
HAWALA_01977,Underground Banking (Hawala),4,1061740.29,3
HAWALA_01978,Underground Banking (Hawala),4,1061740.29,4
HAWALA_01968,Underground Banking (Hawala),4,1061740.29,2
HAWALA_01975,Underground Banking (Hawala),4,1061740.29,3
HAWALA_01976,Underground Banking (Hawala),4,1061740.29,3
HAWALA_01969,Underground Banking (Hawala),4,1061740.29,3
HAWALA_01970,Underground Banking (Hawala),4,1061740.29,3
HAWALA_01967,Underground Banking (Hawala),4,1061740.29,3
CHARITY_01594,Charity Abuse,15,1061713.38,10
HRCORR_00423,High-Risk Corridor Transfer,4,1061617.9100000001,1
PASS_00013,Pass-Through Transit Hub,2,1059700.06,2
PASS_00083,Pass-Through Transit Hub,2,1059523.81,1
HRCORR_00468,High-Risk Corridor Transfer,4,1058147.98,1
PASS_00384,Pass-Through Transit Hub,2,1057419.71,1
CHARITY_01684,Charity Abuse,22,1057400.3,11
CHARITY_02319,Charity Abuse,19,1056683.17,11
CHARITY_03071,Charity Abuse,29,1056083.1500000001,10
PASS_00505,Charity Abuse; Pass-Through Transit Hub,1,1055826.02,1
CHARITY_01220,Charity Abuse; Pass-Through Transit Hub,1,1055826.02,1
PASS_00140,Pass-Through Transit Hub,2,1055083.42,2
HRCORR_00225,High-Risk Corridor Transfer,4,1055064.0,1
MULE_00027,Money Mule Network,9,1053811.35,5
CHARITY_00227,Charity Abuse,19,1053747.9300000002,11
HRCORR_00344,High-Risk Corridor Transfer,3,1051956.5899999999,1
CHARITY_00678,Charity Abuse,13,1050608.79,6
CHARITY_02870,Charity Abuse,15,1050555.57,10
CHARITY_01627,Charity Abuse,19,1050196.2200000002,10
PASS_00502,Pass-Through Transit Hub,2,1049712.01,2
CHARITY_02138,Charity Abuse,24,1049498.36,16
CHARITY_03084,Charity Abuse,13,1049150.85,5
HRCORR_00299,High-Risk Corridor Transfer,4,1048935.95,1
PASS_00653,Pass-Through Transit Hub,2,1048279.8700000001,1
CHARITY_01680,Charity Abuse,18,1047474.47,4
PASS_00169,Pass-Through Transit Hub,2,1047225.3600000001,1
HRCORR_00347,High-Risk Corridor Transfer,3,1047019.8300000001,1
HRCORR_00252,High-Risk Corridor Transfer,4,1046986.04,1
CHARITY_00665,Charity Abuse,19,1046874.6,10
CHARITY_01970,Charity Abuse; Pass-Through Transit Hub,1,1046150.96,1
CHARITY_00439,Charity Abuse,16,1044571.91,5
HRCORR_00296,High-Risk Corridor Transfer,4,1044462.97,1
CHARITY_00500,Charity Abuse,16,1043785.39,6
PASS_00505,Pass-Through Transit Hub,1,1043334.57,1
HAWALA_01396,Underground Banking (Hawala),3,1042877.15,3
HAWALA_01390,Underground Banking (Hawala),3,1042877.15,2
HAWALA_01391,Underground Banking (Hawala),3,1042877.15,3
HAWALA_01394,Underground Banking (Hawala),3,1042877.15,2
HAWALA_01393,Underground Banking (Hawala),3,1042877.15,2
HAWALA_01395,Underground Banking (Hawala),3,1042877.15,2
HAWALA_01392,Underground Banking (Hawala),3,1042877.15,2
HAWALA_01397,Underground Banking (Hawala),3,1042877.15,2
HRCORR_00260,High-Risk Corridor Transfer,4,1042600.19,1
HRCORR_00337,High-Risk Corridor Transfer,5,1042525.96,1
CHARITY_03194,Charity Abuse,17,1042388.82,8
HRCORR_00370,High-Risk Corridor Transfer,5,1042241.5900000001,1
FUNNEL_00010,Funnel Account Network,21,1041580.26,14
CHARITY_02755,Charity Abuse; High-Risk Corridor Transfer,3,1040087.1399999999,1
HRCORR_00409,Charity Abuse; High-Risk Corridor Transfer,3,1040087.1399999999,1
HAWALA_01999,Underground Banking (Hawala),4,1039939.31,3
HAWALA_02000,Underground Banking (Hawala),4,1039939.31,3
HAWALA_02001,Underground Banking (Hawala),4,1039939.31,2
HAWALA_02002,Underground Banking (Hawala),4,1039939.31,3
HAWALA_02006,Underground Banking (Hawala),4,1039939.31,4
HAWALA_02005,Underground Banking (Hawala),4,1039939.31,3
HAWALA_02004,Underground Banking (Hawala),4,1039939.31,3
HAWALA_01995,Underground Banking (Hawala),4,1039939.31,3
HAWALA_01991,Underground Banking (Hawala),4,1039939.31,4
HAWALA_01994,Underground Banking (Hawala),4,1039939.31,3
HAWALA_01993,Underground Banking (Hawala),4,1039939.31,3
HAWALA_01992,Underground Banking (Hawala),4,1039939.31,3
HAWALA_02003,Underground Banking (Hawala),4,1039939.31,3
HAWALA_01996,Underground Banking (Hawala),4,1039939.31,2
HAWALA_01997,Underground Banking (Hawala),4,1039939.31,3
HAWALA_01998,Underground Banking (Hawala),4,1039939.31,3
HRCORR_00231,High-Risk Corridor Transfer,3,1039779.8300000001,1
CHARITY_02180,Charity Abuse,22,1039660.09,9
HRCORR_00428,High-Risk Corridor Transfer,4,1037960.53,1
CHARITY_01770,Charity Abuse,15,1037170.9099999999,8
HRCORR_00438,High-Risk Corridor Transfer,5,1037166.95,1
CHARITY_02714,Charity Abuse,26,1036926.59,12
PASS_00697,Pass-Through Transit Hub,2,1036670.88,1
FUNNEL_00104,Charity Abuse; Funnel Account Network,7,1036267.54,6
CHARITY_01352,Charity Abuse; Funnel Account Network,7,1036267.54,6
HRCORR_00510,High-Risk Corridor Transfer,3,1035432.79,1
PASS_00520,Pass-Through Transit Hub,2,1035102.8700000001,1
HRCORR_00302,High-Risk Corridor Transfer,4,1034985.72,1
HRCORR_00501,High-Risk Corridor Transfer,3,1034776.72,1
PASS_00119,Pass-Through Transit Hub,2,1034141.92,1
CHARITY_02627,Charity Abuse,18,1033424.76,8
FUNNEL_00087,Funnel Account Network,10,1033378.76,7
FUNNEL_00227,Funnel Account Network,22,1033242.38,15
HRCORR_00328,High-Risk Corridor Transfer,3,1033130.24,1
FUNNEL_00256,Funnel Account Network,18,1033053.7000000001,12
CHARITY_02021,Charity Abuse,16,1032807.46,13
HRCORR_00413,High-Risk Corridor Transfer,4,1032714.99,1
PASS_00561,Pass-Through Transit Hub,2,1032154.47,2
CHARITY_02046,Charity Abuse,14,1031746.79,7
CHARITY_02113,Charity Abuse,22,1030466.4400000001,13
FUNNEL_00126,Charity Abuse; Funnel Account Network,19,1030265.29,7
CHARITY_00856,Charity Abuse,24,1030006.4,9
HRCORR_00471,High-Risk Corridor Transfer,3,1029779.94,1
CHARITY_03149,Charity Abuse,18,1029590.23,8
MULE_00058,Money Mule Network,10,1029068.37,1
HRCORR_00194,High-Risk Corridor Transfer,3,1028449.6599999999,1
CHARITY_02227,Charity Abuse,19,1028008.89,6
CHARITY_01322,Charity Abuse,20,1027926.9,9
CHARITY_02336,Charity Abuse,16,1027400.75,13
HRCORR_00470,High-Risk Corridor Transfer,3,1027351.63,1
CHARITY_01929,Charity Abuse,16,1027324.14,8
HRCORR_00365,High-Risk Corridor Transfer,5,1026796.5900000001,1
FUNNEL_00277,Funnel Account Network,24,1026753.97,23
FUNNEL_00057,Funnel Account Network,16,1026307.6799999999,15
PASS_00506,Pass-Through Transit Hub,2,1026001.71,2
CHARITY_03003,Charity Abuse,24,1024659.39,15
CHARITY_02542,Charity Abuse,11,1024518.76,9
HRCORR_00063,High-Risk Corridor Transfer,4,1024516.4299999999,1
CHARITY_01059,Charity Abuse,25,1024480.9700000001,7
CHARITY_02199,Charity Abuse,19,1024373.5900000001,12
PASS_00014,Pass-Through Transit Hub,1,1023985.26,1
MULE_00032,Money Mule Network,8,1023677.64,4
CHARITY_00680,Charity Abuse,23,1023607.66,8
CHARITY_00249,Charity Abuse,13,1023250.98,9
CHARITY_02567,Charity Abuse,20,1023134.11,9
HAWALA_02046,Underground Banking (Hawala),4,1022294.83,3
HAWALA_02040,Underground Banking (Hawala),4,1022294.83,3
HAWALA_02039,Underground Banking (Hawala),4,1022294.83,2
HAWALA_02045,Underground Banking (Hawala),4,1022294.83,3
HAWALA_02041,Underground Banking (Hawala),4,1022294.83,3
HAWALA_02036,Underground Banking (Hawala),4,1022294.83,3
HAWALA_02034,Underground Banking (Hawala),4,1022294.83,3
HAWALA_02032,Underground Banking (Hawala),4,1022294.83,3
HAWALA_02033,Underground Banking (Hawala),4,1022294.83,4
HAWALA_02037,Underground Banking (Hawala),4,1022294.83,3
HAWALA_02042,Underground Banking (Hawala),4,1022294.83,3
HAWALA_02043,Underground Banking (Hawala),4,1022294.83,3
HAWALA_02038,Underground Banking (Hawala),4,1022294.83,2
HAWALA_02035,Underground Banking (Hawala),4,1022294.83,3
HAWALA_02044,Underground Banking (Hawala),4,1022294.83,4
HAWALA_02031,Underground Banking (Hawala),4,1022294.83,3
MULE_00019,Money Mule Network,10,1022154.78,5
HRCORR_00182,High-Risk Corridor Transfer,4,1021598.55,1
CHARITY_00255,Charity Abuse,19,1020955.21,9
PASS_00134,Pass-Through Transit Hub,2,1020129.14,2
CHARITY_01714,Charity Abuse,15,1019094.5800000001,5
CHARITY_01252,Charity Abuse; Pass-Through Transit Hub,1,1018871.67,1
CHARITY_02686,Charity Abuse; High-Risk Corridor Transfer,3,1018620.77,1
HRCORR_00457,Charity Abuse; High-Risk Corridor Transfer,3,1018620.77,1
HRCORR_00209,High-Risk Corridor Transfer,4,1018202.91,1
PASS_00307,Pass-Through Transit Hub,2,1018098.5,2
PASS_00671,Pass-Through Transit Hub,2,1017954.6599999999,2
HRCORR_00342,High-Risk Corridor Transfer,3,1017849.72,1
HRCORR_00173,High-Risk Corridor Transfer,3,1017794.85,1
PASS_00147,Pass-Through Transit Hub,2,1017719.89,2
FUNNEL_00234,Funnel Account Network,32,1017083.43,26
MULE_00065,Money Mule Network,7,1016831.1900000001,7
CHARITY_01349,Charity Abuse,19,1016754.5800000001,15
CHARITY_00015,Charity Abuse,33,1016378.17,22
PASS_00306,Pass-Through Transit Hub,2,1016313.03,1
HRCORR_00156,High-Risk Corridor Transfer,4,1015685.22,1
CHARITY_01338,Charity Abuse,21,1015344.86,10
CHARITY_00095,Charity Abuse,20,1014901.6,10
CHARITY_00008,Charity Abuse,21,1014730.8300000001,9
CHARITY_02439,Charity Abuse,16,1014726.4500000001,10
CHARITY_02025,Charity Abuse,18,1014660.6599999999,8
FUNNEL_00064,Funnel Account Network,18,1014245.39,10
CHARITY_01852,Charity Abuse,18,1013565.97,5
CHARITY_00374,Charity Abuse,22,1013365.0299999999,6
HAWALA_02077,Circular Transaction Loop; Underground Banking (Hawala),4,1013246.77,3
CIRC_00546,Circular Transaction Loop; Underground Banking (Hawala),4,1013246.77,3
CIRC_00545,Circular Transaction Loop; Underground Banking (Hawala),4,1013246.77,3
CIRC_00544,Circular Transaction Loop; Underground Banking (Hawala),4,1013246.77,3
CIRC_00547,Circular Transaction Loop; Underground Banking (Hawala),4,1013246.77,3
HAWALA_02076,Circular Transaction Loop; Underground Banking (Hawala),4,1013246.77,3
HAWALA_02078,Circular Transaction Loop; Underground Banking (Hawala),4,1013246.77,4
CIRC_00550,Circular Transaction Loop; Underground Banking (Hawala),4,1013246.77,3
HAWALA_02069,Circular Transaction Loop; Underground Banking (Hawala),4,1013246.77,3
HAWALA_02070,Circular Transaction Loop; Underground Banking (Hawala),4,1013246.77,3
HAWALA_02073,Circular Transaction Loop; Underground Banking (Hawala),4,1013246.77,2
HAWALA_02074,Circular Transaction Loop; Underground Banking (Hawala),4,1013246.77,3
HAWALA_02071,Circular Transaction Loop; Underground Banking (Hawala),4,1013246.77,3
HAWALA_02072,Circular Transaction Loop; Underground Banking (Hawala),4,1013246.77,3
HAWALA_02063,Circular Transaction Loop; Underground Banking (Hawala),4,1013246.77,4
HAWALA_02075,Circular Transaction Loop; Underground Banking (Hawala),4,1013246.77,3
HAWALA_02064,Circular Transaction Loop; Underground Banking (Hawala),4,1013246.77,3
HAWALA_02065,Circular Transaction Loop; Underground Banking (Hawala),4,1013246.77,3
HAWALA_02067,Circular Transaction Loop; Underground Banking (Hawala),4,1013246.77,3
HAWALA_02066,Circular Transaction Loop; Underground Banking (Hawala),4,1013246.77,3
CIRC_00543,Circular Transaction Loop; Underground Banking (Hawala),4,1013246.77,2
HAWALA_02068,Circular Transaction Loop; Underground Banking (Hawala),4,1013246.77,2
CIRC_00553,Circular Transaction Loop; Underground Banking (Hawala),4,1013246.77,4
CIRC_00552,Circular Transaction Loop; Underground Banking (Hawala),4,1013246.77,3
CIRC_00551,Circular Transaction Loop; Underground Banking (Hawala),4,1013246.77,3
CIRC_00542,Circular Transaction Loop; Underground Banking (Hawala),4,1013246.77,3
CIRC_00541,Circular Transaction Loop; Underground Banking (Hawala),4,1013246.77,3
CIRC_00549,Circular Transaction Loop; Underground Banking (Hawala),4,1013246.77,3
CIRC_00548,Circular Transaction Loop; Underground Banking (Hawala),4,1013246.77,2
CIRC_00539,Circular Transaction Loop; Underground Banking (Hawala),4,1013246.77,3
CIRC_00540,Circular Transaction Loop; Underground Banking (Hawala),4,1013246.77,3
CIRC_00538,Circular Transaction Loop; Underground Banking (Hawala),4,1013246.77,4
CHARITY_02501,Charity Abuse; Pass-Through Transit Hub,1,1012470.59,1
PASS_00364,Charity Abuse; Pass-Through Transit Hub,1,1012470.59,1
PASS_00096,Pass-Through Transit Hub,1,1012058.54,1
CHARITY_00552,Charity Abuse,18,1011588.9,8
HRCORR_00069,High-Risk Corridor Transfer,3,1010836.02,1
CHARITY_01587,Charity Abuse; Funnel Account Network,17,1009802.96,7
HRCORR_00201,High-Risk Corridor Transfer,5,1009665.87,1
HRCORR_00321,High-Risk Corridor Transfer,4,1009294.45,1
FUNNEL_00023,Funnel Account Network,21,1008853.99,16
HRCORR_00419,Charity Abuse; High-Risk Corridor Transfer,3,1008740.38,1
CHARITY_00170,Charity Abuse; High-Risk Corridor Transfer,3,1008740.38,1
PASS_00377,Pass-Through Transit Hub,2,1008560.24,2
CHARITY_00445,Charity Abuse,15,1007639.4,4
HAWALA_01439,Underground Banking (Hawala),3,1007604.72,2
HAWALA_01440,Underground Banking (Hawala),3,1007604.72,2
HAWALA_01451,Underground Banking (Hawala),3,1007604.72,2
HAWALA_01449,Underground Banking (Hawala),3,1007604.72,2
HAWALA_01452,Underground Banking (Hawala),3,1007604.72,3
HAWALA_01450,Underground Banking (Hawala),3,1007604.72,3
HAWALA_01447,Underground Banking (Hawala),3,1007604.72,2
HAWALA_01448,Underground Banking (Hawala),3,1007604.72,2
HAWALA_01438,Underground Banking (Hawala),3,1007604.72,3
HAWALA_01443,Underground Banking (Hawala),3,1007604.72,2
HAWALA_01442,Underground Banking (Hawala),3,1007604.72,3
HAWALA_01445,Underground Banking (Hawala),3,1007604.72,3
HAWALA_01441,Underground Banking (Hawala),3,1007604.72,2
HAWALA_01446,Underground Banking (Hawala),3,1007604.72,3
HAWALA_01444,Underground Banking (Hawala),3,1007604.72,3
HAWALA_01453,Underground Banking (Hawala),3,1007604.72,3
HRCORR_00503,High-Risk Corridor Transfer,4,1007468.25,1
CHARITY_02601,Charity Abuse,24,1006824.47,14
FUNNEL_00265,Charity Abuse; Funnel Account Network,18,1006225.0599999999,12
CHARITY_03116,Charity Abuse; Funnel Account Network,18,1006225.0599999999,12
HRCORR_00317,High-Risk Corridor Transfer,3,1006077.3700000001,1
PASS_00535,Pass-Through Transit Hub,2,1005408.7,2
CHARITY_00129,Charity Abuse,16,1005303.49,11
FUNNEL_00113,Funnel Account Network,36,1004998.85,32
HAWALA_02114,Underground Banking (Hawala),4,1004752.5700000001,2
HAWALA_02103,Underground Banking (Hawala),4,1004752.5700000001,3
HAWALA_02104,Underground Banking (Hawala),4,1004752.5700000001,4
HAWALA_02105,Underground Banking (Hawala),4,1004752.5700000001,3
HAWALA_02106,Underground Banking (Hawala),4,1004752.5700000001,3
HAWALA_02107,Underground Banking (Hawala),4,1004752.5700000001,2
HAWALA_02108,Underground Banking (Hawala),4,1004752.5700000001,3
HAWALA_02109,Underground Banking (Hawala),4,1004752.5700000001,3
HAWALA_02110,Underground Banking (Hawala),4,1004752.5700000001,3
HAWALA_02111,Underground Banking (Hawala),4,1004752.5700000001,3
HAWALA_02115,Underground Banking (Hawala),4,1004752.5700000001,3
HAWALA_02112,Underground Banking (Hawala),4,1004752.5700000001,3
HAWALA_02113,Underground Banking (Hawala),4,1004752.5700000001,3
HAWALA_02116,Underground Banking (Hawala),4,1004752.5700000001,3
HAWALA_02118,Underground Banking (Hawala),4,1004752.5700000001,3
HAWALA_02117,Underground Banking (Hawala),4,1004752.5700000001,4
PASS_00247,Pass-Through Transit Hub,2,1004148.3200000001,2
CHARITY_02463,Charity Abuse,20,1003157.9400000001,5
CHARITY_00637,Charity Abuse,18,1001509.1,9
MULE_00034,Money Mule Network,8,1001123.9,4
CHARITY_00709,Charity Abuse,14,1000882.61,11
CHARITY_01466,Charity Abuse,22,1000769.1,10
CHARITY_00094,Charity Abuse,20,1000706.35,8
HRCORR_00256,High-Risk Corridor Transfer,4,1000611.22,1
HRCORR_00353,High-Risk Corridor Transfer,3,1000149.28,1
CHARITY_00288,Charity Abuse,23,1000052.45,8
CHARITY_03073,Charity Abuse,14,998643.53,10
CHARITY_02792,Charity Abuse,25,998593.24,10
HRCORR_00496,High-Risk Corridor Transfer,4,998163.15,1
HRCORR_00238,High-Risk Corridor Transfer,5,998066.47,1
CHARITY_03088,Charity Abuse,19,997775.71,9
PASS_00298,Pass-Through Transit Hub,2,997773.23,2
CIRC_00346,Circular Transaction Loop; Underground Banking (Hawala),3,997665.73,2
CIRC_00350,Circular Transaction Loop; Underground Banking (Hawala),3,997665.73,2
CIRC_00353,Circular Transaction Loop; Underground Banking (Hawala),3,997665.73,2
HAWALA_01476,Circular Transaction Loop; Underground Banking (Hawala),3,997665.73,2
HAWALA_01472,Circular Transaction Loop; Underground Banking (Hawala),3,997665.73,3
HAWALA_01477,Circular Transaction Loop; Underground Banking (Hawala),3,997665.73,2
HAWALA_01475,Circular Transaction Loop; Underground Banking (Hawala),3,997665.73,3
HAWALA_01474,Circular Transaction Loop; Underground Banking (Hawala),3,997665.73,2
CIRC_00352,Circular Transaction Loop; Underground Banking (Hawala),3,997665.73,2
CIRC_00348,Circular Transaction Loop; Underground Banking (Hawala),3,997665.73,3
CIRC_00351,Circular Transaction Loop; Underground Banking (Hawala),3,997665.73,3
CIRC_00347,Circular Transaction Loop; Underground Banking (Hawala),3,997665.73,2
CIRC_00349,Circular Transaction Loop; Underground Banking (Hawala),3,997665.73,2
HAWALA_01471,Circular Transaction Loop; Underground Banking (Hawala),3,997665.73,2
HAWALA_01470,Circular Transaction Loop; Underground Banking (Hawala),3,997665.73,2
HAWALA_01473,Circular Transaction Loop; Underground Banking (Hawala),3,997665.73,2
CHARITY_01832,Charity Abuse,16,997508.2100000001,9
HRCORR_00018,High-Risk Corridor Transfer,3,996222.8,1
FUNNEL_00148,Funnel Account Network,22,995695.52,11
HRCORR_00094,High-Risk Corridor Transfer,3,995200.96,1
HAWALA_02138,Circular Transaction Loop; Underground Banking (Hawala),4,995179.06,3
HAWALA_02140,Circular Transaction Loop; Underground Banking (Hawala),4,995179.06,3
HAWALA_02141,Circular Transaction Loop; Underground Banking (Hawala),4,995179.06,3
HAWALA_02142,Circular Transaction Loop; Underground Banking (Hawala),4,995179.06,3
HAWALA_02143,Circular Transaction Loop; Underground Banking (Hawala),4,995179.06,3
HAWALA_02145,Circular Transaction Loop; Underground Banking (Hawala),4,995179.06,3
HAWALA_02144,Circular Transaction Loop; Underground Banking (Hawala),4,995179.06,3
HAWALA_02149,Circular Transaction Loop; Underground Banking (Hawala),4,995179.06,4
HAWALA_02150,Circular Transaction Loop; Underground Banking (Hawala),4,995179.06,3
CIRC_00559,Circular Transaction Loop; Underground Banking (Hawala),4,995179.06,3
CIRC_00560,Circular Transaction Loop; Underground Banking (Hawala),4,995179.06,3
CIRC_00562,Circular Transaction Loop; Underground Banking (Hawala),4,995179.06,3
CIRC_00563,Circular Transaction Loop; Underground Banking (Hawala),4,995179.06,3
CIRC_00568,Circular Transaction Loop; Underground Banking (Hawala),4,995179.06,4
CIRC_00566,Circular Transaction Loop; Underground Banking (Hawala),4,995179.06,3
CIRC_00565,Circular Transaction Loop; Underground Banking (Hawala),4,995179.06,2
CIRC_00569,Circular Transaction Loop; Underground Banking (Hawala),4,995179.06,3
CIRC_00567,Circular Transaction Loop; Underground Banking (Hawala),4,995179.06,3
HAWALA_02148,Circular Transaction Loop; Underground Banking (Hawala),4,995179.06,3
HAWALA_02147,Circular Transaction Loop; Underground Banking (Hawala),4,995179.06,3
HAWALA_02139,Circular Transaction Loop; Underground Banking (Hawala),4,995179.06,2
HAWALA_02146,Circular Transaction Loop; Underground Banking (Hawala),4,995179.06,2
CIRC_00555,Circular Transaction Loop; Underground Banking (Hawala),4,995179.06,4
CIRC_00561,Circular Transaction Loop; Underground Banking (Hawala),4,995179.06,3
CIRC_00558,Circular Transaction Loop; Underground Banking (Hawala),4,995179.06,2
CIRC_00564,Circular Transaction Loop; Underground Banking (Hawala),4,995179.06,3
HAWALA_02135,Circular Transaction Loop; Underground Banking (Hawala),4,995179.06,3
HAWALA_02136,Circular Transaction Loop; Underground Banking (Hawala),4,995179.06,4
HAWALA_02137,Circular Transaction Loop; Underground Banking (Hawala),4,995179.06,3
CIRC_00554,Circular Transaction Loop; Underground Banking (Hawala),4,995179.06,3
CIRC_00556,Circular Transaction Loop; Underground Banking (Hawala),4,995179.06,3
CIRC_00557,Circular Transaction Loop; Underground Banking (Hawala),4,995179.06,3
HRCORR_00078,High-Risk Corridor Transfer,3,994797.6,1
PASS_00592,Pass-Through Transit Hub,1,994760.74,1
HRCORR_00036,High-Risk Corridor Transfer,3,994531.15,1
HRCORR_00298,High-Risk Corridor Transfer,3,993912.6,1
PASS_00096,Charity Abuse; Pass-Through Transit Hub,1,993675.17,1
CHARITY_00586,Charity Abuse; Pass-Through Transit Hub,1,993675.17,1
HAWALA_02158,Circular Transaction Loop; Underground Banking (Hawala),4,993457.91,3
CIRC_00580,Circular Transaction Loop; Underground Banking (Hawala),4,993457.91,3
CIRC_00581,Circular Transaction Loop; Underground Banking (Hawala),4,993457.91,3
CIRC_00578,Circular Transaction Loop; Underground Banking (Hawala),4,993457.91,3
HAWALA_02162,Circular Transaction Loop; Underground Banking (Hawala),4,993457.91,3
HAWALA_02156,Circular Transaction Loop; Underground Banking (Hawala),4,993457.91,3
HAWALA_02159,Circular Transaction Loop; Underground Banking (Hawala),4,993457.91,3
CIRC_00570,Circular Transaction Loop; Underground Banking (Hawala),4,993457.91,3
HAWALA_02154,Circular Transaction Loop; Underground Banking (Hawala),4,993457.91,4
CIRC_00571,Circular Transaction Loop; Underground Banking (Hawala),4,993457.91,3
CIRC_00572,Circular Transaction Loop; Underground Banking (Hawala),4,993457.91,3
HAWALA_02153,Circular Transaction Loop; Underground Banking (Hawala),4,993457.91,3
HAWALA_02155,Circular Transaction Loop; Underground Banking (Hawala),4,993457.91,3
HAWALA_02157,Circular Transaction Loop; Underground Banking (Hawala),4,993457.91,2
CIRC_00579,Circular Transaction Loop; Underground Banking (Hawala),4,993457.91,2
CIRC_00585,Circular Transaction Loop; Underground Banking (Hawala),4,993457.91,3
CIRC_00582,Circular Transaction Loop; Underground Banking (Hawala),4,993457.91,4
HAWALA_02161,Circular Transaction Loop; Underground Banking (Hawala),4,993457.91,3
HAWALA_02160,Circular Transaction Loop; Underground Banking (Hawala),4,993457.91,2
HAWALA_02164,Circular Transaction Loop; Underground Banking (Hawala),4,993457.91,3
HAWALA_02165,Circular Transaction Loop; Underground Banking (Hawala),4,993457.91,3
CIRC_00583,Circular Transaction Loop; Underground Banking (Hawala),4,993457.91,3
CIRC_00584,Circular Transaction Loop; Underground Banking (Hawala),4,993457.91,3
CIRC_00574,Circular Transaction Loop; Underground Banking (Hawala),4,993457.91,3
CIRC_00576,Circular Transaction Loop; Underground Banking (Hawala),4,993457.91,2
CIRC_00573,Circular Transaction Loop; Underground Banking (Hawala),4,993457.91,4
CIRC_00577,Circular Transaction Loop; Underground Banking (Hawala),4,993457.91,3
CIRC_00575,Circular Transaction Loop; Underground Banking (Hawala),4,993457.91,3
HAWALA_02152,Circular Transaction Loop; Underground Banking (Hawala),4,993457.91,3
HAWALA_02163,Circular Transaction Loop; Underground Banking (Hawala),4,993457.91,4
HAWALA_02166,Circular Transaction Loop; Underground Banking (Hawala),4,993457.91,3
HAWALA_02151,Circular Transaction Loop; Underground Banking (Hawala),4,993457.91,3
HRCORR_00506,High-Risk Corridor Transfer,4,993264.5800000001,1
CHARITY_03082,Charity Abuse,18,993137.5499999999,7
HRCORR_00420,High-Risk Corridor Transfer,4,992746.22,1
MULE_00011,Money Mule Network,9,992116.74,3
HAWALA_01514,Underground Banking (Hawala),3,991515.71,2
HAWALA_01516,Underground Banking (Hawala),3,991515.71,3
HAWALA_01515,Underground Banking (Hawala),3,991515.71,2
HAWALA_01510,Underground Banking (Hawala),3,991515.71,2
HAWALA_01523,Underground Banking (Hawala),3,991515.71,2
HAWALA_01512,Underground Banking (Hawala),3,991515.71,2
HAWALA_01525,Underground Banking (Hawala),3,991515.71,3
HAWALA_01521,Underground Banking (Hawala),3,991515.71,3
HAWALA_01524,Underground Banking (Hawala),3,991515.71,3
HAWALA_01511,Underground Banking (Hawala),3,991515.71,2
HAWALA_01522,Underground Banking (Hawala),3,991515.71,2
HAWALA_01518,Underground Banking (Hawala),3,991515.71,3
HAWALA_01519,Underground Banking (Hawala),3,991515.71,3
HAWALA_01520,Underground Banking (Hawala),3,991515.71,3
HAWALA_01517,Underground Banking (Hawala),3,991515.71,3
HAWALA_01513,Underground Banking (Hawala),3,991515.71,2
CHARITY_02578,Charity Abuse,22,991359.7,11
MULE_00033,Money Mule Network,10,991220.12,6
HRCORR_00417,High-Risk Corridor Transfer,3,991116.1699999999,1
PASS_00232,Pass-Through Transit Hub,1,991029.31,1
HAWALA_02168,Underground Banking (Hawala),4,990935.8,3
HAWALA_02170,Underground Banking (Hawala),4,990935.8,3
HAWALA_02167,Underground Banking (Hawala),4,990935.8,3
HAWALA_02174,Underground Banking (Hawala),4,990935.8,4
HAWALA_02179,Underground Banking (Hawala),4,990935.8,3
HAWALA_02177,Underground Banking (Hawala),4,990935.8,3
HAWALA_02176,Underground Banking (Hawala),4,990935.8,3
HAWALA_02178,Underground Banking (Hawala),4,990935.8,3
HAWALA_02175,Underground Banking (Hawala),4,990935.8,4
HAWALA_02182,Underground Banking (Hawala),4,990935.8,3
HAWALA_02169,Underground Banking (Hawala),4,990935.8,2
HAWALA_02171,Underground Banking (Hawala),4,990935.8,3
HAWALA_02181,Underground Banking (Hawala),4,990935.8,3
HAWALA_02180,Underground Banking (Hawala),4,990935.8,2
HAWALA_02172,Underground Banking (Hawala),4,990935.8,3
HAWALA_02173,Underground Banking (Hawala),4,990935.8,3
HRCORR_00091,High-Risk Corridor Transfer,4,990586.1699999999,1
HRCORR_00027,High-Risk Corridor Transfer,3,989819.3500000001,1
CHARITY_03010,Charity Abuse,25,989507.62,12
HAWALA_02126,Underground Banking (Hawala),4,989285.63,2
HAWALA_02121,Underground Banking (Hawala),4,989285.63,4
HAWALA_02120,Underground Banking (Hawala),4,989285.63,3
HAWALA_02123,Underground Banking (Hawala),4,989285.63,3
HAWALA_02124,Underground Banking (Hawala),4,989285.63,3
HAWALA_02125,Underground Banking (Hawala),4,989285.63,3
HAWALA_02129,Underground Banking (Hawala),4,989285.63,3
HAWALA_02131,Underground Banking (Hawala),4,989285.63,3
HAWALA_02127,Underground Banking (Hawala),4,989285.63,2
HAWALA_02128,Underground Banking (Hawala),4,989285.63,3
HAWALA_02132,Underground Banking (Hawala),4,989285.63,4
HAWALA_02133,Underground Banking (Hawala),4,989285.63,3
HAWALA_02130,Underground Banking (Hawala),4,989285.63,3
HAWALA_02119,Underground Banking (Hawala),4,989285.63,3
HAWALA_02134,Underground Banking (Hawala),4,989285.63,3
HAWALA_02122,Underground Banking (Hawala),4,989285.63,3
FUNNEL_00161,Funnel Account Network,2,989209.82,1
PASS_00014,Charity Abuse; Pass-Through Transit Hub,1,988910.42,1
CHARITY_00696,Charity Abuse; Pass-Through Transit Hub,1,988910.42,1
MULE_00049,Money Mule Network,8,988853.97,5
PASS_00364,Pass-Through Transit Hub,1,988750.86,1
HRCORR_00388,High-Risk Corridor Transfer,5,988636.97,1
HAWALA_01509,Underground Banking (Hawala),3,988318.74,3
HAWALA_01502,Underground Banking (Hawala),3,988318.74,3
HAWALA_01503,Underground Banking (Hawala),3,988318.74,2
HAWALA_01508,Underground Banking (Hawala),3,988318.74,2
HAWALA_01507,Underground Banking (Hawala),3,988318.74,2
HAWALA_01506,Underground Banking (Hawala),3,988318.74,2
HAWALA_01505,Underground Banking (Hawala),3,988318.74,2
HAWALA_01504,Underground Banking (Hawala),3,988318.74,2
PASS_00635,Pass-Through Transit Hub,2,987887.6699999999,1
CHARITY_00862,Charity Abuse,22,987489.0,8
CHARITY_03055,Charity Abuse; Underground Banking (Hawala),2,987317.28,2
HRCORR_00028,High-Risk Corridor Transfer,4,986501.67,1
CHARITY_03169,Charity Abuse,19,986379.8200000001,16
CHARITY_00279,Charity Abuse,15,985808.86,9
FUNNEL_00039,Funnel Account Network,14,985080.9299999999,9
CHARITY_01332,Charity Abuse,22,984815.26,8
HAWALA_00052,Underground Banking (Hawala),2,984521.1699999999,2
HAWALA_00057,Underground Banking (Hawala),2,984521.1699999999,1
HAWALA_00056,Underground Banking (Hawala),2,984521.1699999999,2
HAWALA_00053,Underground Banking (Hawala),2,984521.1699999999,2
HRCORR_00421,High-Risk Corridor Transfer,3,984085.6,1
CHARITY_02497,Charity Abuse,25,983856.34,7
CHARITY_02264,Charity Abuse,17,983373.04,7
CHARITY_00871,Charity Abuse,21,981791.11,9
HAWALA_01487,Underground Banking (Hawala),3,980849.96,2
HAWALA_01488,Underground Banking (Hawala),3,980849.96,2
HAWALA_01491,Underground Banking (Hawala),3,980849.96,2
HAWALA_01490,Underground Banking (Hawala),3,980849.96,2
HAWALA_01489,Underground Banking (Hawala),3,980849.96,2
HAWALA_01492,Underground Banking (Hawala),3,980849.96,2
HAWALA_01486,Underground Banking (Hawala),3,980849.96,3
HAWALA_01493,Underground Banking (Hawala),3,980849.96,3
CHARITY_01022,Charity Abuse,26,980608.63,9
HRCORR_00030,High-Risk Corridor Transfer,4,979785.86,1
HRCORR_00338,High-Risk Corridor Transfer,3,978821.5700000001,1
CHARITY_00120,Charity Abuse,14,978642.5700000001,12
FUNNEL_00001,Charity Abuse; Funnel Account Network,13,978575.33,9
CHARITY_00006,Charity Abuse; Funnel Account Network,13,978575.33,9
CHARITY_01147,Charity Abuse,12,978287.7199999999,11
CHARITY_01389,Charity Abuse; Pass-Through Transit Hub,1,978019.05,1
PASS_00010,Charity Abuse; Pass-Through Transit Hub,1,978019.05,1
CHARITY_02493,Charity Abuse; Pass-Through Transit Hub,1,977518.97,1
PASS_00034,Pass-Through Transit Hub,2,977479.76,2
FUNNEL_00274,Funnel Account Network,17,977403.5800000001,9
PASS_00281,Pass-Through Transit Hub,2,977275.3500000001,2
CHARITY_03054,Charity Abuse; Underground Banking (Hawala),2,977091.4,2
HRCORR_00031,High-Risk Corridor Transfer,4,976917.61,1
PASS_00049,Pass-Through Transit Hub,2,976505.19,2
HAWALA_00091,Underground Banking (Hawala),2,976344.21,2
HAWALA_00088,Underground Banking (Hawala),2,976344.21,2
HAWALA_00085,Underground Banking (Hawala),2,976344.21,2
HAWALA_00083,Underground Banking (Hawala),2,976344.21,2
HAWALA_00084,Underground Banking (Hawala),2,976344.21,2
HAWALA_00089,Underground Banking (Hawala),2,976344.21,2
HAWALA_00077,Underground Banking (Hawala),2,976344.21,2
HAWALA_00081,Underground Banking (Hawala),2,976344.21,2
HAWALA_00076,Underground Banking (Hawala),2,976344.21,1
HAWALA_00082,Underground Banking (Hawala),2,976344.21,1
HAWALA_00078,Underground Banking (Hawala),2,976344.21,1
HAWALA_00086,Underground Banking (Hawala),2,976344.21,2
HAWALA_00087,Underground Banking (Hawala),2,976344.21,2
HAWALA_00090,Underground Banking (Hawala),2,976344.21,2
HAWALA_00079,Underground Banking (Hawala),2,976344.21,2
HAWALA_00080,Underground Banking (Hawala),2,976344.21,1
CHARITY_01630,Charity Abuse,21,976300.74,10
CHARITY_01456,Charity Abuse; Pass-Through Transit Hub,1,975761.85,1
PASS_00232,Charity Abuse; Pass-Through Transit Hub,1,975761.85,1
PASS_00375,Pass-Through Transit Hub,2,975510.72,2
CHARITY_02281,Charity Abuse,21,974235.4899999999,13
HRCORR_00017,High-Risk Corridor Transfer,3,973880.5700000001,1
HAWALA_00078,Charity Abuse; Underground Banking (Hawala),2,972329.7,2
HAWALA_00077,Charity Abuse; Underground Banking (Hawala),2,972329.7,1
HAWALA_00091,Charity Abuse; Underground Banking (Hawala),2,972329.7,2
HAWALA_00076,Charity Abuse; Underground Banking (Hawala),2,972329.7,1
HAWALA_00087,Charity Abuse; Underground Banking (Hawala),2,972329.7,2
HAWALA_00085,Charity Abuse; Underground Banking (Hawala),2,972329.7,1
HAWALA_00086,Charity Abuse; Underground Banking (Hawala),2,972329.7,2
HAWALA_00090,Charity Abuse; Underground Banking (Hawala),2,972329.7,2
HAWALA_00079,Charity Abuse; Underground Banking (Hawala),2,972329.7,2
HAWALA_00083,Charity Abuse; Underground Banking (Hawala),2,972329.7,2
HAWALA_00080,Charity Abuse; Underground Banking (Hawala),2,972329.7,2
HAWALA_00089,Charity Abuse; Underground Banking (Hawala),2,972329.7,2
HAWALA_00084,Charity Abuse; Underground Banking (Hawala),2,972329.7,1
HAWALA_00081,Charity Abuse; Underground Banking (Hawala),2,972329.7,2
HAWALA_00088,Charity Abuse; Underground Banking (Hawala),2,972329.7,2
HAWALA_00082,Charity Abuse; Underground Banking (Hawala),2,972329.7,2
CHARITY_03303,Charity Abuse,16,972325.98,8
HRCORR_00113,High-Risk Corridor Transfer,4,972141.78,1
CHARITY_00243,Charity Abuse,22,971614.81,6
HRCORR_00217,High-Risk Corridor Transfer,3,971569.3400000001,1
CHARITY_01329,Charity Abuse,18,971237.36,5
CHARITY_01260,Charity Abuse,20,970549.63,14
HRCORR_00265,High-Risk Corridor Transfer,4,970341.57,1
FUNNEL_00074,Funnel Account Network,25,970161.06,16
CIRC_00357,Circular Transaction Loop; Underground Banking (Hawala),3,969993.75,2
CIRC_00358,Circular Transaction Loop; Underground Banking (Hawala),3,969993.75,2
HAWALA_01527,Circular Transaction Loop; Underground Banking (Hawala),3,969993.75,3
HAWALA_01526,Circular Transaction Loop; Underground Banking (Hawala),3,969993.75,2
CIRC_00361,Circular Transaction Loop; Underground Banking (Hawala),3,969993.75,2
CIRC_00354,Circular Transaction Loop; Underground Banking (Hawala),3,969993.75,2
CIRC_00359,Circular Transaction Loop; Underground Banking (Hawala),3,969993.75,2
CIRC_00360,Circular Transaction Loop; Underground Banking (Hawala),3,969993.75,3
CIRC_00356,Circular Transaction Loop; Underground Banking (Hawala),3,969993.75,2
HAWALA_01531,Circular Transaction Loop; Underground Banking (Hawala),3,969993.75,2
HAWALA_01529,Circular Transaction Loop; Underground Banking (Hawala),3,969993.75,2
HAWALA_01528,Circular Transaction Loop; Underground Banking (Hawala),3,969993.75,2
HAWALA_01530,Circular Transaction Loop; Underground Banking (Hawala),3,969993.75,2
CIRC_00355,Circular Transaction Loop; Underground Banking (Hawala),3,969993.75,3
HAWALA_01533,Circular Transaction Loop; Underground Banking (Hawala),3,969993.75,2
HAWALA_01532,Circular Transaction Loop; Underground Banking (Hawala),3,969993.75,3
HRCORR_00223,High-Risk Corridor Transfer,5,969780.9199999999,1
HRCORR_00456,High-Risk Corridor Transfer,3,968557.73,1
HAWALA_01559,Underground Banking (Hawala),3,968493.27,2
HAWALA_01560,Underground Banking (Hawala),3,968493.27,3
HAWALA_01561,Underground Banking (Hawala),3,968493.27,2
HAWALA_01565,Underground Banking (Hawala),3,968493.27,2
HAWALA_01563,Underground Banking (Hawala),3,968493.27,3
HAWALA_01564,Underground Banking (Hawala),3,968493.27,2
HAWALA_01562,Underground Banking (Hawala),3,968493.27,2
HAWALA_01558,Underground Banking (Hawala),3,968493.27,2
HRCORR_00311,High-Risk Corridor Transfer,3,968337.02,1
CHARITY_03195,Charity Abuse; Underground Banking (Hawala),2,967568.0,2
HRCORR_00064,High-Risk Corridor Transfer,4,967118.34,1
CHARITY_00356,Charity Abuse,26,966930.28,9
HRCORR_00139,High-Risk Corridor Transfer,4,966748.12,1
HRCORR_00042,High-Risk Corridor Transfer,3,966562.61,1
CHARITY_00595,Charity Abuse,20,966474.41,8
HAWALA_02213,Underground Banking (Hawala),4,966244.54,3
HAWALA_02202,Underground Banking (Hawala),4,966244.54,3
HAWALA_02199,Underground Banking (Hawala),4,966244.54,3
HAWALA_02204,Underground Banking (Hawala),4,966244.54,3
HAWALA_02214,Underground Banking (Hawala),4,966244.54,3
HAWALA_02205,Underground Banking (Hawala),4,966244.54,3
HAWALA_02203,Underground Banking (Hawala),4,966244.54,3
HAWALA_02209,Underground Banking (Hawala),4,966244.54,3
HAWALA_02208,Underground Banking (Hawala),4,966244.54,3
HAWALA_02211,Underground Banking (Hawala),4,966244.54,3
HAWALA_02210,Underground Banking (Hawala),4,966244.54,3
HAWALA_02207,Underground Banking (Hawala),4,966244.54,4
HAWALA_02200,Underground Banking (Hawala),4,966244.54,3
HAWALA_02206,Underground Banking (Hawala),4,966244.54,4
HAWALA_02212,Underground Banking (Hawala),4,966244.54,2
HAWALA_02201,Underground Banking (Hawala),4,966244.54,2
CHARITY_00512,Charity Abuse; Pass-Through Transit Hub,1,966053.36,1
PASS_00592,Charity Abuse; Pass-Through Transit Hub,1,966053.36,1
CIRC_00365,Circular Transaction Loop; Underground Banking (Hawala),3,965765.22,2
HAWALA_01555,Circular Transaction Loop; Underground Banking (Hawala),3,965765.22,3
HAWALA_01554,Circular Transaction Loop; Underground Banking (Hawala),3,965765.22,2
HAWALA_01557,Circular Transaction Loop; Underground Banking (Hawala),3,965765.22,2
HAWALA_01556,Circular Transaction Loop; Underground Banking (Hawala),3,965765.22,2
CIRC_00368,Circular Transaction Loop; Underground Banking (Hawala),3,965765.22,2
CIRC_00366,Circular Transaction Loop; Underground Banking (Hawala),3,965765.22,2
HAWALA_01552,Circular Transaction Loop; Underground Banking (Hawala),3,965765.22,3
HAWALA_01553,Circular Transaction Loop; Underground Banking (Hawala),3,965765.22,2
HAWALA_01550,Circular Transaction Loop; Underground Banking (Hawala),3,965765.22,2
HAWALA_01551,Circular Transaction Loop; Underground Banking (Hawala),3,965765.22,2
CIRC_00362,Circular Transaction Loop; Underground Banking (Hawala),3,965765.22,2
CIRC_00364,Circular Transaction Loop; Underground Banking (Hawala),3,965765.22,3
CIRC_00367,Circular Transaction Loop; Underground Banking (Hawala),3,965765.22,3
CIRC_00369,Circular Transaction Loop; Underground Banking (Hawala),3,965765.22,2
CIRC_00363,Circular Transaction Loop; Underground Banking (Hawala),3,965765.22,2
HRCORR_00491,High-Risk Corridor Transfer,3,965679.03,1
PASS_00484,Charity Abuse; Pass-Through Transit Hub,2,965589.89,2
HRCORR_00373,High-Risk Corridor Transfer,4,965536.0599999999,1
CHARITY_03015,Charity Abuse,20,965144.0,9
FUNNEL_00206,Funnel Account Network; Underground Banking (Hawala),2,965115.94,2
HRCORR_00259,High-Risk Corridor Transfer,3,964747.6,1
CHARITY_02176,Charity Abuse; Funnel Account Network; Pass-Through Transit Hub,1,964191.05,1
PASS_00010,Charity Abuse; Funnel Account Network; Pass-Through Transit Hub,1,964191.05,1
FUNNEL_00181,Charity Abuse; Funnel Account Network; Pass-Through Transit Hub,1,964191.05,1
FUNNEL_00187,Charity Abuse; Funnel Account Network,16,964114.74,15
CHARITY_00541,Charity Abuse,23,963385.5900000001,11
CHARITY_03035,Charity Abuse,28,961500.8200000001,26
PASS_00663,Pass-Through Transit Hub,2,960763.19,2
HRCORR_00084,High-Risk Corridor Transfer,4,960758.4299999999,1
HAWALA_01572,Underground Banking (Hawala),3,960211.21,2
HAWALA_01578,Underground Banking (Hawala),3,960211.21,3
HAWALA_01571,Underground Banking (Hawala),3,960211.21,2
HAWALA_01570,Underground Banking (Hawala),3,960211.21,2
HAWALA_01573,Underground Banking (Hawala),3,960211.21,3
HAWALA_01580,Underground Banking (Hawala),3,960211.21,3
HAWALA_01579,Underground Banking (Hawala),3,960211.21,2
HAWALA_01581,Underground Banking (Hawala),3,960211.21,3
FUNNEL_00206,Funnel Account Network,17,958167.93,9
CHARITY_00888,Charity Abuse,19,958080.1699999999,5
HRCORR_00025,High-Risk Corridor Transfer,4,956602.41,1
HRCORR_00324,High-Risk Corridor Transfer,3,956363.35,1
CIRC_00373,Circular Transaction Loop; Underground Banking (Hawala),3,956056.62,3
CIRC_00370,Circular Transaction Loop; Underground Banking (Hawala),3,956056.62,2
CIRC_00375,Circular Transaction Loop; Underground Banking (Hawala),3,956056.62,2
HAWALA_01586,Circular Transaction Loop; Underground Banking (Hawala),3,956056.62,3
HAWALA_01583,Circular Transaction Loop; Underground Banking (Hawala),3,956056.62,2
HAWALA_01588,Circular Transaction Loop; Underground Banking (Hawala),3,956056.62,2
HAWALA_01589,Circular Transaction Loop; Underground Banking (Hawala),3,956056.62,2
HAWALA_01587,Circular Transaction Loop; Underground Banking (Hawala),3,956056.62,2
HAWALA_01584,Circular Transaction Loop; Underground Banking (Hawala),3,956056.62,2
HAWALA_01585,Circular Transaction Loop; Underground Banking (Hawala),3,956056.62,3
CIRC_00377,Circular Transaction Loop; Underground Banking (Hawala),3,956056.62,2
CIRC_00372,Circular Transaction Loop; Underground Banking (Hawala),3,956056.62,2
CIRC_00376,Circular Transaction Loop; Underground Banking (Hawala),3,956056.62,2
HAWALA_01582,Circular Transaction Loop; Underground Banking (Hawala),3,956056.62,2
CIRC_00374,Circular Transaction Loop; Underground Banking (Hawala),3,956056.62,3
CIRC_00371,Circular Transaction Loop; Underground Banking (Hawala),3,956056.62,2
HRCORR_00181,Charity Abuse; High-Risk Corridor Transfer,3,955892.65,1
CHARITY_03000,Charity Abuse; High-Risk Corridor Transfer,3,955892.65,1
CHARITY_03243,Charity Abuse; Underground Banking (Hawala),2,955449.46,2
HAWALA_02247,Circular Transaction Loop; Underground Banking (Hawala),4,955323.59,3
HAWALA_02246,Circular Transaction Loop; Underground Banking (Hawala),4,955323.59,3
HAWALA_02250,Circular Transaction Loop; Underground Banking (Hawala),4,955323.59,4
HAWALA_02251,Circular Transaction Loop; Underground Banking (Hawala),4,955323.59,3
HAWALA_02248,Circular Transaction Loop; Underground Banking (Hawala),4,955323.59,3
HAWALA_02249,Circular Transaction Loop; Underground Banking (Hawala),4,955323.59,3
HAWALA_02252,Circular Transaction Loop; Underground Banking (Hawala),4,955323.59,3
HAWALA_02253,Circular Transaction Loop; Underground Banking (Hawala),4,955323.59,3
HAWALA_02254,Circular Transaction Loop; Underground Banking (Hawala),4,955323.59,3
HAWALA_02255,Circular Transaction Loop; Underground Banking (Hawala),4,955323.59,2
HAWALA_02240,Circular Transaction Loop; Underground Banking (Hawala),4,955323.59,2
HAWALA_02241,Circular Transaction Loop; Underground Banking (Hawala),4,955323.59,3
HAWALA_02242,Circular Transaction Loop; Underground Banking (Hawala),4,955323.59,3
HAWALA_02243,Circular Transaction Loop; Underground Banking (Hawala),4,955323.59,3
HAWALA_02244,Circular Transaction Loop; Underground Banking (Hawala),4,955323.59,3
HAWALA_02245,Circular Transaction Loop; Underground Banking (Hawala),4,955323.59,4
CIRC_00596,Circular Transaction Loop; Underground Banking (Hawala),4,955323.59,3
CIRC_00595,Circular Transaction Loop; Underground Banking (Hawala),4,955323.59,3
CIRC_00598,Circular Transaction Loop; Underground Banking (Hawala),4,955323.59,3
CIRC_00594,Circular Transaction Loop; Underground Banking (Hawala),4,955323.59,2
CIRC_00597,Circular Transaction Loop; Underground Banking (Hawala),4,955323.59,3
CIRC_00599,Circular Transaction Loop; Underground Banking (Hawala),4,955323.59,4
CIRC_00600,Circular Transaction Loop; Underground Banking (Hawala),4,955323.59,3
CIRC_00601,Circular Transaction Loop; Underground Banking (Hawala),4,955323.59,3
CIRC_00604,Circular Transaction Loop; Underground Banking (Hawala),4,955323.59,4
CIRC_00602,Circular Transaction Loop; Underground Banking (Hawala),4,955323.59,3
CIRC_00603,Circular Transaction Loop; Underground Banking (Hawala),4,955323.59,3
CIRC_00607,Circular Transaction Loop; Underground Banking (Hawala),4,955323.59,3
CIRC_00609,Circular Transaction Loop; Underground Banking (Hawala),4,955323.59,2
CIRC_00606,Circular Transaction Loop; Underground Banking (Hawala),4,955323.59,3
CIRC_00605,Circular Transaction Loop; Underground Banking (Hawala),4,955323.59,3
CIRC_00608,Circular Transaction Loop; Underground Banking (Hawala),4,955323.59,3
FUNNEL_00077,Funnel Account Network,14,954900.5499999999,7
HRCORR_00267,High-Risk Corridor Transfer,4,954048.59,1
FUNNEL_00027,Funnel Account Network,11,953575.6799999999,6
CHARITY_01324,Charity Abuse,17,953445.02,6
CHARITY_01036,Charity Abuse,20,953012.75,7
CHARITY_03133,Charity Abuse,16,952894.74,12
FUNNEL_00269,Funnel Account Network,7,952884.2000000001,3
CHARITY_03212,Charity Abuse; Funnel Account Network,18,952355.64,15
FUNNEL_00275,Charity Abuse; Funnel Account Network,18,952355.64,15
CHARITY_02140,Charity Abuse,22,952208.78,9
PASS_00086,Pass-Through Transit Hub,2,951905.01,2
CHARITY_00892,Charity Abuse,13,951463.5499999999,7
HRCORR_00249,High-Risk Corridor Transfer,3,951033.98,1
CHARITY_00292,Charity Abuse,10,950782.9099999999,5
CHARITY_01806,Charity Abuse,22,950694.4299999999,15
MULE_00004,Money Mule Network,8,950531.0,3
HRCORR_00425,High-Risk Corridor Transfer,3,950496.4500000001,1
HRCORR_00427,High-Risk Corridor Transfer,3,949997.35,1
CHARITY_02991,Charity Abuse,19,948677.98,7
CHARITY_03294,Charity Abuse,14,948359.6599999999,7
HRCORR_00136,High-Risk Corridor Transfer,4,947051.2799999999,1
HRCORR_00153,High-Risk Corridor Transfer,4,946506.4,1
HAWALA_01667,Underground Banking (Hawala),3,946497.94,2
HAWALA_01668,Underground Banking (Hawala),3,946497.94,2
HAWALA_01662,Underground Banking (Hawala),3,946497.94,3
HAWALA_01665,Underground Banking (Hawala),3,946497.94,2
HAWALA_01666,Underground Banking (Hawala),3,946497.94,2
HAWALA_01669,Underground Banking (Hawala),3,946497.94,3
HAWALA_01664,Underground Banking (Hawala),3,946497.94,2
HAWALA_01663,Underground Banking (Hawala),3,946497.94,2
HRCORR_00444,High-Risk Corridor Transfer,3,946261.95,1
CHARITY_01272,Charity Abuse,16,945750.66,7
HAWALA_00210,Underground Banking (Hawala),2,945385.6499999999,2
HAWALA_00211,Underground Banking (Hawala),2,945385.6499999999,1
HAWALA_00208,Underground Banking (Hawala),2,945385.6499999999,2
HAWALA_00206,Underground Banking (Hawala),2,945385.6499999999,2
HAWALA_00209,Underground Banking (Hawala),2,945385.6499999999,1
HAWALA_00207,Underground Banking (Hawala),2,945385.6499999999,2
HAWALA_00205,Underground Banking (Hawala),2,945385.6499999999,2
HAWALA_00204,Underground Banking (Hawala),2,945385.6499999999,2
CHARITY_02651,Charity Abuse,27,944926.53,13
CHARITY_01850,Charity Abuse; Underground Banking (Hawala),2,944473.4,2
MULE_00052,Money Mule Network,11,944444.53,6
HRCORR_00090,High-Risk Corridor Transfer,4,944440.75,1
CHARITY_02691,Charity Abuse,19,944385.64,11
MULE_00042,Money Mule Network,7,943645.25,3
HRCORR_00263,High-Risk Corridor Transfer,3,943524.96,1
HRCORR_00111,High-Risk Corridor Transfer,4,942138.04,1
CHARITY_02349,Charity Abuse,19,942098.0900000001,13
CHARITY_02695,Charity Abuse,18,942095.4400000001,14
HAWALA_01627,Underground Banking (Hawala),3,941913.55,3
HAWALA_01626,Underground Banking (Hawala),3,941913.55,2
HAWALA_01635,Underground Banking (Hawala),3,941913.55,2
HAWALA_01632,Underground Banking (Hawala),3,941913.55,3
HAWALA_01629,Underground Banking (Hawala),3,941913.55,3
HAWALA_01628,Underground Banking (Hawala),3,941913.55,2
HAWALA_01630,Underground Banking (Hawala),3,941913.55,3
HAWALA_01634,Underground Banking (Hawala),3,941913.55,2
HAWALA_01636,Underground Banking (Hawala),3,941913.55,2
HAWALA_01625,Underground Banking (Hawala),3,941913.55,3
HAWALA_01622,Underground Banking (Hawala),3,941913.55,2
HAWALA_01623,Underground Banking (Hawala),3,941913.55,3
HAWALA_01633,Underground Banking (Hawala),3,941913.55,3
HAWALA_01631,Underground Banking (Hawala),3,941913.55,3
HAWALA_01624,Underground Banking (Hawala),3,941913.55,2
HAWALA_01637,Underground Banking (Hawala),3,941913.55,2
PASS_00641,Pass-Through Transit Hub,1,941731.72,1
CHARITY_01637,Charity Abuse,14,941673.1799999999,12
CHARITY_01485,Charity Abuse,20,941581.2999999999,9
HAWALA_01681,Underground Banking (Hawala),3,941509.3200000001,2
HAWALA_01683,Underground Banking (Hawala),3,941509.3200000001,3
HAWALA_01682,Underground Banking (Hawala),3,941509.3200000001,3
HAWALA_01678,Underground Banking (Hawala),3,941509.3200000001,2
HAWALA_01672,Underground Banking (Hawala),3,941509.3200000001,2
HAWALA_01671,Underground Banking (Hawala),3,941509.3200000001,3
HAWALA_01670,Underground Banking (Hawala),3,941509.3200000001,2
HAWALA_01676,Underground Banking (Hawala),3,941509.3200000001,2
HAWALA_01677,Underground Banking (Hawala),3,941509.3200000001,3
HAWALA_01679,Underground Banking (Hawala),3,941509.3200000001,2
HAWALA_01673,Underground Banking (Hawala),3,941509.3200000001,3
HAWALA_01674,Underground Banking (Hawala),3,941509.3200000001,2
HAWALA_01675,Underground Banking (Hawala),3,941509.3200000001,3
HAWALA_01685,Underground Banking (Hawala),3,941509.3200000001,3
HAWALA_01680,Underground Banking (Hawala),3,941509.3200000001,2
HAWALA_01684,Underground Banking (Hawala),3,941509.3200000001,3
FUNNEL_00085,Charity Abuse; Funnel Account Network,12,940481.5299999999,7
CHARITY_01062,Charity Abuse; Funnel Account Network,12,940481.5299999999,7
HRCORR_00507,High-Risk Corridor Transfer,5,940258.67,1
CHARITY_00907,Charity Abuse,17,940245.6600000001,8
PASS_00088,Pass-Through Transit Hub,2,940225.19,2
HRCORR_00377,High-Risk Corridor Transfer,3,939392.86,1
CHARITY_01918,Charity Abuse,17,938344.39,13
HRCORR_00386,High-Risk Corridor Transfer,4,938075.1100000001,1
CHARITY_01898,Charity Abuse,20,936625.8,11
CHARITY_00300,Charity Abuse,26,936285.89,13
CIRC_00036,Circular Transaction Loop; Underground Banking (Hawala),2,935435.8,2
HAWALA_00260,Circular Transaction Loop; Underground Banking (Hawala),2,935435.8,2
CIRC_00037,Circular Transaction Loop; Underground Banking (Hawala),2,935435.8,2
CIRC_00039,Circular Transaction Loop; Underground Banking (Hawala),2,935435.8,1
HAWALA_00265,Circular Transaction Loop; Underground Banking (Hawala),2,935435.8,1
HAWALA_00262,Circular Transaction Loop; Underground Banking (Hawala),2,935435.8,2
HAWALA_00263,Circular Transaction Loop; Underground Banking (Hawala),2,935435.8,2
CIRC_00034,Circular Transaction Loop; Underground Banking (Hawala),2,935435.8,2
HAWALA_00264,Circular Transaction Loop; Underground Banking (Hawala),2,935435.8,2
CIRC_00041,Circular Transaction Loop; Underground Banking (Hawala),2,935435.8,2
HAWALA_00266,Circular Transaction Loop; Underground Banking (Hawala),2,935435.8,2
HAWALA_00267,Circular Transaction Loop; Underground Banking (Hawala),2,935435.8,2
HAWALA_00261,Circular Transaction Loop; Underground Banking (Hawala),2,935435.8,1
CIRC_00035,Circular Transaction Loop; Underground Banking (Hawala),2,935435.8,1
CIRC_00038,Circular Transaction Loop; Underground Banking (Hawala),2,935435.8,2
CIRC_00040,Circular Transaction Loop; Underground Banking (Hawala),2,935435.8,2
HAWALA_00216,Underground Banking (Hawala),2,935123.37,2
HAWALA_00214,Underground Banking (Hawala),2,935123.37,2
HAWALA_00215,Underground Banking (Hawala),2,935123.37,2
HAWALA_00217,Underground Banking (Hawala),2,935123.37,1
HAWALA_00212,Underground Banking (Hawala),2,935123.37,2
HAWALA_00219,Underground Banking (Hawala),2,935123.37,2
HAWALA_00213,Underground Banking (Hawala),2,935123.37,1
HAWALA_00218,Underground Banking (Hawala),2,935123.37,2
CHARITY_00055,Charity Abuse; Circular Transaction Loop; Underground Banking (Hawala),2,934935.54,2
HAWALA_00332,Underground Banking (Hawala),2,934829.4299999999,1
HAWALA_00336,Underground Banking (Hawala),2,934829.4299999999,2
HAWALA_00334,Underground Banking (Hawala),2,934829.4299999999,2
HAWALA_00338,Underground Banking (Hawala),2,934829.4299999999,2
CHARITY_02410,Charity Abuse,14,934450.2,4
CHARITY_00646,Charity Abuse,23,934408.48,11
PASS_00412,Pass-Through Transit Hub,2,934045.77,2
CHARITY_01666,Charity Abuse,21,933902.06,13
CHARITY_01187,Charity Abuse; Pass-Through Transit Hub,1,933058.04,1
PASS_00322,Charity Abuse; Pass-Through Transit Hub,1,933058.04,1
FUNNEL_00245,Charity Abuse; Funnel Account Network; Underground Banking (Hawala),2,932686.46,2
CHARITY_02860,Charity Abuse; Funnel Account Network; Underground Banking (Hawala),2,932686.46,2
HRCORR_00008,High-Risk Corridor Transfer,4,932458.1299999999,1
CHARITY_03037,Charity Abuse; Circular Transaction Loop; Underground Banking (Hawala),2,932411.12,2
FUNNEL_00073,Funnel Account Network,24,932194.76,17
HRCORR_00422,High-Risk Corridor Transfer,3,931769.25,1
FUNNEL_00199,Charity Abuse; Funnel Account Network,17,931634.6799999999,11
CHARITY_02388,Charity Abuse; Funnel Account Network,17,931634.6799999999,11
CHARITY_00326,Charity Abuse,17,931411.62,11
HRCORR_00276,High-Risk Corridor Transfer,3,931262.28,1
PASS_00084,Pass-Through Transit Hub,2,930634.0700000001,2
PASS_00617,Pass-Through Transit Hub,1,929622.71,1
CHARITY_02215,Charity Abuse; Underground Banking (Hawala),2,928374.92,2
CHARITY_00156,Charity Abuse,16,928367.74,11
CHARITY_01512,Charity Abuse,22,927934.9400000001,8
HRCORR_00220,High-Risk Corridor Transfer,3,927890.5599999999,1
HAWALA_00288,Underground Banking (Hawala),2,927848.7,2
HAWALA_00285,Underground Banking (Hawala),2,927848.7,1
HAWALA_00290,Underground Banking (Hawala),2,927848.7,2
HAWALA_00286,Underground Banking (Hawala),2,927848.7,2
HAWALA_00284,Underground Banking (Hawala),2,927848.7,2
HAWALA_00289,Underground Banking (Hawala),2,927848.7,1
HAWALA_00291,Underground Banking (Hawala),2,927848.7,2
HAWALA_00287,Underground Banking (Hawala),2,927848.7,2
PASS_00322,Pass-Through Transit Hub,1,927550.57,1
CHARITY_02680,Charity Abuse; Underground Banking (Hawala),2,927216.28,2
CHARITY_00554,Charity Abuse; Pass-Through Transit Hub,1,926972.77,1
PASS_00234,Charity Abuse; Pass-Through Transit Hub,1,926972.77,1
CHARITY_01237,Charity Abuse; Underground Banking (Hawala),2,926110.8,2
CHARITY_02297,Charity Abuse,16,925528.49,8
CHARITY_01470,Charity Abuse; Underground Banking (Hawala),2,924724.04,2
HAWALA_02306,Underground Banking (Hawala),4,923874.1499999999,3
HAWALA_02309,Underground Banking (Hawala),4,923874.1499999999,3
HAWALA_02302,Underground Banking (Hawala),4,923874.1499999999,2
HAWALA_02299,Underground Banking (Hawala),4,923874.1499999999,4
HAWALA_02296,Underground Banking (Hawala),4,923874.1499999999,3
HAWALA_02297,Underground Banking (Hawala),4,923874.1499999999,3
HAWALA_02298,Underground Banking (Hawala),4,923874.1499999999,3
HAWALA_02305,Underground Banking (Hawala),4,923874.1499999999,2
HAWALA_02310,Underground Banking (Hawala),4,923874.1499999999,3
HAWALA_02304,Underground Banking (Hawala),4,923874.1499999999,3
HAWALA_02303,Underground Banking (Hawala),4,923874.1499999999,3
HAWALA_02307,Underground Banking (Hawala),4,923874.1499999999,3
HAWALA_02308,Underground Banking (Hawala),4,923874.1499999999,4
HAWALA_02311,Underground Banking (Hawala),4,923874.1499999999,3
HAWALA_02301,Underground Banking (Hawala),4,923874.1499999999,3
HAWALA_02300,Underground Banking (Hawala),4,923874.1499999999,3
HAWALA_00374,Charity Abuse; Underground Banking (Hawala),2,923377.41,2
HAWALA_00372,Charity Abuse; Underground Banking (Hawala),2,923377.41,2
HAWALA_00376,Charity Abuse; Underground Banking (Hawala),2,923377.41,2
HAWALA_00373,Charity Abuse; Underground Banking (Hawala),2,923377.41,2
HAWALA_00377,Charity Abuse; Underground Banking (Hawala),2,923377.41,2
HAWALA_00379,Charity Abuse; Underground Banking (Hawala),2,923377.41,2
HAWALA_00378,Charity Abuse; Underground Banking (Hawala),2,923377.41,2
HAWALA_00375,Charity Abuse; Underground Banking (Hawala),2,923377.41,2
CHARITY_01063,Charity Abuse,17,923074.4800000001,11
FUNNEL_00072,Charity Abuse; Funnel Account Network,13,922680.87,4
PASS_00360,Pass-Through Transit Hub,2,922365.3500000001,2
CHARITY_02314,Charity Abuse; Money Mule Network,8,922074.52,1
MULE_00025,Charity Abuse; Money Mule Network,8,922074.52,1
HRCORR_00487,High-Risk Corridor Transfer,3,921562.2200000001,1
FUNNEL_00156,Funnel Account Network,31,921512.38,21
PASS_00640,Charity Abuse; Pass-Through Transit Hub,1,921498.36,1
CHARITY_01041,Charity Abuse; Pass-Through Transit Hub,1,921498.36,1
CHARITY_01346,Charity Abuse,17,921454.19,8
CHARITY_01285,Charity Abuse,20,921400.7,7
PASS_00473,Pass-Through Transit Hub,2,921230.37,1
CHARITY_02633,Charity Abuse,25,920821.53,8
CHARITY_02492,Charity Abuse; Underground Banking (Hawala),2,920701.04,2
FUNNEL_00026,Charity Abuse; Funnel Account Network,10,919068.1399999999,7
CHARITY_01958,Charity Abuse,19,919051.64,10
HRCORR_00180,High-Risk Corridor Transfer,4,918654.5900000001,1
CHARITY_01883,Charity Abuse; Funnel Account Network,12,917937.68,10
FUNNEL_00155,Charity Abuse; Funnel Account Network,12,917937.68,10
HAWALA_02341,Underground Banking (Hawala),4,917454.04,3
HAWALA_02347,Underground Banking (Hawala),4,917454.04,3
HAWALA_02349,Underground Banking (Hawala),4,917454.04,2
HAWALA_02350,Underground Banking (Hawala),4,917454.04,3
HAWALA_02351,Underground Banking (Hawala),4,917454.04,3
HAWALA_02336,Underground Banking (Hawala),4,917454.04,3
HAWALA_02345,Underground Banking (Hawala),4,917454.04,3
HAWALA_02346,Underground Banking (Hawala),4,917454.04,3
HAWALA_02338,Underground Banking (Hawala),4,917454.04,2
HAWALA_02337,Underground Banking (Hawala),4,917454.04,3
HAWALA_02340,Underground Banking (Hawala),4,917454.04,3
HAWALA_02339,Underground Banking (Hawala),4,917454.04,3
HAWALA_02348,Underground Banking (Hawala),4,917454.04,3
HAWALA_02342,Underground Banking (Hawala),4,917454.04,3
HAWALA_02344,Underground Banking (Hawala),4,917454.04,4
HAWALA_02343,Underground Banking (Hawala),4,917454.04,4
HAWALA_00379,Underground Banking (Hawala),2,917142.38,2
HAWALA_00374,Underground Banking (Hawala),2,917142.38,2
HAWALA_00377,Underground Banking (Hawala),2,917142.38,1
HAWALA_00378,Underground Banking (Hawala),2,917142.38,2
HAWALA_00376,Underground Banking (Hawala),2,917142.38,2
HAWALA_00372,Underground Banking (Hawala),2,917142.38,2
HAWALA_00373,Underground Banking (Hawala),2,917142.38,1
HAWALA_00375,Underground Banking (Hawala),2,917142.38,2
CHARITY_02392,Charity Abuse,16,916586.16,14
CHARITY_00281,Charity Abuse; Funnel Account Network,9,916204.9199999999,6
PASS_00642,Pass-Through Transit Hub,1,916194.3,1
CHARITY_00147,Charity Abuse,19,915676.76,8
CHARITY_02322,Charity Abuse,15,915218.27,10
PASS_00234,Pass-Through Transit Hub,1,914614.55,1
CHARITY_03240,Charity Abuse,14,914152.8600000001,12
PASS_00074,Pass-Through Transit Hub,2,913739.81,2
PASS_00370,Pass-Through Transit Hub,2,913449.3200000001,2
HAWALA_00326,Underground Banking (Hawala),2,913029.3200000001,2
HAWALA_00330,Underground Banking (Hawala),2,913029.3200000001,2
HAWALA_00324,Underground Banking (Hawala),2,913029.3200000001,2
HAWALA_00327,Underground Banking (Hawala),2,913029.3200000001,2
HAWALA_00328,Underground Banking (Hawala),2,913029.3200000001,2
HAWALA_00329,Underground Banking (Hawala),2,913029.3200000001,1
HAWALA_00325,Underground Banking (Hawala),2,913029.3200000001,1
HAWALA_00331,Underground Banking (Hawala),2,913029.3200000001,2
FUNNEL_00014,Funnel Account Network,33,912231.79,21
PASS_00640,Pass-Through Transit Hub,1,911243.07,1
CHARITY_01801,Charity Abuse,30,911010.91,17
FUNNEL_00040,Funnel Account Network,14,910824.69,9
HRCORR_00309,High-Risk Corridor Transfer,3,910627.87,1
PASS_00617,Charity Abuse; Pass-Through Transit Hub,1,910519.06,1
CHARITY_00294,Charity Abuse; Pass-Through Transit Hub,1,910519.06,1
CHARITY_01137,Charity Abuse,29,910284.33,8
HRCORR_00104,High-Risk Corridor Transfer,3,910089.24,1
CHARITY_00452,Charity Abuse,26,910055.2100000001,9
CHARITY_01879,Charity Abuse,14,909516.61,5
PASS_00145,Pass-Through Transit Hub,2,909399.73,2
CHARITY_03235,Charity Abuse; Underground Banking (Hawala),2,909291.96,2
PASS_00641,Charity Abuse; Pass-Through Transit Hub,1,908090.18,1
CHARITY_03225,Charity Abuse; Pass-Through Transit Hub,1,908090.18,1
CHARITY_01217,Charity Abuse,19,907897.62,7
HRCORR_00443,High-Risk Corridor Transfer,3,907283.65,1
CHARITY_02664,Charity Abuse,24,906820.99,8
PASS_00621,Pass-Through Transit Hub,2,906759.0700000001,2
HRCORR_00358,Charity Abuse; High-Risk Corridor Transfer,2,906354.69,1
CHARITY_00496,Charity Abuse; High-Risk Corridor Transfer,2,906354.69,1
CHARITY_00610,Charity Abuse; Pass-Through Transit Hub,1,905810.36,1
PASS_00642,Charity Abuse; Pass-Through Transit Hub,1,905810.36,1
HAWALA_01733,Circular Transaction Loop; Underground Banking (Hawala),3,905642.1100000001,2
HAWALA_01731,Circular Transaction Loop; Underground Banking (Hawala),3,905642.1100000001,2
HAWALA_01730,Circular Transaction Loop; Underground Banking (Hawala),3,905642.1100000001,3
HAWALA_01732,Circular Transaction Loop; Underground Banking (Hawala),3,905642.1100000001,2
HAWALA_01728,Circular Transaction Loop; Underground Banking (Hawala),3,905642.1100000001,2
HAWALA_01727,Circular Transaction Loop; Underground Banking (Hawala),3,905642.1100000001,2
HAWALA_01729,Circular Transaction Loop; Underground Banking (Hawala),3,905642.1100000001,3
HAWALA_01726,Circular Transaction Loop; Underground Banking (Hawala),3,905642.1100000001,2
CIRC_00415,Circular Transaction Loop; Underground Banking (Hawala),3,905642.1100000001,2
CIRC_00417,Circular Transaction Loop; Underground Banking (Hawala),3,905642.1100000001,2
CIRC_00416,Circular Transaction Loop; Underground Banking (Hawala),3,905642.1100000001,2
CIRC_00410,Circular Transaction Loop; Underground Banking (Hawala),3,905642.1100000001,2
CIRC_00411,Circular Transaction Loop; Underground Banking (Hawala),3,905642.1100000001,2
CIRC_00412,Circular Transaction Loop; Underground Banking (Hawala),3,905642.1100000001,2
CIRC_00413,Circular Transaction Loop; Underground Banking (Hawala),3,905642.1100000001,3
CIRC_00414,Circular Transaction Loop; Underground Banking (Hawala),3,905642.1100000001,3
CHARITY_01909,Charity Abuse; Funnel Account Network,18,905309.33,11
FUNNEL_00160,Charity Abuse; Funnel Account Network,18,905309.33,11
CHARITY_00906,Charity Abuse; Circular Transaction Loop,2,904935.42,2
CIRC_00406,Circular Transaction Loop; Underground Banking (Hawala),3,904923.26,2
CIRC_00407,Circular Transaction Loop; Underground Banking (Hawala),3,904923.26,2
HAWALA_01723,Circular Transaction Loop; Underground Banking (Hawala),3,904923.26,2
HAWALA_01724,Circular Transaction Loop; Underground Banking (Hawala),3,904923.26,2
CIRC_00404,Circular Transaction Loop; Underground Banking (Hawala),3,904923.26,2
CIRC_00409,Circular Transaction Loop; Underground Banking (Hawala),3,904923.26,3
CIRC_00405,Circular Transaction Loop; Underground Banking (Hawala),3,904923.26,2
HAWALA_01718,Circular Transaction Loop; Underground Banking (Hawala),3,904923.26,3
HAWALA_01722,Circular Transaction Loop; Underground Banking (Hawala),3,904923.26,2
CIRC_00403,Circular Transaction Loop; Underground Banking (Hawala),3,904923.26,2
CIRC_00402,Circular Transaction Loop; Underground Banking (Hawala),3,904923.26,3
HAWALA_01720,Circular Transaction Loop; Underground Banking (Hawala),3,904923.26,2
HAWALA_01725,Circular Transaction Loop; Underground Banking (Hawala),3,904923.26,3
HAWALA_01719,Circular Transaction Loop; Underground Banking (Hawala),3,904923.26,2
HAWALA_01721,Circular Transaction Loop; Underground Banking (Hawala),3,904923.26,2
CIRC_00408,Circular Transaction Loop; Underground Banking (Hawala),3,904923.26,2
CHARITY_02273,Charity Abuse,19,904714.93,7
HRCORR_00334,High-Risk Corridor Transfer,3,904136.32,1
CHARITY_01753,Charity Abuse,20,904113.06,11
FUNNEL_00272,Funnel Account Network,15,903540.33,12
HRCORR_00012,High-Risk Corridor Transfer,5,902512.58,1
HRCORR_00262,High-Risk Corridor Transfer,4,902094.28,1
HRCORR_00210,High-Risk Corridor Transfer,3,901635.21,1
FUNNEL_00129,Funnel Account Network,15,901403.13,10
CHARITY_01809,Charity Abuse,26,900884.51,13
HRCORR_00120,High-Risk Corridor Transfer,2,900620.17,1
FUNNEL_00128,Funnel Account Network; Underground Banking (Hawala),2,900119.22,2
CHARITY_01504,Charity Abuse,18,900017.95,8
FUNNEL_00132,Funnel Account Network,9,899605.81,5
CHARITY_02491,Charity Abuse; High-Risk Corridor Transfer,3,898778.36,1
HRCORR_00436,Charity Abuse; High-Risk Corridor Transfer,3,898778.36,1
PASS_00708,Charity Abuse; Pass-Through Transit Hub,1,898109.62,1
CHARITY_02807,Charity Abuse; Pass-Through Transit Hub,1,898109.62,1
HAWALA_01742,Circular Transaction Loop; Underground Banking (Hawala),3,898085.78,2
HAWALA_01743,Circular Transaction Loop; Underground Banking (Hawala),3,898085.78,2
CIRC_00422,Circular Transaction Loop; Underground Banking (Hawala),3,898085.78,2
HAWALA_01746,Circular Transaction Loop; Underground Banking (Hawala),3,898085.78,3
CIRC_00420,Circular Transaction Loop; Underground Banking (Hawala),3,898085.78,2
CIRC_00418,Circular Transaction Loop; Underground Banking (Hawala),3,898085.78,2
CIRC_00421,Circular Transaction Loop; Underground Banking (Hawala),3,898085.78,3
HAWALA_01736,Circular Transaction Loop; Underground Banking (Hawala),3,898085.78,2
CIRC_00425,Circular Transaction Loop; Underground Banking (Hawala),3,898085.78,3
CIRC_00432,Circular Transaction Loop; Underground Banking (Hawala),3,898085.78,3
CIRC_00433,Circular Transaction Loop; Underground Banking (Hawala),3,898085.78,3
HAWALA_01737,Circular Transaction Loop; Underground Banking (Hawala),3,898085.78,3
HAWALA_01735,Circular Transaction Loop; Underground Banking (Hawala),3,898085.78,3
CIRC_00429,Circular Transaction Loop; Underground Banking (Hawala),3,898085.78,2
HAWALA_01734,Circular Transaction Loop; Underground Banking (Hawala),3,898085.78,2
CIRC_00424,Circular Transaction Loop; Underground Banking (Hawala),3,898085.78,2
CIRC_00430,Circular Transaction Loop; Underground Banking (Hawala),3,898085.78,3
HAWALA_01744,Circular Transaction Loop; Underground Banking (Hawala),3,898085.78,2
HAWALA_01745,Circular Transaction Loop; Underground Banking (Hawala),3,898085.78,2
CIRC_00427,Circular Transaction Loop; Underground Banking (Hawala),3,898085.78,2
CIRC_00428,Circular Transaction Loop; Underground Banking (Hawala),3,898085.78,2
CIRC_00431,Circular Transaction Loop; Underground Banking (Hawala),3,898085.78,3
CIRC_00426,Circular Transaction Loop; Underground Banking (Hawala),3,898085.78,2
HAWALA_01749,Circular Transaction Loop; Underground Banking (Hawala),3,898085.78,3
HAWALA_01748,Circular Transaction Loop; Underground Banking (Hawala),3,898085.78,3
CIRC_00423,Circular Transaction Loop; Underground Banking (Hawala),3,898085.78,3
HAWALA_01747,Circular Transaction Loop; Underground Banking (Hawala),3,898085.78,3
HAWALA_01741,Circular Transaction Loop; Underground Banking (Hawala),3,898085.78,3
HAWALA_01738,Circular Transaction Loop; Underground Banking (Hawala),3,898085.78,2
HAWALA_01740,Circular Transaction Loop; Underground Banking (Hawala),3,898085.78,2
CIRC_00419,Circular Transaction Loop; Underground Banking (Hawala),3,898085.78,3
HAWALA_01739,Circular Transaction Loop; Underground Banking (Hawala),3,898085.78,3
CHARITY_00043,Charity Abuse,20,897534.26,15
HRCORR_00071,High-Risk Corridor Transfer,4,897385.3899999999,1
PASS_00632,Pass-Through Transit Hub,2,896583.36,1
PASS_00185,Pass-Through Transit Hub,2,896135.79,2
CHARITY_00020,Charity Abuse,21,895719.87,10
FUNNEL_00001,Funnel Account Network,11,894615.39,8
CHARITY_00269,Charity Abuse,20,892501.82,6
HRCORR_00106,High-Risk Corridor Transfer,3,892492.22,1
CHARITY_01162,Charity Abuse,17,892484.0399999999,7
FUNNEL_00102,Charity Abuse; Funnel Account Network,7,892450.6000000001,4
CHARITY_01327,Charity Abuse; Funnel Account Network,7,892450.6000000001,4
HRCORR_00175,High-Risk Corridor Transfer,3,892314.83,1
CHARITY_02192,Charity Abuse,19,892184.95,9
CHARITY_02063,Charity Abuse,19,891929.98,8
CHARITY_02071,Charity Abuse,22,891917.2999999999,10
HAWALA_00455,Underground Banking (Hawala),2,891872.39,2
HAWALA_00456,Underground Banking (Hawala),2,891872.39,2
HAWALA_00453,Underground Banking (Hawala),2,891872.39,2
HAWALA_00454,Underground Banking (Hawala),2,891872.39,2
HAWALA_00457,Underground Banking (Hawala),2,891872.39,2
HAWALA_00458,Underground Banking (Hawala),2,891872.39,1
HAWALA_00459,Underground Banking (Hawala),2,891872.39,1
HAWALA_00452,Underground Banking (Hawala),2,891872.39,2
MULE_00076,Money Mule Network,7,891350.6799999999,3
HAWALA_01779,Underground Banking (Hawala),3,890722.1599999999,2
HAWALA_01776,Underground Banking (Hawala),3,890722.1599999999,2
HAWALA_01775,Underground Banking (Hawala),3,890722.1599999999,2
HAWALA_01781,Underground Banking (Hawala),3,890722.1599999999,3
HAWALA_01777,Underground Banking (Hawala),3,890722.1599999999,2
HAWALA_01780,Underground Banking (Hawala),3,890722.1599999999,2
HAWALA_01778,Underground Banking (Hawala),3,890722.1599999999,2
HAWALA_01774,Underground Banking (Hawala),3,890722.1599999999,3
HAWALA_00462,Underground Banking (Hawala),2,890437.1799999999,2
HAWALA_00466,Underground Banking (Hawala),2,890437.1799999999,2
HAWALA_00463,Underground Banking (Hawala),2,890437.1799999999,1
HAWALA_00464,Underground Banking (Hawala),2,890437.1799999999,2
HAWALA_00460,Underground Banking (Hawala),2,890437.1799999999,2
HAWALA_00467,Underground Banking (Hawala),2,890437.1799999999,1
HAWALA_00461,Underground Banking (Hawala),2,890437.1799999999,2
HAWALA_00465,Underground Banking (Hawala),2,890437.1799999999,2
HAWALA_02395,Circular Transaction Loop; Underground Banking (Hawala),4,890253.78,2
HAWALA_02389,Circular Transaction Loop; Underground Banking (Hawala),4,890253.78,3
CIRC_00632,Circular Transaction Loop; Underground Banking (Hawala),4,890253.78,4
CIRC_00630,Circular Transaction Loop; Underground Banking (Hawala),4,890253.78,3
HAWALA_02396,Circular Transaction Loop; Underground Banking (Hawala),4,890253.78,3
HAWALA_02394,Circular Transaction Loop; Underground Banking (Hawala),4,890253.78,3
CIRC_00629,Circular Transaction Loop; Underground Banking (Hawala),4,890253.78,2
CIRC_00621,Circular Transaction Loop; Underground Banking (Hawala),4,890253.78,3
CIRC_00625,Circular Transaction Loop; Underground Banking (Hawala),4,890253.78,3
CIRC_00622,Circular Transaction Loop; Underground Banking (Hawala),4,890253.78,2
CIRC_00623,Circular Transaction Loop; Underground Banking (Hawala),4,890253.78,3
CIRC_00624,Circular Transaction Loop; Underground Banking (Hawala),4,890253.78,3
CIRC_00627,Circular Transaction Loop; Underground Banking (Hawala),4,890253.78,3
CIRC_00626,Circular Transaction Loop; Underground Banking (Hawala),4,890253.78,3
CIRC_00628,Circular Transaction Loop; Underground Banking (Hawala),4,890253.78,3
HAWALA_02392,Circular Transaction Loop; Underground Banking (Hawala),4,890253.78,3
CIRC_00619,Circular Transaction Loop; Underground Banking (Hawala),4,890253.78,4
HAWALA_02393,Circular Transaction Loop; Underground Banking (Hawala),4,890253.78,3
HAWALA_02397,Circular Transaction Loop; Underground Banking (Hawala),4,890253.78,3
CIRC_00618,Circular Transaction Loop; Underground Banking (Hawala),4,890253.78,3
HAWALA_02384,Circular Transaction Loop; Underground Banking (Hawala),4,890253.78,3
CIRC_00633,Circular Transaction Loop; Underground Banking (Hawala),4,890253.78,3
CIRC_00620,Circular Transaction Loop; Underground Banking (Hawala),4,890253.78,3
HAWALA_02391,Circular Transaction Loop; Underground Banking (Hawala),4,890253.78,3
HAWALA_02385,Circular Transaction Loop; Underground Banking (Hawala),4,890253.78,4
HAWALA_02386,Circular Transaction Loop; Underground Banking (Hawala),4,890253.78,3
HAWALA_02387,Circular Transaction Loop; Underground Banking (Hawala),4,890253.78,3
HAWALA_02388,Circular Transaction Loop; Underground Banking (Hawala),4,890253.78,2
HAWALA_02390,Circular Transaction Loop; Underground Banking (Hawala),4,890253.78,3
HAWALA_02399,Circular Transaction Loop; Underground Banking (Hawala),4,890253.78,3
HAWALA_02398,Circular Transaction Loop; Underground Banking (Hawala),4,890253.78,4
CIRC_00631,Circular Transaction Loop; Underground Banking (Hawala),4,890253.78,3
CHARITY_03208,Charity Abuse,19,890158.62,11
PASS_00708,Pass-Through Transit Hub,1,889881.78,1
CHARITY_01693,Charity Abuse,15,889694.63,7
CHARITY_01841,Charity Abuse; Funnel Account Network,8,889004.52,4
FUNNEL_00151,Charity Abuse; Funnel Account Network,8,889004.52,4
PASS_00107,Pass-Through Transit Hub,1,888849.64,1
FUNNEL_00099,Funnel Account Network,20,888728.47,15
CHARITY_00574,Charity Abuse,21,887622.78,15
HAWALA_02408,Underground Banking (Hawala),4,886516.09,4
HAWALA_02411,Underground Banking (Hawala),4,886516.09,3
HAWALA_02413,Underground Banking (Hawala),4,886516.09,2
HAWALA_02414,Underground Banking (Hawala),4,886516.09,3
HAWALA_02407,Underground Banking (Hawala),4,886516.09,4
HAWALA_02409,Underground Banking (Hawala),4,886516.09,3
HAWALA_02406,Underground Banking (Hawala),4,886516.09,3
HAWALA_02415,Underground Banking (Hawala),4,886516.09,3
HAWALA_02401,Underground Banking (Hawala),4,886516.09,3
HAWALA_02404,Underground Banking (Hawala),4,886516.09,3
HAWALA_02403,Underground Banking (Hawala),4,886516.09,3
HAWALA_02400,Underground Banking (Hawala),4,886516.09,3
HAWALA_02412,Underground Banking (Hawala),4,886516.09,3
HAWALA_02405,Underground Banking (Hawala),4,886516.09,3
HAWALA_02402,Underground Banking (Hawala),4,886516.09,2
HAWALA_02410,Underground Banking (Hawala),4,886516.09,3
HRCORR_00515,High-Risk Corridor Transfer,2,886345.1599999999,1
HRCORR_00313,High-Risk Corridor Transfer,4,886228.14,1
CHARITY_03074,Charity Abuse,19,885835.09,10
HAWALA_02424,Underground Banking (Hawala),4,884257.89,3
HAWALA_02430,Underground Banking (Hawala),4,884257.89,3
HAWALA_02431,Underground Banking (Hawala),4,884257.89,3
HAWALA_02429,Underground Banking (Hawala),4,884257.89,3
HAWALA_02428,Underground Banking (Hawala),4,884257.89,4
HAWALA_02417,Underground Banking (Hawala),4,884257.89,3
HAWALA_02427,Underground Banking (Hawala),4,884257.89,3
HAWALA_02425,Underground Banking (Hawala),4,884257.89,2
HAWALA_02426,Underground Banking (Hawala),4,884257.89,3
HAWALA_02422,Underground Banking (Hawala),4,884257.89,2
HAWALA_02423,Underground Banking (Hawala),4,884257.89,3
HAWALA_02421,Underground Banking (Hawala),4,884257.89,3
HAWALA_02420,Underground Banking (Hawala),4,884257.89,3
HAWALA_02416,Underground Banking (Hawala),4,884257.89,3
HAWALA_02419,Underground Banking (Hawala),4,884257.89,4
HAWALA_02418,Underground Banking (Hawala),4,884257.89,3
PASS_00482,Pass-Through Transit Hub,2,884244.9099999999,2
HRCORR_00304,High-Risk Corridor Transfer,3,884188.24,1
CHARITY_00878,Charity Abuse,9,883906.9600000001,8
CHARITY_02654,Charity Abuse,21,883816.25,12
CHARITY_00624,Charity Abuse,21,883700.84,9
CHARITY_02958,Charity Abuse,13,882889.75,10
CHARITY_01876,Charity Abuse; Underground Banking (Hawala),2,882392.78,2
CHARITY_00270,Charity Abuse,26,881935.4,10
CHARITY_03139,Charity Abuse,22,881676.99,9
HRCORR_00080,High-Risk Corridor Transfer,4,881654.48,1
FUNNEL_00221,Charity Abuse; Funnel Account Network,12,881597.4500000001,9
CHARITY_01591,Charity Abuse,13,881063.67,12
PASS_00418,Pass-Through Transit Hub,2,880948.98,2
CHARITY_02975,Charity Abuse,17,880937.7,9
CHARITY_03257,Charity Abuse; Underground Banking (Hawala),2,880502.76,2
CHARITY_02294,Charity Abuse,19,880387.66,9
CHARITY_01087,Charity Abuse,24,880338.9,13
CHARITY_03108,Charity Abuse,18,879923.11,12
CHARITY_02801,Charity Abuse,11,879878.1900000001,5
HAWALA_00473,Circular Transaction Loop; Underground Banking (Hawala),2,879134.94,2
HAWALA_00475,Circular Transaction Loop; Underground Banking (Hawala),2,879134.94,2
CIRC_00121,Circular Transaction Loop; Underground Banking (Hawala),2,879134.94,2
HAWALA_00474,Circular Transaction Loop; Underground Banking (Hawala),2,879134.94,1
CIRC_00120,Circular Transaction Loop; Underground Banking (Hawala),2,879134.94,1
HAWALA_00472,Circular Transaction Loop; Underground Banking (Hawala),2,879134.94,2
CIRC_00119,Circular Transaction Loop; Underground Banking (Hawala),2,879134.94,2
CIRC_00118,Circular Transaction Loop; Underground Banking (Hawala),2,879134.94,2
MULE_00058,Funnel Account Network; Money Mule Network,9,879131.15,9
FUNNEL_00258,Funnel Account Network; Money Mule Network,9,879131.15,9
PASS_00446,Pass-Through Transit Hub,2,878448.1799999999,2
HAWALA_00520,Underground Banking (Hawala),2,878116.64,2
HAWALA_00516,Underground Banking (Hawala),2,878116.64,2
HAWALA_00523,Underground Banking (Hawala),2,878116.64,2
HAWALA_00522,Underground Banking (Hawala),2,878116.64,2
HAWALA_00521,Underground Banking (Hawala),2,878116.64,2
HAWALA_00517,Underground Banking (Hawala),2,878116.64,1
HAWALA_00518,Underground Banking (Hawala),2,878116.64,2
HAWALA_00519,Underground Banking (Hawala),2,878116.64,1
HRCORR_00411,High-Risk Corridor Transfer,3,877971.6100000001,1
CHARITY_02580,Charity Abuse; Funnel Account Network,11,877738.06,8
CHARITY_00794,Charity Abuse,23,877449.25,6
CHARITY_00767,Charity Abuse; Funnel Account Network,15,877410.8,10
FUNNEL_00060,Charity Abuse; Funnel Account Network,15,877410.8,10
CHARITY_01647,Charity Abuse,17,876819.02,7
CHARITY_00438,Charity Abuse,21,876060.45,7
HAWALA_01784,Underground Banking (Hawala),3,875381.47,2
HAWALA_01786,Underground Banking (Hawala),3,875381.47,2
HAWALA_01785,Underground Banking (Hawala),3,875381.47,2
HAWALA_01783,Underground Banking (Hawala),3,875381.47,2
HAWALA_01782,Underground Banking (Hawala),3,875381.47,3
HAWALA_01789,Underground Banking (Hawala),3,875381.47,3
HAWALA_01788,Underground Banking (Hawala),3,875381.47,2
HAWALA_01787,Underground Banking (Hawala),3,875381.47,2
CHARITY_00035,Charity Abuse,20,875372.27,13
HRCORR_00226,Charity Abuse; High-Risk Corridor Transfer,2,875014.9199999999,1
CHARITY_03106,Charity Abuse; High-Risk Corridor Transfer,2,875014.9199999999,1
HRCORR_00352,High-Risk Corridor Transfer,3,874863.44,1
PASS_00141,Pass-Through Transit Hub,2,873871.5900000001,1
CHARITY_02978,Charity Abuse,12,873677.71,7
HAWALA_01833,Underground Banking (Hawala),3,873438.6599999999,3
HAWALA_01830,Underground Banking (Hawala),3,873438.6599999999,2
HAWALA_01831,Underground Banking (Hawala),3,873438.6599999999,2
HAWALA_01837,Underground Banking (Hawala),3,873438.6599999999,2
HAWALA_01835,Underground Banking (Hawala),3,873438.6599999999,2
HAWALA_01834,Underground Banking (Hawala),3,873438.6599999999,3
HAWALA_01836,Underground Banking (Hawala),3,873438.6599999999,2
HAWALA_01832,Underground Banking (Hawala),3,873438.6599999999,2
HRCORR_00023,High-Risk Corridor Transfer,3,872621.78,1
CHARITY_01424,Charity Abuse,23,871114.32,9
PASS_00521,Pass-Through Transit Hub,1,870754.62,1
CHARITY_01069,Charity Abuse,24,870505.84,15
PASS_00288,Pass-Through Transit Hub,2,870343.7,2
CHARITY_02329,Charity Abuse,21,870244.52,9
FUNNEL_00263,Charity Abuse; Funnel Account Network,5,870199.85,3
HRCORR_00165,High-Risk Corridor Transfer,5,870097.43,1
FUNNEL_00223,Funnel Account Network,23,869986.56,17
PASS_00599,Pass-Through Transit Hub,2,869963.47,2
CHARITY_02221,Charity Abuse,18,869899.3400000001,7
HRCORR_00499,High-Risk Corridor Transfer,4,869677.11,1
CHARITY_00381,Charity Abuse; High-Risk Corridor Transfer,3,869409.37,1
HRCORR_00068,Charity Abuse; High-Risk Corridor Transfer,3,869409.37,1
HAWALA_01809,Underground Banking (Hawala),3,868247.55,3
HAWALA_01810,Underground Banking (Hawala),3,868247.55,3
HAWALA_01813,Underground Banking (Hawala),3,868247.55,2
HAWALA_01806,Underground Banking (Hawala),3,868247.55,2
HAWALA_01807,Underground Banking (Hawala),3,868247.55,2
HAWALA_01811,Underground Banking (Hawala),3,868247.55,2
HAWALA_01812,Underground Banking (Hawala),3,868247.55,2
HAWALA_01808,Underground Banking (Hawala),3,868247.55,2
HRCORR_00374,High-Risk Corridor Transfer,4,868184.57,1
CHARITY_01734,Charity Abuse,13,866949.86,4
CHARITY_03081,Charity Abuse; Funnel Account Network,4,865477.43,3
CHARITY_02600,Charity Abuse,24,864687.83,13
CHARITY_00949,Charity Abuse; Funnel Account Network,10,864610.54,3
MULE_00063,Charity Abuse; Money Mule Network,7,864147.75,2
HRCORR_00305,High-Risk Corridor Transfer,3,864030.97,1
CHARITY_02775,Charity Abuse,20,863502.47,11
HRCORR_00382,High-Risk Corridor Transfer,4,863479.64,1
PASS_00325,Pass-Through Transit Hub,2,863478.6499999999,2
HRCORR_00410,High-Risk Corridor Transfer,4,863194.8400000001,1
HAWALA_01843,Underground Banking (Hawala),3,863090.8899999999,2
HAWALA_01838,Underground Banking (Hawala),3,863090.8899999999,3
HAWALA_01851,Underground Banking (Hawala),3,863090.8899999999,3
HAWALA_01848,Underground Banking (Hawala),3,863090.8899999999,2
HAWALA_01853,Underground Banking (Hawala),3,863090.8899999999,3
HAWALA_01849,Underground Banking (Hawala),3,863090.8899999999,3
HAWALA_01852,Underground Banking (Hawala),3,863090.8899999999,2
HAWALA_01841,Underground Banking (Hawala),3,863090.8899999999,2
HAWALA_01842,Underground Banking (Hawala),3,863090.8899999999,3
HAWALA_01850,Underground Banking (Hawala),3,863090.8899999999,3
HAWALA_01844,Underground Banking (Hawala),3,863090.8899999999,2
HAWALA_01839,Underground Banking (Hawala),3,863090.8899999999,2
HAWALA_01846,Underground Banking (Hawala),3,863090.8899999999,3
HAWALA_01845,Underground Banking (Hawala),3,863090.8899999999,2
HAWALA_01840,Underground Banking (Hawala),3,863090.8899999999,2
HAWALA_01847,Underground Banking (Hawala),3,863090.8899999999,3
FUNNEL_00071,Charity Abuse; Funnel Account Network,12,862878.46,5
FUNNEL_00059,Funnel Account Network; Underground Banking (Hawala),2,862818.94,2
PASS_00327,Pass-Through Transit Hub,2,862448.99,1
PASS_00432,Pass-Through Transit Hub,2,862312.48,2
PASS_00361,Pass-Through Transit Hub,2,861504.78,2
PASS_00264,Pass-Through Transit Hub,2,861322.98,1
PASS_00004,Pass-Through Transit Hub,2,861313.44,2
CHARITY_02894,Charity Abuse,19,861271.38,10
CHARITY_02909,Charity Abuse,14,861051.52,7
CHARITY_00564,Charity Abuse; Underground Banking (Hawala),2,860844.96,2
FUNNEL_00079,Funnel Account Network,12,860786.3099999999,9
FUNNEL_00232,Charity Abuse; Funnel Account Network,18,859988.92,7
CHARITY_02176,Charity Abuse; Funnel Account Network,10,859868.64,4
FUNNEL_00181,Charity Abuse; Funnel Account Network,10,859868.64,4
HRCORR_00341,High-Risk Corridor Transfer,5,859723.67,1
CHARITY_01547,Charity Abuse,19,859448.7100000001,11
CHARITY_00344,Charity Abuse,15,858655.83,6
HRCORR_00164,High-Risk Corridor Transfer,3,858192.24,1
PASS_00710,Pass-Through Transit Hub,2,858112.04,2
CHARITY_00393,Charity Abuse,11,857851.27,8
HRCORR_00207,High-Risk Corridor Transfer,4,857412.64,1
PASS_00107,Charity Abuse; Pass-Through Transit Hub,1,857188.16,1
CHARITY_00925,Charity Abuse; Pass-Through Transit Hub,1,857188.16,1
CIRC_00668,Circular Transaction Loop,4,856817.42,4
CIRC_00650,Circular Transaction Loop,4,856817.42,3
CIRC_00662,Circular Transaction Loop,4,856817.42,4
CIRC_00643,Circular Transaction Loop,4,856817.42,2
CIRC_00642,Circular Transaction Loop,4,856817.42,2
CIRC_00648,Circular Transaction Loop,4,856817.42,3
CIRC_00649,Circular Transaction Loop,4,856817.42,3
CIRC_00646,Circular Transaction Loop,4,856817.42,3
CIRC_00645,Circular Transaction Loop,4,856817.42,3
CIRC_00667,Circular Transaction Loop,4,856817.42,3
CIRC_00644,Circular Transaction Loop,4,856817.42,3
CIRC_00653,Circular Transaction Loop,4,856817.42,4
CIRC_00658,Circular Transaction Loop,4,856817.42,3
CIRC_00654,Circular Transaction Loop,4,856817.42,3
CIRC_00660,Circular Transaction Loop,4,856817.42,4
CIRC_00663,Circular Transaction Loop,4,856817.42,4
CIRC_00652,Circular Transaction Loop,4,856817.42,4
CIRC_00664,Circular Transaction Loop,4,856817.42,4
CIRC_00659,Circular Transaction Loop,4,856817.42,3
CIRC_00665,Circular Transaction Loop,4,856817.42,4
CIRC_00657,Circular Transaction Loop,4,856817.42,3
CIRC_00666,Circular Transaction Loop,4,856817.42,3
CIRC_00647,Circular Transaction Loop,4,856817.42,3
CIRC_00672,Circular Transaction Loop,4,856817.42,3
CIRC_00669,Circular Transaction Loop,4,856817.42,4
CIRC_00651,Circular Transaction Loop,4,856817.42,3
CIRC_00670,Circular Transaction Loop,4,856817.42,3
CIRC_00671,Circular Transaction Loop,4,856817.42,3
CIRC_00661,Circular Transaction Loop,4,856817.42,4
CIRC_00655,Circular Transaction Loop,4,856817.42,3
CIRC_00673,Circular Transaction Loop,4,856817.42,3
CIRC_00656,Circular Transaction Loop,4,856817.42,3
HAWALA_00611,Charity Abuse; Underground Banking (Hawala),2,856045.9199999999,2
HAWALA_00605,Charity Abuse; Underground Banking (Hawala),2,856045.9199999999,1
HAWALA_00609,Charity Abuse; Underground Banking (Hawala),2,856045.9199999999,2
HAWALA_00610,Charity Abuse; Underground Banking (Hawala),2,856045.9199999999,2
HAWALA_00606,Charity Abuse; Underground Banking (Hawala),2,856045.9199999999,2
HAWALA_00608,Charity Abuse; Underground Banking (Hawala),2,856045.9199999999,2
HAWALA_00604,Charity Abuse; Underground Banking (Hawala),2,856045.9199999999,1
HAWALA_00607,Charity Abuse; Underground Banking (Hawala),2,856045.9199999999,2
PASS_00324,Pass-Through Transit Hub,2,855989.1000000001,2
PASS_00180,Pass-Through Transit Hub,2,855001.04,2
CHARITY_03274,Charity Abuse,14,854649.63,10
PASS_00109,Charity Abuse; Pass-Through Transit Hub,2,854601.7,2
CHARITY_00030,Charity Abuse,22,854510.96,8
PASS_00647,Pass-Through Transit Hub,2,854203.1499999999,2
HAWALA_02462,Underground Banking (Hawala),4,854006.64,3
HAWALA_02449,Underground Banking (Hawala),4,854006.64,3
HAWALA_02461,Underground Banking (Hawala),4,854006.64,4
HAWALA_02454,Underground Banking (Hawala),4,854006.64,3
HAWALA_02453,Underground Banking (Hawala),4,854006.64,3
HAWALA_02450,Underground Banking (Hawala),4,854006.64,4
HAWALA_02451,Underground Banking (Hawala),4,854006.64,3
HAWALA_02452,Underground Banking (Hawala),4,854006.64,3
HAWALA_02463,Underground Banking (Hawala),4,854006.64,3
HAWALA_02448,Underground Banking (Hawala),4,854006.64,3
HAWALA_02456,Underground Banking (Hawala),4,854006.64,2
HAWALA_02455,Underground Banking (Hawala),4,854006.64,2
HAWALA_02458,Underground Banking (Hawala),4,854006.64,3
HAWALA_02457,Underground Banking (Hawala),4,854006.64,3
HAWALA_02460,Underground Banking (Hawala),4,854006.64,3
HAWALA_02459,Underground Banking (Hawala),4,854006.64,3
HAWALA_02503,Underground Banking (Hawala),4,853777.39,3
HAWALA_02502,Underground Banking (Hawala),4,853777.39,3
HAWALA_02488,Underground Banking (Hawala),4,853777.39,3
HAWALA_02493,Underground Banking (Hawala),4,853777.39,3
HAWALA_02494,Underground Banking (Hawala),4,853777.39,4
HAWALA_02497,Underground Banking (Hawala),4,853777.39,4
HAWALA_02498,Underground Banking (Hawala),4,853777.39,3
HAWALA_02491,Underground Banking (Hawala),4,853777.39,2
HAWALA_02492,Underground Banking (Hawala),4,853777.39,3
HAWALA_02495,Underground Banking (Hawala),4,853777.39,3
HAWALA_02496,Underground Banking (Hawala),4,853777.39,3
HAWALA_02499,Underground Banking (Hawala),4,853777.39,3
HAWALA_02500,Underground Banking (Hawala),4,853777.39,2
HAWALA_02490,Underground Banking (Hawala),4,853777.39,3
HAWALA_02489,Underground Banking (Hawala),4,853777.39,3
HAWALA_02501,Underground Banking (Hawala),4,853777.39,3
PASS_00440,Pass-Through Transit Hub,2,853521.03,2
PASS_00338,Charity Abuse; Pass-Through Transit Hub,2,853515.73,2
CHARITY_02643,Charity Abuse,18,853209.3200000001,14
HRCORR_00325,High-Risk Corridor Transfer,3,852871.0800000001,1
CHARITY_01528,Charity Abuse,28,852615.79,15
CHARITY_00458,Charity Abuse,16,852502.1,11
CHARITY_00058,Charity Abuse,31,852483.98,13
CHARITY_02913,Charity Abuse; Pass-Through Transit Hub,1,852482.39,1
PASS_00439,Charity Abuse; Pass-Through Transit Hub,1,852482.39,1
FUNNEL_00217,Funnel Account Network,19,852107.48,15
PASS_00061,Pass-Through Transit Hub,2,852062.42,1
PASS_00604,Pass-Through Transit Hub,2,851497.0800000001,2
CHARITY_02952,Charity Abuse,23,851477.6799999999,14
CHARITY_03204,Charity Abuse,15,851439.95,10
CHARITY_00841,Charity Abuse; Underground Banking (Hawala),2,851246.88,2
CHARITY_02661,Charity Abuse; Funnel Account Network,17,851109.63,6
CHARITY_00944,Charity Abuse; Funnel Account Network,11,850863.9199999999,5
CHARITY_02585,Charity Abuse,16,850828.5299999999,11
HRCORR_00412,High-Risk Corridor Transfer,3,850580.13,1
PASS_00523,Pass-Through Transit Hub,2,850530.8200000001,2
PASS_00450,Pass-Through Transit Hub,1,850107.52,1
HRCORR_00493,High-Risk Corridor Transfer,4,850046.49,1
MULE_00039,Money Mule Network,8,849849.72,3
CHARITY_00346,Charity Abuse,16,849701.25,11
HAWALA_00631,Circular Transaction Loop; Underground Banking (Hawala),2,849360.47,2
HAWALA_00635,Circular Transaction Loop; Underground Banking (Hawala),2,849360.47,2
HAWALA_00630,Circular Transaction Loop; Underground Banking (Hawala),2,849360.47,1
CIRC_00161,Circular Transaction Loop; Underground Banking (Hawala),2,849360.47,2
HAWALA_00628,Circular Transaction Loop; Underground Banking (Hawala),2,849360.47,1
CIRC_00160,Circular Transaction Loop; Underground Banking (Hawala),2,849360.47,2
HAWALA_00632,Circular Transaction Loop; Underground Banking (Hawala),2,849360.47,2
CIRC_00154,Circular Transaction Loop; Underground Banking (Hawala),2,849360.47,1
CIRC_00159,Circular Transaction Loop; Underground Banking (Hawala),2,849360.47,2
CIRC_00157,Circular Transaction Loop; Underground Banking (Hawala),2,849360.47,2
CIRC_00158,Circular Transaction Loop; Underground Banking (Hawala),2,849360.47,2
CIRC_00156,Circular Transaction Loop; Underground Banking (Hawala),2,849360.47,1
HAWALA_00629,Circular Transaction Loop; Underground Banking (Hawala),2,849360.47,2
HAWALA_00633,Circular Transaction Loop; Underground Banking (Hawala),2,849360.47,2
HAWALA_00634,Circular Transaction Loop; Underground Banking (Hawala),2,849360.47,2
CIRC_00155,Circular Transaction Loop; Underground Banking (Hawala),2,849360.47,2
CHARITY_00426,Charity Abuse,24,848905.29,10
HRCORR_00085,High-Risk Corridor Transfer,5,848850.14,1
PASS_00046,Pass-Through Transit Hub,2,848594.3999999999,2
CHARITY_00648,Charity Abuse,15,848393.9900000001,8
FUNNEL_00008,Funnel Account Network,6,848096.4199999999,1
PASS_00218,Charity Abuse; Pass-Through Transit Hub,1,848056.28,1
CHARITY_01028,Charity Abuse; Pass-Through Transit Hub,1,848056.28,1
CHARITY_02594,Charity Abuse,24,847469.9,12
CHARITY_02153,Charity Abuse; Underground Banking (Hawala),2,847316.76,2
CHARITY_02436,Charity Abuse,21,847182.79,10
CHARITY_01094,Charity Abuse,29,847030.23,13
HRCORR_00289,High-Risk Corridor Transfer,3,846507.57,1
CHARITY_02854,Charity Abuse; Underground Banking (Hawala),2,846370.58,2
HAWALA_00625,Underground Banking (Hawala),2,846017.81,1
HAWALA_00624,Underground Banking (Hawala),2,846017.81,1
HAWALA_00622,Underground Banking (Hawala),2,846017.81,2
HAWALA_00626,Underground Banking (Hawala),2,846017.81,1
HAWALA_00616,Underground Banking (Hawala),2,846017.81,2
HAWALA_00617,Underground Banking (Hawala),2,846017.81,2
HAWALA_00618,Underground Banking (Hawala),2,846017.81,2
HAWALA_00619,Underground Banking (Hawala),2,846017.81,2
HAWALA_00615,Underground Banking (Hawala),2,846017.81,2
HAWALA_00620,Underground Banking (Hawala),2,846017.81,2
HAWALA_00627,Underground Banking (Hawala),2,846017.81,1
HAWALA_00623,Underground Banking (Hawala),2,846017.81,2
HAWALA_00614,Underground Banking (Hawala),2,846017.81,2
HAWALA_00621,Underground Banking (Hawala),2,846017.81,2
HAWALA_00612,Underground Banking (Hawala),2,846017.81,2
HAWALA_00613,Underground Banking (Hawala),2,846017.81,2
CHARITY_01494,Charity Abuse,24,845682.5800000001,13
HRCORR_00045,High-Risk Corridor Transfer,3,845431.59,1
PASS_00623,Pass-Through Transit Hub,2,845307.24,2
HAWALA_00538,Underground Banking (Hawala),2,845303.5800000001,1
HAWALA_00536,Underground Banking (Hawala),2,845303.5800000001,2
HAWALA_00539,Underground Banking (Hawala),2,845303.5800000001,2
HAWALA_00534,Underground Banking (Hawala),2,845303.5800000001,1
HAWALA_00533,Underground Banking (Hawala),2,845303.5800000001,2
HAWALA_00532,Underground Banking (Hawala),2,845303.5800000001,2
HAWALA_00537,Underground Banking (Hawala),2,845303.5800000001,2
HAWALA_00535,Underground Banking (Hawala),2,845303.5800000001,2
HRCORR_00081,High-Risk Corridor Transfer,3,844645.37,1
CHARITY_03113,Charity Abuse,22,844614.8200000001,7
CHARITY_00917,Charity Abuse; Circular Transaction Loop; Underground Banking (Hawala),2,844404.32,2
MULE_00078,Money Mule Network,9,844041.13,5
CHARITY_03201,Charity Abuse,21,843956.15,8
FUNNEL_00082,Funnel Account Network,16,843314.8,7
HRCORR_00107,High-Risk Corridor Transfer,3,843247.81,1
HAWALA_00615,Charity Abuse; Underground Banking (Hawala),2,843242.74,1
HAWALA_00614,Charity Abuse; Underground Banking (Hawala),2,843242.74,2
HAWALA_00616,Charity Abuse; Underground Banking (Hawala),2,843242.74,2
HAWALA_00619,Charity Abuse; Underground Banking (Hawala),2,843242.74,1
HAWALA_00622,Charity Abuse; Underground Banking (Hawala),2,843242.74,2
HAWALA_00625,Charity Abuse; Underground Banking (Hawala),2,843242.74,2
HAWALA_00626,Charity Abuse; Underground Banking (Hawala),2,843242.74,2
HAWALA_00620,Charity Abuse; Underground Banking (Hawala),2,843242.74,2
HAWALA_00617,Charity Abuse; Underground Banking (Hawala),2,843242.74,2
HAWALA_00612,Charity Abuse; Underground Banking (Hawala),2,843242.74,2
HAWALA_00621,Charity Abuse; Underground Banking (Hawala),2,843242.74,2
HAWALA_00627,Charity Abuse; Underground Banking (Hawala),2,843242.74,1
HAWALA_00618,Charity Abuse; Underground Banking (Hawala),2,843242.74,2
HAWALA_00624,Charity Abuse; Underground Banking (Hawala),2,843242.74,2
HAWALA_00623,Charity Abuse; Underground Banking (Hawala),2,843242.74,1
HAWALA_00613,Charity Abuse; Underground Banking (Hawala),2,843242.74,2
PASS_00439,Pass-Through Transit Hub,1,842600.3,1
CHARITY_02114,Charity Abuse,14,842541.34,7
HRCORR_00244,High-Risk Corridor Transfer,3,842433.44,1
CHARITY_00151,Charity Abuse,8,842378.94,6
FUNNEL_00072,Funnel Account Network; Money Mule Network,7,842370.45,1
MULE_00065,Funnel Account Network; Money Mule Network,7,842370.45,1
CHARITY_01432,Charity Abuse,19,842334.05,14
PASS_00521,Charity Abuse; Pass-Through Transit Hub,1,842311.8,1
CHARITY_01060,Charity Abuse; Pass-Through Transit Hub,1,842311.8,1
HRCORR_00431,High-Risk Corridor Transfer,3,842029.02,1
HRCORR_00463,High-Risk Corridor Transfer,4,841553.74,1
CHARITY_01570,Charity Abuse; Underground Banking (Hawala),2,841420.34,2
FUNNEL_00167,Charity Abuse; Funnel Account Network,16,840670.94,14
CHARITY_01977,Charity Abuse; Funnel Account Network,16,840670.94,14
MULE_00021,Funnel Account Network; Money Mule Network,6,839798.34,6
FUNNEL_00239,Funnel Account Network; Money Mule Network,6,839798.34,6
CHARITY_00728,Charity Abuse,16,839632.4,8
CHARITY_01420,Charity Abuse,28,839439.72,11
PASS_00218,Pass-Through Transit Hub,1,839294.7,1
CHARITY_01804,Charity Abuse; Underground Banking (Hawala),2,839168.72,2
PASS_00105,Pass-Through Transit Hub,2,838637.24,1
CHARITY_02478,Charity Abuse,14,838610.0900000001,10
PASS_00450,Charity Abuse; Pass-Through Transit Hub,1,838561.86,1
CHARITY_01330,Charity Abuse; Pass-Through Transit Hub,1,838561.86,1
HRCORR_00495,High-Risk Corridor Transfer,3,838325.44,1
CHARITY_00841,Charity Abuse,18,837999.36,5
FUNNEL_00128,Funnel Account Network,22,837933.69,13
MULE_00018,Money Mule Network,6,836855.22,2
HAWALA_00746,Underground Banking (Hawala),2,836774.31,2
HAWALA_00743,Underground Banking (Hawala),2,836774.31,2
HAWALA_00741,Underground Banking (Hawala),2,836774.31,1
HAWALA_00744,Underground Banking (Hawala),2,836774.31,2
HAWALA_00745,Underground Banking (Hawala),2,836774.31,2
HAWALA_00740,Underground Banking (Hawala),2,836774.31,1
HAWALA_00742,Underground Banking (Hawala),2,836774.31,2
HAWALA_00747,Underground Banking (Hawala),2,836774.31,2
CHARITY_02334,Charity Abuse,16,836523.23,11
CHARITY_01243,Charity Abuse; Underground Banking (Hawala),2,836508.66,2
HRCORR_00177,High-Risk Corridor Transfer,4,836222.4199999999,1
PASS_00460,Pass-Through Transit Hub,2,835966.03,2
MULE_00008,Money Mule Network,8,835865.56,1
CHARITY_00995,Charity Abuse,23,835751.25,9
FUNNEL_00117,Funnel Account Network,14,835366.1799999999,5
HRCORR_00286,High-Risk Corridor Transfer,3,834953.54,1
PASS_00601,Pass-Through Transit Hub,1,834906.1,1
CHARITY_00446,Charity Abuse,16,834622.84,8
CHARITY_00394,Charity Abuse; Underground Banking (Hawala),2,834507.46,2
CHARITY_01882,Charity Abuse,24,833072.6,17
HRCORR_00475,High-Risk Corridor Transfer,3,832873.62,1
CHARITY_03207,Charity Abuse,21,832838.92,19
HRCORR_00228,Charity Abuse; High-Risk Corridor Transfer,2,832560.09,1
CHARITY_00660,Charity Abuse; High-Risk Corridor Transfer,2,832560.09,1
CHARITY_03136,Charity Abuse,17,831928.22,9
CHARITY_00940,Charity Abuse,22,831293.35,8
PASS_00293,Pass-Through Transit Hub,2,831046.09,2
HRCORR_00366,High-Risk Corridor Transfer,4,830692.97,1
PASS_00666,Pass-Through Transit Hub,2,829859.0700000001,1
HRCORR_00322,High-Risk Corridor Transfer,3,829666.4,1
HRCORR_00274,High-Risk Corridor Transfer,3,829570.52,1
HRCORR_00429,High-Risk Corridor Transfer,5,829520.7,1
HAWALA_01856,Underground Banking (Hawala),3,829158.13,2
HAWALA_01858,Underground Banking (Hawala),3,829158.13,2
HAWALA_01860,Underground Banking (Hawala),3,829158.13,2
HAWALA_01859,Underground Banking (Hawala),3,829158.13,2
HAWALA_01862,Underground Banking (Hawala),3,829158.13,3
HAWALA_01861,Underground Banking (Hawala),3,829158.13,2
HAWALA_01857,Underground Banking (Hawala),3,829158.13,2
HAWALA_01855,Underground Banking (Hawala),3,829158.13,3
CHARITY_01442,Charity Abuse,21,829025.25,9
HAWALA_00777,Underground Banking (Hawala),2,828162.38,1
HAWALA_00774,Underground Banking (Hawala),2,828162.38,2
HAWALA_00775,Underground Banking (Hawala),2,828162.38,2
HAWALA_00776,Underground Banking (Hawala),2,828162.38,2
HAWALA_00779,Underground Banking (Hawala),2,828162.38,1
HAWALA_00773,Underground Banking (Hawala),2,828162.38,2
HAWALA_00778,Underground Banking (Hawala),2,828162.38,2
HAWALA_00772,Underground Banking (Hawala),2,828162.38,2
CHARITY_01035,Charity Abuse; Underground Banking (Hawala),2,827773.82,2
PASS_00536,Pass-Through Transit Hub,2,826913.97,1
CHARITY_01283,Charity Abuse,24,826768.76,10
CHARITY_03300,Charity Abuse,17,826666.38,8
CHARITY_01769,Charity Abuse,18,826358.81,8
FUNNEL_00240,Charity Abuse; Funnel Account Network,12,825582.5700000001,7
CHARITY_02838,Charity Abuse; Funnel Account Network,11,825370.6100000001,7
CHARITY_02357,Charity Abuse,15,824949.0800000001,9
PASS_00601,Charity Abuse; Pass-Through Transit Hub,1,824790.61,1
CHARITY_00990,Charity Abuse; Pass-Through Transit Hub,1,824790.61,1
CHARITY_02235,Charity Abuse,26,824753.95,12
CHARITY_01865,Charity Abuse,24,824369.35,10
CHARITY_00521,Charity Abuse,20,823609.06,15
HAWALA_00782,Underground Banking (Hawala),2,823347.25,2
HAWALA_00785,Underground Banking (Hawala),2,823347.25,2
HAWALA_00787,Underground Banking (Hawala),2,823347.25,1
HAWALA_00784,Underground Banking (Hawala),2,823347.25,2
HAWALA_00783,Underground Banking (Hawala),2,823347.25,2
HAWALA_00781,Underground Banking (Hawala),2,823347.25,2
HAWALA_00786,Underground Banking (Hawala),2,823347.25,1
HAWALA_00780,Underground Banking (Hawala),2,823347.25,2
HRCORR_00288,High-Risk Corridor Transfer,4,823303.07,1
CHARITY_00555,Charity Abuse,21,822703.3300000001,11
CHARITY_01276,Charity Abuse,20,822529.09,10
CHARITY_00784,Charity Abuse,19,822496.22,6
PASS_00255,Pass-Through Transit Hub,2,822456.74,2
CHARITY_01793,Charity Abuse,27,822400.91,13
HRCORR_00335,High-Risk Corridor Transfer,3,822186.9500000001,1
CHARITY_02743,Charity Abuse,22,821707.27,6
FUNNEL_00091,Funnel Account Network,10,821670.24,6
CHARITY_00961,Charity Abuse,19,820688.3799999999,9
CHARITY_02709,Charity Abuse,24,820612.38,8
PASS_00001,Pass-Through Transit Hub,1,819959.74,1
CHARITY_00869,Charity Abuse,20,819922.52,13
MULE_00043,Money Mule Network,7,819181.8,3
HAWALA_02581,Underground Banking (Hawala),4,819002.6699999999,3
HAWALA_02582,Underground Banking (Hawala),4,819002.6699999999,3
HAWALA_02580,Underground Banking (Hawala),4,819002.6699999999,3
HAWALA_02583,Underground Banking (Hawala),4,819002.6699999999,3
HAWALA_02578,Underground Banking (Hawala),4,819002.6699999999,3
HAWALA_02577,Underground Banking (Hawala),4,819002.6699999999,3
HAWALA_02576,Underground Banking (Hawala),4,819002.6699999999,3
HAWALA_02575,Underground Banking (Hawala),4,819002.6699999999,3
HAWALA_02579,Underground Banking (Hawala),4,819002.6699999999,4
HAWALA_02584,Underground Banking (Hawala),4,819002.6699999999,2
HAWALA_02570,Underground Banking (Hawala),4,819002.6699999999,3
HAWALA_02571,Underground Banking (Hawala),4,819002.6699999999,3
HAWALA_02573,Underground Banking (Hawala),4,819002.6699999999,3
HAWALA_02574,Underground Banking (Hawala),4,819002.6699999999,4
HAWALA_02569,Underground Banking (Hawala),4,819002.6699999999,2
HAWALA_02572,Underground Banking (Hawala),4,819002.6699999999,3
PASS_00135,Charity Abuse; Pass-Through Transit Hub,1,818615.31,1
CHARITY_01946,Charity Abuse; Pass-Through Transit Hub,1,818615.31,1
CHARITY_01933,Charity Abuse; Funnel Account Network,13,817987.27,7
FUNNEL_00162,Charity Abuse; Funnel Account Network,13,817987.27,7
CHARITY_03287,Charity Abuse; Underground Banking (Hawala),2,817794.86,2
FUNNEL_00059,Funnel Account Network,18,817551.29,14
CHARITY_02706,Charity Abuse; Underground Banking (Hawala),2,817493.78,2
FUNNEL_00033,Funnel Account Network,12,816565.25,5
HRCORR_00193,High-Risk Corridor Transfer,3,816396.73,1
FUNNEL_00055,Funnel Account Network,9,816251.37,5
CHARITY_01599,Charity Abuse; Pass-Through Transit Hub,1,815277.97,1
HRCORR_00378,Funnel Account Network; High-Risk Corridor Transfer,2,815191.02,1
FUNNEL_00207,Funnel Account Network; High-Risk Corridor Transfer,2,815191.02,1
HRCORR_00145,High-Risk Corridor Transfer,4,815144.78,1
CHARITY_01650,Charity Abuse,21,815085.69,10
HAWALA_00838,Underground Banking (Hawala),2,814287.51,1
HAWALA_00841,Underground Banking (Hawala),2,814287.51,2
HAWALA_00836,Underground Banking (Hawala),2,814287.51,2
HAWALA_00837,Underground Banking (Hawala),2,814287.51,2
HAWALA_00843,Underground Banking (Hawala),2,814287.51,2
HAWALA_00842,Underground Banking (Hawala),2,814287.51,2
HAWALA_00839,Underground Banking (Hawala),2,814287.51,1
HAWALA_00840,Underground Banking (Hawala),2,814287.51,2
PASS_00644,Pass-Through Transit Hub,2,814155.76,2
CHARITY_01492,Charity Abuse,22,813967.98,7
CHARITY_02599,Charity Abuse; Underground Banking (Hawala),2,813445.3,2
CHARITY_02980,Charity Abuse,22,813342.02,14
HRCORR_00273,High-Risk Corridor Transfer,3,812203.03,1
HAWALA_00886,Underground Banking (Hawala),2,811439.74,2
HAWALA_00887,Underground Banking (Hawala),2,811439.74,2
HAWALA_00889,Underground Banking (Hawala),2,811439.74,1
HAWALA_00885,Underground Banking (Hawala),2,811439.74,2
HAWALA_00891,Underground Banking (Hawala),2,811439.74,1
HAWALA_00890,Underground Banking (Hawala),2,811439.74,2
HAWALA_00888,Underground Banking (Hawala),2,811439.74,2
HAWALA_00892,Underground Banking (Hawala),2,811439.74,2
CHARITY_01221,Charity Abuse,18,811354.54,8
CHARITY_02147,Charity Abuse; Underground Banking (Hawala),2,810821.16,2
MULE_00059,Money Mule Network,11,809369.5700000001,6
CHARITY_02540,Charity Abuse,24,809205.85,10
PASS_00071,Pass-Through Transit Hub,2,808956.67,2
CHARITY_03080,Charity Abuse,16,807933.8300000001,6
CHARITY_00038,Charity Abuse,21,807586.58,9
CHARITY_00133,Charity Abuse,14,807275.12,10
HAWALA_01913,Underground Banking (Hawala),3,806828.71,3
HAWALA_01912,Underground Banking (Hawala),3,806828.71,2
HAWALA_01917,Underground Banking (Hawala),3,806828.71,2
HAWALA_01911,Underground Banking (Hawala),3,806828.71,2
HAWALA_01914,Underground Banking (Hawala),3,806828.71,2
HAWALA_01918,Underground Banking (Hawala),3,806828.71,2
HAWALA_01915,Underground Banking (Hawala),3,806828.71,2
HAWALA_01916,Underground Banking (Hawala),3,806828.71,3
HRCORR_00336,High-Risk Corridor Transfer,3,806673.14,1
CHARITY_03131,Charity Abuse,10,805642.0399999999,6
CHARITY_00814,Charity Abuse; Pass-Through Transit Hub,1,805562.39,1
CHARITY_01643,Charity Abuse; Pass-Through Transit Hub,1,804592.85,1
PASS_00001,Charity Abuse; Pass-Through Transit Hub,1,804592.85,1
CHARITY_03162,Charity Abuse,21,804350.1199999999,8
CHARITY_03110,Charity Abuse,19,803707.71,10
CHARITY_00297,Charity Abuse,20,803315.02,11
CHARITY_01225,Charity Abuse,16,803063.42,5
HRCORR_00134,High-Risk Corridor Transfer,3,802755.7200000001,1
CHARITY_01961,Charity Abuse,19,802710.59,8
CHARITY_02756,Charity Abuse; Underground Banking (Hawala),2,802043.44,2
CHARITY_01079,Charity Abuse,19,801801.86,10
CHARITY_02129,Charity Abuse,24,801556.14,13
HRCORR_00228,High-Risk Corridor Transfer,3,801206.8899999999,1
PASS_00566,Pass-Through Transit Hub,2,800130.59,2
FUNNEL_00204,Funnel Account Network,4,799892.26,4
HRCORR_00236,High-Risk Corridor Transfer,3,799390.9,1
CHARITY_02658,Charity Abuse,17,799213.7299999999,5
CHARITY_00271,Charity Abuse,19,798990.98,3
CHARITY_02275,Charity Abuse; Funnel Account Network,13,798128.6,12
HRCORR_00184,High-Risk Corridor Transfer,5,797977.87,1
CHARITY_02614,Charity Abuse,20,797382.12,12
CHARITY_02972,Charity Abuse,25,797347.67,5
PASS_00135,Pass-Through Transit Hub,1,796398.37,1
HAWALA_01981,Underground Banking (Hawala),3,795747.06,2
HAWALA_01980,Underground Banking (Hawala),3,795747.06,3
HAWALA_01982,Underground Banking (Hawala),3,795747.06,3
HAWALA_01972,Underground Banking (Hawala),3,795747.06,2
HAWALA_01979,Underground Banking (Hawala),3,795747.06,3
HAWALA_01974,Underground Banking (Hawala),3,795747.06,2
HAWALA_01973,Underground Banking (Hawala),3,795747.06,2
HAWALA_01971,Underground Banking (Hawala),3,795747.06,3
PASS_00335,Pass-Through Transit Hub,2,795361.25,2
HAWALA_01905,Underground Banking (Hawala),3,795329.57,2
HAWALA_01903,Underground Banking (Hawala),3,795329.57,2
HAWALA_01910,Underground Banking (Hawala),3,795329.57,2
HAWALA_01906,Underground Banking (Hawala),3,795329.57,2
HAWALA_01907,Underground Banking (Hawala),3,795329.57,2
HAWALA_01904,Underground Banking (Hawala),3,795329.57,3
HAWALA_01909,Underground Banking (Hawala),3,795329.57,3
HAWALA_01908,Underground Banking (Hawala),3,795329.57,2
CHARITY_02987,Charity Abuse,15,795213.09,8
FUNNEL_00136,Funnel Account Network,18,795158.58,7
CHARITY_00283,Charity Abuse; Underground Banking (Hawala),2,794699.06,2
CHARITY_00028,Charity Abuse,18,794667.69,6
CHARITY_00797,Charity Abuse,23,794567.58,11
FUNNEL_00043,Funnel Account Network,10,794364.45,4
CHARITY_01009,Charity Abuse,18,794029.6900000001,6
CHARITY_00404,Charity Abuse,24,793747.1900000001,10
CHARITY_00623,Charity Abuse,22,792890.75,4
CHARITY_02340,Charity Abuse,24,792730.64,11
PASS_00575,Pass-Through Transit Hub,2,792521.71,2
PASS_00142,Pass-Through Transit Hub,2,792208.69,2
CHARITY_01553,Charity Abuse,15,792204.58,6
CHARITY_02607,Charity Abuse; High-Risk Corridor Transfer,3,792190.72,1
HRCORR_00385,Charity Abuse; High-Risk Corridor Transfer,3,792190.72,1
CHARITY_02133,Charity Abuse,12,791427.97,9
CHARITY_01309,Charity Abuse,15,791342.64,12
HAWALA_01938,Underground Banking (Hawala),3,790656.45,2
HAWALA_01939,Underground Banking (Hawala),3,790656.45,2
HAWALA_01940,Underground Banking (Hawala),3,790656.45,3
HAWALA_01941,Underground Banking (Hawala),3,790656.45,2
HAWALA_01942,Underground Banking (Hawala),3,790656.45,2
HAWALA_01945,Underground Banking (Hawala),3,790656.45,3
HAWALA_01943,Underground Banking (Hawala),3,790656.45,3
HAWALA_01937,Underground Banking (Hawala),3,790656.45,2
HAWALA_01946,Underground Banking (Hawala),3,790656.45,2
HAWALA_01950,Underground Banking (Hawala),3,790656.45,2
HAWALA_01944,Underground Banking (Hawala),3,790656.45,3
HAWALA_01949,Underground Banking (Hawala),3,790656.45,3
HAWALA_01947,Underground Banking (Hawala),3,790656.45,3
HAWALA_01948,Underground Banking (Hawala),3,790656.45,3
HAWALA_01936,Underground Banking (Hawala),3,790656.45,3
HAWALA_01935,Underground Banking (Hawala),3,790656.45,2
CHARITY_02597,Charity Abuse,30,790216.9,12
HRCORR_00196,High-Risk Corridor Transfer,3,790163.13,1
CHARITY_02853,Charity Abuse,18,790126.99,15
PASS_00611,Pass-Through Transit Hub,2,789857.77,2
FUNNEL_00178,Funnel Account Network,19,789429.0,14
HRCORR_00408,High-Risk Corridor Transfer,4,788822.28,1
CHARITY_01582,Charity Abuse,22,787000.1,12
CHARITY_01077,Charity Abuse,24,786861.56,9
HRCORR_00406,High-Risk Corridor Transfer,3,786800.6799999999,1
HRCORR_00485,High-Risk Corridor Transfer,4,786530.4099999999,1
CHARITY_02802,Charity Abuse,13,786513.7100000001,6
HRCORR_00392,High-Risk Corridor Transfer,3,786256.96,1
PASS_00487,Pass-Through Transit Hub,2,786253.9099999999,2
CHARITY_01322,Charity Abuse; Circular Transaction Loop; Underground Banking (Hawala),2,786132.44,2
CHARITY_02552,Charity Abuse,22,785741.5700000001,6
FUNNEL_00051,Funnel Account Network,15,785611.81,11
FUNNEL_00220,Funnel Account Network,9,785185.44,4
MULE_00025,Money Mule Network,6,784327.21,6
CHARITY_01544,Charity Abuse; Underground Banking (Hawala),2,784216.08,2
PASS_00529,Pass-Through Transit Hub,2,784163.11,2
PASS_00393,Pass-Through Transit Hub,2,784048.92,2
CHARITY_01986,Charity Abuse,20,783980.78,13
CHARITY_00659,Charity Abuse,18,783295.52,10
MULE_00056,Money Mule Network,9,783287.51,6
HAWALA_01988,Underground Banking (Hawala),3,783274.0700000001,2
HAWALA_01986,Underground Banking (Hawala),3,783274.0700000001,2
HAWALA_01984,Underground Banking (Hawala),3,783274.0700000001,2
HAWALA_01985,Underground Banking (Hawala),3,783274.0700000001,2
HAWALA_01983,Underground Banking (Hawala),3,783274.0700000001,3
HAWALA_01990,Underground Banking (Hawala),3,783274.0700000001,3
HAWALA_01989,Underground Banking (Hawala),3,783274.0700000001,2
HAWALA_01987,Underground Banking (Hawala),3,783274.0700000001,2
PASS_00021,Pass-Through Transit Hub,2,783098.3200000001,2
PASS_00397,Pass-Through Transit Hub,2,782939.54,2
CHARITY_00629,Charity Abuse,17,782837.17,7
CHARITY_02745,Charity Abuse,21,781679.3,7
HRCORR_00195,High-Risk Corridor Transfer,3,781501.0,1
CHARITY_00175,Charity Abuse,13,780848.13,12
CHARITY_02231,Charity Abuse; Funnel Account Network,11,780805.11,9
FUNNEL_00182,Charity Abuse; Funnel Account Network,11,780805.11,9
CHARITY_01045,Charity Abuse,17,780328.0,11
CHARITY_00150,Charity Abuse,21,779509.46,11
CHARITY_02660,Charity Abuse,20,779251.42,6
CHARITY_01723,Charity Abuse,16,779088.29,11
HRCORR_00469,High-Risk Corridor Transfer,2,778816.49,1
CHARITY_01559,Charity Abuse,19,778753.52,13
CHARITY_02606,Charity Abuse,16,778089.51,9
CHARITY_00899,Charity Abuse,15,778007.1900000001,11
CHARITY_01708,Charity Abuse,11,777685.2,5
HRCORR_00227,High-Risk Corridor Transfer,3,777557.9299999999,1
PASS_00564,Pass-Through Transit Hub,2,777198.1799999999,1
HAWALA_01115,Charity Abuse; Underground Banking (Hawala),2,776820.97,2
HAWALA_01114,Charity Abuse; Underground Banking (Hawala),2,776820.97,2
HAWALA_01113,Charity Abuse; Underground Banking (Hawala),2,776820.97,2
HAWALA_01110,Charity Abuse; Underground Banking (Hawala),2,776820.97,2
HAWALA_01116,Charity Abuse; Underground Banking (Hawala),2,776820.97,2
HAWALA_01112,Charity Abuse; Underground Banking (Hawala),2,776820.97,2
HAWALA_01111,Charity Abuse; Underground Banking (Hawala),2,776820.97,1
HAWALA_01109,Charity Abuse; Underground Banking (Hawala),2,776820.97,1
HRCORR_00050,High-Risk Corridor Transfer,3,776393.19,1
PASS_00540,Pass-Through Transit Hub,2,776094.28,2
HRCORR_00504,High-Risk Corridor Transfer,3,775996.1799999999,1
CHARITY_00499,Charity Abuse,24,775910.56,8
CHARITY_01501,Charity Abuse,21,775713.46,13
CHARITY_02441,Charity Abuse,18,775701.86,9
MULE_00024,Money Mule Network,12,775664.53,7
CHARITY_02372,Charity Abuse,17,775572.8400000001,9
HRCORR_00043,High-Risk Corridor Transfer,3,775035.73,1
PASS_00205,Pass-Through Transit Hub,2,774836.04,2
CHARITY_02885,Charity Abuse,25,773722.61,17
CHARITY_01407,Charity Abuse,19,773620.31,13
CHARITY_02259,Charity Abuse,20,773502.73,7
FUNNEL_00006,Funnel Account Network,10,773077.06,6
FUNNEL_00169,Funnel Account Network,18,772986.4,8
HRCORR_00446,High-Risk Corridor Transfer,2,771065.8200000001,1
CHARITY_01674,Charity Abuse,22,770691.6699999999,7
CHARITY_01989,Charity Abuse,18,770611.76,10
CHARITY_01120,Charity Abuse,20,770582.8200000001,9
CHARITY_01595,Charity Abuse,22,770469.34,7
CHARITY_00456,Charity Abuse; Underground Banking (Hawala),2,770196.78,2
CHARITY_02551,Charity Abuse; Funnel Account Network,30,770190.64,20
HRCORR_00449,High-Risk Corridor Transfer,4,769877.52,1
CHARITY_03085,Charity Abuse; Underground Banking (Hawala),2,769425.86,2
CHARITY_00984,Charity Abuse; Funnel Account Network,7,769173.83,1
FUNNEL_00076,Charity Abuse; Funnel Account Network,7,769173.83,1
CHARITY_01158,Charity Abuse,24,769109.5700000001,10
CHARITY_01369,Charity Abuse,15,768673.1699999999,11
FUNNEL_00157,Funnel Account Network,18,768025.17,6
MULE_00082,Money Mule Network,6,767787.71,2
CHARITY_02875,Charity Abuse,16,767685.77,7
CHARITY_02738,Charity Abuse,19,767496.52,8
CHARITY_00950,Charity Abuse; Circular Transaction Loop; Underground Banking (Hawala),2,767333.06,2
HRCORR_00372,High-Risk Corridor Transfer,3,767314.87,1
HRCORR_00282,High-Risk Corridor Transfer,3,767210.9,1
CHARITY_02608,Charity Abuse,19,767002.51,8
CHARITY_02561,Charity Abuse; Circular Transaction Loop; Underground Banking (Hawala),2,766434.22,2
PASS_00626,Pass-Through Transit Hub,2,765929.98,2
FUNNEL_00007,Funnel Account Network,12,765509.28,7
CHARITY_00102,Charity Abuse; Circular Transaction Loop; Underground Banking (Hawala),2,765396.92,2
CHARITY_03200,Charity Abuse,17,765238.66,13
CHARITY_02990,Charity Abuse,24,764994.82,9
HAWALA_01128,Circular Transaction Loop; Underground Banking (Hawala),2,764711.6599999999,2
HAWALA_01125,Circular Transaction Loop; Underground Banking (Hawala),2,764711.6599999999,2
HAWALA_01126,Circular Transaction Loop; Underground Banking (Hawala),2,764711.6599999999,2
HAWALA_01131,Circular Transaction Loop; Underground Banking (Hawala),2,764711.6599999999,1
HAWALA_01132,Circular Transaction Loop; Underground Banking (Hawala),2,764711.6599999999,2
CIRC_00280,Circular Transaction Loop; Underground Banking (Hawala),2,764711.6599999999,1
HAWALA_01127,Circular Transaction Loop; Underground Banking (Hawala),2,764711.6599999999,1
CIRC_00268,Circular Transaction Loop; Underground Banking (Hawala),2,764711.6599999999,1
HAWALA_01137,Circular Transaction Loop; Underground Banking (Hawala),2,764711.6599999999,2
HAWALA_01129,Circular Transaction Loop; Underground Banking (Hawala),2,764711.6599999999,2
HAWALA_01133,Circular Transaction Loop; Underground Banking (Hawala),2,764711.6599999999,2
HAWALA_01130,Circular Transaction Loop; Underground Banking (Hawala),2,764711.6599999999,2
HAWALA_01135,Circular Transaction Loop; Underground Banking (Hawala),2,764711.6599999999,1
HAWALA_01134,Circular Transaction Loop; Underground Banking (Hawala),2,764711.6599999999,2
HAWALA_01136,Circular Transaction Loop; Underground Banking (Hawala),2,764711.6599999999,2
CIRC_00271,Circular Transaction Loop; Underground Banking (Hawala),2,764711.6599999999,2
CIRC_00270,Circular Transaction Loop; Underground Banking (Hawala),2,764711.6599999999,2
CIRC_00266,Circular Transaction Loop; Underground Banking (Hawala),2,764711.6599999999,2
CIRC_00279,Circular Transaction Loop; Underground Banking (Hawala),2,764711.6599999999,2
HAWALA_01140,Circular Transaction Loop; Underground Banking (Hawala),2,764711.6599999999,2
HAWALA_01138,Circular Transaction Loop; Underground Banking (Hawala),2,764711.6599999999,2
CIRC_00281,Circular Transaction Loop; Underground Banking (Hawala),2,764711.6599999999,2
CIRC_00267,Circular Transaction Loop; Underground Banking (Hawala),2,764711.6599999999,2
CIRC_00269,Circular Transaction Loop; Underground Banking (Hawala),2,764711.6599999999,2
CIRC_00278,Circular Transaction Loop; Underground Banking (Hawala),2,764711.6599999999,2
HAWALA_01139,Circular Transaction Loop; Underground Banking (Hawala),2,764711.6599999999,1
CIRC_00272,Circular Transaction Loop; Underground Banking (Hawala),2,764711.6599999999,1
CIRC_00274,Circular Transaction Loop; Underground Banking (Hawala),2,764711.6599999999,2
CIRC_00273,Circular Transaction Loop; Underground Banking (Hawala),2,764711.6599999999,2
CIRC_00276,Circular Transaction Loop; Underground Banking (Hawala),2,764711.6599999999,1
CIRC_00275,Circular Transaction Loop; Underground Banking (Hawala),2,764711.6599999999,2
CIRC_00277,Circular Transaction Loop; Underground Banking (Hawala),2,764711.6599999999,2
PASS_00394,Pass-Through Transit Hub,2,764562.3300000001,2
CHARITY_01299,Charity Abuse,20,764447.36,10
CHARITY_00872,Charity Abuse,24,764304.7999999999,14
HRCORR_00154,Charity Abuse; High-Risk Corridor Transfer,2,764293.37,1
CHARITY_00912,Charity Abuse; High-Risk Corridor Transfer,2,764293.37,1
HRCORR_00007,High-Risk Corridor Transfer,3,764177.42,1
CHARITY_01779,Charity Abuse; High-Risk Corridor Transfer,2,764122.6499999999,1
HRCORR_00237,Charity Abuse; High-Risk Corridor Transfer,2,764122.6499999999,1
CHARITY_00238,Charity Abuse,21,763970.67,9
CIRC_00280,Charity Abuse; Circular Transaction Loop; Underground Banking (Hawala),2,763879.4299999999,2
HAWALA_01126,Charity Abuse; Circular Transaction Loop; Underground Banking (Hawala),2,763879.4299999999,2
CIRC_00275,Charity Abuse; Circular Transaction Loop; Underground Banking (Hawala),2,763879.4299999999,1
CIRC_00273,Charity Abuse; Circular Transaction Loop; Underground Banking (Hawala),2,763879.4299999999,2
CIRC_00274,Charity Abuse; Circular Transaction Loop; Underground Banking (Hawala),2,763879.4299999999,1
HAWALA_01125,Charity Abuse; Circular Transaction Loop; Underground Banking (Hawala),2,763879.4299999999,2
HAWALA_01136,Charity Abuse; Circular Transaction Loop; Underground Banking (Hawala),2,763879.4299999999,1
HAWALA_01135,Charity Abuse; Circular Transaction Loop; Underground Banking (Hawala),2,763879.4299999999,1
CIRC_00270,Charity Abuse; Circular Transaction Loop; Underground Banking (Hawala),2,763879.4299999999,2
CIRC_00271,Charity Abuse; Circular Transaction Loop; Underground Banking (Hawala),2,763879.4299999999,2
HAWALA_01133,Charity Abuse; Circular Transaction Loop; Underground Banking (Hawala),2,763879.4299999999,1
HAWALA_01134,Charity Abuse; Circular Transaction Loop; Underground Banking (Hawala),2,763879.4299999999,1
HAWALA_01129,Charity Abuse; Circular Transaction Loop; Underground Banking (Hawala),2,763879.4299999999,2
HAWALA_01130,Charity Abuse; Circular Transaction Loop; Underground Banking (Hawala),2,763879.4299999999,2
HAWALA_01128,Charity Abuse; Circular Transaction Loop; Underground Banking (Hawala),2,763879.4299999999,2
HAWALA_01127,Charity Abuse; Circular Transaction Loop; Underground Banking (Hawala),2,763879.4299999999,2
HAWALA_01132,Charity Abuse; Circular Transaction Loop; Underground Banking (Hawala),2,763879.4299999999,2
HAWALA_01131,Charity Abuse; Circular Transaction Loop; Underground Banking (Hawala),2,763879.4299999999,2
CIRC_00272,Charity Abuse; Circular Transaction Loop; Underground Banking (Hawala),2,763879.4299999999,2
CIRC_00269,Charity Abuse; Circular Transaction Loop; Underground Banking (Hawala),2,763879.4299999999,2
HAWALA_01139,Charity Abuse; Circular Transaction Loop; Underground Banking (Hawala),2,763879.4299999999,2
CIRC_00281,Charity Abuse; Circular Transaction Loop; Underground Banking (Hawala),2,763879.4299999999,2
CIRC_00276,Charity Abuse; Circular Transaction Loop; Underground Banking (Hawala),2,763879.4299999999,1
CIRC_00277,Charity Abuse; Circular Transaction Loop; Underground Banking (Hawala),2,763879.4299999999,1
CIRC_00267,Charity Abuse; Circular Transaction Loop; Underground Banking (Hawala),2,763879.4299999999,2
CIRC_00268,Charity Abuse; Circular Transaction Loop; Underground Banking (Hawala),2,763879.4299999999,2
CIRC_00266,Charity Abuse; Circular Transaction Loop; Underground Banking (Hawala),2,763879.4299999999,2
CIRC_00278,Charity Abuse; Circular Transaction Loop; Underground Banking (Hawala),2,763879.4299999999,2
HAWALA_01138,Charity Abuse; Circular Transaction Loop; Underground Banking (Hawala),2,763879.4299999999,2
HAWALA_01140,Charity Abuse; Circular Transaction Loop; Underground Banking (Hawala),2,763879.4299999999,2
CIRC_00279,Charity Abuse; Circular Transaction Loop; Underground Banking (Hawala),2,763879.4299999999,2
HAWALA_01137,Charity Abuse; Circular Transaction Loop; Underground Banking (Hawala),2,763879.4299999999,2
CHARITY_00017,Charity Abuse,17,763653.5499999999,13
PASS_00406,Pass-Through Transit Hub,2,763283.1499999999,2
CHARITY_00673,Charity Abuse,20,762649.85,9
HRCORR_00283,High-Risk Corridor Transfer,3,761821.65,1
HAWALA_01148,Charity Abuse; Circular Transaction Loop; Underground Banking (Hawala),2,761820.8500000001,2
CIRC_00284,Charity Abuse; Circular Transaction Loop; Underground Banking (Hawala),2,761820.8500000001,2
HAWALA_01142,Charity Abuse; Circular Transaction Loop; Underground Banking (Hawala),2,761820.8500000001,2
HAWALA_01141,Charity Abuse; Circular Transaction Loop; Underground Banking (Hawala),2,761820.8500000001,2
CIRC_00282,Charity Abuse; Circular Transaction Loop; Underground Banking (Hawala),2,761820.8500000001,2
CIRC_00283,Charity Abuse; Circular Transaction Loop; Underground Banking (Hawala),2,761820.8500000001,2
CIRC_00289,Charity Abuse; Circular Transaction Loop; Underground Banking (Hawala),2,761820.8500000001,2
CIRC_00288,Charity Abuse; Circular Transaction Loop; Underground Banking (Hawala),2,761820.8500000001,2
HAWALA_01147,Charity Abuse; Circular Transaction Loop; Underground Banking (Hawala),2,761820.8500000001,2
HAWALA_01143,Charity Abuse; Circular Transaction Loop; Underground Banking (Hawala),2,761820.8500000001,2
HAWALA_01145,Charity Abuse; Circular Transaction Loop; Underground Banking (Hawala),2,761820.8500000001,1
HAWALA_01144,Charity Abuse; Circular Transaction Loop; Underground Banking (Hawala),2,761820.8500000001,2
HAWALA_01146,Charity Abuse; Circular Transaction Loop; Underground Banking (Hawala),2,761820.8500000001,1
CIRC_00286,Charity Abuse; Circular Transaction Loop; Underground Banking (Hawala),2,761820.8500000001,1
CIRC_00285,Charity Abuse; Circular Transaction Loop; Underground Banking (Hawala),2,761820.8500000001,2
CIRC_00287,Charity Abuse; Circular Transaction Loop; Underground Banking (Hawala),2,761820.8500000001,1
CHARITY_00806,Charity Abuse,19,761760.61,7
CHARITY_00162,Charity Abuse; Circular Transaction Loop; Underground Banking (Hawala),2,761324.64,2
CHARITY_02022,Charity Abuse,21,760493.02,6
PASS_00570,Pass-Through Transit Hub,2,760451.79,2
HRCORR_00295,High-Risk Corridor Transfer,4,760218.94,1
CHARITY_00820,Charity Abuse; Funnel Account Network,8,759924.01,4
FUNNEL_00063,Charity Abuse; Funnel Account Network,8,759924.01,4
CHARITY_00061,Charity Abuse,18,759485.9299999999,7
CHARITY_01099,Charity Abuse,20,759339.4299999999,9
HRCORR_00199,High-Risk Corridor Transfer,3,759235.62,1
HRCORR_00181,High-Risk Corridor Transfer,2,758956.83,1
HRCORR_00067,High-Risk Corridor Transfer,3,758651.84,1
CHARITY_01429,Charity Abuse; Circular Transaction Loop; Underground Banking (Hawala),2,758244.78,2
CHARITY_03053,Charity Abuse,23,757967.65,6
CHARITY_02453,Charity Abuse,19,757885.81,11
HAWALA_02081,Underground Banking (Hawala),3,757865.36,3
HAWALA_02085,Underground Banking (Hawala),3,757865.36,2
HAWALA_02086,Underground Banking (Hawala),3,757865.36,2
HAWALA_02080,Underground Banking (Hawala),3,757865.36,2
HAWALA_02084,Underground Banking (Hawala),3,757865.36,3
HAWALA_02082,Underground Banking (Hawala),3,757865.36,2
HAWALA_02083,Underground Banking (Hawala),3,757865.36,2
HAWALA_02079,Underground Banking (Hawala),3,757865.36,2
CHARITY_02689,Charity Abuse,25,757864.29,9
CHARITY_02260,Charity Abuse,18,757315.25,15
CHARITY_00625,Charity Abuse; High-Risk Corridor Transfer,2,756998.77,1
HRCORR_00112,Charity Abuse; High-Risk Corridor Transfer,2,756998.77,1
CHARITY_01824,Charity Abuse,23,756839.65,13
CHARITY_01341,Charity Abuse,14,756552.89,6
CHARITY_01772,Charity Abuse,14,755942.2999999999,7
CHARITY_02505,Charity Abuse; High-Risk Corridor Transfer,3,755721.85,1
HRCORR_00424,Charity Abuse; High-Risk Corridor Transfer,3,755721.85,1
HRCORR_00437,High-Risk Corridor Transfer,3,755483.8999999999,1
PASS_00017,Pass-Through Transit Hub,2,755388.28,2
CHARITY_01619,Charity Abuse,20,753742.31,8
CHARITY_00012,Charity Abuse; Money Mule Network,6,753290.16,1
FUNNEL_00070,Funnel Account Network,19,753194.3800000001,9
CHARITY_00912,Charity Abuse,25,752970.41,11
CHARITY_02137,Charity Abuse,14,752703.14,8
PASS_00572,Pass-Through Transit Hub,2,752619.29,2
HRCORR_00026,High-Risk Corridor Transfer,3,752585.87,1
CHARITY_01603,Charity Abuse,23,752070.43,7
CHARITY_00787,Charity Abuse,17,751629.77,7
FUNNEL_00281,Charity Abuse; Funnel Account Network,14,751321.8099999999,8
CHARITY_03306,Charity Abuse; Funnel Account Network,14,751321.8099999999,8
FUNNEL_00195,Funnel Account Network,14,750192.49,5
CHARITY_02868,Charity Abuse,17,749864.6,11
HAWALA_02090,Underground Banking (Hawala),3,749844.3200000001,2
HAWALA_02091,Underground Banking (Hawala),3,749844.3200000001,2
HAWALA_02088,Underground Banking (Hawala),3,749844.3200000001,2
HAWALA_02087,Underground Banking (Hawala),3,749844.3200000001,3
HAWALA_02092,Underground Banking (Hawala),3,749844.3200000001,2
HAWALA_02094,Underground Banking (Hawala),3,749844.3200000001,3
HAWALA_02089,Underground Banking (Hawala),3,749844.3200000001,2
HAWALA_02093,Underground Banking (Hawala),3,749844.3200000001,2
HAWALA_01172,Underground Banking (Hawala),2,749747.53,2
HAWALA_01171,Underground Banking (Hawala),2,749747.53,2
HAWALA_01166,Underground Banking (Hawala),2,749747.53,2
HAWALA_01173,Underground Banking (Hawala),2,749747.53,2
HAWALA_01167,Underground Banking (Hawala),2,749747.53,2
HAWALA_01170,Underground Banking (Hawala),2,749747.53,2
HAWALA_01169,Underground Banking (Hawala),2,749747.53,1
HAWALA_01168,Underground Banking (Hawala),2,749747.53,1
CHARITY_02765,Charity Abuse,20,749327.4299999999,8
CHARITY_01477,Charity Abuse,19,749219.61,9
HAWALA_02189,Underground Banking (Hawala),3,749110.95,2
HAWALA_02187,Underground Banking (Hawala),3,749110.95,2
HAWALA_02188,Underground Banking (Hawala),3,749110.95,3
HAWALA_02185,Underground Banking (Hawala),3,749110.95,3
HAWALA_02186,Underground Banking (Hawala),3,749110.95,2
HAWALA_02184,Underground Banking (Hawala),3,749110.95,2
HAWALA_02183,Underground Banking (Hawala),3,749110.95,2
HAWALA_02190,Underground Banking (Hawala),3,749110.95,2
CHARITY_01571,Charity Abuse; High-Risk Corridor Transfer,2,749101.2,1
HRCORR_00243,Charity Abuse; High-Risk Corridor Transfer,2,749101.2,1
FUNNEL_00231,Charity Abuse; Funnel Account Network,13,748029.9099999999,10
CHARITY_02650,Charity Abuse; Funnel Account Network,13,748029.9099999999,10
CHARITY_01738,Charity Abuse,24,747800.3,11
HAWALA_02099,Underground Banking (Hawala),3,747288.36,3
HAWALA_02098,Underground Banking (Hawala),3,747288.36,3
HAWALA_02101,Underground Banking (Hawala),3,747288.36,2
HAWALA_02102,Underground Banking (Hawala),3,747288.36,2
HAWALA_02100,Underground Banking (Hawala),3,747288.36,2
HAWALA_02097,Underground Banking (Hawala),3,747288.36,2
HAWALA_02095,Underground Banking (Hawala),3,747288.36,2
HAWALA_02096,Underground Banking (Hawala),3,747288.36,2
CHARITY_01495,Charity Abuse,18,747101.4400000001,7
CHARITY_02865,Charity Abuse,21,746981.42,11
CHARITY_01315,Charity Abuse,22,746971.97,6
CHARITY_00762,Charity Abuse; Underground Banking (Hawala),2,746377.88,2
FUNNEL_00103,Funnel Account Network,14,746134.4400000001,4
MULE_00077,Money Mule Network,6,745893.62,1
CHARITY_01771,Charity Abuse,20,745748.12,14
CHARITY_00762,Charity Abuse,18,745451.24,9
PASS_00684,Pass-Through Transit Hub,2,744524.76,2
HRCORR_00211,High-Risk Corridor Transfer,4,744445.11,1
FUNNEL_00261,Funnel Account Network,22,744216.96,20
FUNNEL_00218,Charity Abuse; Funnel Account Network,29,743834.01,20
CHARITY_03171,Charity Abuse,19,743696.39,8
CHARITY_01455,Charity Abuse,25,743082.07,10
CHARITY_02587,Charity Abuse,21,742505.42,13
PASS_00709,Charity Abuse; Funnel Account Network; Pass-Through Transit Hub,1,742231.96,1
CHARITY_00132,Charity Abuse; Funnel Account Network; Pass-Through Transit Hub,1,742231.96,1
FUNNEL_00012,Charity Abuse; Funnel Account Network; Pass-Through Transit Hub,1,742231.96,1
CHARITY_01223,Charity Abuse,20,742082.1,12
CHARITY_01903,Charity Abuse,22,741780.84,13
HRCORR_00349,High-Risk Corridor Transfer,3,741389.72,1
PASS_00679,Charity Abuse; Pass-Through Transit Hub,1,741207.4,1
CHARITY_02016,Charity Abuse; Pass-Through Transit Hub,1,741207.4,1
PASS_00664,Pass-Through Transit Hub,1,740982.95,1
CHARITY_00786,Charity Abuse,28,740284.45,14
CHARITY_00430,Charity Abuse,25,739910.07,15
FUNNEL_00138,Charity Abuse; Funnel Account Network,14,739474.61,10
CHARITY_01707,Charity Abuse; Funnel Account Network,14,739474.61,10
CHARITY_01323,Charity Abuse,18,738955.27,11
PASS_00341,Pass-Through Transit Hub,2,738050.45,2
CHARITY_01109,Charity Abuse,22,738045.0,13
PASS_00007,Pass-Through Transit Hub,2,738012.24,2
CHARITY_00214,Charity Abuse,19,737475.72,7
CHARITY_01016,Charity Abuse,21,737444.92,12
PASS_00365,Pass-Through Transit Hub,2,737427.89,1
CHARITY_02568,Charity Abuse,25,737213.8,11
FUNNEL_00113,Charity Abuse; Funnel Account Network,8,736543.42,5
CHARITY_01941,Charity Abuse,23,736203.79,11
CHARITY_01506,Charity Abuse,18,736032.51,6
FUNNEL_00133,Funnel Account Network,16,735673.7899999999,13
CHARITY_03112,Charity Abuse,18,735523.92,18
CHARITY_01314,Charity Abuse,25,735094.94,12
HRCORR_00351,High-Risk Corridor Transfer,6,734996.87,1
CHARITY_02303,Charity Abuse,17,734416.39,12
CHARITY_02504,Charity Abuse,20,733966.83,17
PASS_00543,Pass-Through Transit Hub,1,733751.76,1
PASS_00319,Pass-Through Transit Hub,2,732731.31,2
PASS_00709,Pass-Through Transit Hub,1,732276.55,1
CHARITY_02363,Charity Abuse,24,732035.86,12
CHARITY_02008,Charity Abuse,15,731373.89,9
HRCORR_00158,High-Risk Corridor Transfer,3,730993.04,1
CHARITY_00077,Charity Abuse,24,730604.49,6
PASS_00571,Pass-Through Transit Hub,2,730273.87,2
HRCORR_00226,High-Risk Corridor Transfer,2,729786.24,1
CHARITY_02914,Charity Abuse,20,729771.9,11
FUNNEL_00086,Charity Abuse; Funnel Account Network,13,728532.1900000001,11
CHARITY_00666,Charity Abuse,20,727989.56,10
CHARITY_01713,Charity Abuse,16,727893.12,8
PASS_00679,Pass-Through Transit Hub,1,727886.3,1
CHARITY_02422,Charity Abuse,18,727785.8,8
FUNNEL_00115,Funnel Account Network,7,727709.4800000001,6
CHARITY_00870,Charity Abuse,15,727336.34,4
PASS_00067,Pass-Through Transit Hub,2,727043.0,1
CHARITY_03028,Charity Abuse,15,726761.47,7
MULE_00046,Money Mule Network,8,726516.0499999999,3
HAWALA_02226,Underground Banking (Hawala),3,726282.94,2
HAWALA_02229,Underground Banking (Hawala),3,726282.94,2
HAWALA_02228,Underground Banking (Hawala),3,726282.94,2
HAWALA_02225,Underground Banking (Hawala),3,726282.94,3
HAWALA_02227,Underground Banking (Hawala),3,726282.94,2
HAWALA_02230,Underground Banking (Hawala),3,726282.94,3
HAWALA_02224,Underground Banking (Hawala),3,726282.94,2
HAWALA_02231,Underground Banking (Hawala),3,726282.94,2
PASS_00524,Pass-Through Transit Hub,2,726167.47,2
PASS_00209,Pass-Through Transit Hub,2,725834.8999999999,2
CHARITY_00501,Charity Abuse,25,725726.51,8
HRCORR_00318,High-Risk Corridor Transfer,3,725602.22,1
CHARITY_00615,Charity Abuse,21,725598.2200000001,5
PASS_00665,Pass-Through Transit Hub,2,725167.28,2
HRCORR_00235,High-Risk Corridor Transfer,2,725046.3200000001,1
FUNNEL_00114,Funnel Account Network,16,725004.91,10
CHARITY_00670,Charity Abuse; Funnel Account Network,10,724900.79,4
FUNNEL_00052,Charity Abuse; Funnel Account Network,10,724900.79,4
FUNNEL_00268,Charity Abuse; Funnel Account Network,11,724865.79,4
CHARITY_01247,Charity Abuse,17,724834.81,9
CHARITY_01507,Charity Abuse,22,724554.8099999999,19
PASS_00388,Pass-Through Transit Hub,2,724520.11,2
CHARITY_00318,Charity Abuse,21,723829.41,12
HAWALA_01335,Underground Banking (Hawala),2,723774.69,2
HAWALA_01336,Underground Banking (Hawala),2,723774.69,2
HAWALA_01337,Underground Banking (Hawala),2,723774.69,2
HAWALA_01340,Underground Banking (Hawala),2,723774.69,2
HAWALA_01339,Underground Banking (Hawala),2,723774.69,1
HAWALA_01341,Underground Banking (Hawala),2,723774.69,1
HAWALA_01338,Underground Banking (Hawala),2,723774.69,2
HAWALA_01334,Underground Banking (Hawala),2,723774.69,2
CHARITY_01920,Charity Abuse; Pass-Through Transit Hub,1,723582.76,1
PASS_00543,Charity Abuse; Pass-Through Transit Hub,1,723582.76,1
HRCORR_00125,High-Risk Corridor Transfer,3,723534.58,1
HRCORR_00294,High-Risk Corridor Transfer,3,723524.62,1
CHARITY_02444,Charity Abuse,24,722787.14,10
CHARITY_02566,Charity Abuse,19,722081.4299999999,10
CHARITY_01465,Charity Abuse; Underground Banking (Hawala),2,721815.08,2
HRCORR_00077,High-Risk Corridor Transfer,3,721779.09,1
CHARITY_01039,Charity Abuse,21,721687.84,12
HRCORR_00257,High-Risk Corridor Transfer,3,721473.74,1
FUNNEL_00127,Funnel Account Network; Pass-Through Transit Hub,1,721317.33,1
PASS_00238,Funnel Account Network; Pass-Through Transit Hub,1,721317.33,1
PASS_00664,Charity Abuse; Pass-Through Transit Hub,1,721243.26,1
CHARITY_02272,Charity Abuse; Pass-Through Transit Hub,1,721243.26,1
CHARITY_00381,Charity Abuse,20,721204.0,6
TPWEB_01455,Third-Party Payment Web,11,721091.22,10
HAWALA_02219,Underground Banking (Hawala),3,720368.79,3
HAWALA_02218,Underground Banking (Hawala),3,720368.79,3
HAWALA_02220,Underground Banking (Hawala),3,720368.79,2
HAWALA_02221,Underground Banking (Hawala),3,720368.79,2
HAWALA_02217,Underground Banking (Hawala),3,720368.79,2
HAWALA_02216,Underground Banking (Hawala),3,720368.79,2
HAWALA_02215,Underground Banking (Hawala),3,720368.79,2
HAWALA_02222,Underground Banking (Hawala),3,720368.79,2
CHARITY_00148,Charity Abuse,19,720335.6699999999,12
HRCORR_00236,Charity Abuse; High-Risk Corridor Transfer,2,720260.85,1
CHARITY_03187,Charity Abuse; High-Risk Corridor Transfer,2,720260.85,1
HRCORR_00343,Charity Abuse; High-Risk Corridor Transfer,3,720136.62,1
CHARITY_02216,Charity Abuse; High-Risk Corridor Transfer,3,720136.62,1
FUNNEL_00066,Funnel Account Network,17,719904.87,11
CHARITY_00232,Charity Abuse; Funnel Account Network,12,719256.59,10
FUNNEL_00020,Charity Abuse; Funnel Account Network,12,719256.59,10
PASS_00238,Pass-Through Transit Hub,1,718947.66,1
CHARITY_02304,Charity Abuse,20,718945.53,7
CHARITY_01537,Charity Abuse,24,718722.5599999999,9
PASS_00435,Pass-Through Transit Hub,1,718010.9,1
CHARITY_02438,Charity Abuse,23,717129.2100000001,7
CHARITY_01845,Charity Abuse,21,716957.69,9
CHARITY_02228,Charity Abuse,19,716570.3200000001,10
FUNNEL_00260,Funnel Account Network,10,716222.01,7
HAWALA_02236,Circular Transaction Loop; Underground Banking (Hawala),3,715743.04,2
HAWALA_02232,Circular Transaction Loop; Underground Banking (Hawala),3,715743.04,2
CIRC_00591,Circular Transaction Loop; Underground Banking (Hawala),3,715743.04,2
CIRC_00589,Circular Transaction Loop; Underground Banking (Hawala),3,715743.04,2
CIRC_00590,Circular Transaction Loop; Underground Banking (Hawala),3,715743.04,2
CIRC_00592,Circular Transaction Loop; Underground Banking (Hawala),3,715743.04,3
HAWALA_02233,Circular Transaction Loop; Underground Banking (Hawala),3,715743.04,3
HAWALA_02238,Circular Transaction Loop; Underground Banking (Hawala),3,715743.04,3
HAWALA_02237,Circular Transaction Loop; Underground Banking (Hawala),3,715743.04,2
CIRC_00593,Circular Transaction Loop; Underground Banking (Hawala),3,715743.04,2
CIRC_00586,Circular Transaction Loop; Underground Banking (Hawala),3,715743.04,2
HAWALA_02239,Circular Transaction Loop; Underground Banking (Hawala),3,715743.04,2
CIRC_00587,Circular Transaction Loop; Underground Banking (Hawala),3,715743.04,3
CIRC_00588,Circular Transaction Loop; Underground Banking (Hawala),3,715743.04,2
HAWALA_02235,Circular Transaction Loop; Underground Banking (Hawala),3,715743.04,2
HAWALA_02234,Circular Transaction Loop; Underground Banking (Hawala),3,715743.04,2
CHARITY_02824,Charity Abuse,19,715359.77,7
CHARITY_00625,Charity Abuse,27,715118.7000000001,14
CHARITY_00664,Charity Abuse,21,714633.96,13
CHARITY_02009,Charity Abuse,24,714515.11,6
CHARITY_02849,Charity Abuse; Funnel Account Network,9,714041.91,5
FUNNEL_00243,Charity Abuse; Funnel Account Network,9,714041.91,5
CHARITY_01915,Charity Abuse,17,713826.4299999999,10
FUNNEL_00080,Funnel Account Network,11,713531.15,6
CHARITY_00520,Charity Abuse,19,713390.75,10
CHARITY_01931,Charity Abuse,17,713150.7000000001,11
HRCORR_00074,High-Risk Corridor Transfer,2,712112.39,1
CHARITY_01167,Charity Abuse,23,712041.72,13
HRCORR_00086,High-Risk Corridor Transfer,3,711879.16,1
HRCORR_00037,High-Risk Corridor Transfer,3,711547.34,1
CHARITY_01418,Charity Abuse,17,711431.37,11
CHARITY_00754,Charity Abuse,14,711198.05,7
CHARITY_00387,Charity Abuse,22,711130.35,11
HAWALA_02274,Underground Banking (Hawala),3,710855.62,2
HAWALA_02272,Underground Banking (Hawala),3,710855.62,2
HAWALA_02275,Underground Banking (Hawala),3,710855.62,2
HAWALA_02273,Underground Banking (Hawala),3,710855.62,3
HAWALA_02276,Underground Banking (Hawala),3,710855.62,2
HAWALA_02277,Underground Banking (Hawala),3,710855.62,2
HAWALA_02279,Underground Banking (Hawala),3,710855.62,2
HAWALA_02278,Underground Banking (Hawala),3,710855.62,3
FUNNEL_00063,Funnel Account Network,5,709957.3099999999,4
CHARITY_01136,Charity Abuse,18,709857.2100000001,9
CHARITY_00498,Charity Abuse; Underground Banking (Hawala),1,709726.78,1
HAWALA_00010,Charity Abuse; Underground Banking (Hawala),1,709726.78,1
FUNNEL_00116,Funnel Account Network,7,709706.26,3
FUNNEL_00188,Funnel Account Network,14,709320.31,6
CHARITY_00993,Charity Abuse,21,708944.68,10
CHARITY_03288,Charity Abuse,15,708942.0,13
CHARITY_02859,Charity Abuse,12,708911.86,10
CHARITY_03250,Charity Abuse; Money Mule Network,7,708133.01,1
MULE_00037,Charity Abuse; Money Mule Network,7,708133.01,1
CHARITY_02519,Charity Abuse,26,707739.5,12
CHARITY_01411,Charity Abuse,16,707298.28,10
HRCORR_00191,High-Risk Corridor Transfer,3,707006.99,1
FUNNEL_00036,Funnel Account Network,14,706793.01,13
CHARITY_02355,Charity Abuse,25,706558.83,11
CHARITY_02058,Charity Abuse,17,706487.92,10
CHARITY_02722,Charity Abuse,21,706042.51,14
PASS_00435,Charity Abuse; Pass-Through Transit Hub,1,704872.23,1
CHARITY_02655,Charity Abuse; Pass-Through Transit Hub,1,704872.23,1
CHARITY_01523,Charity Abuse,22,704673.62,11
CHARITY_01624,Charity Abuse,20,704584.33,9
CHARITY_01366,Charity Abuse,21,704157.9,9
CHARITY_01826,Charity Abuse,19,704110.58,9
CHARITY_01103,Charity Abuse,16,704087.76,5
CHARITY_03242,Charity Abuse,16,703655.8,11
CHARITY_02158,Charity Abuse,21,703356.24,15
TPWEB_01263,Third-Party Payment Web,11,703201.54,10
HRCORR_00391,High-Risk Corridor Transfer,3,702923.5800000001,1
CHARITY_02827,Charity Abuse,19,701981.33,9
CHARITY_02694,Charity Abuse,20,701787.02,9
HAWALA_02333,Underground Banking (Hawala),3,701562.25,3
HAWALA_02331,Underground Banking (Hawala),3,701562.25,2
HAWALA_02330,Underground Banking (Hawala),3,701562.25,3
HAWALA_02334,Underground Banking (Hawala),3,701562.25,2
HAWALA_02328,Underground Banking (Hawala),3,701562.25,2
HAWALA_02329,Underground Banking (Hawala),3,701562.25,2
HAWALA_02332,Underground Banking (Hawala),3,701562.25,2
HAWALA_02335,Underground Banking (Hawala),3,701562.25,2
CHARITY_03022,Charity Abuse,15,701117.48,13
CHARITY_00026,Charity Abuse,19,700780.65,12
CHARITY_01131,Charity Abuse,21,700720.85,13
PASS_00670,Pass-Through Transit Hub,2,700530.56,2
CHARITY_01642,Charity Abuse,16,700369.73,8
CHARITY_01504,Charity Abuse; High-Risk Corridor Transfer,2,699634.6699999999,1
HRCORR_00235,Charity Abuse; High-Risk Corridor Transfer,2,699634.6699999999,1
CHARITY_00302,Charity Abuse,17,699511.0499999999,10
HRCORR_00246,High-Risk Corridor Transfer,3,698597.96,1
CHARITY_03180,Charity Abuse,23,698327.42,10
CHARITY_01433,Charity Abuse; Funnel Account Network,6,698060.84,3
CHARITY_01041,Charity Abuse,16,697541.74,8
CHARITY_01503,Charity Abuse,21,697517.98,9
HRCORR_00327,High-Risk Corridor Transfer,3,697353.72,1
CHARITY_01677,Charity Abuse,24,697150.29,9
CHARITY_03059,Charity Abuse,16,696853.51,12
CHARITY_02089,Charity Abuse,16,696535.11,9
CHARITY_02038,Charity Abuse,23,696481.89,7
CHARITY_01153,Charity Abuse,12,695786.37,7
FUNNEL_00233,Funnel Account Network,16,695524.29,7
CHARITY_02064,Charity Abuse,17,695500.7,7
CHARITY_00596,Charity Abuse,23,695374.97,13
PASS_00442,Pass-Through Transit Hub,2,694981.0,2
MULE_00013,Money Mule Network,5,694590.94,3
CHARITY_01644,Charity Abuse,19,694118.47,9
CHARITY_01651,Charity Abuse,19,693240.64,10
FUNNEL_00047,Funnel Account Network,6,693056.95,1
CHARITY_01326,Charity Abuse,16,692814.84,5
CHARITY_00627,Charity Abuse,18,691959.72,14
HAWALA_02327,Underground Banking (Hawala),3,691765.62,2
HAWALA_02324,Underground Banking (Hawala),3,691765.62,3
HAWALA_02325,Underground Banking (Hawala),3,691765.62,2
HAWALA_02313,Underground Banking (Hawala),3,691765.62,3
HAWALA_02317,Underground Banking (Hawala),3,691765.62,2
HAWALA_02319,Underground Banking (Hawala),3,691765.62,2
HAWALA_02312,Underground Banking (Hawala),3,691765.62,3
HAWALA_02326,Underground Banking (Hawala),3,691765.62,3
HAWALA_02318,Underground Banking (Hawala),3,691765.62,2
HAWALA_02315,Underground Banking (Hawala),3,691765.62,3
HAWALA_02316,Underground Banking (Hawala),3,691765.62,2
HAWALA_02314,Underground Banking (Hawala),3,691765.62,3
HAWALA_02323,Underground Banking (Hawala),3,691765.62,2
HAWALA_02320,Underground Banking (Hawala),3,691765.62,3
HAWALA_02321,Underground Banking (Hawala),3,691765.62,2
HAWALA_02322,Underground Banking (Hawala),3,691765.62,3
CHARITY_00339,Charity Abuse,21,691679.27,10
PASS_00452,Pass-Through Transit Hub,2,691459.87,1
PASS_00428,Pass-Through Transit Hub,2,691357.5,2
CHARITY_02246,Charity Abuse,25,691262.0299999999,12
CHARITY_00366,Charity Abuse,16,691213.44,9
CHARITY_01778,Charity Abuse,17,690254.88,11
HAWALA_01399,Underground Banking (Hawala),2,690251.5,2
HAWALA_01398,Underground Banking (Hawala),2,690251.5,2
HAWALA_01404,Underground Banking (Hawala),2,690251.5,2
HAWALA_01405,Underground Banking (Hawala),2,690251.5,2
HAWALA_01402,Underground Banking (Hawala),2,690251.5,2
HAWALA_01403,Underground Banking (Hawala),2,690251.5,2
HAWALA_01401,Underground Banking (Hawala),2,690251.5,1
HAWALA_01400,Underground Banking (Hawala),2,690251.5,1
HAWALA_02360,Underground Banking (Hawala),3,689399.87,2
HAWALA_02361,Underground Banking (Hawala),3,689399.87,2
HAWALA_02366,Underground Banking (Hawala),3,689399.87,2
HAWALA_02367,Underground Banking (Hawala),3,689399.87,2
HAWALA_02362,Underground Banking (Hawala),3,689399.87,2
HAWALA_02363,Underground Banking (Hawala),3,689399.87,3
HAWALA_02365,Underground Banking (Hawala),3,689399.87,2
HAWALA_02364,Underground Banking (Hawala),3,689399.87,3
CHARITY_02262,Charity Abuse,19,688508.49,11
PASS_00427,Pass-Through Transit Hub,2,688414.77,2
CHARITY_00923,Charity Abuse,22,687542.75,12
CHARITY_01458,Charity Abuse,16,687502.03,6
PASS_00242,Pass-Through Transit Hub,2,687352.89,2
FUNNEL_00205,Charity Abuse; Funnel Account Network,11,687195.32,9
CHARITY_02430,Charity Abuse; Funnel Account Network,11,687195.32,9
CHARITY_00621,Charity Abuse,21,687082.03,7
HAWALA_02357,Underground Banking (Hawala),3,687006.76,2
HAWALA_02358,Underground Banking (Hawala),3,687006.76,3
HAWALA_02352,Underground Banking (Hawala),3,687006.76,2
HAWALA_02354,Underground Banking (Hawala),3,687006.76,2
HAWALA_02353,Underground Banking (Hawala),3,687006.76,3
HAWALA_02356,Underground Banking (Hawala),3,687006.76,2
HAWALA_02355,Underground Banking (Hawala),3,687006.76,2
HAWALA_02359,Underground Banking (Hawala),3,687006.76,2
FUNNEL_00249,Funnel Account Network,10,686280.9299999999,5
CHARITY_03148,Charity Abuse,13,685926.86,8
CHARITY_01790,Charity Abuse,20,684624.04,9
CHARITY_00927,Charity Abuse; Funnel Account Network,1,684525.0,1
CHARITY_00519,Charity Abuse,25,683870.88,10
CHARITY_01261,Charity Abuse; High-Risk Corridor Transfer,2,683480.0700000001,1
HRCORR_00203,Charity Abuse; High-Risk Corridor Transfer,2,683480.0700000001,1
CHARITY_01917,Charity Abuse,14,682962.8400000001,12
PASS_00386,Pass-Through Transit Hub,2,682409.64,2
TPWEB_00415,Charity Abuse; Funnel Account Network; Third-Party Payment Web,36,681757.24,36
FUNNEL_00067,Charity Abuse; Funnel Account Network; Third-Party Payment Web,36,681757.24,36
CHARITY_00873,Charity Abuse; Funnel Account Network; Third-Party Payment Web,36,681757.24,36
MULE_00015,Money Mule Network,6,681074.3499999999,1
HAWALA_02375,Underground Banking (Hawala),3,680899.94,2
HAWALA_02372,Underground Banking (Hawala),3,680899.94,2
HAWALA_02371,Underground Banking (Hawala),3,680899.94,2
HAWALA_02369,Underground Banking (Hawala),3,680899.94,3
HAWALA_02373,Underground Banking (Hawala),3,680899.94,2
HAWALA_02374,Underground Banking (Hawala),3,680899.94,3
HAWALA_02370,Underground Banking (Hawala),3,680899.94,2
HAWALA_02368,Underground Banking (Hawala),3,680899.94,2
CHARITY_02085,Charity Abuse,19,680332.51,6
HRCORR_00436,High-Risk Corridor Transfer,2,680329.4299999999,1
CHARITY_00970,Charity Abuse,16,680224.98,6
CHARITY_01071,Charity Abuse; Funnel Account Network,12,679966.46,10
CHARITY_02809,Charity Abuse; Underground Banking (Hawala),2,679678.28,2
CHARITY_03172,Charity Abuse,20,679607.53,12
CHARITY_01032,Charity Abuse,21,678721.22,12
CHARITY_00979,Charity Abuse,24,678332.63,7
PASS_00606,Pass-Through Transit Hub,2,678235.5,1
CHARITY_00616,Charity Abuse,19,677731.56,14
CHARITY_01740,Charity Abuse,18,677653.73,13
CHARITY_01185,Charity Abuse,17,677617.63,14
CHARITY_01541,Charity Abuse,18,676687.5,7
CHARITY_00581,Charity Abuse,20,676316.63,8
TPWEB_00745,Charity Abuse; Third-Party Payment Web,35,676059.73,35
CHARITY_01554,Charity Abuse; Third-Party Payment Web,35,676059.73,35
HRCORR_00011,High-Risk Corridor Transfer,3,675850.8099999999,1
CHARITY_03301,Charity Abuse,12,675798.7599999999,12
CHARITY_00575,Charity Abuse,15,675652.27,13
CHARITY_02836,Charity Abuse,15,675486.04,12
CHARITY_00089,Charity Abuse,21,675323.27,11
PASS_00060,Pass-Through Transit Hub,2,674801.72,2
CHARITY_02955,Charity Abuse,21,674787.49,13
CHARITY_02707,Charity Abuse,13,674762.52,1
CHARITY_01488,Charity Abuse,19,674750.29,11
MULE_00029,Charity Abuse; Money Mule Network,6,674654.35,1
CHARITY_03166,Charity Abuse; Money Mule Network,6,674654.35,1
PASS_00150,Charity Abuse; Pass-Through Transit Hub,1,674647.58,1
CHARITY_01863,Charity Abuse; Pass-Through Transit Hub,1,674647.58,1
CHARITY_02001,Charity Abuse; Funnel Account Network,9,674448.8400000001,7
FUNNEL_00168,Charity Abuse; Funnel Account Network,9,674448.8400000001,7
HRCORR_00046,High-Risk Corridor Transfer,3,673474.57,1
TPWEB_01020,Third-Party Payment Web,9,673216.88,9
CHARITY_01748,Charity Abuse,20,672995.14,12
CHARITY_01052,Charity Abuse,21,672936.81,6
CHARITY_02682,Charity Abuse,11,672879.71,2
FUNNEL_00210,Charity Abuse; Funnel Account Network,17,672677.77,12
CHARITY_02247,Charity Abuse,19,671953.44,9
PASS_00054,Pass-Through Transit Hub,2,671818.53,2
CHARITY_00477,Charity Abuse,16,671646.5499999999,8
HAWALA_02381,Circular Transaction Loop; Underground Banking (Hawala),3,671499.55,2
HAWALA_02377,Circular Transaction Loop; Underground Banking (Hawala),3,671499.55,3
HAWALA_02378,Circular Transaction Loop; Underground Banking (Hawala),3,671499.55,2
HAWALA_02382,Circular Transaction Loop; Underground Banking (Hawala),3,671499.55,3
HAWALA_02379,Circular Transaction Loop; Underground Banking (Hawala),3,671499.55,2
CIRC_00617,Circular Transaction Loop; Underground Banking (Hawala),3,671499.55,2
HAWALA_02383,Circular Transaction Loop; Underground Banking (Hawala),3,671499.55,2
HAWALA_02380,Circular Transaction Loop; Underground Banking (Hawala),3,671499.55,2
CIRC_00612,Circular Transaction Loop; Underground Banking (Hawala),3,671499.55,2
CIRC_00613,Circular Transaction Loop; Underground Banking (Hawala),3,671499.55,2
CIRC_00616,Circular Transaction Loop; Underground Banking (Hawala),3,671499.55,3
CIRC_00614,Circular Transaction Loop; Underground Banking (Hawala),3,671499.55,2
CIRC_00615,Circular Transaction Loop; Underground Banking (Hawala),3,671499.55,2
CIRC_00611,Circular Transaction Loop; Underground Banking (Hawala),3,671499.55,3
CIRC_00610,Circular Transaction Loop; Underground Banking (Hawala),3,671499.55,2
HAWALA_02376,Circular Transaction Loop; Underground Banking (Hawala),3,671499.55,2
CHARITY_02615,Charity Abuse; Funnel Account Network; Underground Banking (Hawala),2,671258.38,2
FUNNEL_00224,Charity Abuse; Funnel Account Network; Underground Banking (Hawala),2,671258.38,2
PASS_00356,Charity Abuse; Pass-Through Transit Hub,1,670957.82,1
CHARITY_01885,Charity Abuse; Pass-Through Transit Hub,1,670957.82,1
CHARITY_02863,Charity Abuse,13,670939.77,11
CHARITY_02521,Charity Abuse,19,670494.75,10
HRCORR_00233,High-Risk Corridor Transfer,3,670188.46,1
PASS_00559,Pass-Through Transit Hub,2,670131.19,2
TPWEB_01301,Charity Abuse; Funnel Account Network; Third-Party Payment Web,34,670097.58,34
CHARITY_02642,Charity Abuse; Funnel Account Network; Third-Party Payment Web,34,670097.58,34
FUNNEL_00230,Charity Abuse; Funnel Account Network; Third-Party Payment Web,34,670097.58,34
CHARITY_02491,Charity Abuse,24,669999.29,14
CHARITY_02337,Charity Abuse,19,669973.25,8
CHARITY_02465,Charity Abuse; Funnel Account Network,16,669104.47,11
CHARITY_02006,Charity Abuse,24,669083.93,9
CHARITY_02926,Charity Abuse,18,668894.96,9
CHARITY_00748,Charity Abuse,20,668795.99,12
PASS_00129,Pass-Through Transit Hub,2,668717.63,1
CHARITY_00832,Charity Abuse,26,668505.16,10
HRCORR_00439,High-Risk Corridor Transfer,3,668085.05,1
HRCORR_00271,High-Risk Corridor Transfer,2,667951.27,1
CHARITY_00802,Charity Abuse,21,667458.2,8
CHARITY_01431,Charity Abuse,22,666938.99,10
CHARITY_00268,Charity Abuse; Underground Banking (Hawala),2,666902.56,2
HAWALA_01454,Underground Banking (Hawala),2,666613.02,2
HAWALA_01467,Underground Banking (Hawala),2,666613.02,2
HAWALA_01469,Underground Banking (Hawala),2,666613.02,2
HAWALA_01465,Underground Banking (Hawala),2,666613.02,2
HAWALA_01468,Underground Banking (Hawala),2,666613.02,2
HAWALA_01464,Underground Banking (Hawala),2,666613.02,2
HAWALA_01466,Underground Banking (Hawala),2,666613.02,2
HAWALA_01461,Underground Banking (Hawala),2,666613.02,1
HAWALA_01463,Underground Banking (Hawala),2,666613.02,2
HAWALA_01460,Underground Banking (Hawala),2,666613.02,2
HAWALA_01458,Underground Banking (Hawala),2,666613.02,2
HAWALA_01459,Underground Banking (Hawala),2,666613.02,1
HAWALA_01462,Underground Banking (Hawala),2,666613.02,2
HAWALA_01457,Underground Banking (Hawala),2,666613.02,1
HAWALA_01455,Underground Banking (Hawala),2,666613.02,1
HAWALA_01456,Underground Banking (Hawala),2,666613.02,2
CHARITY_00922,Charity Abuse; Underground Banking (Hawala),2,666593.54,2
CHARITY_00071,Charity Abuse,16,666370.67,15
CHARITY_02529,Charity Abuse,20,665917.42,12
CHARITY_01228,Charity Abuse; Underground Banking (Hawala),2,665896.84,2
HRCORR_00293,High-Risk Corridor Transfer,2,665720.55,1
CHARITY_01354,Charity Abuse,19,665615.58,12
HRCORR_00292,High-Risk Corridor Transfer,3,664909.5,1
CHARITY_02829,Charity Abuse,20,664679.7,9
CHARITY_01573,Charity Abuse,18,664363.6699999999,15
CHARITY_02361,Charity Abuse,17,664176.19,9
CHARITY_01064,Charity Abuse; Underground Banking (Hawala),2,663889.6,2
PASS_00605,Pass-Through Transit Hub,2,663854.95,1
CHARITY_02108,Charity Abuse,30,663142.01,13
HAWALA_01455,Charity Abuse; Underground Banking (Hawala),2,663022.22,2
HAWALA_01454,Charity Abuse; Underground Banking (Hawala),2,663022.22,2
HAWALA_01469,Charity Abuse; Underground Banking (Hawala),2,663022.22,2
HAWALA_01468,Charity Abuse; Underground Banking (Hawala),2,663022.22,2
HAWALA_01459,Charity Abuse; Underground Banking (Hawala),2,663022.22,2
HAWALA_01460,Charity Abuse; Underground Banking (Hawala),2,663022.22,2
HAWALA_01461,Charity Abuse; Underground Banking (Hawala),2,663022.22,2
HAWALA_01462,Charity Abuse; Underground Banking (Hawala),2,663022.22,2
HAWALA_01464,Charity Abuse; Underground Banking (Hawala),2,663022.22,1
HAWALA_01456,Charity Abuse; Underground Banking (Hawala),2,663022.22,1
HAWALA_01457,Charity Abuse; Underground Banking (Hawala),2,663022.22,1
HAWALA_01458,Charity Abuse; Underground Banking (Hawala),2,663022.22,2
HAWALA_01466,Charity Abuse; Underground Banking (Hawala),2,663022.22,2
HAWALA_01467,Charity Abuse; Underground Banking (Hawala),2,663022.22,2
HAWALA_01465,Charity Abuse; Underground Banking (Hawala),2,663022.22,1
HAWALA_01463,Charity Abuse; Underground Banking (Hawala),2,663022.22,2
MULE_00047,Money Mule Network,5,662974.74,2
PASS_00106,Pass-Through Transit Hub,2,662891.98,2
CHARITY_00588,Charity Abuse,22,662707.5,11
CHARITY_01746,Charity Abuse,20,662353.79,9
CHARITY_00714,Charity Abuse,21,662275.0,10
CHARITY_02397,Charity Abuse,20,662194.69,10
CHARITY_03038,Charity Abuse; Underground Banking (Hawala),2,662154.84,2
HAWALA_01499,Underground Banking (Hawala),2,661919.71,2
HAWALA_01495,Underground Banking (Hawala),2,661919.71,1
HAWALA_01500,Underground Banking (Hawala),2,661919.71,2
HAWALA_01496,Underground Banking (Hawala),2,661919.71,2
HAWALA_01501,Underground Banking (Hawala),2,661919.71,2
HAWALA_01494,Underground Banking (Hawala),2,661919.71,2
HAWALA_01497,Underground Banking (Hawala),2,661919.71,1
HAWALA_01498,Underground Banking (Hawala),2,661919.71,2
HAWALA_01485,Underground Banking (Hawala),2,661614.5800000001,2
HAWALA_01481,Underground Banking (Hawala),2,661614.5800000001,2
HAWALA_01480,Underground Banking (Hawala),2,661614.5800000001,2
HAWALA_01484,Underground Banking (Hawala),2,661614.5800000001,1
HAWALA_01479,Underground Banking (Hawala),2,661614.5800000001,2
HAWALA_01483,Underground Banking (Hawala),2,661614.5800000001,2
HAWALA_01478,Underground Banking (Hawala),2,661614.5800000001,2
HAWALA_01482,Underground Banking (Hawala),2,661614.5800000001,1
FUNNEL_00168,Funnel Account Network,6,661222.72,4
CHARITY_02629,Charity Abuse,16,660935.4,3
CHARITY_01118,Charity Abuse,30,660775.2,17
CHARITY_00813,Charity Abuse,22,660686.48,12
CHARITY_01939,Charity Abuse,18,660082.5700000001,6
CHARITY_00178,Charity Abuse,22,660073.95,9
CHARITY_02837,Charity Abuse,18,659543.75,7
CHARITY_02619,Charity Abuse,18,658781.45,10
HRCORR_00237,High-Risk Corridor Transfer,3,658158.5900000001,1
CHARITY_00669,Charity Abuse,13,658095.99,11
HRCORR_00172,High-Risk Corridor Transfer,2,657863.7,1
CHARITY_02934,Charity Abuse,21,657258.09,8
CHARITY_03304,Charity Abuse,19,657017.62,12
CHARITY_00677,Charity Abuse,22,656616.61,8
CHARITY_01084,Charity Abuse,18,656167.13,8
HRCORR_00112,High-Risk Corridor Transfer,2,655876.34,1
CHARITY_00610,Charity Abuse,25,655807.58,9
PASS_00346,Pass-Through Transit Hub,2,655701.6000000001,2
PASS_00382,Pass-Through Transit Hub,1,655551.63,1
CHARITY_03021,Charity Abuse,14,655548.24,6
PASS_00532,Pass-Through Transit Hub,2,654919.81,2
PASS_00100,Pass-Through Transit Hub,2,654850.22,2
CHARITY_01194,Charity Abuse,21,654569.37,8
MULE_00062,Money Mule Network,7,654396.4099999999,2
CHARITY_01555,Charity Abuse,21,654371.83,8
CHARITY_01125,Charity Abuse,14,654316.56,13
FUNNEL_00054,Charity Abuse; Funnel Account Network,10,654218.85,9
CHARITY_00725,Charity Abuse; Funnel Account Network,10,654218.85,9
CHARITY_00930,Charity Abuse,23,654120.83,10
CHARITY_01679,Charity Abuse,23,654035.64,11
CHARITY_02817,Charity Abuse,19,654001.49,7
HRCORR_00253,High-Risk Corridor Transfer,4,653765.37,1
PASS_00150,Pass-Through Transit Hub,1,653672.05,1
CHARITY_03181,Charity Abuse,20,653356.84,12
CHARITY_02232,Charity Abuse,20,653062.07,11
HAWALA_02504,Underground Banking (Hawala),3,652835.36,3
HAWALA_02508,Underground Banking (Hawala),3,652835.36,2
HAWALA_02509,Underground Banking (Hawala),3,652835.36,2
HAWALA_02510,Underground Banking (Hawala),3,652835.36,2
HAWALA_02507,Underground Banking (Hawala),3,652835.36,2
HAWALA_02506,Underground Banking (Hawala),3,652835.36,2
HAWALA_02511,Underground Banking (Hawala),3,652835.36,3
HAWALA_02505,Underground Banking (Hawala),3,652835.36,2
CHARITY_02068,Charity Abuse; Funnel Account Network; High-Risk Corridor Transfer,2,652591.1799999999,1
FUNNEL_00173,Charity Abuse; Funnel Account Network; High-Risk Corridor Transfer,2,652591.1799999999,1
HRCORR_00277,Charity Abuse; Funnel Account Network; High-Risk Corridor Transfer,2,652591.1799999999,1
CHARITY_03298,Charity Abuse,16,651493.91,12
HRCORR_00340,High-Risk Corridor Transfer,3,651073.11,1
HAWALA_02472,Underground Banking (Hawala),3,650375.37,2
HAWALA_02477,Underground Banking (Hawala),3,650375.37,2
HAWALA_02479,Underground Banking (Hawala),3,650375.37,2
HAWALA_02476,Underground Banking (Hawala),3,650375.37,2
HAWALA_02473,Underground Banking (Hawala),3,650375.37,3
HAWALA_02474,Underground Banking (Hawala),3,650375.37,2
HAWALA_02475,Underground Banking (Hawala),3,650375.37,2
HAWALA_02478,Underground Banking (Hawala),3,650375.37,3
CHARITY_01969,Charity Abuse,20,650095.83,12
CHARITY_02335,Charity Abuse,14,649695.1699999999,6
HRCORR_00229,High-Risk Corridor Transfer,4,649676.28,1
CHARITY_02623,Charity Abuse; Pass-Through Transit Hub,1,649675.08,1
PASS_00168,Charity Abuse; Pass-Through Transit Hub,1,649675.08,1
FUNNEL_00144,Funnel Account Network,13,649669.85,10
CHARITY_00768,Charity Abuse,24,649502.76,7
CHARITY_00047,Charity Abuse,17,649412.88,7
FUNNEL_00051,Charity Abuse; Funnel Account Network,10,648953.25,8
PASS_00329,Pass-Through Transit Hub,2,648753.78,1
HAWALA_02437,Underground Banking (Hawala),3,648552.02,3
HAWALA_02433,Underground Banking (Hawala),3,648552.02,2
HAWALA_02438,Underground Banking (Hawala),3,648552.02,2
HAWALA_02439,Underground Banking (Hawala),3,648552.02,2
HAWALA_02432,Underground Banking (Hawala),3,648552.02,2
HAWALA_02435,Underground Banking (Hawala),3,648552.02,2
HAWALA_02434,Underground Banking (Hawala),3,648552.02,3
HAWALA_02436,Underground Banking (Hawala),3,648552.02,2
CHARITY_00045,Charity Abuse,18,648466.5,11
HAWALA_02471,Circular Transaction Loop; Underground Banking (Hawala),3,647831.94,2
CIRC_00635,Circular Transaction Loop; Underground Banking (Hawala),3,647831.94,2
HAWALA_02466,Circular Transaction Loop; Underground Banking (Hawala),3,647831.94,2
HAWALA_02464,Circular Transaction Loop; Underground Banking (Hawala),3,647831.94,2
HAWALA_02467,Circular Transaction Loop; Underground Banking (Hawala),3,647831.94,3
CIRC_00636,Circular Transaction Loop; Underground Banking (Hawala),3,647831.94,2
HAWALA_02470,Circular Transaction Loop; Underground Banking (Hawala),3,647831.94,2
HAWALA_02469,Circular Transaction Loop; Underground Banking (Hawala),3,647831.94,2
CIRC_00640,Circular Transaction Loop; Underground Banking (Hawala),3,647831.94,2
HAWALA_02465,Circular Transaction Loop; Underground Banking (Hawala),3,647831.94,2
CIRC_00638,Circular Transaction Loop; Underground Banking (Hawala),3,647831.94,3
CIRC_00637,Circular Transaction Loop; Underground Banking (Hawala),3,647831.94,3
CIRC_00634,Circular Transaction Loop; Underground Banking (Hawala),3,647831.94,2
CIRC_00641,Circular Transaction Loop; Underground Banking (Hawala),3,647831.94,2
HAWALA_02468,Circular Transaction Loop; Underground Banking (Hawala),3,647831.94,3
CIRC_00639,Circular Transaction Loop; Underground Banking (Hawala),3,647831.94,2
CHARITY_03202,Charity Abuse,23,647783.09,8
CHARITY_01695,Charity Abuse,24,647508.5,6
CHARITY_02508,Charity Abuse,23,647508.32,8
CHARITY_00804,Charity Abuse,19,646806.35,8
HRCORR_00358,High-Risk Corridor Transfer,2,646365.74,1
PASS_00356,Pass-Through Transit Hub,1,646095.45,1
CHARITY_02635,Charity Abuse; Pass-Through Transit Hub,1,645823.52,1
PASS_00239,Charity Abuse; Pass-Through Transit Hub,1,645823.52,1
CHARITY_02155,Charity Abuse,13,645452.05,8
CHARITY_00018,Charity Abuse,14,645223.22,7
FUNNEL_00278,Charity Abuse; Funnel Account Network,17,644878.93,15
CHARITY_02989,Charity Abuse,22,644626.01,9
CHARITY_03042,Charity Abuse,20,644553.0399999999,15
CHARITY_01560,Charity Abuse,18,644178.42,7
CHARITY_00837,Charity Abuse; High-Risk Corridor Transfer,2,643952.2,1
HRCORR_00125,Charity Abuse; High-Risk Corridor Transfer,2,643952.2,1
CHARITY_02301,Charity Abuse,12,643041.7,7
MULE_00001,Money Mule Network,5,642531.57,2
CHARITY_02173,Charity Abuse,26,641515.17,17
CHARITY_02450,Charity Abuse,15,641502.22,6
CHARITY_02764,Charity Abuse,20,641415.11,9
CHARITY_01975,Charity Abuse,24,641024.26,8
PASS_00222,Pass-Through Transit Hub,2,640963.88,1
CHARITY_00443,Charity Abuse,19,639952.79,9
CHARITY_00757,Charity Abuse,18,639762.14,8
TPWEB_00228,Third-Party Payment Web,12,639633.95,12
PASS_00382,Charity Abuse; Pass-Through Transit Hub,1,639587.45,1
HRCORR_00101,High-Risk Corridor Transfer,3,639504.69,1
PASS_00516,Pass-Through Transit Hub,2,639472.0900000001,2
CHARITY_00960,Charity Abuse,20,639138.92,9
CHARITY_02518,Charity Abuse,25,638255.19,9
CHARITY_03247,Charity Abuse,21,637499.5,13
HAWALA_02525,Underground Banking (Hawala),3,637434.26,2
HAWALA_02520,Underground Banking (Hawala),3,637434.26,3
HAWALA_02519,Underground Banking (Hawala),3,637434.26,3
HAWALA_02512,Underground Banking (Hawala),3,637434.26,2
HAWALA_02521,Underground Banking (Hawala),3,637434.26,2
HAWALA_02526,Underground Banking (Hawala),3,637434.26,3
HAWALA_02527,Underground Banking (Hawala),3,637434.26,3
HAWALA_02516,Underground Banking (Hawala),3,637434.26,2
HAWALA_02517,Underground Banking (Hawala),3,637434.26,2
HAWALA_02518,Underground Banking (Hawala),3,637434.26,2
HAWALA_02522,Underground Banking (Hawala),3,637434.26,3
HAWALA_02524,Underground Banking (Hawala),3,637434.26,3
HAWALA_02523,Underground Banking (Hawala),3,637434.26,3
HAWALA_02513,Underground Banking (Hawala),3,637434.26,2
HAWALA_02515,Underground Banking (Hawala),3,637434.26,3
HAWALA_02514,Underground Banking (Hawala),3,637434.26,2
FUNNEL_00134,Charity Abuse; Funnel Account Network,10,637279.77,7
CHARITY_01007,Charity Abuse,17,636950.39,6
PASS_00424,Pass-Through Transit Hub,1,636743.23,1
CHARITY_00674,Charity Abuse; Underground Banking (Hawala),2,636742.54,2
CHARITY_02921,Charity Abuse,19,636630.25,14
CHARITY_00223,Charity Abuse,23,636616.61,10
CHARITY_02249,Charity Abuse; Pass-Through Transit Hub,1,636222.61,1
PASS_00300,Charity Abuse; Pass-Through Transit Hub,1,636222.61,1
CHARITY_01731,Charity Abuse; Funnel Account Network,17,636111.76,14
FUNNEL_00140,Charity Abuse; Funnel Account Network,17,636111.76,14
CHARITY_00558,Charity Abuse,23,635933.1,6
CHARITY_01878,Charity Abuse,16,635920.67,6
CHARITY_00386,Charity Abuse; Underground Banking (Hawala),1,635537.56,1
HAWALA_00015,Charity Abuse; Underground Banking (Hawala),1,635537.56,1
HRCORR_00009,High-Risk Corridor Transfer,2,635481.52,1
CHARITY_00067,Charity Abuse,18,635421.64,7
CHARITY_00039,Charity Abuse; Funnel Account Network,17,635327.15,11
FUNNEL_00002,Charity Abuse; Funnel Account Network,17,635327.15,11
PASS_00239,Pass-Through Transit Hub,1,635023.25,1
CHARITY_01215,Charity Abuse,15,634772.28,8
CHARITY_01279,Charity Abuse,20,634298.0,9
CHARITY_02646,Charity Abuse,18,634055.45,16
PASS_00461,Pass-Through Transit Hub,2,633983.91,2
HRCORR_00242,High-Risk Corridor Transfer,4,633784.3300000001,1
HRCORR_00307,High-Risk Corridor Transfer,3,633708.86,1
CHARITY_00834,Charity Abuse,18,633473.64,13
HRCORR_00115,High-Risk Corridor Transfer,2,633217.8300000001,1
CHARITY_02736,Charity Abuse,19,633143.8,6
CHARITY_02671,Charity Abuse,17,632910.06,9
CHARITY_01773,Charity Abuse,15,632878.5,5
HRCORR_00087,High-Risk Corridor Transfer,2,632738.6499999999,1
PASS_00300,Pass-Through Transit Hub,1,632635.08,1
PASS_00153,Pass-Through Transit Hub,1,632635.08,1
CHARITY_01673,Charity Abuse,19,632627.78,9
CIRC_00688,Circular Transaction Loop; Underground Banking (Hawala),3,632387.89,2
HAWALA_02543,Circular Transaction Loop; Underground Banking (Hawala),3,632387.89,2
CIRC_00687,Circular Transaction Loop; Underground Banking (Hawala),3,632387.89,3
CIRC_00689,Circular Transaction Loop; Underground Banking (Hawala),3,632387.89,2
CIRC_00684,Circular Transaction Loop; Underground Banking (Hawala),3,632387.89,3
CIRC_00682,Circular Transaction Loop; Underground Banking (Hawala),3,632387.89,2
CIRC_00683,Circular Transaction Loop; Underground Banking (Hawala),3,632387.89,2
HAWALA_02539,Circular Transaction Loop; Underground Banking (Hawala),3,632387.89,2
CIRC_00686,Circular Transaction Loop; Underground Banking (Hawala),3,632387.89,2
HAWALA_02536,Circular Transaction Loop; Underground Banking (Hawala),3,632387.89,2
HAWALA_02537,Circular Transaction Loop; Underground Banking (Hawala),3,632387.89,2
HAWALA_02541,Circular Transaction Loop; Underground Banking (Hawala),3,632387.89,3
HAWALA_02538,Circular Transaction Loop; Underground Banking (Hawala),3,632387.89,3
HAWALA_02540,Circular Transaction Loop; Underground Banking (Hawala),3,632387.89,2
HAWALA_02542,Circular Transaction Loop; Underground Banking (Hawala),3,632387.89,2
CIRC_00685,Circular Transaction Loop; Underground Banking (Hawala),3,632387.89,2
CHARITY_00027,Charity Abuse,20,631416.41,7
CHARITY_01388,Charity Abuse,21,630773.46,9
HRCORR_00095,Charity Abuse; High-Risk Corridor Transfer,2,630561.11,1
CHARITY_00354,Charity Abuse; High-Risk Corridor Transfer,2,630561.11,1
CHARITY_03147,Charity Abuse,19,630367.38,5
CHARITY_03275,Charity Abuse; Funnel Account Network,16,630085.2100000001,14
HRCORR_00048,High-Risk Corridor Transfer,4,630068.47,1
CHARITY_00619,Charity Abuse,25,629809.61,10
CHARITY_00233,Charity Abuse; Funnel Account Network,25,629544.75,17
FUNNEL_00021,Charity Abuse; Funnel Account Network,25,629544.75,17
PASS_00424,Charity Abuse; Funnel Account Network; Pass-Through Transit Hub,1,629482.25,1
CHARITY_01683,Charity Abuse; Funnel Account Network,8,628909.13,5
FUNNEL_00276,Funnel Account Network; Underground Banking (Hawala),2,628873.48,2
CHARITY_00313,Charity Abuse; Underground Banking (Hawala),2,628803.66,2
PASS_00614,Pass-Through Transit Hub,2,628501.96,2
HRCORR_00405,High-Risk Corridor Transfer,4,628500.94,1
HAWALA_01658,Circular Transaction Loop; Underground Banking (Hawala),2,628362.6799999999,2
HAWALA_01657,Circular Transaction Loop; Underground Banking (Hawala),2,628362.6799999999,2
HAWALA_01659,Circular Transaction Loop; Underground Banking (Hawala),2,628362.6799999999,2
CIRC_00396,Circular Transaction Loop; Underground Banking (Hawala),2,628362.6799999999,2
CIRC_00397,Circular Transaction Loop; Underground Banking (Hawala),2,628362.6799999999,2
CIRC_00395,Circular Transaction Loop; Underground Banking (Hawala),2,628362.6799999999,2
HAWALA_01654,Circular Transaction Loop; Underground Banking (Hawala),2,628362.6799999999,2
HAWALA_01655,Circular Transaction Loop; Underground Banking (Hawala),2,628362.6799999999,2
HAWALA_01656,Circular Transaction Loop; Underground Banking (Hawala),2,628362.6799999999,2
CIRC_00398,Circular Transaction Loop; Underground Banking (Hawala),2,628362.6799999999,2
CIRC_00399,Circular Transaction Loop; Underground Banking (Hawala),2,628362.6799999999,2
HAWALA_01661,Circular Transaction Loop; Underground Banking (Hawala),2,628362.6799999999,1
HAWALA_01660,Circular Transaction Loop; Underground Banking (Hawala),2,628362.6799999999,1
CIRC_00401,Circular Transaction Loop; Underground Banking (Hawala),2,628362.6799999999,1
CIRC_00394,Circular Transaction Loop; Underground Banking (Hawala),2,628362.6799999999,2
CIRC_00400,Circular Transaction Loop; Underground Banking (Hawala),2,628362.6799999999,1
PASS_00702,Pass-Through Transit Hub,2,628279.5900000001,1
CHARITY_01900,Charity Abuse; Circular Transaction Loop; Underground Banking (Hawala),2,628165.12,2
CHARITY_02596,Charity Abuse,15,627720.58,9
CHARITY_01968,Charity Abuse,16,627622.01,6
CHARITY_00459,Charity Abuse,21,627215.49,14
CHARITY_01927,Charity Abuse,19,627077.32,12
CHARITY_00289,Charity Abuse,20,627030.81,8
CHARITY_02253,Charity Abuse,21,626789.09,10
FUNNEL_00247,Funnel Account Network; Underground Banking (Hawala),2,626366.14,2
CHARITY_01957,Charity Abuse,18,626323.62,10
HAWALA_02555,Circular Transaction Loop; Underground Banking (Hawala),3,626302.48,2
CIRC_00698,Circular Transaction Loop; Underground Banking (Hawala),3,626302.48,2
HAWALA_02554,Circular Transaction Loop; Underground Banking (Hawala),3,626302.48,2
CIRC_00699,Circular Transaction Loop; Underground Banking (Hawala),3,626302.48,2
CIRC_00693,Circular Transaction Loop; Underground Banking (Hawala),3,626302.48,3
CIRC_00701,Circular Transaction Loop; Underground Banking (Hawala),3,626302.48,2
HAWALA_02548,Circular Transaction Loop; Underground Banking (Hawala),3,626302.48,2
CIRC_00694,Circular Transaction Loop; Underground Banking (Hawala),3,626302.48,2
HAWALA_02549,Circular Transaction Loop; Underground Banking (Hawala),3,626302.48,3
HAWALA_02546,Circular Transaction Loop; Underground Banking (Hawala),3,626302.48,2
CIRC_00700,Circular Transaction Loop; Underground Banking (Hawala),3,626302.48,2
HAWALA_02550,Circular Transaction Loop; Underground Banking (Hawala),3,626302.48,2
HAWALA_02547,Circular Transaction Loop; Underground Banking (Hawala),3,626302.48,3
CIRC_00704,Circular Transaction Loop; Underground Banking (Hawala),3,626302.48,3
CIRC_00703,Circular Transaction Loop; Underground Banking (Hawala),3,626302.48,3
CIRC_00705,Circular Transaction Loop; Underground Banking (Hawala),3,626302.48,3
CIRC_00702,Circular Transaction Loop; Underground Banking (Hawala),3,626302.48,3
CIRC_00692,Circular Transaction Loop; Underground Banking (Hawala),3,626302.48,2
CIRC_00697,Circular Transaction Loop; Underground Banking (Hawala),3,626302.48,3
CIRC_00691,Circular Transaction Loop; Underground Banking (Hawala),3,626302.48,3
HAWALA_02544,Circular Transaction Loop; Underground Banking (Hawala),3,626302.48,2
CIRC_00690,Circular Transaction Loop; Underground Banking (Hawala),3,626302.48,2
HAWALA_02545,Circular Transaction Loop; Underground Banking (Hawala),3,626302.48,3
CIRC_00695,Circular Transaction Loop; Underground Banking (Hawala),3,626302.48,3
CIRC_00696,Circular Transaction Loop; Underground Banking (Hawala),3,626302.48,2
HAWALA_02558,Circular Transaction Loop; Underground Banking (Hawala),3,626302.48,3
HAWALA_02559,Circular Transaction Loop; Underground Banking (Hawala),3,626302.48,3
HAWALA_02557,Circular Transaction Loop; Underground Banking (Hawala),3,626302.48,3
HAWALA_02556,Circular Transaction Loop; Underground Banking (Hawala),3,626302.48,3
HAWALA_02552,Circular Transaction Loop; Underground Banking (Hawala),3,626302.48,2
HAWALA_02553,Circular Transaction Loop; Underground Banking (Hawala),3,626302.48,2
HAWALA_02551,Circular Transaction Loop; Underground Banking (Hawala),3,626302.48,3
CHARITY_02744,Charity Abuse,20,626284.31,4
CHARITY_02698,Charity Abuse,16,626067.87,4
PASS_00586,Pass-Through Transit Hub,2,626005.19,2
FUNNEL_00179,Charity Abuse; Funnel Account Network,14,625871.93,10
CHARITY_01491,Charity Abuse,20,625818.64,9
CHARITY_00966,Charity Abuse,20,625797.28,9
CHARITY_02702,Charity Abuse; Pass-Through Transit Hub,1,625444.87,1
PASS_00151,Charity Abuse; Pass-Through Transit Hub,1,625444.87,1
CHARITY_00122,Charity Abuse,22,625334.0499999999,10
PASS_00381,Pass-Through Transit Hub,1,625217.69,1
PASS_00456,Pass-Through Transit Hub,1,625026.11,1
CHARITY_01428,Charity Abuse,18,624635.29,7
CHARITY_02111,Charity Abuse,25,624589.8,12
CHARITY_03050,Charity Abuse,21,624561.82,7
PASS_00168,Pass-Through Transit Hub,1,624551.75,1
CHARITY_01474,Charity Abuse; Pass-Through Transit Hub,1,624162.73,1
PASS_00153,Charity Abuse; Pass-Through Transit Hub,1,624162.73,1
PASS_00151,Pass-Through Transit Hub,1,624038.21,1
CHARITY_01005,Charity Abuse,15,623702.23,5
CHARITY_00661,Charity Abuse; Funnel Account Network,9,623591.16,7
CHARITY_01214,Charity Abuse,20,623433.86,13
CHARITY_01148,Charity Abuse,22,623132.58,7
CHARITY_00398,Charity Abuse,17,623090.34,8
CHARITY_00083,Charity Abuse,24,622290.72,9
FUNNEL_00279,Charity Abuse; Funnel Account Network,11,621920.8,7
HAWALA_02560,Underground Banking (Hawala),3,621874.71,2
HAWALA_02561,Underground Banking (Hawala),3,621874.71,2
HAWALA_02562,Underground Banking (Hawala),3,621874.71,3
HAWALA_02565,Underground Banking (Hawala),3,621874.71,3
HAWALA_02563,Underground Banking (Hawala),3,621874.71,2
HAWALA_02564,Underground Banking (Hawala),3,621874.71,2
HAWALA_02566,Underground Banking (Hawala),3,621874.71,2
HAWALA_02567,Underground Banking (Hawala),3,621874.71,2
CHARITY_00059,Charity Abuse,19,621635.8300000001,8
CHARITY_01538,Charity Abuse; High-Risk Corridor Transfer,2,621291.71,1
HRCORR_00167,Charity Abuse; High-Risk Corridor Transfer,2,621291.71,1
CHARITY_02351,Charity Abuse,21,620287.31,9
MULE_00030,Money Mule Network,4,620277.41,4
CHARITY_00975,Charity Abuse,16,620088.5599999999,6
CHARITY_00019,Charity Abuse,15,619933.46,8
HAWALA_01687,Underground Banking (Hawala),2,619340.87,2
HAWALA_01695,Underground Banking (Hawala),2,619340.87,2
HAWALA_01701,Underground Banking (Hawala),2,619340.87,2
HAWALA_01699,Underground Banking (Hawala),2,619340.87,2
HAWALA_01700,Underground Banking (Hawala),2,619340.87,2
HAWALA_01697,Underground Banking (Hawala),2,619340.87,2
HAWALA_01696,Underground Banking (Hawala),2,619340.87,2
HAWALA_01693,Underground Banking (Hawala),2,619340.87,2
HAWALA_01698,Underground Banking (Hawala),2,619340.87,2
HAWALA_01694,Underground Banking (Hawala),2,619340.87,2
HAWALA_01692,Underground Banking (Hawala),2,619340.87,2
HAWALA_01688,Underground Banking (Hawala),2,619340.87,2
HAWALA_01691,Underground Banking (Hawala),2,619340.87,2
HAWALA_01689,Underground Banking (Hawala),2,619340.87,2
HAWALA_01686,Underground Banking (Hawala),2,619340.87,2
HAWALA_01690,Underground Banking (Hawala),2,619340.87,2
CHARITY_02592,Charity Abuse,17,618881.98,4
CHARITY_01784,Charity Abuse,16,618829.31,5
CHARITY_01592,Charity Abuse,18,618765.3,8
CHARITY_03085,Charity Abuse,22,618664.92,11
HAWALA_02568,Circular Transaction Loop; Underground Banking (Hawala),3,618019.3,3
CIRC_00706,Circular Transaction Loop; Underground Banking (Hawala),3,618019.3,3
CHARITY_01851,Charity Abuse,21,617832.16,10
CHARITY_01368,Charity Abuse,20,617802.66,10
CHARITY_00875,Charity Abuse,24,617203.46,10
PASS_00344,Pass-Through Transit Hub,2,616836.13,1
CHARITY_00528,Charity Abuse,20,616815.5,10
CHARITY_01425,Charity Abuse,17,616337.92,9
HAWALA_02592,Underground Banking (Hawala),3,616276.48,2
HAWALA_02589,Underground Banking (Hawala),3,616276.48,3
HAWALA_02588,Underground Banking (Hawala),3,616276.48,3
HAWALA_02587,Underground Banking (Hawala),3,616276.48,2
HAWALA_02586,Underground Banking (Hawala),3,616276.48,2
HAWALA_02585,Underground Banking (Hawala),3,616276.48,2
HAWALA_02590,Underground Banking (Hawala),3,616276.48,2
HAWALA_02591,Underground Banking (Hawala),3,616276.48,2
FUNNEL_00151,Funnel Account Network; Money Mule Network,5,615855.81,5
MULE_00048,Funnel Account Network; Money Mule Network,5,615855.81,5
CHARITY_02650,Charity Abuse,6,615797.02,5
CHARITY_01919,Charity Abuse,17,615444.89,11
CHARITY_02475,Charity Abuse,22,615312.39,8
CHARITY_00181,Charity Abuse,23,615244.69,9
FUNNEL_00244,Charity Abuse; Funnel Account Network,8,615108.1499999999,6
CHARITY_00654,Charity Abuse,18,615059.71,6
HRCORR_00161,High-Risk Corridor Transfer,3,615054.86,1
CHARITY_01760,Charity Abuse,19,614636.02,12
CHARITY_03048,Charity Abuse,16,614633.16,10
CHARITY_02900,Charity Abuse,18,614622.61,10
PASS_00381,Charity Abuse; Pass-Through Transit Hub,1,614580.01,1
CHARITY_00977,Charity Abuse; High-Risk Corridor Transfer,2,613961.9299999999,1
HRCORR_00168,Charity Abuse; High-Risk Corridor Transfer,2,613961.9299999999,1
CHARITY_01829,Charity Abuse,19,613291.4,10
CHARITY_01484,Charity Abuse,23,613230.4400000001,9
CHARITY_02159,Charity Abuse; Funnel Account Network,12,612950.67,8
CHARITY_02513,Charity Abuse; Funnel Account Network,11,612796.5,5
FUNNEL_00212,Charity Abuse; Funnel Account Network,11,612796.5,5
CHARITY_01675,Charity Abuse,18,612442.35,6
HRCORR_00142,High-Risk Corridor Transfer,3,612398.76,1
FUNNEL_00131,Funnel Account Network,15,612330.48,8
CHARITY_00959,Charity Abuse,21,612231.7,12
CHARITY_03170,Charity Abuse,19,612156.28,9
PASS_00261,Pass-Through Transit Hub,2,611906.94,2
PASS_00495,Pass-Through Transit Hub,2,611457.31,2
TPWEB_00609,Money Mule Network; Third-Party Payment Web,8,611314.5,8
HRCORR_00062,High-Risk Corridor Transfer,3,610932.25,1
CHARITY_00747,Charity Abuse,12,610413.58,9
CHARITY_00778,Charity Abuse,20,610371.9400000001,16
CHARITY_00414,Charity Abuse,21,610153.54,12
CHARITY_01108,Charity Abuse,19,609898.09,9
CHARITY_01669,Charity Abuse,15,609472.87,6
CHARITY_03001,Charity Abuse,15,609456.11,11
CHARITY_02498,Charity Abuse,18,609371.76,4
CHARITY_02017,Charity Abuse,15,609236.12,9
CHARITY_01400,Charity Abuse,18,609216.29,13
CHARITY_00198,Charity Abuse,23,609039.88,10
PASS_00701,Pass-Through Transit Hub,2,608937.5800000001,2
PASS_00126,Pass-Through Transit Hub,2,608768.78,2
CHARITY_03260,Charity Abuse,17,608551.41,11
CHARITY_03146,Charity Abuse; Funnel Account Network,7,608319.1799999999,2
FUNNEL_00267,Charity Abuse; Funnel Account Network,7,608319.1799999999,2
CHARITY_01561,Charity Abuse,17,608122.69,10
FUNNEL_00101,Funnel Account Network,6,607855.8500000001,2
CHARITY_03126,Charity Abuse,18,607657.53,11
CHARITY_01646,Charity Abuse,19,607417.62,6
FUNNEL_00163,Funnel Account Network,11,607244.8,11
CHARITY_01788,Charity Abuse,18,607209.76,13
PASS_00041,Pass-Through Transit Hub,2,606925.56,2
HAWALA_01767,Underground Banking (Hawala),2,606832.2,2
HAWALA_01773,Underground Banking (Hawala),2,606832.2,2
HAWALA_01769,Underground Banking (Hawala),2,606832.2,2
HAWALA_01771,Underground Banking (Hawala),2,606832.2,2
HAWALA_01768,Underground Banking (Hawala),2,606832.2,1
HAWALA_01770,Underground Banking (Hawala),2,606832.2,2
HAWALA_01766,Underground Banking (Hawala),2,606832.2,2
HAWALA_01772,Underground Banking (Hawala),2,606832.2,1
HRCORR_00418,High-Risk Corridor Transfer,4,606736.0800000001,1
CHARITY_00435,Charity Abuse,22,606564.66,8
CHARITY_01524,Charity Abuse,19,605932.9,10
CHARITY_00111,Charity Abuse,22,605839.4,9
CHARITY_02456,Charity Abuse; Funnel Account Network,13,605667.54,10
FUNNEL_00209,Charity Abuse; Funnel Account Network,13,605667.54,10
CHARITY_02482,Charity Abuse,15,604909.0900000001,8
CHARITY_02786,Charity Abuse,17,604675.76,7
CHARITY_01781,Charity Abuse,18,604439.47,9
CHARITY_00069,Charity Abuse,17,604384.91,7
CHARITY_02976,Charity Abuse,22,604361.19,11
CHARITY_02121,Charity Abuse; Circular Transaction Loop; Underground Banking (Hawala),2,604289.72,2
CHARITY_01539,Charity Abuse,17,603822.42,7
HRCORR_00395,High-Risk Corridor Transfer,3,603138.69,1
CHARITY_02834,Charity Abuse,28,602692.91,14
CHARITY_01519,Charity Abuse,13,602304.9500000001,9
CHARITY_00324,Charity Abuse,19,602282.2899999999,9
CHARITY_01791,Charity Abuse,7,602078.0399999999,5
PASS_00177,Pass-Through Transit Hub,2,601516.1200000001,2
CHARITY_00724,Charity Abuse,21,601364.82,12
CHARITY_02912,Charity Abuse; Pass-Through Transit Hub,1,601339.51,1
PASS_00456,Charity Abuse; Pass-Through Transit Hub,1,601339.51,1
CHARITY_01625,Charity Abuse,15,600948.9,10
PASS_00202,Pass-Through Transit Hub,2,600821.3999999999,1
CHARITY_00090,Charity Abuse,26,600773.12,11
CHARITY_00884,Charity Abuse,22,600472.57,10
CHARITY_01912,Charity Abuse,20,600418.26,11
CHARITY_02676,Charity Abuse,21,599801.49,10
CHARITY_02383,Charity Abuse,25,599766.74,12
CHARITY_01648,Charity Abuse,23,599733.02,6
TPWEB_00300,Funnel Account Network; Third-Party Payment Web,27,599654.36,27
FUNNEL_00049,Funnel Account Network; Third-Party Payment Web,27,599654.36,27
CHARITY_01123,Charity Abuse,17,599438.2799999999,17
CHARITY_00532,Charity Abuse,21,599397.68,9
CHARITY_00079,Charity Abuse,20,599383.73,6
CHARITY_02773,Charity Abuse,24,599135.11,4
CHARITY_00525,Charity Abuse,16,598850.23,11
HRCORR_00212,High-Risk Corridor Transfer,3,598810.27,1
CHARITY_02940,Charity Abuse,15,598777.46,7
FUNNEL_00257,Funnel Account Network,12,598777.03,9
CHARITY_02630,Charity Abuse; Underground Banking (Hawala),2,598452.24,2
CHARITY_02317,Charity Abuse,23,597737.59,11
CHARITY_00064,Charity Abuse,21,597639.48,14
CHARITY_02254,Charity Abuse,14,597526.49,11
CHARITY_02645,Charity Abuse,16,597160.82,12
CHARITY_00042,Charity Abuse; High-Risk Corridor Transfer,2,596755.36,1
HRCORR_00169,Charity Abuse; High-Risk Corridor Transfer,2,596755.36,1
CHARITY_02054,Charity Abuse,19,595797.87,17
PASS_00011,Pass-Through Transit Hub,2,595693.75,1
CHARITY_00569,Charity Abuse; High-Risk Corridor Transfer,2,595617.74,1
HRCORR_00106,Charity Abuse; High-Risk Corridor Transfer,2,595617.74,1
CHARITY_03130,Charity Abuse,18,595535.06,14
FUNNEL_00271,Funnel Account Network,10,595044.92,5
CHARITY_02781,Charity Abuse,14,594688.52,7
HRCORR_00505,Charity Abuse; High-Risk Corridor Transfer,2,594585.24,1
CHARITY_00999,Charity Abuse; High-Risk Corridor Transfer,2,594585.24,1
CHARITY_02886,Charity Abuse,22,594534.9400000001,10
CHARITY_01520,Charity Abuse,20,594366.0399999999,7
CHARITY_02915,Charity Abuse,17,593746.11,5
CHARITY_03191,Charity Abuse,16,593675.97,9
CHARITY_00109,Charity Abuse,21,593597.18,12
CHARITY_02571,Charity Abuse,19,593587.45,5
CHARITY_03091,Charity Abuse,19,593296.75,9
CHARITY_00827,Charity Abuse,19,592603.68,8
FUNNEL_00213,Charity Abuse; Funnel Account Network,9,592538.1,6
CHARITY_02517,Charity Abuse; Funnel Account Network,9,592538.1,6
CHARITY_02857,Charity Abuse; Funnel Account Network,7,592498.4099999999,5
CHARITY_00816,Charity Abuse,22,592025.78,12
CHARITY_02783,Charity Abuse,22,591810.86,10
CHARITY_00530,Charity Abuse,17,591691.24,10
PASS_00166,Pass-Through Transit Hub,2,591644.4199999999,1
CHARITY_02241,Charity Abuse,20,591533.79,14
CHARITY_02833,Charity Abuse,16,591452.22,5
CHARITY_00081,Charity Abuse,13,591287.39,10
CHARITY_00390,Charity Abuse,22,590933.8,11
TPWEB_00542,Third-Party Payment Web,10,590637.68,10
HRCORR_00203,High-Risk Corridor Transfer,4,590358.84,1
CHARITY_01914,Charity Abuse,15,590186.52,9
CHARITY_03221,Charity Abuse,17,590016.2999999999,5
CHARITY_01946,Charity Abuse,24,589972.14,12
CHARITY_00073,Charity Abuse,23,589514.64,20
CHARITY_03175,Charity Abuse,20,589319.26,6
CHARITY_00634,Charity Abuse,14,589021.73,9
CHARITY_00139,Charity Abuse,18,588907.55,7
CHARITY_01273,Charity Abuse,17,588547.86,6
CHARITY_00782,Charity Abuse,19,588154.8200000001,8
CHARITY_02615,Charity Abuse; Funnel Account Network,7,587964.0,3
FUNNEL_00224,Charity Abuse; Funnel Account Network,7,587964.0,3
CHARITY_00858,Charity Abuse,22,587680.6,10
CHARITY_01073,Charity Abuse,23,587433.12,14
PASS_00402,Pass-Through Transit Hub,2,587342.74,2
CHARITY_02130,Charity Abuse,16,587030.75,5
CHARITY_00396,Charity Abuse,21,587020.37,9
CHARITY_00168,Charity Abuse,25,586198.0,9
CHARITY_02082,Charity Abuse,20,585925.9500000001,16
CHARITY_00007,Charity Abuse,19,585740.56,11
CHARITY_00464,Charity Abuse,16,585687.58,11
CHARITY_01088,Charity Abuse,16,585352.8300000001,10
CHARITY_02190,Charity Abuse,16,585328.39,6
CHARITY_03286,Charity Abuse; Funnel Account Network,10,584736.92,7
HRCORR_00241,High-Risk Corridor Transfer,4,584684.58,1
CHARITY_02381,Charity Abuse,20,584052.09,10
CHARITY_00421,Charity Abuse,20,584040.47,10
CHARITY_00301,Charity Abuse,19,583652.57,11
CHARITY_02193,Charity Abuse,27,583543.86,13
CHARITY_00441,Charity Abuse,28,583292.97,7
CHARITY_02780,Charity Abuse,19,582339.42,12
CHARITY_02326,Charity Abuse,21,582127.72,13
PASS_00146,Pass-Through Transit Hub,1,581965.62,1
CHARITY_01361,Charity Abuse,17,581852.85,7
CHARITY_02042,Charity Abuse,17,581549.04,7
CHARITY_02305,Charity Abuse,21,581507.28,9
CHARITY_02720,Charity Abuse,15,581438.47,10
CHARITY_00254,Charity Abuse,17,580941.89,7
CHARITY_02302,Charity Abuse,17,580702.14,11
HRCORR_00340,Charity Abuse; High-Risk Corridor Transfer,2,580524.1799999999,1
CHARITY_00796,Charity Abuse; High-Risk Corridor Transfer,2,580524.1799999999,1
CHARITY_02562,Charity Abuse; Underground Banking (Hawala),2,580262.0,2
CHARITY_01409,Charity Abuse,17,580212.41,10
FUNNEL_00172,Funnel Account Network,14,579846.5,8
PASS_00237,Pass-Through Transit Hub,2,579758.3300000001,2
CHARITY_03158,Charity Abuse,15,579622.5,9
CHARITY_01794,Charity Abuse,22,579619.3099999999,10
CHARITY_00075,Charity Abuse,21,579484.25,6
HAWALA_01854,Underground Banking (Hawala),2,579345.45,2
CHARITY_02532,Charity Abuse,9,579184.9,6
CHARITY_03101,Charity Abuse,17,578694.06,7
CHARITY_02582,Charity Abuse,21,578631.13,5
PASS_00548,Charity Abuse; Pass-Through Transit Hub,2,578579.69,2
CHARITY_02711,Charity Abuse,18,578557.86,6
CHARITY_02514,Charity Abuse,20,578473.91,11
CHARITY_00840,Charity Abuse,23,578118.93,7
CHARITY_00141,Charity Abuse,25,577952.91,7
CHARITY_00896,Charity Abuse,13,577671.81,11
PASS_00297,Pass-Through Transit Hub,2,577536.9299999999,2
CHARITY_00291,Charity Abuse,20,577061.5700000001,7
FUNNEL_00058,Charity Abuse; Funnel Account Network,16,576487.44,13
CHARITY_02032,Charity Abuse,25,576025.22,10
CHARITY_02142,Charity Abuse,18,575907.55,8
CHARITY_03299,Charity Abuse,17,575842.1799999999,8
CHARITY_02093,Charity Abuse,15,574820.95,5
HRCORR_00075,High-Risk Corridor Transfer,3,574773.6699999999,1
FUNNEL_00237,Charity Abuse; Funnel Account Network,13,574640.4299999999,6
CHARITY_00730,Charity Abuse,19,574513.1799999999,15
CHARITY_02492,Charity Abuse,20,574501.18,9
CHARITY_00818,Charity Abuse,23,574276.27,7
FUNNEL_00280,Charity Abuse; Funnel Account Network,9,574228.62,7
CHARITY_03291,Charity Abuse; Funnel Account Network,9,574228.62,7
CHARITY_00603,Charity Abuse; Pass-Through Transit Hub,1,573991.01,1
CHARITY_01513,Charity Abuse,16,573980.69,11
CHARITY_03233,Charity Abuse,15,573823.86,5
CHARITY_00690,Charity Abuse,26,573114.05,7
FUNNEL_00197,Funnel Account Network,11,573004.61,11
CHARITY_02908,Charity Abuse,18,572885.26,7
CHARITY_00092,Charity Abuse,19,572861.24,10
CHARITY_03247,Charity Abuse; High-Risk Corridor Transfer,2,572710.97,1
HRCORR_00379,Charity Abuse; High-Risk Corridor Transfer,2,572710.97,1
PASS_00099,Charity Abuse; Pass-Through Transit Hub,2,572552.12,2
CHARITY_00412,Charity Abuse,16,572198.7999999999,6
CHARITY_02179,Charity Abuse,25,572107.02,5
CHARITY_00433,Charity Abuse,27,571943.7999999999,8
CHARITY_00711,Charity Abuse,25,571823.15,8
CHARITY_01155,Charity Abuse,21,571592.47,7
CHARITY_01312,Charity Abuse,17,571566.02,11
PASS_00139,Pass-Through Transit Hub,2,571538.9,2
CHARITY_02048,Charity Abuse,22,571461.76,16
TPWEB_01367,Third-Party Payment Web,9,571084.53,9
CHARITY_00789,Charity Abuse,20,570107.61,8
CHARITY_01356,Charity Abuse,16,570065.82,9
FUNNEL_00025,Charity Abuse; Funnel Account Network,11,569984.77,10
CHARITY_00277,Charity Abuse; Funnel Account Network,11,569984.77,10
PASS_00146,Charity Abuse; Pass-Through Transit Hub,1,569404.05,1
CHARITY_00672,Charity Abuse; Pass-Through Transit Hub,1,569404.05,1
CHARITY_01051,Charity Abuse; Pass-Through Transit Hub,1,568944.73,1
CHARITY_02402,Charity Abuse,19,568670.23,10
CHARITY_02748,Charity Abuse; Funnel Account Network,12,568669.4099999999,5
PASS_00661,Pass-Through Transit Hub,2,568582.52,2
CHARITY_01086,Charity Abuse,13,568579.76,8
CHARITY_02493,Charity Abuse,18,568294.01,12
CHARITY_00545,Charity Abuse,19,568280.8,11
CHARITY_02893,Charity Abuse,24,568083.06,11
CHARITY_00140,Charity Abuse,20,567632.47,13
CHARITY_01891,Charity Abuse,20,567607.35,7
CHARITY_02575,Charity Abuse,22,567348.36,10
TPWEB_00929,Charity Abuse; Funnel Account Network; Third-Party Payment Web,28,567254.78,28
CHARITY_01926,Charity Abuse; Funnel Account Network; Third-Party Payment Web,28,567254.78,28
FUNNEL_00161,Charity Abuse; Funnel Account Network; Third-Party Payment Web,28,567254.78,28
CHARITY_00713,Charity Abuse,19,566727.28,14
CHARITY_01014,Charity Abuse,17,566289.97,7
CHARITY_00594,Charity Abuse,17,566220.98,9
CHARITY_00537,Charity Abuse,16,566104.96,5
CHARITY_03000,Charity Abuse,19,566060.16,10
CHARITY_00633,Charity Abuse,22,565726.5,9
HRCORR_00240,High-Risk Corridor Transfer,2,564974.55,1
CHARITY_00087,Charity Abuse; Funnel Account Network,9,564967.79,6
FUNNEL_00005,Charity Abuse; Funnel Account Network,9,564967.79,6
CHARITY_00618,Charity Abuse,14,564722.22,7
CHARITY_02547,Charity Abuse,24,564330.14,11
CHARITY_01609,Charity Abuse,13,564255.53,11
FUNNEL_00273,Funnel Account Network,4,563915.6799999999,1
CHARITY_02245,Charity Abuse,24,563718.52,10
CHARITY_01399,Charity Abuse,12,563255.0,7
PASS_00035,Pass-Through Transit Hub; Underground Banking (Hawala),2,563240.95,2
HAWALA_01854,Pass-Through Transit Hub; Underground Banking (Hawala),2,563240.95,2
CHARITY_02856,Charity Abuse,17,563091.8,11
CHARITY_00587,Charity Abuse,16,563071.6699999999,8
CHARITY_02994,Charity Abuse,18,562711.02,14
CHARITY_02183,Charity Abuse; Circular Transaction Loop,2,562647.66,2
CHARITY_01661,Charity Abuse,13,562401.14,9
CHARITY_00375,Charity Abuse,22,562396.0700000001,7
CHARITY_01171,Charity Abuse,23,561955.66,6
CHARITY_02729,Charity Abuse,17,561877.5399999999,13
CHARITY_00839,Charity Abuse,22,561870.03,10
HRCORR_00221,Charity Abuse; High-Risk Corridor Transfer,2,561849.02,1
CHARITY_00482,Charity Abuse; High-Risk Corridor Transfer,2,561849.02,1
CHARITY_01274,Charity Abuse,26,561846.53,9
CHARITY_00469,Charity Abuse,23,561629.07,13
CHARITY_01880,Charity Abuse; Funnel Account Network; High-Risk Corridor Transfer,2,561628.45,1
FUNNEL_00153,Charity Abuse; Funnel Account Network; High-Risk Corridor Transfer,2,561628.45,1
HRCORR_00026,Charity Abuse; Funnel Account Network; High-Risk Corridor Transfer,2,561628.45,1
CHARITY_00795,Charity Abuse,19,561235.39,12
CHARITY_01289,Charity Abuse,27,561021.34,13
CHARITY_02516,Charity Abuse,20,560904.0800000001,10
CHARITY_02839,Charity Abuse,18,560889.1599999999,13
CHARITY_01243,Charity Abuse,19,560886.15,5
CHARITY_03193,Charity Abuse,16,560706.52,8
CHARITY_01924,Charity Abuse,21,560033.82,9
PASS_00533,Pass-Through Transit Hub,2,559754.84,2
FUNNEL_00192,Charity Abuse; Funnel Account Network,6,559546.94,4
CHARITY_02345,Charity Abuse; Funnel Account Network,6,559546.94,4
CHARITY_01030,Charity Abuse,15,558839.11,9
HAWALA_01880,Underground Banking (Hawala),2,558811.77,1
HAWALA_01881,Underground Banking (Hawala),2,558811.77,2
HAWALA_01883,Underground Banking (Hawala),2,558811.77,2
HAWALA_01886,Underground Banking (Hawala),2,558811.77,2
HAWALA_01879,Underground Banking (Hawala),2,558811.77,2
HAWALA_01882,Underground Banking (Hawala),2,558811.77,2
HAWALA_01884,Underground Banking (Hawala),2,558811.77,1
HAWALA_01885,Underground Banking (Hawala),2,558811.77,2
CHARITY_03123,Charity Abuse,18,558218.98,6
CHARITY_02220,Charity Abuse,21,558189.95,10
FUNNEL_00124,Funnel Account Network,14,558139.72,7
CHARITY_02239,Charity Abuse,16,558072.77,6
CHARITY_03031,Charity Abuse,20,557832.09,8
CHARITY_01184,Charity Abuse,25,557591.21,10
CHARITY_02998,Charity Abuse,16,557536.76,6
HRCORR_00174,High-Risk Corridor Transfer,2,557497.07,1
CHARITY_02961,Charity Abuse,19,557172.11,12
CHARITY_01161,Charity Abuse,20,557147.47,8
CHARITY_02053,Charity Abuse; High-Risk Corridor Transfer,2,556982.77,1
HRCORR_00446,Charity Abuse; High-Risk Corridor Transfer,2,556982.77,1
CHARITY_00413,Charity Abuse; High-Risk Corridor Transfer,2,556450.6000000001,1
HRCORR_00074,Charity Abuse; High-Risk Corridor Transfer,2,556450.6000000001,1
PASS_00266,Pass-Through Transit Hub,2,556203.8899999999,2
CHARITY_02171,Charity Abuse,20,556184.38,10
FUNNEL_00139,Funnel Account Network,8,556183.76,6
PASS_00459,Pass-Through Transit Hub,2,556099.8200000001,2
HRCORR_00133,High-Risk Corridor Transfer,3,556007.66,1
CHARITY_03070,Charity Abuse,17,555539.39,11
CHARITY_01157,Charity Abuse,20,555460.9,5
CHARITY_02204,Charity Abuse,20,555414.4400000001,9
HRCORR_00003,High-Risk Corridor Transfer,4,555258.22,1
CHARITY_01362,Charity Abuse,21,555083.38,9
CHARITY_02412,Charity Abuse,14,554673.65,11
CHARITY_01505,Charity Abuse,12,554461.2,7
CHARITY_01447,Charity Abuse,14,553965.24,8
CHARITY_02030,Charity Abuse,22,553502.9,13
CHARITY_02037,Charity Abuse; Circular Transaction Loop; Underground Banking (Hawala),2,553248.3,2
HRCORR_00152,High-Risk Corridor Transfer,2,553241.92,1
FUNNEL_00056,Funnel Account Network; Underground Banking (Hawala),2,553072.26,2
CHARITY_02805,Charity Abuse,27,552930.28,11
CHARITY_01643,Charity Abuse,23,552531.42,10
TPWEB_01392,Third-Party Payment Web,10,552506.28,10
CHARITY_02401,Charity Abuse,18,552474.3999999999,11
CHARITY_02325,Charity Abuse,15,552351.36,9
CHARITY_00242,Charity Abuse,15,552349.89,12
CHARITY_02395,Charity Abuse,18,552149.62,5
HAWALA_01866,Underground Banking (Hawala),2,552084.41,2
HAWALA_01867,Underground Banking (Hawala),2,552084.41,2
HAWALA_01864,Underground Banking (Hawala),2,552084.41,2
HAWALA_01863,Underground Banking (Hawala),2,552084.41,2
HAWALA_01869,Underground Banking (Hawala),2,552084.41,1
HAWALA_01870,Underground Banking (Hawala),2,552084.41,2
HAWALA_01865,Underground Banking (Hawala),2,552084.41,1
HAWALA_01868,Underground Banking (Hawala),2,552084.41,2
CHARITY_01531,Charity Abuse,20,552013.28,10
HAWALA_01873,Charity Abuse; Circular Transaction Loop; Underground Banking (Hawala),2,551316.55,2
HAWALA_01874,Charity Abuse; Circular Transaction Loop; Underground Banking (Hawala),2,551316.55,2
HAWALA_01878,Charity Abuse; Circular Transaction Loop; Underground Banking (Hawala),2,551316.55,2
HAWALA_01871,Charity Abuse; Circular Transaction Loop; Underground Banking (Hawala),2,551316.55,2
CIRC_00530,Charity Abuse; Circular Transaction Loop; Underground Banking (Hawala),2,551316.55,2
CIRC_00531,Charity Abuse; Circular Transaction Loop; Underground Banking (Hawala),2,551316.55,2
CIRC_00534,Charity Abuse; Circular Transaction Loop; Underground Banking (Hawala),2,551316.55,1
HAWALA_01875,Charity Abuse; Circular Transaction Loop; Underground Banking (Hawala),2,551316.55,1
HAWALA_01876,Charity Abuse; Circular Transaction Loop; Underground Banking (Hawala),2,551316.55,1
CIRC_00532,Charity Abuse; Circular Transaction Loop; Underground Banking (Hawala),2,551316.55,2
CIRC_00535,Charity Abuse; Circular Transaction Loop; Underground Banking (Hawala),2,551316.55,1
CIRC_00533,Charity Abuse; Circular Transaction Loop; Underground Banking (Hawala),2,551316.55,2
HAWALA_01872,Charity Abuse; Circular Transaction Loop; Underground Banking (Hawala),2,551316.55,2
CIRC_00536,Charity Abuse; Circular Transaction Loop; Underground Banking (Hawala),2,551316.55,2
CIRC_00537,Charity Abuse; Circular Transaction Loop; Underground Banking (Hawala),2,551316.55,2
HAWALA_01877,Charity Abuse; Circular Transaction Loop; Underground Banking (Hawala),2,551316.55,2
CHARITY_01895,Charity Abuse,18,551272.72,9
CHARITY_01682,Charity Abuse,15,550574.6,11
CHARITY_02122,Charity Abuse,20,550447.41,8
CHARITY_02198,Charity Abuse,15,550430.4700000001,9
CHARITY_00352,Charity Abuse; High-Risk Corridor Transfer,2,550429.92,1
HRCORR_00059,Charity Abuse; High-Risk Corridor Transfer,2,550429.92,1
CHARITY_03095,Charity Abuse,22,549892.09,10
CHARITY_02487,Charity Abuse,17,549839.6,8
HRCORR_00481,High-Risk Corridor Transfer,3,549574.81,1
CHARITY_01550,Charity Abuse,20,549552.92,9
FUNNEL_00238,Charity Abuse; Funnel Account Network,15,549507.77,9
CHARITY_02983,Charity Abuse,17,549494.04,14
CHARITY_03272,Charity Abuse,22,549454.75,8
CHARITY_01971,Charity Abuse; Circular Transaction Loop; Underground Banking (Hawala),2,549384.8,2
CHARITY_02464,Charity Abuse,18,549266.24,6
CHARITY_02644,Charity Abuse,11,549196.52,10
CHARITY_01035,Charity Abuse,25,549131.63,7
CHARITY_01759,Charity Abuse,29,549128.33,15
CHARITY_03039,Charity Abuse,18,548613.21,10
PASS_00390,Pass-Through Transit Hub,2,548351.23,2
CHARITY_02898,Charity Abuse,11,548255.53,7
FUNNEL_00225,Charity Abuse; Funnel Account Network,8,547969.91,4
CHARITY_03135,Charity Abuse,16,547805.46,5
CHARITY_02943,Charity Abuse,22,547691.56,11
CHARITY_02014,Charity Abuse,23,547576.4600000001,9
CHARITY_02300,Charity Abuse,16,547453.16,12
CHARITY_01135,Charity Abuse,17,547288.84,11
CHARITY_03108,Charity Abuse; Underground Banking (Hawala),2,547151.46,2
CHARITY_00264,Charity Abuse,21,546991.24,11
CHARITY_01163,Charity Abuse; Pass-Through Transit Hub,1,546987.85,1
PASS_00462,Charity Abuse; Pass-Through Transit Hub,1,546987.85,1
CHARITY_01499,Charity Abuse,19,546861.62,12
CHARITY_03204,Charity Abuse; Pass-Through Transit Hub,1,546797.87,1
FUNNEL_00153,Charity Abuse; Funnel Account Network,12,546686.99,11
CHARITY_01880,Charity Abuse; Funnel Account Network,12,546686.99,11
CHARITY_01364,Charity Abuse,12,546391.0,8
CHARITY_00206,Charity Abuse,19,546354.46,8
HRCORR_00331,Charity Abuse; High-Risk Corridor Transfer,3,546281.45,1
CHARITY_02861,Charity Abuse; High-Risk Corridor Transfer,3,546281.45,1
FUNNEL_00198,Funnel Account Network,14,545756.49,4
CHARITY_03238,Charity Abuse,14,545545.47,13
CHARITY_00431,Charity Abuse,17,545479.51,9
CHARITY_00647,Charity Abuse,15,545121.41,5
FUNNEL_00112,Funnel Account Network,12,545119.1,6
CHARITY_02620,Charity Abuse,18,545064.92,9
CHARITY_00309,Charity Abuse,18,545054.9299999999,8
CHARITY_00164,Charity Abuse,14,544946.35,5
CHARITY_01850,Charity Abuse,21,544869.97,14
CHARITY_02248,Charity Abuse,19,544578.78,13
CHARITY_02828,Charity Abuse,17,544279.9500000001,15
CHARITY_02790,Charity Abuse,21,544272.71,10
CHARITY_00377,Charity Abuse,19,544026.2300000001,10
CHARITY_00275,Charity Abuse,16,543803.97,7
CHARITY_01605,Charity Abuse,17,543653.88,9
PASS_00694,Pass-Through Transit Hub,2,543347.36,2
CHARITY_00540,Charity Abuse,19,543190.9099999999,9
CHARITY_02012,Charity Abuse,16,542806.82,4
CHARITY_03168,Charity Abuse,20,542745.22,13
FUNNEL_00211,Funnel Account Network,17,542651.77,9
CHARITY_03157,Charity Abuse; Funnel Account Network,10,542468.24,4
CHARITY_03008,Charity Abuse,26,542442.9400000001,13
CHARITY_00902,Charity Abuse,18,542195.57,10
CHARITY_00348,Charity Abuse,19,542096.8,3
CHARITY_02427,Charity Abuse; Funnel Account Network,8,542010.8200000001,7
FUNNEL_00204,Charity Abuse; Funnel Account Network,8,542010.8200000001,7
CHARITY_01224,Charity Abuse,21,541837.36,12
CHARITY_01796,Charity Abuse,20,541737.16,10
CHARITY_01585,Charity Abuse,19,541565.14,8
CHARITY_02616,Charity Abuse,14,541140.69,11
TPWEB_01165,Third-Party Payment Web,8,540695.55,8
CHARITY_02762,Charity Abuse; Funnel Account Network,14,540680.03,8
CHARITY_01325,Charity Abuse,22,540473.38,11
CHARITY_01250,Charity Abuse,33,540362.01,28
CHARITY_01375,Charity Abuse,19,540124.91,13
CHARITY_01459,Charity Abuse,23,539694.3400000001,10
CHARITY_02299,Charity Abuse,20,539215.6799999999,13
CHARITY_01797,Charity Abuse,14,539060.79,8
CHARITY_02236,Charity Abuse,20,538983.7,12
CHARITY_00419,Charity Abuse,15,538556.63,11
CHARITY_00490,Charity Abuse,20,538326.01,13
CHARITY_00349,Charity Abuse,14,538243.25,6
PASS_00043,Pass-Through Transit Hub,2,538171.0800000001,2
HRCORR_00371,High-Risk Corridor Transfer,3,537743.92,1
CHARITY_02261,Charity Abuse,17,537629.8,7
TPWEB_00991,Third-Party Payment Web,12,537265.02,12
CHARITY_00795,Charity Abuse; Underground Banking (Hawala),1,537245.33,1
HAWALA_00017,Charity Abuse; Underground Banking (Hawala),1,537245.33,1
CHARITY_01557,Charity Abuse,18,537162.94,8
CHARITY_03250,Charity Abuse,18,537142.59,9
CHARITY_02816,Charity Abuse,23,536227.51,13
PASS_00462,Pass-Through Transit Hub,1,536079.58,1
CHARITY_02604,Charity Abuse,16,535913.17,11
CHARITY_01925,Charity Abuse,26,535828.74,12
HRCORR_00409,High-Risk Corridor Transfer,2,535804.06,1
CHARITY_00742,Charity Abuse,17,535734.9299999999,9
CHARITY_02488,Charity Abuse,20,535702.68,8
TPWEB_00008,Third-Party Payment Web,9,535552.7,9
FUNNEL_00094,Charity Abuse; Funnel Account Network,6,535485.13,5
CHARITY_00685,Charity Abuse,18,535275.54,11
CHARITY_01083,Charity Abuse,19,535237.85,12
CHARITY_00491,Charity Abuse,23,534535.21,6
TPWEB_01398,Third-Party Payment Web,8,534085.05,8
HRCORR_00424,High-Risk Corridor Transfer,2,533745.39,1
CHARITY_01431,Charity Abuse; Pass-Through Transit Hub,1,533631.99,1
PASS_00628,Pass-Through Transit Hub,1,533496.72,1
FUNNEL_00090,Funnel Account Network,17,533363.8099999999,16
FUNNEL_00079,Funnel Account Network; Third-Party Payment Web,27,532708.01,27
TPWEB_00490,Funnel Account Network; Third-Party Payment Web,27,532708.01,27
CHARITY_02128,Charity Abuse,19,532649.1599999999,16
FUNNEL_00092,Charity Abuse; Funnel Account Network,6,532158.5700000001,5
CHARITY_00517,Charity Abuse,21,531737.55,9
CHARITY_01296,Charity Abuse,17,531645.24,13
CHARITY_01068,Charity Abuse,17,531633.08,9
CHARITY_01218,Charity Abuse,14,531541.74,9
CHARITY_00903,Charity Abuse,14,531456.9,10
CHARITY_02472,Charity Abuse,20,531441.59,4
CHARITY_00237,Charity Abuse,18,531366.49,8
CHARITY_00373,Charity Abuse,20,531361.55,6
CHARITY_02867,Charity Abuse,23,531288.2999999999,7
CHARITY_02124,Charity Abuse,15,531246.12,8
CHARITY_01450,Charity Abuse,24,531179.65,9
CHARITY_01815,Charity Abuse,21,531131.15,9
CHARITY_02690,Charity Abuse; Funnel Account Network,9,530955.54,6
FUNNEL_00235,Charity Abuse; Funnel Account Network,9,530955.54,6
CHARITY_02310,Charity Abuse,20,530605.0800000001,7
CHARITY_00260,Charity Abuse,13,530262.34,6
CHARITY_01410,Charity Abuse,18,530199.34,8
CHARITY_03177,Charity Abuse,16,529784.45,10
CHARITY_01046,Charity Abuse,23,529515.76,10
CHARITY_01115,Charity Abuse,20,529105.32,9
CHARITY_02967,Charity Abuse,20,529010.04,11
CHARITY_00783,Charity Abuse,15,528892.84,7
CHARITY_02904,Charity Abuse,20,527694.35,10
FUNNEL_00052,Funnel Account Network,5,527553.86,4
CHARITY_02638,Charity Abuse,19,527258.59,8
HRCORR_00403,High-Risk Corridor Transfer,3,527257.31,1
CHARITY_02366,Charity Abuse,15,526973.86,11
TPWEB_01564,Third-Party Payment Web,7,525940.12,7
CHARITY_02800,Charity Abuse,19,525905.4,10
CHARITY_01923,Charity Abuse,24,525873.09,10
HRCORR_00234,High-Risk Corridor Transfer,3,525755.45,1
HRCORR_00301,High-Risk Corridor Transfer,3,525292.3400000001,1
CHARITY_00723,Charity Abuse,19,524834.63,15
CHARITY_02417,Charity Abuse,22,524797.87,11
PASS_00628,Charity Abuse; Pass-Through Transit Hub,1,524551.76,1
CHARITY_01047,Charity Abuse; Pass-Through Transit Hub,1,524551.76,1
TPWEB_01496,Third-Party Payment Web,11,524329.25,11
CHARITY_01496,Charity Abuse,17,524281.27999999997,7
FUNNEL_00159,Charity Abuse; Funnel Account Network,12,524267.57999999996,4
CHARITY_01901,Charity Abuse; Funnel Account Network,12,524267.57999999996,4
CHARITY_03076,Charity Abuse,12,524169.19,5
TPWEB_01130,Third-Party Payment Web,9,524160.46,9
CHARITY_00432,Charity Abuse,21,524010.12,14
PASS_00526,Pass-Through Transit Hub,1,523983.43,1
CHARITY_01139,Charity Abuse,24,523781.53,9
TPWEB_00508,Third-Party Payment Web,9,523421.25,9
MULE_00016,Money Mule Network,4,523364.91000000003,4
PASS_00411,Pass-Through Transit Hub,2,523229.63,2
CHARITY_00130,Charity Abuse; Underground Banking (Hawala),2,522757.48,2
CHARITY_01177,Charity Abuse,15,522749.48,9
CHARITY_02481,Charity Abuse,18,522519.49,9
CHARITY_02502,Charity Abuse,23,522517.19,9
CHARITY_00244,Charity Abuse,11,522419.51,5
CHARITY_02985,Charity Abuse,12,522273.62,8
CHARITY_00901,Charity Abuse,18,521996.89,9
CHARITY_00656,Charity Abuse,16,521949.11000000004,9
CHARITY_02623,Charity Abuse,16,521906.96,5
PASS_00597,Charity Abuse; Pass-Through Transit Hub,1,521744.62,1
CHARITY_02024,Charity Abuse; Pass-Through Transit Hub,1,521744.62,1
CHARITY_01423,Charity Abuse,17,521690.56,5
HRCORR_00097,High-Risk Corridor Transfer,2,521386.5,1
PASS_00563,Pass-Through Transit Hub,2,521380.86,1
CHARITY_01164,Charity Abuse; Funnel Account Network,5,521005.24999999994,4
CHARITY_01120,Charity Abuse; Underground Banking (Hawala),2,520823.94,2
CHARITY_00861,Charity Abuse,18,520708.94,14
CHARITY_02214,Charity Abuse,12,520492.12,8
CHARITY_03069,Charity Abuse,21,520478.02999999997,13
CHARITY_01665,Charity Abuse,20,520473.09,13
FUNNEL_00123,Charity Abuse; Funnel Account Network,8,520385.0,5
CHARITY_01546,Charity Abuse; Funnel Account Network,8,520385.0,5
CHARITY_00855,Charity Abuse,17,520333.05,11
CHARITY_00328,Charity Abuse,23,520135.7,9
CHARITY_01697,Charity Abuse,17,520110.48,5
CHARITY_01569,Charity Abuse,21,520084.8,9
CHARITY_02426,Charity Abuse,21,520083.02999999997,7
CHARITY_00883,Charity Abuse,23,519621.88,18
CHARITY_00475,Charity Abuse,22,519617.08,9
CHARITY_01736,Charity Abuse,20,519603.32,11
PASS_00055,Pass-Through Transit Hub,1,519096.0,1
HAWALA_02008,Underground Banking (Hawala),2,518995.8,2
HAWALA_02007,Underground Banking (Hawala),2,518995.8,2
HAWALA_02014,Underground Banking (Hawala),2,518995.8,2
HAWALA_02012,Underground Banking (Hawala),2,518995.8,2
HAWALA_02013,Underground Banking (Hawala),2,518995.8,1
HAWALA_02009,Underground Banking (Hawala),2,518995.8,2
HAWALA_02011,Underground Banking (Hawala),2,518995.8,1
HAWALA_02010,Underground Banking (Hawala),2,518995.8,2
CHARITY_01154,Charity Abuse; Funnel Account Network,4,518948.54,3
HAWALA_02019,Underground Banking (Hawala),2,518929.29,2
HAWALA_02018,Underground Banking (Hawala),2,518929.29,2
HAWALA_02029,Underground Banking (Hawala),2,518929.29,2
HAWALA_02028,Underground Banking (Hawala),2,518929.29,2
HAWALA_02030,Underground Banking (Hawala),2,518929.29,2
HAWALA_02017,Underground Banking (Hawala),2,518929.29,2
HAWALA_02020,Underground Banking (Hawala),2,518929.29,2
HAWALA_02024,Underground Banking (Hawala),2,518929.29,1
HAWALA_02023,Underground Banking (Hawala),2,518929.29,1
HAWALA_02022,Underground Banking (Hawala),2,518929.29,2
HAWALA_02016,Underground Banking (Hawala),2,518929.29,2
HAWALA_02021,Underground Banking (Hawala),2,518929.29,2
HAWALA_02027,Underground Banking (Hawala),2,518929.29,2
HAWALA_02026,Underground Banking (Hawala),2,518929.29,1
HAWALA_02025,Underground Banking (Hawala),2,518929.29,1
HAWALA_02015,Underground Banking (Hawala),2,518929.29,2
CHARITY_02500,Charity Abuse,19,518885.77999999997,10
CHARITY_00578,Charity Abuse,20,518621.79000000004,7
CHARITY_02975,Charity Abuse; Underground Banking (Hawala),2,518582.06,2
CHARITY_03086,Charity Abuse,13,518343.38,7
CHARITY_02344,Charity Abuse; Third-Party Payment Web,16,517999.07,16
TPWEB_01153,Charity Abuse; Third-Party Payment Web,16,517999.07,16
CHARITY_01831,Charity Abuse,11,517561.81,7
HRCORR_00316,High-Risk Corridor Transfer,3,517279.77,1
HAWALA_02026,Charity Abuse; Underground Banking (Hawala),2,516964.73,2
HAWALA_02024,Charity Abuse; Underground Banking (Hawala),2,516964.73,2
HAWALA_02025,Charity Abuse; Underground Banking (Hawala),2,516964.73,2
HAWALA_02023,Charity Abuse; Underground Banking (Hawala),2,516964.73,1
HAWALA_02030,Charity Abuse; Underground Banking (Hawala),2,516964.73,2
HAWALA_02016,Charity Abuse; Underground Banking (Hawala),2,516964.73,2
HAWALA_02020,Charity Abuse; Underground Banking (Hawala),2,516964.73,2
HAWALA_02019,Charity Abuse; Underground Banking (Hawala),2,516964.73,1
HAWALA_02021,Charity Abuse; Underground Banking (Hawala),2,516964.73,2
HAWALA_02017,Charity Abuse; Underground Banking (Hawala),2,516964.73,2
HAWALA_02015,Charity Abuse; Underground Banking (Hawala),2,516964.73,1
HAWALA_02029,Charity Abuse; Underground Banking (Hawala),2,516964.73,2
HAWALA_02028,Charity Abuse; Underground Banking (Hawala),2,516964.73,2
HAWALA_02022,Charity Abuse; Underground Banking (Hawala),2,516964.73,2
HAWALA_02027,Charity Abuse; Underground Banking (Hawala),2,516964.73,1
HAWALA_02018,Charity Abuse; Underground Banking (Hawala),2,516964.73,2
CHARITY_02367,Charity Abuse,21,516529.98,10
CHARITY_00739,Charity Abuse,21,516423.45,8
CHARITY_03044,Charity Abuse,16,516399.58,6
CHARITY_00215,Charity Abuse,17,516328.01,9
PASS_00526,Charity Abuse; Pass-Through Transit Hub,1,516272.75,1
CHARITY_02088,Charity Abuse; Pass-Through Transit Hub,1,516272.75,1
HRCORR_00144,High-Risk Corridor Transfer,2,516234.84,1
CHARITY_01124,Charity Abuse,17,515888.92,13
PASS_00597,Pass-Through Transit Hub,1,515802.7,1
CHARITY_02778,Charity Abuse,20,515781.89,9
CHARITY_00815,Charity Abuse,20,515780.95,12
CHARITY_01461,Charity Abuse,11,515715.74,6
CHARITY_00362,Charity Abuse,20,515452.83,11
CHARITY_00157,Charity Abuse,14,515278.11,6
PASS_00206,Pass-Through Transit Hub,2,515089.56,2
CHARITY_03246,Charity Abuse,24,515035.45,11
CHARITY_01013,Charity Abuse,19,514718.42000000004,10
CHARITY_03150,Charity Abuse,16,514011.73,9
CHARITY_03025,Charity Abuse,12,513405.43,7
CHARITY_02136,Charity Abuse,22,513357.0,10
CHARITY_02413,Charity Abuse,26,513353.64,14
PASS_00383,Charity Abuse; Pass-Through Transit Hub,1,513307.88,1
CHARITY_02698,Charity Abuse; Pass-Through Transit Hub,1,513307.88,1
MULE_00060,Money Mule Network; Third-Party Payment Web,7,513163.48,7
CHARITY_02523,Charity Abuse,17,513055.22,8
CHARITY_02202,Charity Abuse,8,512997.8,7
CHARITY_00197,Charity Abuse,15,512941.4,11
CHARITY_02784,Charity Abuse,20,512713.12,9
CHARITY_00990,Charity Abuse,16,512518.43,8
CHARITY_02978,Charity Abuse; Underground Banking (Hawala),2,512463.3,2
CHARITY_00142,Charity Abuse,21,512322.37,10
PASS_00700,Pass-Through Transit Hub,2,512123.91000000003,2
CHARITY_01328,Charity Abuse,25,511774.47,9
CHARITY_02925,Charity Abuse,17,511743.53,7
CHARITY_01692,Charity Abuse,19,511704.76,8
CHARITY_00409,Charity Abuse,22,511601.47,10
CHARITY_00427,Charity Abuse,18,511528.6,6
HRCORR_00435,High-Risk Corridor Transfer,4,511516.4,1
FUNNEL_00107,Funnel Account Network,10,511465.98,7
CHARITY_01072,Charity Abuse,19,511427.25,7
HAWALA_02051,Underground Banking (Hawala),2,511343.94,1
HAWALA_02057,Underground Banking (Hawala),2,511343.94,2
HAWALA_02050,Underground Banking (Hawala),2,511343.94,2
HAWALA_02062,Underground Banking (Hawala),2,511343.94,2
HAWALA_02047,Underground Banking (Hawala),2,511343.94,1
HAWALA_02058,Underground Banking (Hawala),2,511343.94,2
HAWALA_02052,Underground Banking (Hawala),2,511343.94,2
HAWALA_02061,Underground Banking (Hawala),2,511343.94,2
HAWALA_02059,Underground Banking (Hawala),2,511343.94,1
HAWALA_02053,Underground Banking (Hawala),2,511343.94,2
HAWALA_02060,Underground Banking (Hawala),2,511343.94,2
HAWALA_02049,Underground Banking (Hawala),2,511343.94,2
HAWALA_02048,Underground Banking (Hawala),2,511343.94,2
HAWALA_02056,Underground Banking (Hawala),2,511343.94,2
HAWALA_02054,Underground Banking (Hawala),2,511343.94,2
HAWALA_02055,Underground Banking (Hawala),2,511343.94,1
CHARITY_00916,Charity Abuse,21,511313.12,10
CHARITY_02988,Charity Abuse,13,511312.17000000004,12
CHARITY_00814,Charity Abuse,20,511253.01999999996,14
CHARITY_02178,Charity Abuse; Underground Banking (Hawala),2,511171.98,2
CHARITY_00557,Charity Abuse,18,511163.3,7
CHARITY_02788,Charity Abuse,18,510813.76,11
CHARITY_02959,Charity Abuse,20,510744.29000000004,13
MULE_00053,Money Mule Network; Third-Party Payment Web,7,510512.29000000004,6
TPWEB_01575,Third-Party Payment Web,9,510283.97000000003,8
CHARITY_02942,Charity Abuse,16,510264.35,7
CHARITY_02041,Charity Abuse,18,510139.58,10
CHARITY_00755,Charity Abuse,16,510077.45,8
CHARITY_01261,Charity Abuse,22,509999.11,10
CHARITY_00009,Charity Abuse,21,509897.75,6
HRCORR_00100,High-Risk Corridor Transfer,2,509848.63,1
PASS_00157,Pass-Through Transit Hub,2,509822.35,1
CHARITY_02949,Charity Abuse,24,509744.98,12
CHARITY_01716,Charity Abuse,23,509520.57,12
CHARITY_02196,Charity Abuse,16,509509.24,15
CHARITY_00645,Charity Abuse,25,509464.39,9
MULE_00022,Charity Abuse; Money Mule Network,5,509437.33,2
CHARITY_01303,Charity Abuse,13,509351.47,7
CHARITY_02376,Charity Abuse,21,509051.09,11
FUNNEL_00031,Charity Abuse; Funnel Account Network,6,509008.82,3
CHARITY_00425,Charity Abuse,15,509003.16,10
CHARITY_02285,Charity Abuse,14,508989.54,12
CHARITY_00689,Charity Abuse,17,508511.26,11
CHARITY_02435,Charity Abuse,13,508473.83,10
TPWEB_00585,Third-Party Payment Web,10,508277.01,10
CHARITY_02794,Charity Abuse,14,508265.45,7
CHARITY_00023,Charity Abuse,16,508240.45,6
HAWALA_02051,Charity Abuse; Underground Banking (Hawala),2,508220.49,1
HAWALA_02058,Charity Abuse; Underground Banking (Hawala),2,508220.49,2
HAWALA_02057,Charity Abuse; Underground Banking (Hawala),2,508220.49,2
HAWALA_02050,Charity Abuse; Underground Banking (Hawala),2,508220.49,2
HAWALA_02059,Charity Abuse; Underground Banking (Hawala),2,508220.49,2
HAWALA_02052,Charity Abuse; Underground Banking (Hawala),2,508220.49,1
HAWALA_02053,Charity Abuse; Underground Banking (Hawala),2,508220.49,1
HAWALA_02054,Charity Abuse; Underground Banking (Hawala),2,508220.49,1
HAWALA_02055,Charity Abuse; Underground Banking (Hawala),2,508220.49,2
HAWALA_02048,Charity Abuse; Underground Banking (Hawala),2,508220.49,2
HAWALA_02061,Charity Abuse; Underground Banking (Hawala),2,508220.49,2
HAWALA_02056,Charity Abuse; Underground Banking (Hawala),2,508220.49,2
HAWALA_02049,Charity Abuse; Underground Banking (Hawala),2,508220.49,2
HAWALA_02047,Charity Abuse; Underground Banking (Hawala),2,508220.49,2
HAWALA_02060,Charity Abuse; Underground Banking (Hawala),2,508220.49,2
HAWALA_02062,Charity Abuse; Underground Banking (Hawala),2,508220.49,2
CHARITY_00551,Charity Abuse,20,508077.3,11
PASS_00055,Charity Abuse; Funnel Account Network; Pass-Through Transit Hub,1,508064.34,1
CHARITY_01438,Charity Abuse; Funnel Account Network; Pass-Through Transit Hub,1,508064.34,1
FUNNEL_00115,Charity Abuse; Funnel Account Network; Pass-Through Transit Hub,1,508064.34,1
CHARITY_02161,Charity Abuse,12,507957.17,5
CHARITY_03102,Charity Abuse,19,507911.97000000003,13
PASS_00383,Pass-Through Transit Hub,1,507819.13,1
CHARITY_01096,Charity Abuse,19,507666.46,13
CHARITY_01383,Charity Abuse,16,507362.62,12
CHARITY_02168,Charity Abuse,20,507351.22000000003,11
CHARITY_00451,Charity Abuse,21,507350.92,12
CHARITY_00932,Charity Abuse,27,507250.92,11
CHARITY_02307,Charity Abuse,16,507021.93,16
CHARITY_01820,Charity Abuse,23,506987.93,11
CHARITY_01978,Charity Abuse,24,506754.18,13
CHARITY_01043,Charity Abuse,22,506701.94,9
TPWEB_01011,Third-Party Payment Web,6,506427.69999999995,6
CHARITY_02442,Charity Abuse,18,505374.92,7
CHARITY_00971,Charity Abuse,23,504933.17,15
CHARITY_02097,Charity Abuse,15,504887.41000000003,10
TPWEB_01541,Third-Party Payment Web,6,504825.79,6
CHARITY_01920,Charity Abuse,13,504737.81,6
CHARITY_01871,Charity Abuse,23,504580.6,8
CHARITY_00406,Charity Abuse,16,504554.4,7
CHARITY_00988,Charity Abuse,13,504069.62,4
CHARITY_02485,Charity Abuse; Underground Banking (Hawala),2,503977.68,2
CHARITY_01921,Charity Abuse,19,503976.5,9
CHARITY_01892,Charity Abuse,20,503916.54000000004,13
CHARITY_01930,Charity Abuse,14,503744.0,9
CHARITY_00388,Charity Abuse; Funnel Account Network,5,503691.51,2
CHARITY_00567,Charity Abuse,19,503344.12999999995,7
CHARITY_02256,Charity Abuse,17,503341.73000000004,11
CHARITY_01737,Charity Abuse,22,503310.82,10
CHARITY_01596,Charity Abuse,21,503194.61,9
CHARITY_02356,Charity Abuse,21,502595.24,13
FUNNEL_00004,Funnel Account Network,19,502581.09,17
CHARITY_03188,Charity Abuse,22,502426.77,11
CHARITY_00457,Charity Abuse,18,501968.48,12
CHARITY_01256,Charity Abuse,20,501669.48,11
CHARITY_02268,Charity Abuse,16,501551.95,8
CHARITY_03161,Charity Abuse,15,501112.79,8
HRCORR_00088,Funnel Account Network; High-Risk Corridor Transfer,2,501067.13,1
FUNNEL_00223,Funnel Account Network; High-Risk Corridor Transfer,2,501067.13,1
FUNNEL_00217,Funnel Account Network; Third-Party Payment Web,22,501003.14,22
CHARITY_01344,Charity Abuse,14,500947.33999999997,10
CHARITY_01843,Charity Abuse,20,500768.61,12
TPWEB_01019,Third-Party Payment Web,8,500598.46,8
CHARITY_00086,Charity Abuse,16,500488.88,4
CHARITY_00325,Charity Abuse,24,500413.05,11
CHARITY_01792,Charity Abuse,19,500286.09,9
CHARITY_00308,Charity Abuse,18,500188.95,10
CHARITY_02730,Charity Abuse,25,499863.45999999996,11
CHARITY_01904,Charity Abuse; High-Risk Corridor Transfer,3,499795.85,1
HRCORR_00004,Charity Abuse; High-Risk Corridor Transfer,3,499795.85,1
CHARITY_03164,Charity Abuse,15,499723.62,9
CHARITY_03296,Charity Abuse,13,499565.83,5
HRCORR_00326,High-Risk Corridor Transfer,3,499469.89,1
CHARITY_00843,Charity Abuse,15,499449.68,11
CHARITY_00983,Charity Abuse,17,499195.48,7
CHARITY_00462,Charity Abuse,15,499187.30000000005,9
CHARITY_03152,Charity Abuse,12,499068.11999999994,10
FUNNEL_00150,Funnel Account Network,17,499035.32999999996,12
CHARITY_01117,Charity Abuse,20,498884.73,9
HRCORR_00489,High-Risk Corridor Transfer,2,498728.57,1
CHARITY_01900,Charity Abuse,11,498726.02999999997,7
CHARITY_01110,Charity Abuse,28,497949.77999999997,11
CHARITY_01319,Charity Abuse,16,497858.35,6
CHARITY_02420,Charity Abuse,16,497755.68,8
CHARITY_03227,Charity Abuse,23,497654.45,10
CHARITY_01551,Charity Abuse,17,497629.21,10
CHARITY_03058,Charity Abuse,14,497342.91000000003,7
CHARITY_01756,Charity Abuse,17,497212.94,10
CHARITY_01709,Charity Abuse,17,497041.51,7
CHARITY_01042,Charity Abuse,18,496362.32,9
CHARITY_00968,Charity Abuse,18,496335.02,14
CHARITY_01712,Charity Abuse,20,496148.14,12
CHARITY_02912,Charity Abuse,21,495994.82,7
CHARITY_00529,Charity Abuse; Underground Banking (Hawala),2,495818.32,2
PASS_00015,Pass-Through Transit Hub,2,495367.66000000003,2
TPWEB_00125,Third-Party Payment Web,8,495298.21,8
CHARITY_01542,Charity Abuse,21,495295.22,9
FUNNEL_00087,Charity Abuse; Funnel Account Network,7,494931.97,2
CHARITY_01160,Charity Abuse,17,494650.39,12
CHARITY_01767,Charity Abuse,21,494148.73,9
CHARITY_01199,Charity Abuse,17,493992.82,9
CHARITY_01638,Charity Abuse,20,493764.43,8
CHARITY_02460,Charity Abuse,15,493732.22,12
CHARITY_00306,Charity Abuse,18,493697.92,9
CHARITY_01581,Charity Abuse,21,493659.12,11
HAWALA_00034,Charity Abuse; Underground Banking (Hawala),1,493658.64,1
HAWALA_00035,Charity Abuse; Underground Banking (Hawala),1,493658.64,1
HAWALA_00032,Charity Abuse; Underground Banking (Hawala),1,493658.64,1
HAWALA_00020,Charity Abuse; Underground Banking (Hawala),1,493658.64,1
HAWALA_00025,Charity Abuse; Underground Banking (Hawala),1,493658.64,1
HAWALA_00027,Charity Abuse; Underground Banking (Hawala),1,493658.64,1
HAWALA_00026,Charity Abuse; Underground Banking (Hawala),1,493658.64,1
HAWALA_00029,Charity Abuse; Underground Banking (Hawala),1,493658.64,1
HAWALA_00030,Charity Abuse; Underground Banking (Hawala),1,493658.64,1
HAWALA_00031,Charity Abuse; Underground Banking (Hawala),1,493658.64,1
HAWALA_00028,Charity Abuse; Underground Banking (Hawala),1,493658.64,1
HAWALA_00033,Charity Abuse; Underground Banking (Hawala),1,493658.64,1
HAWALA_00023,Charity Abuse; Underground Banking (Hawala),1,493658.64,1
HAWALA_00021,Charity Abuse; Underground Banking (Hawala),1,493658.64,1
HAWALA_00022,Charity Abuse; Underground Banking (Hawala),1,493658.64,1
HAWALA_00024,Charity Abuse; Underground Banking (Hawala),1,493658.64,1
HRCORR_00188,High-Risk Corridor Transfer,3,493424.88,1
CHARITY_02653,Charity Abuse,19,493155.89999999997,16
TPWEB_01296,Third-Party Payment Web,8,492927.4,8
CHARITY_00179,Charity Abuse,17,492854.61,13
CHARITY_02759,Charity Abuse,18,492761.25,10
PASS_00272,Pass-Through Transit Hub,2,492605.03,2
TPWEB_00577,Third-Party Payment Web,8,491995.27,8
CHARITY_00219,Charity Abuse,17,491953.04,6
CHARITY_02823,Charity Abuse,17,491914.83,9
CHARITY_01128,Charity Abuse,16,491783.93999999994,10
CHARITY_03098,Charity Abuse,16,491747.16,10
CHARITY_00534,Charity Abuse,18,491594.81,8
HRCORR_00197,High-Risk Corridor Transfer,2,491319.47,1
HAWALA_02191,Underground Banking (Hawala),2,491315.54,2
HAWALA_02192,Underground Banking (Hawala),2,491315.54,2
HAWALA_02198,Underground Banking (Hawala),2,491315.54,1
HAWALA_02195,Underground Banking (Hawala),2,491315.54,2
HAWALA_02193,Underground Banking (Hawala),2,491315.54,2
HAWALA_02194,Underground Banking (Hawala),2,491315.54,2
HAWALA_02196,Underground Banking (Hawala),2,491315.54,2
HAWALA_02197,Underground Banking (Hawala),2,491315.54,1
CHARITY_00569,Charity Abuse,21,491308.19,14
CHARITY_01749,Charity Abuse,14,491230.73,10
CHARITY_01114,Charity Abuse,17,491108.82999999996,8
CHARITY_02222,Charity Abuse; Underground Banking (Hawala),1,490948.07,1
HAWALA_00037,Charity Abuse; Underground Banking (Hawala),1,490948.07,1
HAWALA_00040,Charity Abuse; Underground Banking (Hawala),1,490948.07,1
HAWALA_00041,Charity Abuse; Underground Banking (Hawala),1,490948.07,1
HAWALA_00044,Charity Abuse; Underground Banking (Hawala),1,490948.07,1
HAWALA_00036,Charity Abuse; Underground Banking (Hawala),1,490948.07,1
HAWALA_00049,Charity Abuse; Underground Banking (Hawala),1,490948.07,1
HAWALA_00045,Charity Abuse; Underground Banking (Hawala),1,490948.07,1
HAWALA_00048,Charity Abuse; Underground Banking (Hawala),1,490948.07,1
CHARITY_02766,Charity Abuse; High-Risk Corridor Transfer,1,490732.94,1
HRCORR_00199,Charity Abuse; High-Risk Corridor Transfer,1,490732.94,1
CHARITY_03105,Charity Abuse; High-Risk Corridor Transfer,2,490562.91000000003,1
HRCORR_00469,Charity Abuse; High-Risk Corridor Transfer,2,490562.91000000003,1
CHARITY_02528,Charity Abuse,23,490099.76,11
CHARITY_03037,Charity Abuse,17,490044.67,10
CHARITY_00192,Charity Abuse,16,489974.6,10
TPWEB_01252,Funnel Account Network; Third-Party Payment Web,21,489868.26,21
CHARITY_02741,Charity Abuse,21,489707.67000000004,11
CHARITY_00286,Charity Abuse,19,489098.17000000004,10
CHARITY_01951,Charity Abuse,21,488702.18,8
CHARITY_01019,Charity Abuse,17,488700.5,10
CHARITY_01090,Charity Abuse,18,488622.49,12
CHARITY_00479,Charity Abuse,18,488477.98,5
CHARITY_01597,Charity Abuse,17,488392.83999999997,9
CHARITY_01070,Charity Abuse,19,488192.99000000005,13
CHARITY_03283,Charity Abuse,17,488135.27999999997,10
CHARITY_01187,Charity Abuse,13,488041.54000000004,8
CHARITY_00568,Charity Abuse,19,487997.89,9
FUNNEL_00226,Funnel Account Network,11,487979.35,8
HRCORR_00202,High-Risk Corridor Transfer,3,487857.23,1
HRCORR_00363,High-Risk Corridor Transfer,3,487770.0,1
CHARITY_02145,Charity Abuse,15,487430.26,12
TPWEB_00848,Third-Party Payment Web,7,487135.03,7
CHARITY_02576,Charity Abuse,20,487050.6,9
CHARITY_02269,Charity Abuse,17,486983.82,6
CHARITY_00801,Charity Abuse,17,486175.52999999997,11
CHARITY_01576,Charity Abuse,19,486103.81,6
CHARITY_00200,Charity Abuse,18,486048.37,13
CHARITY_02456,Charity Abuse; Funnel Account Network; Third-Party Payment Web,23,485885.8,23
FUNNEL_00209,Charity Abuse; Funnel Account Network; Third-Party Payment Web,23,485885.8,23
TPWEB_01206,Charity Abuse; Funnel Account Network; Third-Party Payment Web,23,485885.8,23
CHARITY_00890,Charity Abuse,23,485724.62,6
CHARITY_02486,Charity Abuse; Pass-Through Transit Hub,1,485544.96,1
CHARITY_01470,Charity Abuse,23,485335.63,9
CHARITY_00057,Charity Abuse,15,485237.38,8
CHARITY_02353,Charity Abuse,20,484900.24,12
CHARITY_01471,Charity Abuse,21,484803.65,11
CHARITY_00182,Charity Abuse,14,484652.8,8
HAWALA_00057,Charity Abuse; Underground Banking (Hawala),1,484451.57,1
HAWALA_00056,Charity Abuse; Underground Banking (Hawala),1,484451.57,1
CHARITY_02118,Charity Abuse; Underground Banking (Hawala),1,484451.57,1
HAWALA_00052,Charity Abuse; Underground Banking (Hawala),1,484451.57,1
HAWALA_00053,Charity Abuse; Underground Banking (Hawala),1,484451.57,1
TPWEB_01103,Third-Party Payment Web,7,484225.0,7
TPWEB_01074,Third-Party Payment Web,7,484044.88,7
CHARITY_03267,Charity Abuse,13,483940.9,12
CHARITY_00120,Charity Abuse; Pass-Through Transit Hub,1,483776.75,1
PASS_00073,Charity Abuse; Pass-Through Transit Hub,1,483776.75,1
CHARITY_01343,Charity Abuse,22,483767.48,9
CHARITY_02721,Charity Abuse,15,483673.17,9
CHARITY_01127,Charity Abuse,19,483511.54000000004,11
CHARITY_00100,Charity Abuse,23,483490.08999999997,17
CHARITY_03107,Charity Abuse,21,483124.2,12
CHARITY_01101,Charity Abuse,21,482763.53,12
HAWALA_00161,Funnel Account Network; Underground Banking (Hawala),1,482557.97,1
HAWALA_00162,Funnel Account Network; Underground Banking (Hawala),1,482557.97,1
HAWALA_00168,Funnel Account Network; Underground Banking (Hawala),1,482557.97,1
HAWALA_00169,Funnel Account Network; Underground Banking (Hawala),1,482557.97,1
HAWALA_00171,Funnel Account Network; Underground Banking (Hawala),1,482557.97,1
HAWALA_00167,Funnel Account Network; Underground Banking (Hawala),1,482557.97,1
HAWALA_00158,Funnel Account Network; Underground Banking (Hawala),1,482557.97,1
HAWALA_00166,Funnel Account Network; Underground Banking (Hawala),1,482557.97,1
HAWALA_00160,Funnel Account Network; Underground Banking (Hawala),1,482557.97,1
HAWALA_00159,Funnel Account Network; Underground Banking (Hawala),1,482557.97,1
HAWALA_00170,Funnel Account Network; Underground Banking (Hawala),1,482557.97,1
HAWALA_00157,Funnel Account Network; Underground Banking (Hawala),1,482557.97,1
HAWALA_00164,Funnel Account Network; Underground Banking (Hawala),1,482557.97,1
HAWALA_00163,Funnel Account Network; Underground Banking (Hawala),1,482557.97,1
HAWALA_00165,Funnel Account Network; Underground Banking (Hawala),1,482557.97,1
HAWALA_00156,Funnel Account Network; Underground Banking (Hawala),1,482557.97,1
CHARITY_00941,Charity Abuse,22,482514.93,10
CHARITY_02830,Charity Abuse,17,482291.45,11
HAWALA_02223,Underground Banking (Hawala),2,482230.92000000004,2
CHARITY_00924,Charity Abuse,21,482082.11,10
CHARITY_02002,Charity Abuse,14,481732.14,7
CHARITY_00321,Charity Abuse,23,481514.39,7
CHARITY_00686,Charity Abuse,19,481474.08,12
CHARITY_03300,Charity Abuse; High-Risk Corridor Transfer,1,481472.78,1
HRCORR_00414,Charity Abuse; High-Risk Corridor Transfer,1,481472.78,1
CHARITY_02667,Charity Abuse,12,481434.48000000004,6
HRCORR_00172,Charity Abuse; High-Risk Corridor Transfer,2,481359.95,1
CHARITY_00857,Charity Abuse; High-Risk Corridor Transfer,2,481359.95,1
CHARITY_00605,Charity Abuse,17,481100.42,8
CHARITY_03079,Charity Abuse,12,480873.43000000005,5
CHARITY_00011,Charity Abuse,23,480768.87,7
MULE_00009,Money Mule Network; Third-Party Payment Web,6,480536.37,6
PASS_00172,Pass-Through Transit Hub,2,480533.6,1
CHARITY_01386,Charity Abuse,18,480511.93,8
CHARITY_00184,Charity Abuse,17,480436.96,7
CHARITY_01834,Charity Abuse,18,480323.33,8
CHARITY_00159,Charity Abuse,20,480317.38999999996,11
CHARITY_01186,Charity Abuse,19,480304.93,7
CHARITY_00385,Charity Abuse,24,480180.31,8
CHARITY_01801,Charity Abuse; Pass-Through Transit Hub,1,480044.93,1
CHARITY_00052,Charity Abuse,20,479821.61,5
FUNNEL_00274,Charity Abuse; Funnel Account Network,4,479683.16000000003,4
CHARITY_01735,Charity Abuse,30,479607.38,6
FUNNEL_00069,Funnel Account Network; High-Risk Corridor Transfer,1,479546.2,1
HRCORR_00155,Funnel Account Network; High-Risk Corridor Transfer,1,479546.2,1
CHARITY_02897,Charity Abuse,13,479537.06000000006,9
CHARITY_02360,Charity Abuse,23,479517.95,14
CHARITY_00298,Charity Abuse,15,479348.01,9
CHARITY_00554,Charity Abuse,20,479227.9,4
CHARITY_02382,Charity Abuse,22,478917.72000000003,15
CHARITY_01385,Charity Abuse,23,478310.31,9
CHARITY_01212,Charity Abuse,25,478302.3,10
CHARITY_03179,Charity Abuse,15,478120.35000000003,8
CHARITY_00053,Charity Abuse,13,477966.79,7
PASS_00398,Pass-Through Transit Hub,2,477919.65,2
HAWALA_00094,Charity Abuse; Underground Banking (Hawala),1,477724.73,1
HAWALA_00095,Charity Abuse; Underground Banking (Hawala),1,477724.73,1
HAWALA_00096,Charity Abuse; Underground Banking (Hawala),1,477724.73,1
HAWALA_00097,Charity Abuse; Underground Banking (Hawala),1,477724.73,1
HAWALA_00099,Charity Abuse; Underground Banking (Hawala),1,477724.73,1
HAWALA_00100,Charity Abuse; Underground Banking (Hawala),1,477724.73,1
HAWALA_00101,Charity Abuse; Underground Banking (Hawala),1,477724.73,1
HAWALA_00098,Charity Abuse; Underground Banking (Hawala),1,477724.73,1
HAWALA_00102,Charity Abuse; Underground Banking (Hawala),1,477724.73,1
HAWALA_00103,Charity Abuse; Underground Banking (Hawala),1,477724.73,1
HAWALA_00105,Charity Abuse; Underground Banking (Hawala),1,477724.73,1
HAWALA_00104,Charity Abuse; Underground Banking (Hawala),1,477724.73,1
HAWALA_00106,Charity Abuse; Underground Banking (Hawala),1,477724.73,1
HAWALA_00107,Charity Abuse; Underground Banking (Hawala),1,477724.73,1
HAWALA_00092,Charity Abuse; Underground Banking (Hawala),1,477724.73,1
HAWALA_00093,Charity Abuse; Underground Banking (Hawala),1,477724.73,1
TPWEB_00192,Third-Party Payment Web,8,477689.96,8
CHARITY_02630,Charity Abuse,18,477432.13,12
HAWALA_02260,Underground Banking (Hawala),2,477370.24,2
HAWALA_02261,Underground Banking (Hawala),2,477370.24,2
HAWALA_02270,Underground Banking (Hawala),2,477370.24,2
HAWALA_02258,Underground Banking (Hawala),2,477370.24,1
HAWALA_02262,Underground Banking (Hawala),2,477370.24,2
HAWALA_02271,Underground Banking (Hawala),2,477370.24,2
HAWALA_02264,Underground Banking (Hawala),2,477370.24,2
HAWALA_02266,Underground Banking (Hawala),2,477370.24,1
HAWALA_02269,Underground Banking (Hawala),2,477370.24,2
HAWALA_02263,Underground Banking (Hawala),2,477370.24,2
HAWALA_02267,Underground Banking (Hawala),2,477370.24,1
HAWALA_02268,Underground Banking (Hawala),2,477370.24,2
HAWALA_02259,Underground Banking (Hawala),2,477370.24,1
HAWALA_02256,Underground Banking (Hawala),2,477370.24,2
HAWALA_02265,Underground Banking (Hawala),2,477370.24,2
HAWALA_02257,Underground Banking (Hawala),2,477370.24,2
PASS_00078,Pass-Through Transit Hub,2,477219.19,2
CHARITY_00676,Charity Abuse,13,477014.2,9
CHARITY_02409,Charity Abuse,18,476834.52,9
CHARITY_01206,Charity Abuse,23,476670.83,11
CHARITY_03270,Charity Abuse,23,476654.75,11
PASS_00073,Pass-Through Transit Hub,1,476402.32,1
CHARITY_00663,Charity Abuse,18,476232.74,6
CHARITY_00209,Charity Abuse,25,475793.24,16
CHARITY_02924,Charity Abuse,16,475516.6,4
CHARITY_01050,Charity Abuse,20,475242.18,12
CHARITY_00437,Charity Abuse; High-Risk Corridor Transfer,1,475223.12,1
HRCORR_00087,Charity Abuse; High-Risk Corridor Transfer,1,475223.12,1
CHARITY_02877,Charity Abuse,15,475200.98,11
CHARITY_01345,Charity Abuse,21,475013.54,11
FUNNEL_00006,Funnel Account Network; Third-Party Payment Web,23,474815.79,23
TPWEB_00050,Funnel Account Network; Third-Party Payment Web,23,474815.79,23
CHARITY_00702,Charity Abuse,16,474531.02,5
CHARITY_00429,Charity Abuse,22,474020.46,9
CHARITY_01545,Charity Abuse; Underground Banking (Hawala),2,473990.26,2
CHARITY_01056,Charity Abuse,20,473568.12,10
HAWALA_02264,Charity Abuse; Underground Banking (Hawala),2,473425.44,2
HAWALA_02262,Charity Abuse; Underground Banking (Hawala),2,473425.44,2
HAWALA_02265,Charity Abuse; Underground Banking (Hawala),2,473425.44,1
HAWALA_02269,Charity Abuse; Underground Banking (Hawala),2,473425.44,1
HAWALA_02268,Charity Abuse; Underground Banking (Hawala),2,473425.44,2
HAWALA_02259,Charity Abuse; Underground Banking (Hawala),2,473425.44,2
HAWALA_02263,Charity Abuse; Underground Banking (Hawala),2,473425.44,2
HAWALA_02267,Charity Abuse; Underground Banking (Hawala),2,473425.44,1
HAWALA_02270,Charity Abuse; Underground Banking (Hawala),2,473425.44,2
HAWALA_02266,Charity Abuse; Underground Banking (Hawala),2,473425.44,2
HAWALA_02261,Charity Abuse; Underground Banking (Hawala),2,473425.44,2
HAWALA_02256,Charity Abuse; Underground Banking (Hawala),2,473425.44,2
HAWALA_02271,Charity Abuse; Underground Banking (Hawala),2,473425.44,1
HAWALA_02260,Charity Abuse; Underground Banking (Hawala),2,473425.44,2
HAWALA_02258,Charity Abuse; Underground Banking (Hawala),2,473425.44,2
HAWALA_02257,Charity Abuse; Underground Banking (Hawala),2,473425.44,2
CHARITY_03099,Charity Abuse,19,473377.32,12
CHARITY_00601,Charity Abuse,22,473281.32,9
CHARITY_00051,Charity Abuse,22,473201.51,10
CHARITY_01355,Charity Abuse,20,473196.52,11
PASS_00302,Pass-Through Transit Hub,1,473060.57,1
FUNNEL_00175,Charity Abuse; Funnel Account Network,10,473009.84,7
CHARITY_02080,Charity Abuse; Funnel Account Network,10,473009.84,7
CHARITY_01287,Charity Abuse; Underground Banking (Hawala),2,472860.62,2
CHARITY_00898,Charity Abuse,15,472778.94,11
TPWEB_01177,Funnel Account Network; Third-Party Payment Web,22,472352.15,22
FUNNEL_00201,Funnel Account Network; Third-Party Payment Web,22,472352.15,22
CHARITY_02560,Charity Abuse; Funnel Account Network,5,472348.12,3
FUNNEL_00219,Charity Abuse; Funnel Account Network,5,472348.12,3
HAWALA_00332,Funnel Account Network; Underground Banking (Hawala),1,472341.02,1
HAWALA_00334,Funnel Account Network; Underground Banking (Hawala),1,472341.02,1
HAWALA_00336,Funnel Account Network; Underground Banking (Hawala),1,472341.02,1
FUNNEL_00048,Funnel Account Network; Underground Banking (Hawala),1,472341.02,1
HAWALA_00338,Funnel Account Network; Underground Banking (Hawala),1,472341.02,1
HAWALA_00217,Charity Abuse; Underground Banking (Hawala),1,472236.7,1
HAWALA_00216,Charity Abuse; Underground Banking (Hawala),1,472236.7,1
HAWALA_00213,Charity Abuse; Underground Banking (Hawala),1,472236.7,1
HAWALA_00214,Charity Abuse; Underground Banking (Hawala),1,472236.7,1
HAWALA_00219,Charity Abuse; Underground Banking (Hawala),1,472236.7,1
HAWALA_00218,Charity Abuse; Underground Banking (Hawala),1,472236.7,1
HAWALA_00215,Charity Abuse; Underground Banking (Hawala),1,472236.7,1
HAWALA_00212,Charity Abuse; Underground Banking (Hawala),1,472236.7,1
CHARITY_00752,Charity Abuse,26,471903.81,8
CHARITY_02966,Charity Abuse,15,471379.67,6
HRCORR_00414,High-Risk Corridor Transfer,2,471152.30000000005,1
CHARITY_00867,Charity Abuse,23,470422.41000000003,11
CHARITY_02053,Charity Abuse,20,470287.44,9
CHARITY_01441,Charity Abuse,18,470143.27,6
MULE_00016,Charity Abuse; Funnel Account Network; Money Mule Network,4,470130.76,1
CHARITY_00113,Charity Abuse; Funnel Account Network; Money Mule Network,4,470130.76,1
FUNNEL_00008,Charity Abuse; Funnel Account Network; Money Mule Network,4,470130.76,1
FUNNEL_00228,Funnel Account Network,18,470113.16000000003,11
HRCORR_00323,Funnel Account Network; High-Risk Corridor Transfer,1,470076.96,1
FUNNEL_00185,Funnel Account Network; High-Risk Corridor Transfer,1,470076.96,1
CHARITY_01307,Charity Abuse,18,469511.8,12
CHARITY_02451,Charity Abuse,13,469277.2,10
CHARITY_00488,Charity Abuse,15,469254.54,11
FUNNEL_00077,Funnel Account Network; Third-Party Payment Web,20,468892.58,20
TPWEB_00486,Funnel Account Network; Third-Party Payment Web,20,468892.58,20
CHARITY_01298,Charity Abuse,17,468462.11,5
CHARITY_02737,Charity Abuse,21,468406.17,11
PASS_00101,Pass-Through Transit Hub,2,468327.08,2
CHARITY_00791,Charity Abuse,16,468322.55999999994,11
CHARITY_00515,Charity Abuse,18,468289.6,8
CHARITY_00138,Charity Abuse,23,468153.38,9
CHARITY_01731,Charity Abuse,14,468080.12,13
HRCORR_00230,High-Risk Corridor Transfer,2,468037.27,1
CHARITY_01725,Charity Abuse,16,467796.25,10
CHARITY_01952,Charity Abuse,21,467756.58,9
CHARITY_02194,Charity Abuse,21,467549.4,9
HAWALA_00265,Charity Abuse; Circular Transaction Loop; Underground Banking (Hawala),1,467467.77,1
CIRC_00036,Charity Abuse; Circular Transaction Loop; Underground Banking (Hawala),1,467467.77,1
CIRC_00035,Charity Abuse; Circular Transaction Loop; Underground Banking (Hawala),1,467467.77,1
CIRC_00038,Charity Abuse; Circular Transaction Loop; Underground Banking (Hawala),1,467467.77,1
HAWALA_00264,Charity Abuse; Circular Transaction Loop; Underground Banking (Hawala),1,467467.77,1
CIRC_00037,Charity Abuse; Circular Transaction Loop; Underground Banking (Hawala),1,467467.77,1
HAWALA_00266,Charity Abuse; Circular Transaction Loop; Underground Banking (Hawala),1,467467.77,1
HAWALA_00267,Charity Abuse; Circular Transaction Loop; Underground Banking (Hawala),1,467467.77,1
HAWALA_00262,Charity Abuse; Circular Transaction Loop; Underground Banking (Hawala),1,467467.77,1
HAWALA_00263,Charity Abuse; Circular Transaction Loop; Underground Banking (Hawala),1,467467.77,1
HAWALA_00261,Charity Abuse; Circular Transaction Loop; Underground Banking (Hawala),1,467467.77,1
CIRC_00034,Charity Abuse; Circular Transaction Loop; Underground Banking (Hawala),1,467467.77,1
CIRC_00041,Charity Abuse; Circular Transaction Loop; Underground Banking (Hawala),1,467467.77,1
HAWALA_00260,Charity Abuse; Circular Transaction Loop; Underground Banking (Hawala),1,467467.77,1
CIRC_00039,Charity Abuse; Circular Transaction Loop; Underground Banking (Hawala),1,467467.77,1
CIRC_00040,Charity Abuse; Circular Transaction Loop; Underground Banking (Hawala),1,467467.77,1
CHARITY_02831,Charity Abuse,20,467430.02,17
CHARITY_02424,Charity Abuse,17,467371.71,8
FUNNEL_00157,Funnel Account Network; Third-Party Payment Web,18,467339.64,16
TPWEB_00913,Funnel Account Network; Third-Party Payment Web,18,467339.64,16
TPWEB_00821,Third-Party Payment Web,7,467288.17000000004,7
CHARITY_02480,Charity Abuse,19,467264.11,10
CHARITY_01728,Charity Abuse,22,467053.05,16
HRCORR_00097,Charity Abuse; High-Risk Corridor Transfer,2,466980.07,1
CHARITY_00941,Charity Abuse; High-Risk Corridor Transfer,2,466980.07,1
CHARITY_01993,Charity Abuse; Money Mule Network,5,466941.2,1
MULE_00023,Charity Abuse; Money Mule Network,5,466941.2,1
CHARITY_01098,Charity Abuse,18,466797.32000000007,11
CHARITY_00668,Charity Abuse,15,466710.75,12
FUNNEL_00222,Charity Abuse; Funnel Account Network,18,466676.56,15
CHARITY_02586,Charity Abuse; Funnel Account Network,18,466676.56,15
CHARITY_00230,Charity Abuse,17,466644.30000000005,8
TPWEB_01572,Third-Party Payment Web,7,466546.63,7
HRCORR_00368,High-Risk Corridor Transfer,3,466378.5,1
HAWALA_00288,Charity Abuse; Funnel Account Network; Underground Banking (Hawala),1,466343.23,1
HAWALA_00289,Charity Abuse; Funnel Account Network; Underground Banking (Hawala),1,466343.23,1
HAWALA_00291,Charity Abuse; Funnel Account Network; Underground Banking (Hawala),1,466343.23,1
HAWALA_00287,Charity Abuse; Funnel Account Network; Underground Banking (Hawala),1,466343.23,1
HAWALA_00290,Charity Abuse; Funnel Account Network; Underground Banking (Hawala),1,466343.23,1
HAWALA_00284,Charity Abuse; Funnel Account Network; Underground Banking (Hawala),1,466343.23,1
HAWALA_00285,Charity Abuse; Funnel Account Network; Underground Banking (Hawala),1,466343.23,1
HAWALA_00286,Charity Abuse; Funnel Account Network; Underground Banking (Hawala),1,466343.23,1
HAWALA_00341,Charity Abuse; Circular Transaction Loop; Underground Banking (Hawala),1,466205.56,1
CIRC_00057,Charity Abuse; Circular Transaction Loop; Underground Banking (Hawala),1,466205.56,1
CIRC_00044,Charity Abuse; Circular Transaction Loop; Underground Banking (Hawala),1,466205.56,1
HAWALA_00346,Charity Abuse; Circular Transaction Loop; Underground Banking (Hawala),1,466205.56,1
CIRC_00043,Charity Abuse; Circular Transaction Loop; Underground Banking (Hawala),1,466205.56,1
HAWALA_00350,Charity Abuse; Circular Transaction Loop; Underground Banking (Hawala),1,466205.56,1
HAWALA_00342,Charity Abuse; Circular Transaction Loop; Underground Banking (Hawala),1,466205.56,1
HAWALA_00343,Charity Abuse; Circular Transaction Loop; Underground Banking (Hawala),1,466205.56,1
HAWALA_00344,Charity Abuse; Circular Transaction Loop; Underground Banking (Hawala),1,466205.56,1
HAWALA_00345,Charity Abuse; Circular Transaction Loop; Underground Banking (Hawala),1,466205.56,1
CIRC_00052,Charity Abuse; Circular Transaction Loop; Underground Banking (Hawala),1,466205.56,1
HAWALA_00340,Charity Abuse; Circular Transaction Loop; Underground Banking (Hawala),1,466205.56,1
CIRC_00045,Charity Abuse; Circular Transaction Loop; Underground Banking (Hawala),1,466205.56,1
CIRC_00055,Charity Abuse; Circular Transaction Loop; Underground Banking (Hawala),1,466205.56,1
HAWALA_00354,Charity Abuse; Circular Transaction Loop; Underground Banking (Hawala),1,466205.56,1
HAWALA_00352,Charity Abuse; Circular Transaction Loop; Underground Banking (Hawala),1,466205.56,1
CIRC_00056,Charity Abuse; Circular Transaction Loop; Underground Banking (Hawala),1,466205.56,1
HAWALA_00355,Charity Abuse; Circular Transaction Loop; Underground Banking (Hawala),1,466205.56,1
HAWALA_00349,Charity Abuse; Circular Transaction Loop; Underground Banking (Hawala),1,466205.56,1
HAWALA_00353,Charity Abuse; Circular Transaction Loop; Underground Banking (Hawala),1,466205.56,1
HAWALA_00351,Charity Abuse; Circular Transaction Loop; Underground Banking (Hawala),1,466205.56,1
CIRC_00053,Charity Abuse; Circular Transaction Loop; Underground Banking (Hawala),1,466205.56,1
CIRC_00046,Charity Abuse; Circular Transaction Loop; Underground Banking (Hawala),1,466205.56,1
CIRC_00047,Charity Abuse; Circular Transaction Loop; Underground Banking (Hawala),1,466205.56,1
CIRC_00049,Charity Abuse; Circular Transaction Loop; Underground Banking (Hawala),1,466205.56,1
HAWALA_00347,Charity Abuse; Circular Transaction Loop; Underground Banking (Hawala),1,466205.56,1
CIRC_00051,Charity Abuse; Circular Transaction Loop; Underground Banking (Hawala),1,466205.56,1
CIRC_00050,Charity Abuse; Circular Transaction Loop; Underground Banking (Hawala),1,466205.56,1
CIRC_00054,Charity Abuse; Circular Transaction Loop; Underground Banking (Hawala),1,466205.56,1
CIRC_00048,Charity Abuse; Circular Transaction Loop; Underground Banking (Hawala),1,466205.56,1
CIRC_00042,Charity Abuse; Circular Transaction Loop; Underground Banking (Hawala),1,466205.56,1
HAWALA_00348,Charity Abuse; Circular Transaction Loop; Underground Banking (Hawala),1,466205.56,1
CHARITY_01753,Charity Abuse; Underground Banking (Hawala),2,465953.76,2
HAWALA_02290,Charity Abuse; Underground Banking (Hawala),2,465809.7,2
HAWALA_02287,Charity Abuse; Underground Banking (Hawala),2,465809.7,2
HAWALA_02294,Charity Abuse; Underground Banking (Hawala),2,465809.7,1
HAWALA_02280,Charity Abuse; Underground Banking (Hawala),2,465809.7,2
HAWALA_02291,Charity Abuse; Underground Banking (Hawala),2,465809.7,2
HAWALA_02286,Charity Abuse; Underground Banking (Hawala),2,465809.7,2
HAWALA_02288,Charity Abuse; Underground Banking (Hawala),2,465809.7,2
HAWALA_02284,Charity Abuse; Underground Banking (Hawala),2,465809.7,2
HAWALA_02283,Charity Abuse; Underground Banking (Hawala),2,465809.7,2
HAWALA_02285,Charity Abuse; Underground Banking (Hawala),2,465809.7,2
HAWALA_02293,Charity Abuse; Underground Banking (Hawala),2,465809.7,1
HAWALA_02295,Charity Abuse; Underground Banking (Hawala),2,465809.7,1
HAWALA_02289,Charity Abuse; Underground Banking (Hawala),2,465809.7,2
HAWALA_02281,Charity Abuse; Underground Banking (Hawala),2,465809.7,2
HAWALA_02282,Charity Abuse; Underground Banking (Hawala),2,465809.7,2
HAWALA_02292,Charity Abuse; Underground Banking (Hawala),2,465809.7,1
CHARITY_03211,Charity Abuse; Underground Banking (Hawala),2,465665.64,2
CHARITY_01668,Charity Abuse,18,465645.93,11
CHARITY_02125,Charity Abuse,15,465567.93,8
CHARITY_02613,Charity Abuse,21,465508.5,10
CHARITY_02941,Charity Abuse,24,465102.78,8
CHARITY_00418,Charity Abuse,22,464943.62,9
CHARITY_02289,Charity Abuse,15,464503.65,2
HRCORR_00434,High-Risk Corridor Transfer,3,464378.14999999997,1
CHARITY_00741,Charity Abuse,16,464336.35000000003,8
FUNNEL_00274,Funnel Account Network; Underground Banking (Hawala),2,464264.56,2
CHARITY_00749,Charity Abuse,13,464261.94999999995,9
HAWALA_00380,Charity Abuse; Underground Banking (Hawala),1,464187.46,1
HAWALA_00383,Charity Abuse; Underground Banking (Hawala),1,464187.46,1
HAWALA_00385,Charity Abuse; Underground Banking (Hawala),1,464187.46,1
HAWALA_00384,Charity Abuse; Underground Banking (Hawala),1,464187.46,1
HAWALA_00387,Charity Abuse; Underground Banking (Hawala),1,464187.46,1
HAWALA_00382,Charity Abuse; Underground Banking (Hawala),1,464187.46,1
HAWALA_00386,Charity Abuse; Underground Banking (Hawala),1,464187.46,1
HAWALA_00381,Charity Abuse; Underground Banking (Hawala),1,464187.46,1
PASS_00609,Pass-Through Transit Hub,2,464156.54000000004,2
CHARITY_02449,Charity Abuse,19,463979.86,10
PASS_00323,Pass-Through Transit Hub,2,463760.12,1
HRCORR_00320,High-Risk Corridor Transfer,3,463730.93,1
HAWALA_00329,Charity Abuse; Underground Banking (Hawala),1,463608.14,1
HAWALA_00325,Charity Abuse; Underground Banking (Hawala),1,463608.14,1
HAWALA_00328,Charity Abuse; Underground Banking (Hawala),1,463608.14,1
HAWALA_00324,Charity Abuse; Underground Banking (Hawala),1,463608.14,1
HAWALA_00326,Charity Abuse; Underground Banking (Hawala),1,463608.14,1
HAWALA_00331,Charity Abuse; Underground Banking (Hawala),1,463608.14,1
HAWALA_00330,Charity Abuse; Underground Banking (Hawala),1,463608.14,1
HAWALA_00327,Charity Abuse; Underground Banking (Hawala),1,463608.14,1
CHARITY_02534,Charity Abuse,17,463502.27,10
CHARITY_03103,Charity Abuse,24,463320.8,12
FUNNEL_00035,Funnel Account Network,16,463285.25,13
TPWEB_00055,Third-Party Payment Web,7,463240.85,7
PASS_00114,Pass-Through Transit Hub,1,463148.09,1
CHARITY_03057,Charity Abuse,19,463091.86,10
HAWALA_00209,Charity Abuse; Underground Banking (Hawala),1,463055.4,1
HAWALA_00208,Charity Abuse; Underground Banking (Hawala),1,463055.4,1
HAWALA_00206,Charity Abuse; Underground Banking (Hawala),1,463055.4,1
HAWALA_00207,Charity Abuse; Underground Banking (Hawala),1,463055.4,1
HAWALA_00204,Charity Abuse; Underground Banking (Hawala),1,463055.4,1
HAWALA_00205,Charity Abuse; Underground Banking (Hawala),1,463055.4,1
HAWALA_00210,Charity Abuse; Underground Banking (Hawala),1,463055.4,1
HAWALA_00211,Charity Abuse; Underground Banking (Hawala),1,463055.4,1
PASS_00302,Charity Abuse; Pass-Through Transit Hub,1,462934.3,1
CHARITY_00116,Charity Abuse; Pass-Through Transit Hub,1,462934.3,1
CHARITY_00948,Charity Abuse,13,462765.68999999994,12
CHARITY_01353,Charity Abuse,22,462748.97,8
CHARITY_00486,Charity Abuse,21,462569.64,12
CHARITY_00956,Charity Abuse,21,462428.85,9
CHARITY_00751,Charity Abuse,19,462402.56000000006,8
CHARITY_02787,Charity Abuse,13,462380.99,7
HAWALA_00203,Charity Abuse; Underground Banking (Hawala),1,462362.02,1
HAWALA_00202,Charity Abuse; Underground Banking (Hawala),1,462362.02,1
HAWALA_00199,Charity Abuse; Underground Banking (Hawala),1,462362.02,1
HAWALA_00189,Charity Abuse; Underground Banking (Hawala),1,462362.02,1
HAWALA_00201,Charity Abuse; Underground Banking (Hawala),1,462362.02,1
HAWALA_00190,Charity Abuse; Underground Banking (Hawala),1,462362.02,1
HAWALA_00198,Charity Abuse; Underground Banking (Hawala),1,462362.02,1
HAWALA_00200,Charity Abuse; Underground Banking (Hawala),1,462362.02,1
HAWALA_00194,Charity Abuse; Underground Banking (Hawala),1,462362.02,1
HAWALA_00191,Charity Abuse; Underground Banking (Hawala),1,462362.02,1
HAWALA_00188,Charity Abuse; Underground Banking (Hawala),1,462362.02,1
HAWALA_00192,Charity Abuse; Underground Banking (Hawala),1,462362.02,1
HAWALA_00196,Charity Abuse; Underground Banking (Hawala),1,462362.02,1
HAWALA_00195,Charity Abuse; Underground Banking (Hawala),1,462362.02,1
HAWALA_00193,Charity Abuse; Underground Banking (Hawala),1,462362.02,1
HAWALA_00197,Charity Abuse; Underground Banking (Hawala),1,462362.02,1
CHARITY_00407,Charity Abuse,21,462269.64999999997,8
CHARITY_00323,Charity Abuse,9,462237.04000000004,7
CHARITY_01339,Charity Abuse,20,462131.41000000003,7
PASS_00127,Charity Abuse; Pass-Through Transit Hub,1,461535.47,1
CHARITY_00580,Charity Abuse; Pass-Through Transit Hub,1,461535.47,1
CHARITY_00531,Charity Abuse,19,461206.67,11
CHARITY_00287,Charity Abuse,18,461117.93,7
CHARITY_01331,Charity Abuse,17,461057.79,10
CHARITY_00108,Charity Abuse,24,460997.56,7
CHARITY_01702,Charity Abuse,13,460996.14,8
CHARITY_02098,Charity Abuse,16,460975.66,8
PASS_00291,Pass-Through Transit Hub,2,460935.48,2
PASS_00457,Pass-Through Transit Hub,2,460915.29,2
CHARITY_02036,Charity Abuse,20,460888.86000000004,6
CHARITY_01999,Charity Abuse,17,460478.44,9
FUNNEL_00262,Charity Abuse; Funnel Account Network,8,460383.56000000006,7
CHARITY_03066,Charity Abuse; Funnel Account Network,8,460383.56000000006,7
HAWALA_00358,Charity Abuse; Underground Banking (Hawala),1,460350.52,1
HAWALA_00356,Charity Abuse; Underground Banking (Hawala),1,460350.52,1
HAWALA_00357,Charity Abuse; Underground Banking (Hawala),1,460350.52,1
HAWALA_00369,Charity Abuse; Underground Banking (Hawala),1,460350.52,1
HAWALA_00368,Charity Abuse; Underground Banking (Hawala),1,460350.52,1
HAWALA_00362,Charity Abuse; Underground Banking (Hawala),1,460350.52,1
HAWALA_00363,Charity Abuse; Underground Banking (Hawala),1,460350.52,1
HAWALA_00365,Charity Abuse; Underground Banking (Hawala),1,460350.52,1
HAWALA_00367,Charity Abuse; Underground Banking (Hawala),1,460350.52,1
HAWALA_00360,Charity Abuse; Underground Banking (Hawala),1,460350.52,1
HAWALA_00366,Charity Abuse; Underground Banking (Hawala),1,460350.52,1
HAWALA_00361,Charity Abuse; Underground Banking (Hawala),1,460350.52,1
HAWALA_00371,Charity Abuse; Underground Banking (Hawala),1,460350.52,1
HAWALA_00359,Charity Abuse; Underground Banking (Hawala),1,460350.52,1
HAWALA_00364,Charity Abuse; Underground Banking (Hawala),1,460350.52,1
HAWALA_00370,Charity Abuse; Underground Banking (Hawala),1,460350.52,1
CHARITY_01095,Charity Abuse,17,460340.46,4
CHARITY_01142,Charity Abuse,9,460083.37,5
CHARITY_00364,Charity Abuse,26,460079.54,15
CHARITY_02004,Charity Abuse,15,459702.55,7
CHARITY_00272,Charity Abuse,18,459689.69,11
MULE_00037,Money Mule Network,3,459508.14,3
CHARITY_02201,Charity Abuse,12,459369.96,9
CHARITY_01487,Charity Abuse,17,459215.83,6
CHARITY_02914,Charity Abuse; High-Risk Corridor Transfer,2,459193.29000000004,1
HRCORR_00295,Charity Abuse; High-Risk Corridor Transfer,2,459193.29000000004,1
CHARITY_00093,Charity Abuse; Underground Banking (Hawala),1,459189.95,1
CHARITY_02306,Charity Abuse,14,459120.64,12
FUNNEL_00097,Charity Abuse; Funnel Account Network; Third-Party Payment Web,24,458944.26,24
TPWEB_00596,Charity Abuse; Funnel Account Network; Third-Party Payment Web,24,458944.26,24
CHARITY_01233,Charity Abuse; Funnel Account Network; Third-Party Payment Web,24,458944.26,24
CHARITY_02059,Charity Abuse,16,458415.03,10
CHARITY_00250,Charity Abuse,22,458147.13,5
PASS_00133,Pass-Through Transit Hub,2,458041.66000000003,2
MULE_00016,Funnel Account Network; Money Mule Network,5,457851.86,1
FUNNEL_00008,Funnel Account Network; Money Mule Network,5,457851.86,1
CHARITY_03134,Charity Abuse,13,457816.01,12
PASS_00137,Pass-Through Transit Hub,2,456986.58999999997,2
TPWEB_00111,Third-Party Payment Web,6,456780.87,6
CHARITY_00098,Charity Abuse,18,456677.08999999997,11
CHARITY_01205,Charity Abuse,13,456600.01,6
CHARITY_00205,Charity Abuse,23,456382.0,7
FUNNEL_00143,Funnel Account Network; High-Risk Corridor Transfer,1,456294.19,1
HRCORR_00271,Funnel Account Network; High-Risk Corridor Transfer,1,456294.19,1
CHARITY_02230,Charity Abuse,15,456244.4,4
CHARITY_03262,Charity Abuse,16,456141.7,11
CHARITY_03092,Charity Abuse,16,455939.62,9
CHARITY_00626,Charity Abuse,19,455762.0,9
PASS_00127,Pass-Through Transit Hub,1,455631.12,1
CHARITY_03155,Charity Abuse,20,455521.04,11
CHARITY_02222,Charity Abuse,21,455365.73,10
CHARITY_01754,Charity Abuse,14,455063.07,13
CHARITY_01833,Charity Abuse,16,454687.78,15
CHARITY_01033,Charity Abuse,18,454669.67,12
HAWALA_00419,Charity Abuse; Underground Banking (Hawala),1,454645.98,1
HAWALA_00422,Charity Abuse; Underground Banking (Hawala),1,454645.98,1
HAWALA_00420,Charity Abuse; Underground Banking (Hawala),1,454645.98,1
HAWALA_00421,Charity Abuse; Underground Banking (Hawala),1,454645.98,1
HAWALA_00423,Charity Abuse; Underground Banking (Hawala),1,454645.98,1
HAWALA_00412,Charity Abuse; Underground Banking (Hawala),1,454645.98,1
HAWALA_00417,Charity Abuse; Underground Banking (Hawala),1,454645.98,1
HAWALA_00416,Charity Abuse; Underground Banking (Hawala),1,454645.98,1
HAWALA_00414,Charity Abuse; Underground Banking (Hawala),1,454645.98,1
HAWALA_00427,Charity Abuse; Underground Banking (Hawala),1,454645.98,1
HAWALA_00426,Charity Abuse; Underground Banking (Hawala),1,454645.98,1
HAWALA_00415,Charity Abuse; Underground Banking (Hawala),1,454645.98,1
HAWALA_00425,Charity Abuse; Underground Banking (Hawala),1,454645.98,1
HAWALA_00424,Charity Abuse; Underground Banking (Hawala),1,454645.98,1
HAWALA_00418,Charity Abuse; Underground Banking (Hawala),1,454645.98,1
HAWALA_00413,Charity Abuse; Underground Banking (Hawala),1,454645.98,1
CHARITY_01599,Charity Abuse,19,454246.74,13
CHARITY_02692,Charity Abuse,26,454175.02,14
CHARITY_02589,Charity Abuse,24,454136.69999999995,11
CHARITY_00992,Charity Abuse,17,454103.83,7
CHARITY_00434,Charity Abuse,17,454080.16,6
CHARITY_01636,Charity Abuse,16,454049.64,11
CHARITY_02936,Charity Abuse,18,453813.58,10
CHARITY_02087,Charity Abuse,18,453711.31000000006,12
CHARITY_02135,Charity Abuse,21,453634.03,12
CHARITY_01297,Charity Abuse,7,453160.92,6
CHARITY_00803,Charity Abuse,19,453068.58999999997,9
CHARITY_00123,Charity Abuse,14,452909.15,5
PASS_00351,Pass-Through Transit Hub,2,452807.81,2
CHARITY_01231,Charity Abuse; Underground Banking (Hawala),2,452615.54,2
CIRC_00101,Charity Abuse; Circular Transaction Loop,1,452467.71,1
CIRC_00098,Charity Abuse; Circular Transaction Loop,1,452467.71,1
CIRC_00085,Charity Abuse; Circular Transaction Loop,1,452467.71,1
CIRC_00084,Charity Abuse; Circular Transaction Loop,1,452467.71,1
CIRC_00093,Charity Abuse; Circular Transaction Loop,1,452467.71,1
CIRC_00102,Charity Abuse; Circular Transaction Loop,1,452467.71,1
CIRC_00097,Charity Abuse; Circular Transaction Loop,1,452467.71,1
CIRC_00090,Charity Abuse; Circular Transaction Loop,1,452467.71,1
CIRC_00082,Charity Abuse; Circular Transaction Loop,1,452467.71,1
CIRC_00089,Charity Abuse; Circular Transaction Loop,1,452467.71,1
CIRC_00088,Charity Abuse; Circular Transaction Loop,1,452467.71,1
CIRC_00086,Charity Abuse; Circular Transaction Loop,1,452467.71,1
CIRC_00087,Charity Abuse; Circular Transaction Loop,1,452467.71,1
CIRC_00100,Charity Abuse; Circular Transaction Loop,1,452467.71,1
CIRC_00083,Charity Abuse; Circular Transaction Loop,1,452467.71,1
CIRC_00108,Charity Abuse; Circular Transaction Loop,1,452467.71,1
CIRC_00106,Charity Abuse; Circular Transaction Loop,1,452467.71,1
CIRC_00107,Charity Abuse; Circular Transaction Loop,1,452467.71,1
CIRC_00112,Charity Abuse; Circular Transaction Loop,1,452467.71,1
CIRC_00092,Charity Abuse; Circular Transaction Loop,1,452467.71,1
CIRC_00113,Charity Abuse; Circular Transaction Loop,1,452467.71,1
CIRC_00091,Charity Abuse; Circular Transaction Loop,1,452467.71,1
CIRC_00095,Charity Abuse; Circular Transaction Loop,1,452467.71,1
CIRC_00096,Charity Abuse; Circular Transaction Loop,1,452467.71,1
CIRC_00099,Charity Abuse; Circular Transaction Loop,1,452467.71,1
CIRC_00103,Charity Abuse; Circular Transaction Loop,1,452467.71,1
CIRC_00110,Charity Abuse; Circular Transaction Loop,1,452467.71,1
CIRC_00111,Charity Abuse; Circular Transaction Loop,1,452467.71,1
CIRC_00104,Charity Abuse; Circular Transaction Loop,1,452467.71,1
CIRC_00105,Charity Abuse; Circular Transaction Loop,1,452467.71,1
CIRC_00094,Charity Abuse; Circular Transaction Loop,1,452467.71,1
CIRC_00109,Charity Abuse; Circular Transaction Loop,1,452467.71,1
CHARITY_01097,Charity Abuse; Funnel Account Network,6,452403.64999999997,2
TPWEB_00074,Third-Party Payment Web,8,452393.32,8
CHARITY_02271,Charity Abuse,18,452286.68,14
CHARITY_02607,Charity Abuse,18,452061.72,10
CHARITY_01589,Charity Abuse,22,451569.06,9
TPWEB_00001,Third-Party Payment Web,8,451560.52,8
CHARITY_00612,Charity Abuse,18,450904.86,5
CHARITY_02655,Charity Abuse,18,450899.2,15
CHARITY_00505,Charity Abuse; High-Risk Corridor Transfer,1,450891.48,1
HRCORR_00405,Charity Abuse; High-Risk Corridor Transfer,1,450891.48,1
CHARITY_01544,Charity Abuse,16,450622.9,11
CHARITY_00671,Charity Abuse,13,450610.27,10
TPWEB_01618,Charity Abuse; Funnel Account Network; Third-Party Payment Web,21,450173.6,21
CHARITY_03291,Charity Abuse; Funnel Account Network; Third-Party Payment Web,21,450173.6,21
FUNNEL_00280,Charity Abuse; Funnel Account Network; Third-Party Payment Web,21,450173.6,21
HAWALA_00459,Funnel Account Network; Underground Banking (Hawala),1,450059.61,1
HAWALA_00458,Funnel Account Network; Underground Banking (Hawala),1,450059.61,1
HAWALA_00457,Funnel Account Network; Underground Banking (Hawala),1,450059.61,1
HAWALA_00452,Funnel Account Network; Underground Banking (Hawala),1,450059.61,1
HAWALA_00453,Funnel Account Network; Underground Banking (Hawala),1,450059.61,1
HAWALA_00454,Funnel Account Network; Underground Banking (Hawala),1,450059.61,1
HAWALA_00455,Funnel Account Network; Underground Banking (Hawala),1,450059.61,1
HAWALA_00456,Funnel Account Network; Underground Banking (Hawala),1,450059.61,1
CHARITY_02157,Charity Abuse,11,449943.85000000003,8
CHARITY_01044,Charity Abuse,15,449790.69,9
CHARITY_03160,Charity Abuse,24,449756.70999999996,10
CHARITY_00929,Charity Abuse,18,449647.39999999997,8
CHARITY_00622,Charity Abuse,20,449625.48,6
CHARITY_01064,Charity Abuse,24,449578.82,14
CHARITY_00852,Charity Abuse,19,449572.17,8
CHARITY_00830,Charity Abuse,19,449503.27,8
PASS_00285,Pass-Through Transit Hub,2,449408.19999999995,2
CHARITY_02731,Charity Abuse,18,449310.01,8
CHARITY_02070,Charity Abuse; Funnel Account Network,16,449270.67,5
FUNNEL_00174,Charity Abuse; Funnel Account Network,16,449270.67,5
CHARITY_01286,Charity Abuse,13,448958.27999999997,10
CHARITY_02705,Charity Abuse,13,448808.4,10
CHARITY_01694,Charity Abuse,17,448797.24,7
CHARITY_02890,Charity Abuse,18,448205.95999999996,7
CHARITY_02400,Charity Abuse; High-Risk Corridor Transfer,1,448181.97,1
HRCORR_00347,Charity Abuse; High-Risk Corridor Transfer,1,448181.97,1
CHARITY_00933,Charity Abuse,21,448171.4,11
CHARITY_00740,Charity Abuse,22,448156.47,9
CHARITY_02572,Charity Abuse,16,448129.64,8
CHARITY_02203,Charity Abuse,23,448125.78,6
CHARITY_00334,Charity Abuse,16,448117.48000000004,11
CHARITY_01664,Charity Abuse,22,448003.9,7
CHARITY_00125,Charity Abuse,18,447951.72,6
CHARITY_02928,Charity Abuse,14,447764.77999999997,6
CHARITY_01532,Charity Abuse,13,447619.51,4
CHARITY_01421,Charity Abuse,17,447523.87,9
CHARITY_03151,Charity Abuse,17,446866.64,9
CHARITY_01776,Charity Abuse,15,446812.11,3
CHARITY_02411,Charity Abuse,17,446781.05,10
PASS_00114,Charity Abuse; Pass-Through Transit Hub,1,446662.3,1
CHARITY_01702,Charity Abuse; Pass-Through Transit Hub,1,446662.3,1
CHARITY_01189,Charity Abuse,16,446346.49,8
CHARITY_01175,Charity Abuse,17,446259.12,9
CHARITY_00764,Charity Abuse; Funnel Account Network,15,446098.58999999997,13
CHARITY_01872,Charity Abuse,18,445856.86,5
CHARITY_00144,Charity Abuse,22,445626.31,8
CHARITY_03254,Charity Abuse,18,445508.4,9
CHARITY_00559,Charity Abuse,14,445303.9,8
CHARITY_01242,Charity Abuse,19,444964.54,8
CHARITY_02562,Charity Abuse,21,444901.47,11
CHARITY_01012,Charity Abuse,14,444661.12,7
TPWEB_01087,Third-Party Payment Web,8,444577.6,8
HRCORR_00492,High-Risk Corridor Transfer,4,444272.48,1
CHARITY_00758,Charity Abuse,17,444161.07000000007,10
CHARITY_02280,Charity Abuse,15,443939.97,6
CHARITY_02174,Charity Abuse,16,443908.52999999997,11
CHARITY_00579,Charity Abuse,20,443773.48,7
PASS_00646,Pass-Through Transit Hub,1,443696.74,1
CHARITY_00146,Charity Abuse,21,443640.1,6
CHARITY_00278,Charity Abuse,17,443430.54000000004,10
CHARITY_02506,Charity Abuse,17,443330.97,8
PASS_00210,Pass-Through Transit Hub,2,443146.14,2
CHARITY_00712,Charity Abuse,18,443141.70999999996,13
CHARITY_02468,Charity Abuse,23,443035.75,12
CHARITY_01905,Charity Abuse,16,443001.21,15
CHARITY_00471,Charity Abuse,13,442839.67,7
TPWEB_00041,Third-Party Payment Web,8,442601.93,7
CHARITY_01049,Charity Abuse,16,442572.05,8
CHARITY_03017,Charity Abuse,23,442403.54000000004,8
TPWEB_01409,Third-Party Payment Web,8,442113.97000000003,8
PASS_00646,Charity Abuse; Pass-Through Transit Hub,1,442109.26,1
CHARITY_01156,Charity Abuse; Pass-Through Transit Hub,1,442109.26,1
CHARITY_00950,Charity Abuse,16,442064.94,7
CHARITY_02466,Charity Abuse,17,441956.27,4
CHARITY_03105,Charity Abuse,18,441413.9,9
CHARITY_02626,Charity Abuse,20,441267.29,13
HAWALA_00464,Charity Abuse; Underground Banking (Hawala),1,441196.39,1
HAWALA_00463,Charity Abuse; Underground Banking (Hawala),1,441196.39,1
HAWALA_00467,Charity Abuse; Underground Banking (Hawala),1,441196.39,1
HAWALA_00465,Charity Abuse; Underground Banking (Hawala),1,441196.39,1
HAWALA_00460,Charity Abuse; Underground Banking (Hawala),1,441196.39,1
HAWALA_00462,Charity Abuse; Underground Banking (Hawala),1,441196.39,1
HAWALA_00461,Charity Abuse; Underground Banking (Hawala),1,441196.39,1
HAWALA_00466,Charity Abuse; Underground Banking (Hawala),1,441196.39,1
CHARITY_02476,Charity Abuse,20,441139.94,11
CHARITY_00998,Charity Abuse,21,441089.13,7
HRCORR_00197,Charity Abuse; High-Risk Corridor Transfer,2,441080.87,1
CHARITY_01242,Charity Abuse; High-Risk Corridor Transfer,2,441080.87,1
CHARITY_01571,Charity Abuse,19,441074.01,9
CHARITY_00448,Charity Abuse,15,440834.24,7
CHARITY_03075,Charity Abuse,20,440703.46,9
CIRC_00118,Charity Abuse; Circular Transaction Loop; Underground Banking (Hawala),1,440643.86,1
HAWALA_00474,Charity Abuse; Circular Transaction Loop; Underground Banking (Hawala),1,440643.86,1
HAWALA_00473,Charity Abuse; Circular Transaction Loop; Underground Banking (Hawala),1,440643.86,1
HAWALA_00475,Charity Abuse; Circular Transaction Loop; Underground Banking (Hawala),1,440643.86,1
HAWALA_00472,Charity Abuse; Circular Transaction Loop; Underground Banking (Hawala),1,440643.86,1
CIRC_00121,Charity Abuse; Circular Transaction Loop; Underground Banking (Hawala),1,440643.86,1
CHARITY_00441,Charity Abuse; Circular Transaction Loop; Underground Banking (Hawala),1,440643.86,1
CIRC_00119,Charity Abuse; Circular Transaction Loop; Underground Banking (Hawala),1,440643.86,1
CIRC_00120,Charity Abuse; Circular Transaction Loop; Underground Banking (Hawala),1,440643.86,1
CHARITY_02388,Charity Abuse,33,440591.13,28
CHARITY_01836,Charity Abuse,17,440441.77,9
PASS_00588,Pass-Through Transit Hub,2,440417.13,2
HAWALA_00519,Charity Abuse; Underground Banking (Hawala),1,440251.38,1
HAWALA_00516,Charity Abuse; Underground Banking (Hawala),1,440251.38,1
HAWALA_00521,Charity Abuse; Underground Banking (Hawala),1,440251.38,1
HAWALA_00522,Charity Abuse; Underground Banking (Hawala),1,440251.38,1
HAWALA_00520,Charity Abuse; Underground Banking (Hawala),1,440251.38,1
HAWALA_00518,Charity Abuse; Underground Banking (Hawala),1,440251.38,1
HAWALA_00517,Charity Abuse; Underground Banking (Hawala),1,440251.38,1
HAWALA_00523,Charity Abuse; Underground Banking (Hawala),1,440251.38,1
CHARITY_02026,Charity Abuse,17,440084.26,7
HRCORR_00349,Charity Abuse; High-Risk Corridor Transfer,2,440029.76,1
CHARITY_01138,Charity Abuse; High-Risk Corridor Transfer,2,440029.76,1
CHARITY_00284,Charity Abuse,15,439829.81,10
CHARITY_00767,Charity Abuse; Funnel Account Network; Third-Party Payment Web,19,439817.7,19
FUNNEL_00060,Charity Abuse; Funnel Account Network; Third-Party Payment Web,19,439817.7,19
CHARITY_01295,Charity Abuse,17,439716.97,11
CHARITY_00481,Charity Abuse,18,439509.61,10
CHARITY_00880,Charity Abuse,16,439422.08,6
HAWALA_02442,Underground Banking (Hawala),2,439337.56,2
HAWALA_02444,Underground Banking (Hawala),2,439337.56,1
HAWALA_02441,Underground Banking (Hawala),2,439337.56,2
HAWALA_02440,Underground Banking (Hawala),2,439337.56,2
HAWALA_02445,Underground Banking (Hawala),2,439337.56,1
HAWALA_02446,Underground Banking (Hawala),2,439337.56,2
HAWALA_02443,Underground Banking (Hawala),2,439337.56,2
HAWALA_02447,Underground Banking (Hawala),2,439337.56,2
CHARITY_02808,Charity Abuse,20,439271.44,13
CHARITY_01179,Charity Abuse,16,438782.12,3
CHARITY_01405,Charity Abuse,20,438583.44,4
CHARITY_02266,Charity Abuse,19,438559.52,7
CHARITY_01436,Charity Abuse,17,438291.13,8
CHARITY_02700,Charity Abuse,17,438275.81,10
CHARITY_01633,Charity Abuse,24,438145.9,12
FUNNEL_00061,Funnel Account Network,11,437755.94,9
CHARITY_01151,Charity Abuse,18,437697.01,8
CHARITY_01389,Charity Abuse,17,437637.64,4
CHARITY_03024,Charity Abuse,15,437529.81,12
CHARITY_00359,Charity Abuse,19,437375.32,5
TPWEB_01277,Funnel Account Network; Third-Party Payment Web,20,437345.04,19
FUNNEL_00223,Funnel Account Network; Third-Party Payment Web,20,437345.04,19
CHARITY_02663,Charity Abuse,17,437291.99,6
CHARITY_00392,Charity Abuse,18,437266.52,5
CHARITY_03251,Charity Abuse,22,437244.02999999997,11
CHARITY_01413,Charity Abuse,16,437224.63999999996,14
PASS_00045,Pass-Through Transit Hub,2,437107.62,2
FUNNEL_00241,Charity Abuse; Funnel Account Network; Underground Banking (Hawala),2,437090.94,2
CHARITY_02847,Charity Abuse; Funnel Account Network; Underground Banking (Hawala),2,437090.94,2
CHARITY_03096,Charity Abuse,15,437047.39999999997,7
CHARITY_01216,Charity Abuse,17,436649.54000000004,6
CHARITY_00881,Charity Abuse,17,436626.73,11
HRCORR_00330,High-Risk Corridor Transfer,3,436583.96,1
CHARITY_01960,Charity Abuse,20,436558.21,9
CHARITY_01246,Charity Abuse,22,436500.24,9
HRCORR_00044,Charity Abuse; High-Risk Corridor Transfer,2,436368.35,1
CHARITY_00248,Charity Abuse; High-Risk Corridor Transfer,2,436368.35,1
CHARITY_01351,Charity Abuse,14,436354.59,8
CHARITY_02749,Charity Abuse,18,435562.49000000005,8
CHARITY_00172,Charity Abuse,19,435453.56,13
CHARITY_00715,Charity Abuse,23,435120.58,11
CHARITY_02702,Charity Abuse,15,434835.48,4
PASS_00216,Charity Abuse; Funnel Account Network; Pass-Through Transit Hub,1,434631.02,1
FUNNEL_00251,Charity Abuse; Funnel Account Network; Pass-Through Transit Hub,1,434631.02,1
CHARITY_02964,Charity Abuse; Funnel Account Network; Pass-Through Transit Hub,1,434631.02,1
CHARITY_01522,Charity Abuse,16,434626.9,10
TPWEB_00985,Third-Party Payment Web,8,434544.4,8
CHARITY_01606,Charity Abuse,15,434426.99,8
CHARITY_00756,Charity Abuse,17,434416.08,11
CHARITY_01525,Charity Abuse,21,434094.51,14
FUNNEL_00182,Charity Abuse; Funnel Account Network; Third-Party Payment Web,21,433691.15,21
TPWEB_01086,Charity Abuse; Funnel Account Network; Third-Party Payment Web,21,433691.15,21
CHARITY_01209,Charity Abuse,19,433646.15,12
CHARITY_00617,Charity Abuse,20,433357.24,9
CHARITY_00571,Charity Abuse,16,433311.14,11
CHARITY_03222,Charity Abuse,20,433253.94,15
CHARITY_02753,Charity Abuse,16,433141.95,8
PASS_00347,Pass-Through Transit Hub,2,432924.6,2
CHARITY_01330,Charity Abuse,18,432785.89999999997,13
CHARITY_03052,Charity Abuse,17,432741.67000000004,12
CHARITY_02368,Charity Abuse,19,432671.08,9
HAWALA_00606,Underground Banking (Hawala),1,432580.38,1
HAWALA_00605,Underground Banking (Hawala),1,432580.38,1
HAWALA_00608,Underground Banking (Hawala),1,432580.38,1
HAWALA_00609,Underground Banking (Hawala),1,432580.38,1
HAWALA_00611,Underground Banking (Hawala),1,432580.38,1
HAWALA_00610,Underground Banking (Hawala),1,432580.38,1
HAWALA_00604,Underground Banking (Hawala),1,432580.38,1
HAWALA_00607,Underground Banking (Hawala),1,432580.38,1
CHARITY_02072,Charity Abuse,16,432392.43000000005,7
CHARITY_01776,Charity Abuse; High-Risk Corridor Transfer,1,432366.17,1
HRCORR_00268,Charity Abuse; High-Risk Corridor Transfer,1,432366.17,1
CHARITY_01076,Charity Abuse,14,432188.80000000005,10
CHARITY_02428,Charity Abuse,13,432164.50999999995,6
CHARITY_00939,Charity Abuse,16,432069.81,7
CHARITY_01875,Charity Abuse,21,432028.35000000003,8
CHARITY_00506,Charity Abuse,26,431985.15,12
CHARITY_02455,Charity Abuse,13,431939.28,6
CHARITY_00918,Charity Abuse; Pass-Through Transit Hub,1,431917.57,1
CHARITY_02483,Charity Abuse,16,431777.67000000004,9
CHARITY_01719,Charity Abuse; Underground Banking (Hawala),2,431736.24,2
CHARITY_01141,Charity Abuse,15,431717.78,7
CHARITY_02078,Charity Abuse,14,431660.43,8
HAWALA_00538,Funnel Account Network; Underground Banking (Hawala),1,431409.47,1
HAWALA_00539,Funnel Account Network; Underground Banking (Hawala),1,431409.47,1
HAWALA_00536,Funnel Account Network; Underground Banking (Hawala),1,431409.47,1
HAWALA_00535,Funnel Account Network; Underground Banking (Hawala),1,431409.47,1
HAWALA_00533,Funnel Account Network; Underground Banking (Hawala),1,431409.47,1
HAWALA_00534,Funnel Account Network; Underground Banking (Hawala),1,431409.47,1
HAWALA_00532,Funnel Account Network; Underground Banking (Hawala),1,431409.47,1
HAWALA_00537,Funnel Account Network; Underground Banking (Hawala),1,431409.47,1
CHARITY_03281,Charity Abuse,16,431014.87,6
CHARITY_02035,Charity Abuse,20,430975.44,8
CHARITY_00353,Charity Abuse; Pass-Through Transit Hub,1,430837.29,1
FUNNEL_00117,Funnel Account Network; Third-Party Payment Web,13,430752.23,12
TPWEB_00706,Funnel Account Network; Third-Party Payment Web,13,430752.23,12
CHARITY_02752,Charity Abuse,20,430709.56,10
CHARITY_00050,Charity Abuse,26,430616.22,12
CHARITY_03261,Charity Abuse,14,430590.16000000003,10
CHARITY_00115,Charity Abuse,17,430550.51,9
CHARITY_00809,Charity Abuse,20,430534.13,12
HRCORR_00004,High-Risk Corridor Transfer,1,430393.34,1
CHARITY_00162,Charity Abuse,21,430353.6,10
CHARITY_00217,Charity Abuse,12,430159.98000000004,8
CHARITY_02668,Charity Abuse,15,429651.37000000005,6
CHARITY_02197,Charity Abuse,16,429299.52,12
CHARITY_01342,Charity Abuse,17,429087.4,8
HRCORR_00484,Charity Abuse; High-Risk Corridor Transfer,2,428949.55000000005,1
CHARITY_00382,Charity Abuse; High-Risk Corridor Transfer,2,428949.55000000005,1
CHARITY_00681,Charity Abuse,20,428948.54000000004,8
CHARITY_01802,Charity Abuse,15,428919.31,10
PASS_00216,Pass-Through Transit Hub,1,428042.25,1
HAWALA_02482,Underground Banking (Hawala),2,427961.7,2
HAWALA_02480,Underground Banking (Hawala),2,427961.7,2
HAWALA_02481,Underground Banking (Hawala),2,427961.7,2
HAWALA_02485,Underground Banking (Hawala),2,427961.7,2
HAWALA_02486,Underground Banking (Hawala),2,427961.7,2
HAWALA_02483,Underground Banking (Hawala),2,427961.7,1
HAWALA_02487,Underground Banking (Hawala),2,427961.7,1
HAWALA_02484,Underground Banking (Hawala),2,427961.7,2
CHARITY_01159,Charity Abuse,14,427898.13,9
CHARITY_01140,Charity Abuse,18,427844.84,8
CHARITY_01263,Charity Abuse; Circular Transaction Loop,2,427541.48,2
CHARITY_02872,Charity Abuse,16,427531.70999999996,8
CHARITY_03241,Charity Abuse,17,427467.84,15
CHARITY_01226,Charity Abuse,25,427456.0,13
CHARITY_01129,Charity Abuse,19,427385.84,11
CHARITY_00651,Charity Abuse,13,427325.14,11
PASS_00359,Pass-Through Transit Hub,2,427324.33,2
CHARITY_00522,Charity Abuse,19,427306.08,7
TPWEB_01354,Third-Party Payment Web,6,427279.33999999997,6
CHARITY_02276,Charity Abuse,22,427031.03,11
CHARITY_02459,Charity Abuse,18,426931.24,9
FUNNEL_00196,Charity Abuse; Funnel Account Network,6,426792.2,2
PASS_00333,Pass-Through Transit Hub,2,426744.22,2
CHARITY_00947,Charity Abuse,16,426459.52,9
CHARITY_02979,Charity Abuse,17,426409.13,5
FUNNEL_00045,Charity Abuse; Funnel Account Network; Third-Party Payment Web,23,426349.67,23
TPWEB_00286,Charity Abuse; Funnel Account Network; Third-Party Payment Web,23,426349.67,23
CHARITY_00606,Charity Abuse; Funnel Account Network; Third-Party Payment Web,23,426349.67,23
CHARITY_00281,Charity Abuse,24,426326.2,18
HRCORR_00086,Charity Abuse; High-Risk Corridor Transfer,2,426216.65,1
CHARITY_02492,Charity Abuse; High-Risk Corridor Transfer,2,426216.65,1
CHARITY_01476,Charity Abuse,18,426121.73,11
CHARITY_00382,Charity Abuse,14,426057.22000000003,9
CHARITY_01144,Charity Abuse,15,425856.07,8
CHARITY_02677,Charity Abuse,17,425809.82999999996,15
FUNNEL_00208,Funnel Account Network,5,425529.75,4
CHARITY_02229,Charity Abuse,16,425387.06,13
CHARITY_02175,Charity Abuse,23,424919.92,11
CHARITY_02249,Charity Abuse,12,424821.56,8
CHARITY_02258,Charity Abuse,17,424595.22,9
CHARITY_01394,Charity Abuse; High-Risk Corridor Transfer,1,424540.37,1
HRCORR_00383,Charity Abuse; High-Risk Corridor Transfer,1,424540.37,1
CHARITY_01935,Charity Abuse,15,424523.27,9
CHARITY_02162,Charity Abuse,21,424312.84,11
CHARITY_00119,Charity Abuse,16,424303.19,10
CHARITY_01534,Charity Abuse,28,424194.34,13
CHARITY_00383,Charity Abuse,12,424162.83999999997,11
CHARITY_00565,Charity Abuse,18,423992.17000000004,7
PASS_00686,Pass-Through Transit Hub,3,423896.86,1
CHARITY_01472,Charity Abuse,21,423724.93,10
CHARITY_01493,Charity Abuse,19,423696.76999999996,8
CHARITY_00963,Charity Abuse,24,423414.07,10
CHARITY_01586,Charity Abuse,19,423401.78,7
CHARITY_00378,Charity Abuse,22,423258.11,9
HAWALA_00745,Charity Abuse; Underground Banking (Hawala),1,423185.29,1
HAWALA_00740,Charity Abuse; Underground Banking (Hawala),1,423185.29,1
HAWALA_00747,Charity Abuse; Underground Banking (Hawala),1,423185.29,1
HAWALA_00742,Charity Abuse; Underground Banking (Hawala),1,423185.29,1
HAWALA_00746,Charity Abuse; Underground Banking (Hawala),1,423185.29,1
HAWALA_00741,Charity Abuse; Underground Banking (Hawala),1,423185.29,1
HAWALA_00744,Charity Abuse; Underground Banking (Hawala),1,423185.29,1
HAWALA_00743,Charity Abuse; Underground Banking (Hawala),1,423185.29,1
CHARITY_00296,Charity Abuse,21,422863.38,12
CHARITY_00331,Charity Abuse,15,422832.95,8
CHARITY_01356,Charity Abuse; Pass-Through Transit Hub,1,422684.13,1
CHARITY_02317,Charity Abuse; Pass-Through Transit Hub,1,422678.44,1
PASS_00643,Charity Abuse; Pass-Through Transit Hub,1,422678.44,1
CHARITY_03263,Charity Abuse,12,422522.71,9
FUNNEL_00229,Funnel Account Network,18,422434.06,9
CHARITY_03062,Charity Abuse,19,422358.14999999997,13
HAWALA_02535,Circular Transaction Loop; Underground Banking (Hawala),2,422258.64,2
HAWALA_02534,Circular Transaction Loop; Underground Banking (Hawala),2,422258.64,2
CIRC_00677,Circular Transaction Loop; Underground Banking (Hawala),2,422258.64,2
CIRC_00674,Circular Transaction Loop; Underground Banking (Hawala),2,422258.64,1
CIRC_00676,Circular Transaction Loop; Underground Banking (Hawala),2,422258.64,2
CIRC_00675,Circular Transaction Loop; Underground Banking (Hawala),2,422258.64,1
CIRC_00678,Circular Transaction Loop; Underground Banking (Hawala),2,422258.64,2
HAWALA_02528,Circular Transaction Loop; Underground Banking (Hawala),2,422258.64,1
HAWALA_02533,Circular Transaction Loop; Underground Banking (Hawala),2,422258.64,2
CIRC_00680,Circular Transaction Loop; Underground Banking (Hawala),2,422258.64,2
CIRC_00679,Circular Transaction Loop; Underground Banking (Hawala),2,422258.64,2
HAWALA_02532,Circular Transaction Loop; Underground Banking (Hawala),2,422258.64,2
HAWALA_02530,Circular Transaction Loop; Underground Banking (Hawala),2,422258.64,2
HAWALA_02531,Circular Transaction Loop; Underground Banking (Hawala),2,422258.64,2
HAWALA_02529,Circular Transaction Loop; Underground Banking (Hawala),2,422258.64,1
CIRC_00681,Circular Transaction Loop; Underground Banking (Hawala),2,422258.64,2
CHARITY_00692,Charity Abuse,18,422239.73,11
HAWALA_00635,Charity Abuse; Circular Transaction Loop; Underground Banking (Hawala),1,422202.16,1
HAWALA_00632,Charity Abuse; Circular Transaction Loop; Underground Banking (Hawala),1,422202.16,1
HAWALA_00628,Charity Abuse; Circular Transaction Loop; Underground Banking (Hawala),1,422202.16,1
CIRC_00155,Charity Abuse; Circular Transaction Loop; Underground Banking (Hawala),1,422202.16,1
HAWALA_00629,Charity Abuse; Circular Transaction Loop; Underground Banking (Hawala),1,422202.16,1
CIRC_00161,Charity Abuse; Circular Transaction Loop; Underground Banking (Hawala),1,422202.16,1
HAWALA_00631,Charity Abuse; Circular Transaction Loop; Underground Banking (Hawala),1,422202.16,1
HAWALA_00634,Charity Abuse; Circular Transaction Loop; Underground Banking (Hawala),1,422202.16,1
HAWALA_00630,Charity Abuse; Circular Transaction Loop; Underground Banking (Hawala),1,422202.16,1
CIRC_00156,Charity Abuse; Circular Transaction Loop; Underground Banking (Hawala),1,422202.16,1
CIRC_00158,Charity Abuse; Circular Transaction Loop; Underground Banking (Hawala),1,422202.16,1
CIRC_00159,Charity Abuse; Circular Transaction Loop; Underground Banking (Hawala),1,422202.16,1
CIRC_00157,Charity Abuse; Circular Transaction Loop; Underground Banking (Hawala),1,422202.16,1
CIRC_00160,Charity Abuse; Circular Transaction Loop; Underground Banking (Hawala),1,422202.16,1
HAWALA_00633,Charity Abuse; Circular Transaction Loop; Underground Banking (Hawala),1,422202.16,1
CIRC_00154,Charity Abuse; Circular Transaction Loop; Underground Banking (Hawala),1,422202.16,1
CHARITY_01469,Charity Abuse,18,422056.51,9
CHARITY_00879,Charity Abuse,4,421983.19,4
CHARITY_01800,Charity Abuse,19,421753.08,7
FUNNEL_00263,Funnel Account Network,3,421723.06,2
FUNNEL_00034,Funnel Account Network,17,421711.05,15
CHARITY_00687,Charity Abuse; Circular Transaction Loop; Underground Banking (Hawala),2,421644.94,2
HRCORR_00041,High-Risk Corridor Transfer,3,421599.02,1
CHARITY_01193,Charity Abuse,23,421470.39,17
CHARITY_02935,Charity Abuse,17,421438.8,10
CHARITY_01691,Charity Abuse,16,421348.57,10
CHARITY_00190,Charity Abuse,14,421093.61,13
CHARITY_02390,Charity Abuse,22,421025.6,17
HRCORR_00450,Charity Abuse; High-Risk Corridor Transfer,2,420759.35,1
CHARITY_01950,Charity Abuse; High-Risk Corridor Transfer,2,420759.35,1
HAWALA_00587,Charity Abuse; Underground Banking (Hawala),1,420710.17,1
HAWALA_00579,Charity Abuse; Underground Banking (Hawala),1,420710.17,1
HAWALA_00578,Charity Abuse; Underground Banking (Hawala),1,420710.17,1
HAWALA_00582,Charity Abuse; Underground Banking (Hawala),1,420710.17,1
HAWALA_00583,Charity Abuse; Underground Banking (Hawala),1,420710.17,1
HAWALA_00581,Charity Abuse; Underground Banking (Hawala),1,420710.17,1
HAWALA_00580,Charity Abuse; Underground Banking (Hawala),1,420710.17,1
HAWALA_00574,Charity Abuse; Underground Banking (Hawala),1,420710.17,1
HAWALA_00586,Charity Abuse; Underground Banking (Hawala),1,420710.17,1
HAWALA_00584,Charity Abuse; Underground Banking (Hawala),1,420710.17,1
HAWALA_00585,Charity Abuse; Underground Banking (Hawala),1,420710.17,1
HAWALA_00572,Charity Abuse; Underground Banking (Hawala),1,420710.17,1
HAWALA_00576,Charity Abuse; Underground Banking (Hawala),1,420710.17,1
HAWALA_00575,Charity Abuse; Underground Banking (Hawala),1,420710.17,1
HAWALA_00573,Charity Abuse; Underground Banking (Hawala),1,420710.17,1
HAWALA_00577,Charity Abuse; Underground Banking (Hawala),1,420710.17,1
CHARITY_00428,Charity Abuse,16,420612.59,8
CHARITY_01457,Charity Abuse,21,419898.07,12
CHARITY_02539,Charity Abuse,15,419867.08,9
CHARITY_01906,Charity Abuse,11,419815.95,5
CHARITY_00700,Charity Abuse,19,419681.08999999997,10
CHARITY_02617,Charity Abuse; Funnel Account Network,7,419591.68,4
TPWEB_00758,Third-Party Payment Web,15,419518.99,15
CHARITY_03144,Charity Abuse,20,419469.81,9
PASS_00292,Pass-Through Transit Hub,2,419440.93,2
FUNNEL_00254,Charity Abuse; Funnel Account Network,7,419403.37,4
CHARITY_00251,Charity Abuse,15,419357.27999999997,6
FUNNEL_00138,Charity Abuse; Funnel Account Network; Third-Party Payment Web,20,419132.12,20
CHARITY_01707,Charity Abuse; Funnel Account Network; Third-Party Payment Web,20,419132.12,20
TPWEB_00819,Charity Abuse; Funnel Account Network; Third-Party Payment Web,20,419132.12,20
PASS_00056,Pass-Through Transit Hub,2,418900.01,1
CHARITY_00440,Charity Abuse,19,418816.23000000004,11
FUNNEL_00077,Circular Transaction Loop; Funnel Account Network; Underground Banking (Hawala),2,418802.96,2
HRCORR_00137,High-Risk Corridor Transfer,2,418615.47,1
FUNNEL_00153,Funnel Account Network,2,418324.16000000003,2
HAWALA_00875,Charity Abuse; Underground Banking (Hawala),1,418254.33,1
HAWALA_00867,Charity Abuse; Underground Banking (Hawala),1,418254.33,1
HAWALA_00873,Charity Abuse; Underground Banking (Hawala),1,418254.33,1
HAWALA_00870,Charity Abuse; Underground Banking (Hawala),1,418254.33,1
HAWALA_00874,Charity Abuse; Underground Banking (Hawala),1,418254.33,1
HAWALA_00866,Charity Abuse; Underground Banking (Hawala),1,418254.33,1
HAWALA_00868,Charity Abuse; Underground Banking (Hawala),1,418254.33,1
HAWALA_00869,Charity Abuse; Underground Banking (Hawala),1,418254.33,1
HAWALA_00864,Charity Abuse; Underground Banking (Hawala),1,418254.33,1
HAWALA_00872,Charity Abuse; Underground Banking (Hawala),1,418254.33,1
HAWALA_00871,Charity Abuse; Underground Banking (Hawala),1,418254.33,1
HAWALA_00863,Charity Abuse; Underground Banking (Hawala),1,418254.33,1
HAWALA_00865,Charity Abuse; Underground Banking (Hawala),1,418254.33,1
HAWALA_00861,Charity Abuse; Underground Banking (Hawala),1,418254.33,1
HAWALA_00862,Charity Abuse; Underground Banking (Hawala),1,418254.33,1
HAWALA_00860,Charity Abuse; Underground Banking (Hawala),1,418254.33,1
CHARITY_03297,Charity Abuse,14,418192.89,13
CHARITY_00691,Charity Abuse,21,418104.32,8
CHARITY_00600,Charity Abuse,17,418039.2,7
CHARITY_02312,Charity Abuse,20,417719.11000000004,11
CHARITY_02494,Charity Abuse,16,417560.31,11
CHARITY_00253,Charity Abuse,16,417518.48,5
CHARITY_00248,Charity Abuse,21,417407.83,8
CHARITY_00705,Charity Abuse,18,417349.14999999997,8
CHARITY_00672,Charity Abuse,19,417286.44,15
HAWALA_00778,Charity Abuse; Underground Banking (Hawala),1,417253.73,1
HAWALA_00776,Charity Abuse; Underground Banking (Hawala),1,417253.73,1
HAWALA_00775,Charity Abuse; Underground Banking (Hawala),1,417253.73,1
HAWALA_00777,Charity Abuse; Underground Banking (Hawala),1,417253.73,1
HAWALA_00773,Charity Abuse; Underground Banking (Hawala),1,417253.73,1
HAWALA_00772,Charity Abuse; Underground Banking (Hawala),1,417253.73,1
HAWALA_00779,Charity Abuse; Underground Banking (Hawala),1,417253.73,1
HAWALA_00774,Charity Abuse; Underground Banking (Hawala),1,417253.73,1
PASS_00550,Pass-Through Transit Hub,1,417212.35,1
CHARITY_02149,Charity Abuse; Pass-Through Transit Hub,1,416987.25,1
PASS_00550,Charity Abuse; Pass-Through Transit Hub,1,416987.25,1
CHARITY_00358,Charity Abuse,16,416936.04,9
CHARITY_01452,Charity Abuse,23,416878.35,10
CHARITY_01571,Charity Abuse; Pass-Through Transit Hub,1,416760.99,1
PASS_00128,Charity Abuse; Pass-Through Transit Hub,1,416760.99,1
PASS_00643,Pass-Through Transit Hub,1,416340.84,1
CHARITY_01156,Charity Abuse,15,416032.7,8
PASS_00036,Pass-Through Transit Hub,2,415798.68,2
CHARITY_00352,Charity Abuse,20,415727.57999999996,10
CHARITY_02844,Charity Abuse,12,415494.33,6
CHARITY_01169,Charity Abuse; Underground Banking (Hawala),2,415204.64,2
CHARITY_02457,Charity Abuse,9,414878.4,6
CHARITY_01953,Charity Abuse,17,414820.5,7
CHARITY_01721,Charity Abuse; Funnel Account Network,17,414704.98,11
FUNNEL_00139,Charity Abuse; Funnel Account Network,17,414704.98,11
CHARITY_01635,Charity Abuse,19,414629.77,7
CHARITY_00112,Charity Abuse,19,414619.43,10
CHARITY_02066,Charity Abuse,16,414604.27,11
CHARITY_00357,Charity Abuse,25,414426.08,14
PASS_00128,Pass-Through Transit Hub,1,414369.17,1
CHARITY_02154,Charity Abuse,18,414145.63,14
CHARITY_02760,Charity Abuse,15,414113.06,6
FUNNEL_00170,Funnel Account Network; Third-Party Payment Web,19,413907.46,19
TPWEB_00971,Funnel Account Network; Third-Party Payment Web,19,413907.46,19
HAWALA_00681,Charity Abuse; Underground Banking (Hawala),1,413886.91,1
HAWALA_00683,Charity Abuse; Underground Banking (Hawala),1,413886.91,1
HAWALA_00670,Charity Abuse; Underground Banking (Hawala),1,413886.91,1
HAWALA_00671,Charity Abuse; Underground Banking (Hawala),1,413886.91,1
HAWALA_00677,Charity Abuse; Underground Banking (Hawala),1,413886.91,1
HAWALA_00676,Charity Abuse; Underground Banking (Hawala),1,413886.91,1
HAWALA_00675,Charity Abuse; Underground Banking (Hawala),1,413886.91,1
HAWALA_00678,Charity Abuse; Underground Banking (Hawala),1,413886.91,1
HAWALA_00680,Charity Abuse; Underground Banking (Hawala),1,413886.91,1
HAWALA_00679,Charity Abuse; Underground Banking (Hawala),1,413886.91,1
HAWALA_00668,Charity Abuse; Underground Banking (Hawala),1,413886.91,1
HAWALA_00669,Charity Abuse; Underground Banking (Hawala),1,413886.91,1
HAWALA_00682,Charity Abuse; Underground Banking (Hawala),1,413886.91,1
HAWALA_00673,Charity Abuse; Underground Banking (Hawala),1,413886.91,1
HAWALA_00674,Charity Abuse; Underground Banking (Hawala),1,413886.91,1
HAWALA_00672,Charity Abuse; Underground Banking (Hawala),1,413886.91,1
CHARITY_00777,Charity Abuse,19,413775.72,4
CHARITY_02882,Charity Abuse,17,413543.86000000004,7
CHARITY_03011,Charity Abuse,22,413437.01,8
CHARITY_02947,Charity Abuse,17,413312.52,11
CHARITY_00591,Charity Abuse,16,413161.29,9
CHARITY_01990,Charity Abuse,13,413082.04,5
CHARITY_01873,Charity Abuse,20,412591.38,9
CHARITY_02685,Charity Abuse,18,412573.44999999995,7
CHARITY_00737,Charity Abuse,19,412568.73,8
CHARITY_00561,Charity Abuse,19,412291.06999999995,10
TPWEB_00989,Third-Party Payment Web,5,412268.89,5
CHARITY_00535,Charity Abuse,19,412166.5,10
CHARITY_00733,Charity Abuse,10,411997.6,7
FUNNEL_00281,Charity Abuse; Funnel Account Network; Third-Party Payment Web,19,411818.22,19
CHARITY_03306,Charity Abuse; Funnel Account Network; Third-Party Payment Web,19,411818.22,19
TPWEB_01504,Third-Party Payment Web,7,411817.9,7
CHARITY_00512,Charity Abuse,19,411775.27,9
CHARITY_00719,Charity Abuse,15,411639.6,11
FUNNEL_00024,Charity Abuse; Funnel Account Network,4,411545.66000000003,3
CHARITY_00592,Charity Abuse,18,411398.57,12
CHARITY_02581,Charity Abuse,17,411086.93000000005,11
CHARITY_03006,Charity Abuse,8,410959.2,6
CHARITY_01310,Charity Abuse,18,410895.31999999995,9
CHARITY_01884,Charity Abuse,20,410892.62,9
TPWEB_00677,Third-Party Payment Web,9,410878.26,9
FUNNEL_00276,Funnel Account Network,19,410721.45999999996,8
CHARITY_02077,Charity Abuse,22,410478.24,13
CHARITY_02251,Charity Abuse,24,409641.51,12
TPWEB_01327,Third-Party Payment Web,7,409597.31,7
FUNNEL_00031,Funnel Account Network,13,409499.12,12
CHARITY_00211,Charity Abuse; Funnel Account Network,11,409386.26999999996,10
FUNNEL_00018,Charity Abuse; Funnel Account Network,11,409386.26999999996,10
CHARITY_01893,Charity Abuse,19,409372.22,7
CHARITY_01663,Charity Abuse; Money Mule Network,4,409170.68,1
CHARITY_03259,Charity Abuse,16,409125.81,9
CHARITY_00539,Charity Abuse,17,409076.31,11
CHARITY_02389,Charity Abuse,14,409064.61,7
CHARITY_01805,Charity Abuse,22,408997.89,6
CHARITY_02210,Charity Abuse,15,408958.23000000004,3
HAWALA_00836,Charity Abuse; Underground Banking (Hawala),1,408897.43,1
HAWALA_00838,Charity Abuse; Underground Banking (Hawala),1,408897.43,1
HAWALA_00837,Charity Abuse; Underground Banking (Hawala),1,408897.43,1
HAWALA_00842,Charity Abuse; Underground Banking (Hawala),1,408897.43,1
HAWALA_00843,Charity Abuse; Underground Banking (Hawala),1,408897.43,1
HAWALA_00840,Charity Abuse; Underground Banking (Hawala),1,408897.43,1
HAWALA_00839,Charity Abuse; Underground Banking (Hawala),1,408897.43,1
HAWALA_00841,Charity Abuse; Underground Banking (Hawala),1,408897.43,1
HAWALA_00891,Charity Abuse; Underground Banking (Hawala),1,408746.89,1
HAWALA_00887,Charity Abuse; Underground Banking (Hawala),1,408746.89,1
HAWALA_00885,Charity Abuse; Underground Banking (Hawala),1,408746.89,1
HAWALA_00886,Charity Abuse; Underground Banking (Hawala),1,408746.89,1
HAWALA_00892,Charity Abuse; Underground Banking (Hawala),1,408746.89,1
HAWALA_00888,Charity Abuse; Underground Banking (Hawala),1,408746.89,1
HAWALA_00889,Charity Abuse; Underground Banking (Hawala),1,408746.89,1
HAWALA_00890,Charity Abuse; Underground Banking (Hawala),1,408746.89,1
CHARITY_01821,Charity Abuse,19,408733.32,9
CHARITY_03043,Charity Abuse,17,408685.06,4
CHARITY_02454,Charity Abuse,22,408499.8,15
CHARITY_01751,Charity Abuse,20,408473.65,6
CHARITY_01208,Charity Abuse,18,408460.91000000003,8
FUNNEL_00156,Funnel Account Network; Third-Party Payment Web,15,408451.5,12
CHARITY_01563,Charity Abuse,18,408235.35,10
TPWEB_00322,Third-Party Payment Web,5,408101.18,5
PASS_00299,Pass-Through Transit Hub,2,407883.15,2
TPWEB_00638,Third-Party Payment Web,5,407788.31000000006,5
CHARITY_00817,Charity Abuse,14,407740.58,10
FUNNEL_00226,Charity Abuse; Funnel Account Network,11,407714.31,7
CHARITY_02632,Charity Abuse; Funnel Account Network,11,407714.31,7
CHARITY_01659,Charity Abuse; High-Risk Corridor Transfer,2,407711.53,1
HRCORR_00307,Charity Abuse; High-Risk Corridor Transfer,2,407711.53,1
CHARITY_02213,Charity Abuse,17,407522.18,9
CHARITY_00312,Charity Abuse,18,407340.7,15
CHARITY_02675,Charity Abuse,22,407314.83,10
CHARITY_03185,Charity Abuse,16,407046.85000000003,6
CHARITY_02791,Charity Abuse,24,407027.13,10
PASS_00589,Charity Abuse; Pass-Through Transit Hub,1,406914.6,1
CHARITY_02087,Charity Abuse; Pass-Through Transit Hub,1,406914.6,1
CHARITY_02051,Charity Abuse,17,406883.31,10
CHARITY_01896,Charity Abuse,23,406866.79,9
HAWALA_00700,Charity Abuse; Underground Banking (Hawala),1,406722.65,1
HAWALA_00704,Charity Abuse; Underground Banking (Hawala),1,406722.65,1
HAWALA_00714,Charity Abuse; Underground Banking (Hawala),1,406722.65,1
HAWALA_00701,Charity Abuse; Underground Banking (Hawala),1,406722.65,1
HAWALA_00703,Charity Abuse; Underground Banking (Hawala),1,406722.65,1
HAWALA_00707,Charity Abuse; Underground Banking (Hawala),1,406722.65,1
HAWALA_00706,Charity Abuse; Underground Banking (Hawala),1,406722.65,1
HAWALA_00705,Charity Abuse; Underground Banking (Hawala),1,406722.65,1
HAWALA_00708,Charity Abuse; Underground Banking (Hawala),1,406722.65,1
HAWALA_00715,Charity Abuse; Underground Banking (Hawala),1,406722.65,1
HAWALA_00710,Charity Abuse; Underground Banking (Hawala),1,406722.65,1
HAWALA_00702,Charity Abuse; Underground Banking (Hawala),1,406722.65,1
HAWALA_00713,Charity Abuse; Underground Banking (Hawala),1,406722.65,1
HAWALA_00709,Charity Abuse; Underground Banking (Hawala),1,406722.65,1
HAWALA_00712,Charity Abuse; Underground Banking (Hawala),1,406722.65,1
HAWALA_00711,Charity Abuse; Underground Banking (Hawala),1,406722.65,1
CHARITY_01849,Charity Abuse,18,406327.97,7
CHARITY_03206,Charity Abuse,12,406185.19000000006,11
CHARITY_00274,Charity Abuse,20,406105.52,14
CHARITY_00882,Charity Abuse,21,406032.5,9
CHARITY_01116,Charity Abuse,16,405992.45,5
CHARITY_02625,Charity Abuse,15,405957.07,6
CHARITY_01747,Charity Abuse,20,405854.67,10
CHARITY_01662,Charity Abuse,17,405587.55,6
CHARITY_00195,Charity Abuse,25,405418.58,15
HAWALA_00825,Charity Abuse; Underground Banking (Hawala),1,405410.58,1
HAWALA_00824,Charity Abuse; Underground Banking (Hawala),1,405410.58,1
HAWALA_00823,Charity Abuse; Underground Banking (Hawala),1,405410.58,1
HAWALA_00822,Charity Abuse; Underground Banking (Hawala),1,405410.58,1
HAWALA_00820,Charity Abuse; Underground Banking (Hawala),1,405410.58,1
HAWALA_00821,Charity Abuse; Underground Banking (Hawala),1,405410.58,1
HAWALA_00819,Charity Abuse; Underground Banking (Hawala),1,405410.58,1
HAWALA_00818,Charity Abuse; Underground Banking (Hawala),1,405410.58,1
HAWALA_00816,Charity Abuse; Underground Banking (Hawala),1,405410.58,1
HAWALA_00817,Charity Abuse; Underground Banking (Hawala),1,405410.58,1
HAWALA_00815,Charity Abuse; Underground Banking (Hawala),1,405410.58,1
HAWALA_00814,Charity Abuse; Underground Banking (Hawala),1,405410.58,1
HAWALA_00813,Charity Abuse; Underground Banking (Hawala),1,405410.58,1
HAWALA_00812,Charity Abuse; Underground Banking (Hawala),1,405410.58,1
HAWALA_00826,Charity Abuse; Underground Banking (Hawala),1,405410.58,1
HAWALA_00827,Charity Abuse; Underground Banking (Hawala),1,405410.58,1
CHARITY_02024,Charity Abuse,19,405039.95999999996,8
PASS_00551,Charity Abuse; Pass-Through Transit Hub,1,405030.81,1
CHARITY_00774,Charity Abuse; Pass-Through Transit Hub,1,405030.81,1
CHARITY_00193,Charity Abuse,13,404754.87,6
FUNNEL_00007,Funnel Account Network; Third-Party Payment Web,18,404735.44,17
TPWEB_00051,Funnel Account Network; Third-Party Payment Web,18,404735.44,17
CHARITY_02315,Charity Abuse,15,404544.01,9
CHARITY_00370,Charity Abuse; High-Risk Corridor Transfer,1,404541.31,1
HRCORR_00076,Charity Abuse; High-Risk Corridor Transfer,1,404541.31,1
CHARITY_01733,Charity Abuse,24,404064.08,11
CHARITY_02073,Charity Abuse,17,404032.55,10
FUNNEL_00106,Funnel Account Network,4,403967.5,4
FUNNEL_00253,Charity Abuse; Funnel Account Network,9,403914.45,8
CHARITY_02477,Charity Abuse,22,403713.72000000003,12
CHARITY_02347,Charity Abuse,21,403597.62,10
CHARITY_01027,Charity Abuse,20,403336.35000000003,6
CHARITY_00524,Charity Abuse,17,403232.8,10
CHARITY_00158,Charity Abuse,23,403223.35,18
MULE_00063,Money Mule Network,3,403189.37,3
CHARITY_00630,Charity Abuse,20,402706.89,7
CHARITY_01017,Charity Abuse,14,402616.71,11
CHARITY_01818,Charity Abuse,18,402394.91000000003,11
CHARITY_01655,Charity Abuse,17,402235.07999999996,9
CHARITY_03217,Charity Abuse,18,402151.95,11
FUNNEL_00037,Funnel Account Network,4,402129.3,3
CHARITY_01617,Charity Abuse,14,401777.81,8
TPWEB_01272,Charity Abuse; Third-Party Payment Web,7,401600.14,7
CHARITY_01936,Charity Abuse,15,401584.34,10
CHARITY_01572,Charity Abuse,16,401577.66,8
CHARITY_00641,Charity Abuse,16,401568.5,6
CHARITY_02555,Charity Abuse,10,401417.01,7
CHARITY_00229,Charity Abuse,15,401393.52999999997,6
CHARITY_00826,Charity Abuse; High-Risk Corridor Transfer,1,401286.44,1
HRCORR_00144,Charity Abuse; High-Risk Corridor Transfer,1,401286.44,1
CHARITY_03190,Charity Abuse,15,401118.26,7
TPWEB_01586,Third-Party Payment Web,6,401078.65,6
HAWALA_00783,Charity Abuse; Underground Banking (Hawala),1,401021.72,1
HAWALA_00782,Charity Abuse; Underground Banking (Hawala),1,401021.72,1
HAWALA_00780,Charity Abuse; Underground Banking (Hawala),1,401021.72,1
HAWALA_00785,Charity Abuse; Underground Banking (Hawala),1,401021.72,1
HAWALA_00786,Charity Abuse; Underground Banking (Hawala),1,401021.72,1
HAWALA_00787,Charity Abuse; Underground Banking (Hawala),1,401021.72,1
HAWALA_00781,Charity Abuse; Underground Banking (Hawala),1,401021.72,1
HAWALA_00784,Charity Abuse; Underground Banking (Hawala),1,401021.72,1
CHARITY_00511,Charity Abuse,15,400908.01,11
HRCORR_00383,High-Risk Corridor Transfer,2,400889.18,1
PASS_00551,Pass-Through Transit Hub,1,400678.41,1
CHARITY_01402,Charity Abuse,22,400581.27,7
CHARITY_00846,Charity Abuse,20,400578.22,8
CHARITY_00952,Charity Abuse,13,400497.34,8
CHARITY_02996,Charity Abuse; Funnel Account Network,8,400490.67000000004,7
CHARITY_01626,Charity Abuse,15,400452.13,11
FUNNEL_00103,Funnel Account Network; Third-Party Payment Web,16,400429.16,15
CHARITY_01565,Charity Abuse; High-Risk Corridor Transfer,1,400306.78,1
HRCORR_00240,Charity Abuse; High-Risk Corridor Transfer,1,400306.78,1
FUNNEL_00034,Charity Abuse; Funnel Account Network,3,400304.6,2
CHARITY_01810,Charity Abuse,25,400058.42,8
FUNNEL_00214,Charity Abuse; Funnel Account Network,9,399888.58,4
MULE_00029,Money Mule Network,3,399746.68,3
PASS_00589,Pass-Through Transit Hub,1,399730.71,1
MULE_00015,Funnel Account Network; Money Mule Network,3,399691.86,3
FUNNEL_00190,Funnel Account Network; Money Mule Network,3,399691.86,3
CHARITY_02793,Charity Abuse,17,399658.37,15
CHARITY_02727,Charity Abuse,13,399481.7,5
CHARITY_02182,Charity Abuse,16,399110.3,5
CHARITY_00965,Charity Abuse; Funnel Account Network; High-Risk Corridor Transfer,1,399048.66,1
HRCORR_00165,Charity Abuse; Funnel Account Network; High-Risk Corridor Transfer,1,399048.66,1
FUNNEL_00111,Charity Abuse; Funnel Account Network; High-Risk Corridor Transfer,1,399048.66,1
CHARITY_00914,Charity Abuse,14,398914.72,6
CHARITY_02907,Charity Abuse,17,398735.74,11
CHARITY_00338,Charity Abuse,20,398726.41,11
CHARITY_01196,Charity Abuse,14,398667.11,6
CHARITY_02973,Charity Abuse,17,398653.64999999997,6
TPWEB_01606,Third-Party Payment Web,5,398465.08,5
CHARITY_01793,Charity Abuse; High-Risk Corridor Transfer,1,398326.17,1
HRCORR_00084,Charity Abuse; High-Risk Corridor Transfer,1,398326.17,1
CHARITY_00388,Charity Abuse,7,398049.44,3
CHARITY_00718,Charity Abuse,18,397676.16,10
CHARITY_03141,Charity Abuse,19,397575.36,11
HRCORR_00167,High-Risk Corridor Transfer,1,397386.27,1
HAWALA_00968,Charity Abuse; Underground Banking (Hawala),1,397349.53,1
HAWALA_00969,Charity Abuse; Underground Banking (Hawala),1,397349.53,1
HAWALA_00976,Charity Abuse; Underground Banking (Hawala),1,397349.53,1
HAWALA_00973,Charity Abuse; Underground Banking (Hawala),1,397349.53,1
HAWALA_00972,Charity Abuse; Underground Banking (Hawala),1,397349.53,1
HAWALA_00975,Charity Abuse; Underground Banking (Hawala),1,397349.53,1
HAWALA_00974,Charity Abuse; Underground Banking (Hawala),1,397349.53,1
HAWALA_00977,Charity Abuse; Underground Banking (Hawala),1,397349.53,1
HAWALA_00965,Charity Abuse; Underground Banking (Hawala),1,397349.53,1
HAWALA_00967,Charity Abuse; Underground Banking (Hawala),1,397349.53,1
HAWALA_00966,Charity Abuse; Underground Banking (Hawala),1,397349.53,1
HAWALA_00971,Charity Abuse; Underground Banking (Hawala),1,397349.53,1
HAWALA_00980,Charity Abuse; Underground Banking (Hawala),1,397349.53,1
HAWALA_00979,Charity Abuse; Underground Banking (Hawala),1,397349.53,1
HAWALA_00978,Charity Abuse; Underground Banking (Hawala),1,397349.53,1
HAWALA_00970,Charity Abuse; Underground Banking (Hawala),1,397349.53,1
CHARITY_02686,Charity Abuse,14,397261.81,14
TPWEB_00996,Charity Abuse; Funnel Account Network; Third-Party Payment Web,11,396839.39,10
FUNNEL_00173,Charity Abuse; Funnel Account Network; Third-Party Payment Web,11,396839.39,10
CHARITY_02365,Charity Abuse; Funnel Account Network,5,396804.91,1
TPWEB_00115,Charity Abuse; Funnel Account Network; Third-Party Payment Web,20,396802.12,20
CHARITY_00232,Charity Abuse; Funnel Account Network; Third-Party Payment Web,20,396802.12,20
FUNNEL_00020,Charity Abuse; Funnel Account Network; Third-Party Payment Web,20,396802.12,20
CHARITY_02740,Charity Abuse,17,396702.82999999996,10
CHARITY_00450,Charity Abuse,18,396692.96,13
CHARITY_02123,Charity Abuse,23,396639.17,10
CHARITY_02634,Charity Abuse,10,396593.89,5
FUNNEL_00038,Funnel Account Network; Third-Party Payment Web,20,396491.21,20
TPWEB_00251,Funnel Account Network; Third-Party Payment Web,20,396491.21,20
CHARITY_02379,Charity Abuse,17,396436.86,10
TPWEB_01624,Charity Abuse; Funnel Account Network; Third-Party Payment Web,18,396427.65,18
FUNNEL_00137,Funnel Account Network,12,396408.87,8
CHARITY_01966,Charity Abuse,19,396356.82,7
CHARITY_00504,Charity Abuse,16,396229.18,12
CHARITY_01686,Charity Abuse,21,396075.54000000004,7
CHARITY_01238,Charity Abuse,16,396019.41000000003,3
CHARITY_01762,Charity Abuse,12,395929.01,12
CHARITY_02391,Charity Abuse,18,395826.71,8
CHARITY_00420,Charity Abuse,14,395739.92,7
CHARITY_01453,Charity Abuse,14,395730.69,7
CHARITY_00753,Charity Abuse,15,395701.27,6
FUNNEL_00110,Funnel Account Network; High-Risk Corridor Transfer,1,395639.59,1
HRCORR_00103,Funnel Account Network; High-Risk Corridor Transfer,1,395639.59,1
CHARITY_01685,Charity Abuse,17,395474.68,9
CHARITY_01302,Charity Abuse,16,395421.85,9
CHARITY_02797,Charity Abuse,17,395252.78,9
CHARITY_01600,Charity Abuse,18,395010.56,12
CHARITY_01417,Charity Abuse,20,395006.34,12
CHARITY_01828,Charity Abuse,16,394912.32,7
CHARITY_00614,Charity Abuse,18,394876.13,10
CHARITY_00368,Charity Abuse,15,394796.33,7
CHARITY_02209,Charity Abuse,20,394661.68,14
CHARITY_01126,Charity Abuse,17,394647.65,12
TPWEB_01361,Third-Party Payment Web,8,394539.33,8
TPWEB_01430,Third-Party Payment Web,9,394250.44,9
CHARITY_02110,Charity Abuse,18,394186.72,10
FUNNEL_00254,Funnel Account Network,12,394109.1,8
TPWEB_01502,Third-Party Payment Web,7,394064.94,7
TPWEB_00346,Third-Party Payment Web,7,393996.52,7
FUNNEL_00121,Funnel Account Network; Third-Party Payment Web,15,393650.02,15
FUNNEL_00260,Funnel Account Network; Money Mule Network; Third-Party Payment Web,5,393646.0,5
TPWEB_01503,Funnel Account Network; Money Mule Network; Third-Party Payment Web,5,393646.0,5
MULE_00008,Funnel Account Network; Money Mule Network; Third-Party Payment Web,5,393646.0,5
CHARITY_01881,Charity Abuse,23,393561.69,23
PASS_00273,Funnel Account Network; Pass-Through Transit Hub,1,393383.93,1
FUNNEL_00198,Funnel Account Network; Pass-Through Transit Hub,1,393383.93,1
CHARITY_02169,Charity Abuse,17,393307.97,7
HAWALA_01023,Charity Abuse; Circular Transaction Loop; Underground Banking (Hawala),1,393066.22,1
HAWALA_01022,Charity Abuse; Circular Transaction Loop; Underground Banking (Hawala),1,393066.22,1
HAWALA_01021,Charity Abuse; Circular Transaction Loop; Underground Banking (Hawala),1,393066.22,1
HAWALA_01024,Charity Abuse; Circular Transaction Loop; Underground Banking (Hawala),1,393066.22,1
HAWALA_01035,Charity Abuse; Circular Transaction Loop; Underground Banking (Hawala),1,393066.22,1
HAWALA_01036,Charity Abuse; Circular Transaction Loop; Underground Banking (Hawala),1,393066.22,1
HAWALA_01033,Charity Abuse; Circular Transaction Loop; Underground Banking (Hawala),1,393066.22,1
CIRC_00181,Charity Abuse; Circular Transaction Loop; Underground Banking (Hawala),1,393066.22,1
CIRC_00182,Charity Abuse; Circular Transaction Loop; Underground Banking (Hawala),1,393066.22,1
CIRC_00184,Charity Abuse; Circular Transaction Loop; Underground Banking (Hawala),1,393066.22,1
CIRC_00183,Charity Abuse; Circular Transaction Loop; Underground Banking (Hawala),1,393066.22,1
HAWALA_01032,Charity Abuse; Circular Transaction Loop; Underground Banking (Hawala),1,393066.22,1
CIRC_00193,Charity Abuse; Circular Transaction Loop; Underground Banking (Hawala),1,393066.22,1
HAWALA_01025,Charity Abuse; Circular Transaction Loop; Underground Banking (Hawala),1,393066.22,1
CIRC_00178,Charity Abuse; Circular Transaction Loop; Underground Banking (Hawala),1,393066.22,1
CIRC_00185,Charity Abuse; Circular Transaction Loop; Underground Banking (Hawala),1,393066.22,1
CIRC_00191,Charity Abuse; Circular Transaction Loop; Underground Banking (Hawala),1,393066.22,1
CIRC_00190,Charity Abuse; Circular Transaction Loop; Underground Banking (Hawala),1,393066.22,1
CIRC_00192,Charity Abuse; Circular Transaction Loop; Underground Banking (Hawala),1,393066.22,1
HAWALA_01034,Charity Abuse; Circular Transaction Loop; Underground Banking (Hawala),1,393066.22,1
CIRC_00189,Charity Abuse; Circular Transaction Loop; Underground Banking (Hawala),1,393066.22,1
CIRC_00180,Charity Abuse; Circular Transaction Loop; Underground Banking (Hawala),1,393066.22,1
HAWALA_01031,Charity Abuse; Circular Transaction Loop; Underground Banking (Hawala),1,393066.22,1
HAWALA_01030,Charity Abuse; Circular Transaction Loop; Underground Banking (Hawala),1,393066.22,1
HAWALA_01029,Charity Abuse; Circular Transaction Loop; Underground Banking (Hawala),1,393066.22,1
HAWALA_01027,Charity Abuse; Circular Transaction Loop; Underground Banking (Hawala),1,393066.22,1
HAWALA_01028,Charity Abuse; Circular Transaction Loop; Underground Banking (Hawala),1,393066.22,1
CIRC_00179,Charity Abuse; Circular Transaction Loop; Underground Banking (Hawala),1,393066.22,1
CIRC_00187,Charity Abuse; Circular Transaction Loop; Underground Banking (Hawala),1,393066.22,1
HAWALA_01026,Charity Abuse; Circular Transaction Loop; Underground Banking (Hawala),1,393066.22,1
CIRC_00188,Charity Abuse; Circular Transaction Loop; Underground Banking (Hawala),1,393066.22,1
CIRC_00186,Charity Abuse; Circular Transaction Loop; Underground Banking (Hawala),1,393066.22,1
CHARITY_02060,Charity Abuse,16,393034.01999999996,6
CHARITY_01967,Charity Abuse,15,393013.04000000004,4
CHARITY_02697,Charity Abuse,17,392767.55,4
CHARITY_02394,Charity Abuse,23,392749.49,12
CHARITY_00055,Charity Abuse,18,392561.07,6
CHARITY_00010,Charity Abuse,19,392429.67,7
CHARITY_01143,Charity Abuse,20,392337.8,8
CHARITY_02876,Charity Abuse,17,392329.93,16
CHARITY_00942,Charity Abuse,10,392149.29,6
CHARITY_00851,Charity Abuse,17,392126.26999999996,11
CHARITY_01675,Charity Abuse; Pass-Through Transit Hub,1,392050.47,1
PASS_00273,Charity Abuse; Pass-Through Transit Hub,1,392050.47,1
TPWEB_01023,Third-Party Payment Web,5,391906.2,5
CHARITY_02716,Charity Abuse,19,391803.69,9
CHARITY_02293,Charity Abuse,21,391691.6,10
CHARITY_01169,Charity Abuse,18,391377.37,8
CHARITY_00991,Charity Abuse,18,391253.57,9
TPWEB_00262,Third-Party Payment Web,6,390931.7,6
CHARITY_00750,Charity Abuse,18,390918.76,7
CHARITY_01855,Charity Abuse,16,390821.31,8
CHARITY_02951,Charity Abuse,22,390793.54,13
CHARITY_00706,Charity Abuse,16,390761.67,2
CHARITY_00772,Charity Abuse,17,390551.65,9
CHARITY_01394,Charity Abuse,12,390525.49,8
CHARITY_02570,Charity Abuse,25,390379.08,10
CHARITY_02091,Charity Abuse,27,390232.2,12
TPWEB_00407,Third-Party Payment Web,7,390163.11,7
CHARITY_02842,Charity Abuse,17,390074.24,9
CHARITY_00165,Charity Abuse,18,390021.70999999996,11
HAWALA_01114,Underground Banking (Hawala),1,389726.86,1
HAWALA_01112,Underground Banking (Hawala),1,389726.86,1
HAWALA_01111,Underground Banking (Hawala),1,389726.86,1
HAWALA_01116,Underground Banking (Hawala),1,389726.86,1
HAWALA_01109,Underground Banking (Hawala),1,389726.86,1
HAWALA_01113,Underground Banking (Hawala),1,389726.86,1
HAWALA_01115,Underground Banking (Hawala),1,389726.86,1
HAWALA_01110,Underground Banking (Hawala),1,389726.86,1
CHARITY_00844,Charity Abuse,18,389460.72,10
CHARITY_00717,Charity Abuse,25,389407.74,14
CHARITY_00128,Charity Abuse,18,389398.44,13
CHARITY_01928,Charity Abuse,12,389388.25,9
CHARITY_01565,Charity Abuse,16,389378.78,6
CHARITY_01729,Charity Abuse,18,388899.86,10
CHARITY_02669,Charity Abuse,14,388888.36000000004,5
TPWEB_00089,Third-Party Payment Web,22,388821.57,22
CHARITY_02855,Charity Abuse,16,388772.96,12
HRCORR_00419,High-Risk Corridor Transfer,1,388659.89,1
CHARITY_00729,Charity Abuse,17,388585.81,4
FUNNEL_00252,Funnel Account Network,10,388520.39999999997,6
TPWEB_00433,Funnel Account Network; Third-Party Payment Web,8,388494.13,8
FUNNEL_00069,Funnel Account Network; Third-Party Payment Web,8,388494.13,8
TPWEB_01149,Funnel Account Network; Third-Party Payment Web,7,388158.44,7
FUNNEL_00190,Funnel Account Network; Third-Party Payment Web,7,388158.44,7
CHARITY_03184,Charity Abuse,15,388082.34,10
TPWEB_00521,Third-Party Payment Web,5,388073.47,5
CHARITY_03097,Charity Abuse,16,387829.67,10
CHARITY_01657,Charity Abuse; Funnel Account Network,8,387653.22,5
FUNNEL_00130,Charity Abuse; Funnel Account Network,8,387653.22,5
CHARITY_02049,Charity Abuse,17,387401.19,8
CHARITY_00876,Charity Abuse,18,387095.32999999996,8
CHARITY_01959,Charity Abuse,20,386578.16,10
CHARITY_02809,Charity Abuse,14,386378.56,9
CHARITY_02848,Charity Abuse,19,386328.45,14
CHARITY_01861,Charity Abuse,13,386212.98,10
PASS_00115,Pass-Through Transit Hub,1,386083.81,1
TPWEB_00997,Third-Party Payment Web,7,385551.71,7
CHARITY_01864,Charity Abuse,13,385435.91000000003,7
CHARITY_02569,Charity Abuse,15,385425.99,14
CHARITY_01008,Charity Abuse,16,385290.89999999997,10
CHARITY_02545,Charity Abuse,14,385235.88,10
CHARITY_01038,Charity Abuse,20,385115.15,10
HAWALA_01179,Charity Abuse; Underground Banking (Hawala),1,385098.39,1
HAWALA_01189,Charity Abuse; Underground Banking (Hawala),1,385098.39,1
HAWALA_01188,Charity Abuse; Underground Banking (Hawala),1,385098.39,1
HAWALA_01178,Charity Abuse; Underground Banking (Hawala),1,385098.39,1
HAWALA_01185,Charity Abuse; Underground Banking (Hawala),1,385098.39,1
HAWALA_01184,Charity Abuse; Underground Banking (Hawala),1,385098.39,1
HAWALA_01183,Charity Abuse; Underground Banking (Hawala),1,385098.39,1
HAWALA_01174,Charity Abuse; Underground Banking (Hawala),1,385098.39,1
HAWALA_01187,Charity Abuse; Underground Banking (Hawala),1,385098.39,1
HAWALA_01181,Charity Abuse; Underground Banking (Hawala),1,385098.39,1
HAWALA_01175,Charity Abuse; Underground Banking (Hawala),1,385098.39,1
HAWALA_01186,Charity Abuse; Underground Banking (Hawala),1,385098.39,1
HAWALA_01182,Charity Abuse; Underground Banking (Hawala),1,385098.39,1
HAWALA_01176,Charity Abuse; Underground Banking (Hawala),1,385098.39,1
HAWALA_01177,Charity Abuse; Underground Banking (Hawala),1,385098.39,1
HAWALA_01180,Charity Abuse; Underground Banking (Hawala),1,385098.39,1
CHARITY_02212,Charity Abuse,18,385016.75,10
TPWEB_01593,Third-Party Payment Web,17,384907.47,17
HRCORR_00472,High-Risk Corridor Transfer,3,384713.6,1
CHARITY_00570,Charity Abuse,15,384685.74,7
CHARITY_02950,Charity Abuse,14,384605.82,8
CHARITY_02888,Charity Abuse,17,384589.08,5
CHARITY_00176,Charity Abuse,16,384476.47,8
PASS_00271,Pass-Through Transit Hub,1,384351.01,1
CHARITY_00210,Charity Abuse,18,383967.46,6
TPWEB_01408,Third-Party Payment Web,6,383942.96,6
CHARITY_03032,Charity Abuse,16,383927.08,4
CHARITY_01134,Charity Abuse,17,383750.55000000005,7
HAWALA_01075,Charity Abuse; Circular Transaction Loop; Underground Banking (Hawala),1,383666.53,1
HAWALA_01069,Charity Abuse; Circular Transaction Loop; Underground Banking (Hawala),1,383666.53,1
CIRC_00255,Charity Abuse; Circular Transaction Loop; Underground Banking (Hawala),1,383666.53,1
HAWALA_01072,Charity Abuse; Circular Transaction Loop; Underground Banking (Hawala),1,383666.53,1
HAWALA_01074,Charity Abuse; Circular Transaction Loop; Underground Banking (Hawala),1,383666.53,1
CIRC_00250,Charity Abuse; Circular Transaction Loop; Underground Banking (Hawala),1,383666.53,1
CIRC_00252,Charity Abuse; Circular Transaction Loop; Underground Banking (Hawala),1,383666.53,1
CIRC_00253,Charity Abuse; Circular Transaction Loop; Underground Banking (Hawala),1,383666.53,1
HAWALA_01080,Charity Abuse; Circular Transaction Loop; Underground Banking (Hawala),1,383666.53,1
HAWALA_01084,Charity Abuse; Circular Transaction Loop; Underground Banking (Hawala),1,383666.53,1
HAWALA_01082,Charity Abuse; Circular Transaction Loop; Underground Banking (Hawala),1,383666.53,1
HAWALA_01081,Charity Abuse; Circular Transaction Loop; Underground Banking (Hawala),1,383666.53,1
HAWALA_01078,Charity Abuse; Circular Transaction Loop; Underground Banking (Hawala),1,383666.53,1
CIRC_00257,Charity Abuse; Circular Transaction Loop; Underground Banking (Hawala),1,383666.53,1
HAWALA_01083,Charity Abuse; Circular Transaction Loop; Underground Banking (Hawala),1,383666.53,1
HAWALA_01076,Charity Abuse; Circular Transaction Loop; Underground Banking (Hawala),1,383666.53,1
CIRC_00256,Charity Abuse; Circular Transaction Loop; Underground Banking (Hawala),1,383666.53,1
HAWALA_01079,Charity Abuse; Circular Transaction Loop; Underground Banking (Hawala),1,383666.53,1
HAWALA_01077,Charity Abuse; Circular Transaction Loop; Underground Banking (Hawala),1,383666.53,1
CIRC_00254,Charity Abuse; Circular Transaction Loop; Underground Banking (Hawala),1,383666.53,1
CIRC_00246,Charity Abuse; Circular Transaction Loop; Underground Banking (Hawala),1,383666.53,1
HAWALA_01071,Charity Abuse; Circular Transaction Loop; Underground Banking (Hawala),1,383666.53,1
HAWALA_01073,Charity Abuse; Circular Transaction Loop; Underground Banking (Hawala),1,383666.53,1
HAWALA_01070,Charity Abuse; Circular Transaction Loop; Underground Banking (Hawala),1,383666.53,1
CIRC_00249,Charity Abuse; Circular Transaction Loop; Underground Banking (Hawala),1,383666.53,1
CIRC_00247,Charity Abuse; Circular Transaction Loop; Underground Banking (Hawala),1,383666.53,1
CIRC_00251,Charity Abuse; Circular Transaction Loop; Underground Banking (Hawala),1,383666.53,1
CIRC_00242,Charity Abuse; Circular Transaction Loop; Underground Banking (Hawala),1,383666.53,1
CIRC_00248,Charity Abuse; Circular Transaction Loop; Underground Banking (Hawala),1,383666.53,1
CIRC_00245,Charity Abuse; Circular Transaction Loop; Underground Banking (Hawala),1,383666.53,1
CIRC_00244,Charity Abuse; Circular Transaction Loop; Underground Banking (Hawala),1,383666.53,1
CIRC_00243,Charity Abuse; Circular Transaction Loop; Underground Banking (Hawala),1,383666.53,1
CHARITY_00967,Charity Abuse,14,383579.54,11
CHARITY_02933,Charity Abuse,14,383564.81999999995,10
PASS_00165,Pass-Through Transit Hub,1,383311.15,1
CHARITY_02149,Charity Abuse,20,383137.94,6
CHARITY_01997,Charity Abuse,22,383082.95,7
HRCORR_00100,Charity Abuse; High-Risk Corridor Transfer,2,382977.85,1
CHARITY_00527,Charity Abuse; High-Risk Corridor Transfer,2,382977.85,1
CIRC_00282,Circular Transaction Loop; Underground Banking (Hawala),1,382971.55,1
CIRC_00287,Circular Transaction Loop; Underground Banking (Hawala),1,382971.55,1
CIRC_00284,Circular Transaction Loop; Underground Banking (Hawala),1,382971.55,1
CIRC_00288,Circular Transaction Loop; Underground Banking (Hawala),1,382971.55,1
CIRC_00286,Circular Transaction Loop; Underground Banking (Hawala),1,382971.55,1
CIRC_00285,Circular Transaction Loop; Underground Banking (Hawala),1,382971.55,1
CIRC_00289,Circular Transaction Loop; Underground Banking (Hawala),1,382971.55,1
HAWALA_01145,Circular Transaction Loop; Underground Banking (Hawala),1,382971.55,1
HAWALA_01148,Circular Transaction Loop; Underground Banking (Hawala),1,382971.55,1
HAWALA_01141,Circular Transaction Loop; Underground Banking (Hawala),1,382971.55,1
HAWALA_01142,Circular Transaction Loop; Underground Banking (Hawala),1,382971.55,1
HAWALA_01147,Circular Transaction Loop; Underground Banking (Hawala),1,382971.55,1
HAWALA_01143,Circular Transaction Loop; Underground Banking (Hawala),1,382971.55,1
HAWALA_01144,Circular Transaction Loop; Underground Banking (Hawala),1,382971.55,1
HAWALA_01146,Circular Transaction Loop; Underground Banking (Hawala),1,382971.55,1
CIRC_00283,Circular Transaction Loop; Underground Banking (Hawala),1,382971.55,1
TPWEB_00635,Third-Party Payment Web,8,382519.74,8
CHARITY_00701,Charity Abuse,19,382422.6,7
TPWEB_01526,Money Mule Network; Third-Party Payment Web,5,382385.35,5
CHARITY_02507,Charity Abuse,15,382116.78,9
CHARITY_01533,Charity Abuse,16,382096.62,8
CHARITY_01363,Charity Abuse,21,382072.33,5
TPWEB_00532,Funnel Account Network; Third-Party Payment Web,16,382010.11,16
FUNNEL_00087,Funnel Account Network; Third-Party Payment Web,16,382010.11,16
HRCORR_00119,High-Risk Corridor Transfer,2,381845.20999999996,1
CHARITY_01055,Charity Abuse,18,381719.52,12
CHARITY_00267,Charity Abuse; Funnel Account Network,3,381654.87,2
CHARITY_01121,Charity Abuse,15,381617.66,12
CHARITY_00410,Charity Abuse,22,381542.24,8
TPWEB_00439,Third-Party Payment Web,5,381519.01,5
CHARITY_03290,Charity Abuse,20,381508.20999999996,12
FUNNEL_00247,Funnel Account Network; Pass-Through Transit Hub,1,381397.71,1
PASS_00165,Funnel Account Network; Pass-Through Transit Hub,1,381397.71,1
CHARITY_03245,Charity Abuse,15,381347.12,10
CHARITY_01768,Charity Abuse,18,381332.87,10
CHARITY_02889,Charity Abuse,20,381022.72000000003,7
CHARITY_00653,Charity Abuse,14,380850.07,11
CHARITY_01509,Charity Abuse,14,380816.06,6
CHARITY_01971,Charity Abuse,21,380714.02999999997,10
CHARITY_00495,Charity Abuse,6,380332.53,4
PASS_00271,Charity Abuse; Pass-Through Transit Hub,1,380090.38,1
CHARITY_01789,Charity Abuse; Pass-Through Transit Hub,1,380090.38,1
CHARITY_03278,Charity Abuse,16,379678.46,11
CHARITY_02696,Charity Abuse,14,379676.69000000006,5
CHARITY_02490,Charity Abuse,14,379524.04000000004,5
CHARITY_02611,Charity Abuse,19,379443.85,8
CHARITY_02328,Charity Abuse,21,379433.83,9
TPWEB_01057,Third-Party Payment Web,9,379270.03,6
CHARITY_00106,Charity Abuse,18,379220.08999999997,12
CHARITY_02927,Charity Abuse,12,379087.97,6
CHARITY_00650,Charity Abuse,20,379017.48000000004,8
CHARITY_01065,Charity Abuse,14,378934.04,6
CHARITY_01904,Charity Abuse,19,378930.37,7
CHARITY_00258,Charity Abuse,15,378737.13,8
CHARITY_01955,Charity Abuse,18,378651.49,12
CHARITY_00857,Charity Abuse,19,378550.39,7
TPWEB_01322,Third-Party Payment Web,5,378454.05,5
CHARITY_01922,Charity Abuse,20,378445.56,7
CHARITY_00456,Charity Abuse,17,378434.25,8
CHARITY_01029,Charity Abuse,20,378405.17,12
FUNNEL_00159,Charity Abuse; Funnel Account Network; Third-Party Payment Web,15,378235.72,14
CHARITY_01901,Charity Abuse; Funnel Account Network; Third-Party Payment Web,15,378235.72,14
CHARITY_02754,Charity Abuse,16,378219.16000000003,11
HRCORR_00186,High-Risk Corridor Transfer,3,378090.79,1
CHARITY_02777,Charity Abuse,13,377948.75,9
CHARITY_01722,Charity Abuse,23,377714.46,10
TPWEB_00644,Third-Party Payment Web,7,377647.69,7
MULE_00028,Money Mule Network; Third-Party Payment Web,6,377574.18,6
CHARITY_01502,Charity Abuse,17,377383.32,9
TPWEB_01291,Third-Party Payment Web,6,377322.17000000004,6
FUNNEL_00070,Funnel Account Network; Third-Party Payment Web,15,377251.22,14
TPWEB_00434,Funnel Account Network; Third-Party Payment Web,15,377251.22,14
CHARITY_01549,Charity Abuse,22,377174.59,12
CHARITY_03129,Charity Abuse,12,377019.83,11
CHARITY_02044,Charity Abuse,14,376815.17,9
CHARITY_00785,Charity Abuse,12,376533.74,10
CHARITY_01245,Charity Abuse,12,376532.58,11
CHARITY_02818,Charity Abuse,13,376366.47,3
CHARITY_02107,Charity Abuse,19,376357.71,14
CHARITY_01294,Charity Abuse,18,376296.64,8
CHARITY_02240,Charity Abuse,21,376194.84,11
TPWEB_00610,Third-Party Payment Web,7,376002.3,6
CHARITY_01973,Charity Abuse,21,375988.07,8
FUNNEL_00129,Charity Abuse; Funnel Account Network,8,375929.69,4
CHARITY_01082,Charity Abuse,18,375677.97000000003,10
CHARITY_00437,Charity Abuse,14,375659.2,11
CHARITY_01468,Charity Abuse,23,375649.78,8
CHARITY_00256,Charity Abuse,18,375592.77,6
TPWEB_01340,Third-Party Payment Web,6,375387.37,6
CHARITY_01640,Charity Abuse,20,375097.41,7
FUNNEL_00054,Charity Abuse; Funnel Account Network; Third-Party Payment Web,17,374884.28,15
CHARITY_01334,Charity Abuse,18,374801.36000000004,16
CHARITY_02779,Charity Abuse,17,374725.12,15
CHARITY_00845,Charity Abuse,19,374716.83999999997,12
CHARITY_02718,Charity Abuse,19,374613.71,12
TPWEB_01272,Third-Party Payment Web,5,374468.62,5
FUNNEL_00101,Charity Abuse; Funnel Account Network,12,374448.22,6
CHARITY_00171,Charity Abuse,11,374413.77,11
CHARITY_01213,Charity Abuse,20,374402.66,8
CHARITY_00860,Charity Abuse,22,374384.06,8
CHARITY_03258,Charity Abuse,15,374333.04,10
CHARITY_02377,Charity Abuse,14,374232.11,13
FUNNEL_00107,Charity Abuse; Funnel Account Network,15,373672.21,7
CHARITY_02525,Charity Abuse,22,373664.19999999995,9
PASS_00115,Charity Abuse; Pass-Through Transit Hub,1,373641.74,1
CHARITY_03266,Charity Abuse; Pass-Through Transit Hub,1,373641.74,1
CHARITY_00457,Charity Abuse; Funnel Account Network,2,373559.56,1
CHARITY_00781,Charity Abuse,17,373555.75,7
TPWEB_00335,Third-Party Payment Web,5,373203.72,2
HAWALA_01169,Charity Abuse; Underground Banking (Hawala),1,373188.94,1
HAWALA_01168,Charity Abuse; Underground Banking (Hawala),1,373188.94,1
HAWALA_01170,Charity Abuse; Underground Banking (Hawala),1,373188.94,1
HAWALA_01166,Charity Abuse; Underground Banking (Hawala),1,373188.94,1
HAWALA_01167,Charity Abuse; Underground Banking (Hawala),1,373188.94,1
HAWALA_01171,Charity Abuse; Underground Banking (Hawala),1,373188.94,1
HAWALA_01172,Charity Abuse; Underground Banking (Hawala),1,373188.94,1
HAWALA_01173,Charity Abuse; Underground Banking (Hawala),1,373188.94,1
CHARITY_01601,Charity Abuse,17,373053.82,9
CHARITY_03115,Charity Abuse; Funnel Account Network; Pass-Through Transit Hub,1,372894.12,1
FUNNEL_00264,Charity Abuse; Funnel Account Network; Pass-Through Transit Hub,1,372894.12,1
PASS_00438,Charity Abuse; Funnel Account Network; Pass-Through Transit Hub,1,372894.12,1
TPWEB_00277,Third-Party Payment Web,10,372820.62,10
CHARITY_00188,Charity Abuse,14,372820.47,6
CHARITY_01241,Charity Abuse,16,372794.29000000004,9
CHARITY_00380,Charity Abuse,17,372714.82999999996,8
CHARITY_01937,Charity Abuse,15,372644.92,12
CHARITY_01374,Charity Abuse,17,372328.89,7
CHARITY_02362,Charity Abuse,15,372197.49,8
TPWEB_00558,Third-Party Payment Web,7,372171.1,3
CHARITY_01439,Charity Abuse,23,372155.83999999997,10
CHARITY_01486,Charity Abuse,16,371954.12,10
TPWEB_01608,Third-Party Payment Web,5,371908.55,5
FUNNEL_00184,Funnel Account Network,13,371904.25,7
CHARITY_01446,Charity Abuse,21,371696.15,11
CHARITY_02628,Charity Abuse,17,371676.0,11
CHARITY_02713,Charity Abuse,15,371606.54,14
CHARITY_00444,Charity Abuse,15,371322.24,15
CHARITY_00411,Charity Abuse,17,371121.29000000004,8
CHARITY_01003,Charity Abuse,19,371026.69,5
CHARITY_01286,Charity Abuse; Funnel Account Network,11,370968.81999999995,6
TPWEB_00843,Third-Party Payment Web,8,370877.91,8
CHARITY_02311,Charity Abuse,15,370831.54,10
CHARITY_02205,Charity Abuse,19,370805.52999999997,12
TPWEB_00014,Third-Party Payment Web,7,370795.73,7
CHARITY_02083,Charity Abuse,21,370678.54,7
CHARITY_03030,Charity Abuse,16,370544.94,8
TPWEB_00935,Funnel Account Network; Third-Party Payment Web,18,370393.4,18
FUNNEL_00163,Funnel Account Network; Third-Party Payment Web,18,370393.4,18
PASS_00560,Pass-Through Transit Hub,1,370385.08,1
CHARITY_02099,Charity Abuse,14,370102.02999999997,10
CHARITY_01888,Charity Abuse,16,369777.27,9
CHARITY_02666,Charity Abuse,17,369747.36,7
CHARITY_00798,Charity Abuse,23,369728.99,9
CHARITY_00480,Charity Abuse,14,369309.39,4
CHARITY_02672,Charity Abuse,15,369234.26999999996,6
CHARITY_00746,Charity Abuse,17,369231.77,14
CHARITY_02782,Charity Abuse,18,369158.98,7
PASS_00311,Charity Abuse; Pass-Through Transit Hub,1,369009.05,1
CHARITY_02621,Charity Abuse; Pass-Through Transit Hub,1,369009.05,1
CHARITY_00833,Charity Abuse,18,368949.47000000003,16
CHARITY_00978,Charity Abuse,18,368922.35,8
TPWEB_00647,Funnel Account Network; Third-Party Payment Web,15,368832.94,15
CHARITY_02785,Charity Abuse,19,368775.02,9
CHARITY_03124,Charity Abuse,17,368712.11,10
CHARITY_00330,Charity Abuse,19,368678.39,7
CHARITY_02231,Charity Abuse; Funnel Account Network; Third-Party Payment Web,18,368644.39,18
CHARITY_02533,Charity Abuse,18,368578.72,11
TPWEB_01623,Third-Party Payment Web,7,368501.48,7
FUNNEL_00120,Funnel Account Network; Money Mule Network,3,368351.87,3
MULE_00077,Funnel Account Network; Money Mule Network,3,368351.87,3
FUNNEL_00212,Funnel Account Network,3,368339.76,3
CHARITY_01406,Charity Abuse; Pass-Through Transit Hub,1,368232.69,1
PASS_00260,Charity Abuse; Pass-Through Transit Hub,1,368232.69,1
CHARITY_00136,Charity Abuse,17,368088.39999999997,5
CHARITY_02309,Charity Abuse,16,368053.73,11
CHARITY_00305,Charity Abuse,20,367863.78,10
PASS_00438,Pass-Through Transit Hub,1,367709.65,1
CHARITY_01004,Charity Abuse,18,367698.58999999997,3
CHARITY_00822,Charity Abuse,18,367042.5,7
CHARITY_01535,Charity Abuse,16,366976.97,8
CHARITY_00379,Charity Abuse,26,366946.21,12
CHARITY_03178,Charity Abuse,17,366915.49,11
CHARITY_00523,Charity Abuse,14,366890.47,9
CHARITY_03026,Charity Abuse,19,366782.41,5
CHARITY_02120,Charity Abuse,16,366773.56,7
CHARITY_01926,Charity Abuse,23,366686.85,21
CHARITY_00589,Charity Abuse,16,366657.05,8
CHARITY_02811,Charity Abuse,14,366628.58999999997,9
CHARITY_01237,Charity Abuse,21,366284.43,14
TPWEB_01595,Third-Party Payment Web,6,366192.62,6
CHARITY_02750,Charity Abuse,23,366097.07,11
CHARITY_01588,Charity Abuse,16,366070.83999999997,8
PASS_00560,Charity Abuse; Pass-Through Transit Hub,1,366052.86,1
CHARITY_01978,Charity Abuse; Pass-Through Transit Hub,1,366052.86,1
CHARITY_00478,Charity Abuse,16,365972.12,9
CHARITY_02891,Charity Abuse,20,365964.17,5
CHARITY_02084,Charity Abuse,15,365925.14999999997,7
CHARITY_00213,Charity Abuse,14,365908.23,6
CHARITY_01616,Charity Abuse,17,365889.58,9
CHARITY_02068,Charity Abuse; Funnel Account Network; Third-Party Payment Web,10,365603.25,9
CHARITY_00826,Charity Abuse,21,365594.51,6
CHARITY_01037,Charity Abuse,14,365465.57,2
CHARITY_00203,Charity Abuse,18,365242.86,4
CHARITY_01207,Charity Abuse,16,365140.88,8
CHARITY_02446,Charity Abuse,14,364958.67,3
FUNNEL_00022,Funnel Account Network; Third-Party Payment Web,7,364887.52,7
TPWEB_00362,Charity Abuse; Funnel Account Network; Third-Party Payment Web,18,364803.89,18
CHARITY_01180,Charity Abuse,19,364744.54,9
CHARITY_00384,Charity Abuse,15,364744.49,6
FUNNEL_00273,Charity Abuse; Funnel Account Network,17,364627.5,12
CHARITY_02965,Charity Abuse,22,364555.86,7
CHARITY_01057,Charity Abuse,16,364497.76999999996,3
CHARITY_00721,Charity Abuse,20,364427.34,8
CHARITY_00310,Charity Abuse,16,364347.44,9
CHARITY_02100,Charity Abuse,14,364242.87,8
CHARITY_00943,Charity Abuse,17,364189.8,8
CHARITY_00231,Charity Abuse,19,364137.07,9
TPWEB_01160,Funnel Account Network; Third-Party Payment Web,19,364091.35,19
FUNNEL_00195,Funnel Account Network; Third-Party Payment Web,19,364091.35,19
CHARITY_01026,Charity Abuse,13,363880.25,6
PASS_00260,Pass-Through Transit Hub,1,363771.26,1
PASS_00311,Pass-Through Transit Hub,1,363713.39,1
CHARITY_02556,Charity Abuse,18,363641.52,8
CHARITY_01381,Charity Abuse,16,363570.83999999997,9
CHARITY_03117,Charity Abuse,14,363383.31,10
CHARITY_00982,Charity Abuse,11,363257.97,9
CHARITY_01104,Charity Abuse,18,363241.07,10
CHARITY_00694,Charity Abuse,18,363065.65,11
CHARITY_02458,Charity Abuse,17,362932.89,6
CHARITY_03235,Charity Abuse,19,362879.33,7
CHARITY_00972,Charity Abuse,26,362681.25,11
CHARITY_00580,Charity Abuse,21,362364.89,12
PASS_00282,Pass-Through Transit Hub,1,362281.43,1
CHARITY_01054,Charity Abuse,17,362199.45,6
CHARITY_03109,Charity Abuse,16,362180.63,7
CHARITY_02308,Charity Abuse,16,362180.01999999996,11
CHARITY_01944,Charity Abuse,16,361875.86,7
CHARITY_02763,Charity Abuse,12,361700.81,12
CHARITY_01403,Charity Abuse,21,361469.73,10
CHARITY_00612,Charity Abuse; High-Risk Corridor Transfer,1,361387.84,1
HRCORR_00111,Charity Abuse; High-Risk Corridor Transfer,1,361387.84,1
TPWEB_01587,Third-Party Payment Web,6,361264.62,6
TPWEB_01479,Third-Party Payment Web,5,361187.92,5
CHARITY_01671,Charity Abuse,22,361142.58999999997,9
CHARITY_01040,Charity Abuse; High-Risk Corridor Transfer,1,360973.62,1
HRCORR_00230,Charity Abuse; High-Risk Corridor Transfer,1,360973.62,1
HAWALA_01334,Charity Abuse; Underground Banking (Hawala),1,360907.54,1
HAWALA_01340,Charity Abuse; Underground Banking (Hawala),1,360907.54,1
HAWALA_01341,Charity Abuse; Underground Banking (Hawala),1,360907.54,1
HAWALA_01335,Charity Abuse; Underground Banking (Hawala),1,360907.54,1
HAWALA_01336,Charity Abuse; Underground Banking (Hawala),1,360907.54,1
HAWALA_01339,Charity Abuse; Underground Banking (Hawala),1,360907.54,1
HAWALA_01337,Charity Abuse; Underground Banking (Hawala),1,360907.54,1
HAWALA_01338,Charity Abuse; Underground Banking (Hawala),1,360907.54,1
CHARITY_00268,Charity Abuse,12,360657.24,5
CHARITY_00372,Charity Abuse,7,360305.52999999997,4
CHARITY_01434,Charity Abuse,17,360070.68,13
CHARITY_02903,Charity Abuse,25,360017.51,13
CHARITY_00957,Charity Abuse,9,360007.41,7
FUNNEL_00172,Funnel Account Network; Third-Party Payment Web,17,359875.2,17
TPWEB_00994,Funnel Account Network; Third-Party Payment Web,17,359875.2,17
TPWEB_00041,Money Mule Network; Third-Party Payment Web,5,359808.89,5
TPWEB_00327,Third-Party Payment Web,6,359689.06,6
CHARITY_03249,Charity Abuse,18,359488.25,11
FUNNEL_00155,Charity Abuse; Funnel Account Network; Third-Party Payment Web,16,359322.09,16
TPWEB_00900,Charity Abuse; Funnel Account Network; Third-Party Payment Web,16,359322.09,16
CHARITY_01883,Charity Abuse; Funnel Account Network; Third-Party Payment Web,16,359322.09,16
CHARITY_01699,Charity Abuse,18,359157.13,12
TPWEB_00225,Third-Party Payment Web,7,358955.45999999996,7
TPWEB_00123,Third-Party Payment Web,5,358925.26999999996,5
CHARITY_00928,Charity Abuse,21,358876.22000000003,6
CHARITY_03289,Charity Abuse,18,358744.64,10
CHARITY_02462,Charity Abuse,17,358733.36,12
CHARITY_02548,Charity Abuse,17,358320.99,11
TPWEB_01584,Charity Abuse; Third-Party Payment Web,16,358313.81,16
CHARITY_03216,Charity Abuse; Third-Party Payment Web,16,358313.81,16
CHARITY_00725,Charity Abuse; Funnel Account Network; Third-Party Payment Web,16,358280.84,14
CHARITY_02509,Charity Abuse,14,358234.66,11
CHARITY_00400,Charity Abuse,18,358211.85000000003,3
CHARITY_01006,Charity Abuse,19,357956.74,14
TPWEB_00524,Third-Party Payment Web,7,357940.29000000004,7
CHARITY_00981,Charity Abuse,18,357899.35000000003,7
CHARITY_00405,Charity Abuse,25,357803.87999999995,14
CHARITY_01451,Charity Abuse,19,357718.93,16
CHARITY_00556,Charity Abuse,17,357651.54000000004,11
TPWEB_00799,Third-Party Payment Web,13,357200.85,13
CHARITY_02116,Charity Abuse,15,357182.45999999996,11
CHARITY_03065,Charity Abuse,20,356999.76999999996,19
CHARITY_02559,Charity Abuse,21,356964.82,10
CHARITY_01584,Charity Abuse,17,356479.76,9
CHARITY_02176,Charity Abuse; Funnel Account Network; Third-Party Payment Web,14,356266.57,14
FUNNEL_00181,Charity Abuse; Funnel Account Network; Third-Party Payment Web,14,356266.57,14
CHARITY_01948,Charity Abuse,18,355997.01,11
CHARITY_00925,Charity Abuse,13,355709.74,10
FUNNEL_00206,Funnel Account Network; Third-Party Payment Web,11,355673.59,10
PASS_00282,Charity Abuse; Funnel Account Network; Pass-Through Transit Hub,1,355185.83,1
CHARITY_01841,Charity Abuse; Funnel Account Network; Pass-Through Transit Hub,1,355185.83,1
FUNNEL_00151,Charity Abuse; Funnel Account Network; Pass-Through Transit Hub,1,355185.83,1
CHARITY_02290,Charity Abuse,22,355127.5,12
CHARITY_02332,Charity Abuse,16,355017.42,7
CHARITY_01257,Charity Abuse,17,354939.17,10
CHARITY_01621,Charity Abuse,19,354925.5,11
TPWEB_01214,Third-Party Payment Web,6,354847.9,6
FUNNEL_00253,Funnel Account Network,6,354677.88,6
CHARITY_01149,Charity Abuse,19,354618.56,10
CHARITY_01443,Charity Abuse,18,354520.43,8
TPWEB_00705,Third-Party Payment Web,5,354019.17000000004,5
CHARITY_02884,Charity Abuse,19,354015.41,14
CHARITY_02609,Charity Abuse,19,353909.65,14
TPWEB_00660,Third-Party Payment Web,7,353784.74,7
CHARITY_03183,Charity Abuse,19,353723.75,16
CHARITY_02699,Charity Abuse,17,353660.1,8
TPWEB_00496,Funnel Account Network; Third-Party Payment Web,19,353653.22,19
FUNNEL_00081,Funnel Account Network; Third-Party Payment Web,19,353653.22,19
HRCORR_00126,Charity Abuse; Funnel Account Network; High-Risk Corridor Transfer,1,353609.03,1
CHARITY_00233,Charity Abuse; Funnel Account Network; High-Risk Corridor Transfer,1,353609.03,1
FUNNEL_00021,Charity Abuse; Funnel Account Network; High-Risk Corridor Transfer,1,353609.03,1
CHARITY_00549,Charity Abuse,17,353546.98,6
FUNNEL_00036,Charity Abuse; Funnel Account Network,8,353501.57,8
CHARITY_01051,Charity Abuse,16,353338.38,5
CHARITY_02134,Charity Abuse,18,353189.26,7
CHARITY_03055,Charity Abuse,14,353034.67000000004,10
CHARITY_01623,Charity Abuse,15,353019.03,12
CHARITY_00542,Charity Abuse,20,353012.22000000003,11
TPWEB_00003,Third-Party Payment Web,6,352896.20999999996,6
CHARITY_02767,Charity Abuse,12,352837.34,9
CHARITY_02010,Charity Abuse,17,352736.83999999997,8
CHARITY_02515,Charity Abuse,18,352734.69,9
FUNNEL_00112,Funnel Account Network; Third-Party Payment Web,12,352717.38,12
CHARITY_01704,Charity Abuse,18,352443.12,10
CHARITY_00403,Charity Abuse,18,352419.55,9
CHARITY_00562,Charity Abuse,20,352409.25,5
CHARITY_02846,Charity Abuse,20,352346.73000000004,3
CHARITY_00470,Charity Abuse,16,352278.96,5
CHARITY_02485,Charity Abuse,18,351995.15,3
CHARITY_01106,Charity Abuse,16,351986.7,10
CHARITY_02520,Charity Abuse; Funnel Account Network,8,351863.74,3
CHARITY_01048,Charity Abuse,19,351778.52,6
TPWEB_00148,Funnel Account Network; Third-Party Payment Web,16,351765.98,15
FUNNEL_00027,Funnel Account Network; Third-Party Payment Web,16,351765.98,15
CHARITY_02437,Charity Abuse,16,351612.54,6
TPWEB_01360,Third-Party Payment Web,6,351277.75,6
PASS_00491,Pass-Through Transit Hub,1,351053.15,1
CHARITY_01613,Charity Abuse,14,350927.38,7
CHARITY_01061,Charity Abuse,16,350910.9,7
CHARITY_00311,Charity Abuse,13,350578.42,6
CHARITY_01372,Charity Abuse,16,350228.52,8
TPWEB_01178,Third-Party Payment Web,7,350058.82,7
CHARITY_00577,Charity Abuse,16,349884.11,7
CHARITY_00015,Charity Abuse; Third-Party Payment Web,11,349713.81,9
TPWEB_01218,Third-Party Payment Web,7,349571.5,7
CHARITY_00315,Charity Abuse,14,349198.02,7
CHARITY_03277,Charity Abuse,12,348804.48,8
HRCORR_00165,Charity Abuse; High-Risk Corridor Transfer,1,348376.34,1
CHARITY_00965,Charity Abuse; High-Risk Corridor Transfer,1,348376.34,1
CHARITY_01842,Charity Abuse,24,348256.96,13
TPWEB_00737,Third-Party Payment Web,4,348162.55000000005,3
CHARITY_02027,Charity Abuse,16,348147.23,8
CHARITY_00441,Charity Abuse; Pass-Through Transit Hub,1,348098.21,1
PASS_00491,Charity Abuse; Pass-Through Transit Hub,1,348098.21,1
CHARITY_00533,Charity Abuse,18,348085.36,12
TPWEB_01186,Third-Party Payment Web,6,347562.09,6
CHARITY_01415,Charity Abuse,18,347216.27,13
CHARITY_00793,Charity Abuse,19,346853.43,7
CHARITY_00946,Charity Abuse,15,346728.33,8
TPWEB_00736,Funnel Account Network; Third-Party Payment Web,14,346722.6,14
CHARITY_03054,Charity Abuse,14,346382.73,10
CHARITY_01398,Charity Abuse,14,346367.37,6
TPWEB_00341,Charity Abuse; Funnel Account Network; Third-Party Payment Web,16,346227.4,15
CHARITY_03223,Charity Abuse,19,346198.9,10
CHARITY_01321,Charity Abuse,16,346163.80000000005,5
CHARITY_02832,Charity Abuse,19,345900.01,12
CHARITY_02177,Charity Abuse,20,345856.64,10
TPWEB_01521,Third-Party Payment Web,7,345627.56,7
CHARITY_01681,Charity Abuse,13,345085.04,3
CHARITY_01981,Charity Abuse,15,344671.14,6
CHARITY_00021,Charity Abuse,11,344520.71,6
CHARITY_00696,Charity Abuse,18,344151.68,8
CHARITY_02648,Charity Abuse,21,344110.91,8
CHARITY_00473,Charity Abuse,13,344025.05,9
CHARITY_02892,Charity Abuse,17,343910.02,5
CHARITY_00401,Charity Abuse,18,343531.45999999996,7
CHARITY_01392,Charity Abuse,17,343531.33,11
CHARITY_02013,Charity Abuse,13,343382.58,9
CHARITY_02631,Charity Abuse,19,343211.39,6
FUNNEL_00169,Funnel Account Network; Third-Party Payment Web,17,343111.77,16
TPWEB_00968,Funnel Account Network; Third-Party Payment Web,17,343111.77,16
CHARITY_00766,Charity Abuse,15,342610.63,9
CHARITY_02331,Charity Abuse,15,342426.42,12
FUNNEL_00026,Charity Abuse; Funnel Account Network; Third-Party Payment Web,13,342176.6,13
CHARITY_00281,Charity Abuse; Funnel Account Network; Third-Party Payment Web,13,342176.6,13
CHARITY_00370,Charity Abuse,16,342077.74,7
TPWEB_01577,Third-Party Payment Web,5,342054.61,5
CHARITY_01998,Charity Abuse,15,341968.07,10
CHARITY_01612,Charity Abuse,16,341786.92,10
TPWEB_01134,Third-Party Payment Web,7,341653.04000000004,7
CHARITY_01490,Charity Abuse,20,341501.97,14
CHARITY_01747,Charity Abuse; High-Risk Corridor Transfer,1,341469.86,1
HRCORR_00263,Charity Abuse; High-Risk Corridor Transfer,1,341469.86,1
CHARITY_03034,Charity Abuse,14,341336.58,11
CHARITY_02188,Charity Abuse,10,341172.21,8
TPWEB_01468,Third-Party Payment Web,8,341093.07,8
CHARITY_01475,Charity Abuse,20,341047.05,10
CHARITY_01629,Charity Abuse,18,340948.95,14
CHARITY_01548,Charity Abuse,16,340613.13,9
FUNNEL_00126,Charity Abuse; Funnel Account Network; Third-Party Payment Web,15,340495.45,13
CHARITY_01587,Charity Abuse; Funnel Account Network; Third-Party Payment Web,15,340495.45,13
CHARITY_00611,Charity Abuse; Funnel Account Network; Third-Party Payment Web,17,340169.27,17
FUNNEL_00047,Charity Abuse; Funnel Account Network; Third-Party Payment Web,17,340169.27,17
TPWEB_00289,Charity Abuse; Funnel Account Network; Third-Party Payment Web,17,340169.27,17
CHARITY_00765,Charity Abuse,20,340151.82,10
CHARITY_03210,Charity Abuse,12,340127.03,9
CHARITY_01634,Charity Abuse,21,340022.7,8
CHARITY_03255,Charity Abuse,17,339979.2,8
HAWALA_01404,Charity Abuse; Underground Banking (Hawala),1,339839.14,1
HAWALA_01398,Charity Abuse; Underground Banking (Hawala),1,339839.14,1
HAWALA_01405,Charity Abuse; Underground Banking (Hawala),1,339839.14,1
HAWALA_01401,Charity Abuse; Underground Banking (Hawala),1,339839.14,1
HAWALA_01400,Charity Abuse; Underground Banking (Hawala),1,339839.14,1
HAWALA_01402,Charity Abuse; Underground Banking (Hawala),1,339839.14,1
HAWALA_01399,Charity Abuse; Underground Banking (Hawala),1,339839.14,1
HAWALA_01403,Charity Abuse; Underground Banking (Hawala),1,339839.14,1
CHARITY_02997,Charity Abuse,19,339709.48,6
CHARITY_01282,Charity Abuse,17,339586.61,12
CHARITY_00906,Charity Abuse,21,339551.34,5
CHARITY_00744,Charity Abuse,23,339482.04,7
TPWEB_00883,Third-Party Payment Web,5,339447.11,5
TPWEB_00120,Funnel Account Network; Third-Party Payment Web,6,339370.1,6
CHARITY_00598,Charity Abuse,19,339356.71,16
CHARITY_00177,Charity Abuse,12,339302.08,9
CHARITY_02218,Charity Abuse,18,339251.26,11
CHARITY_01281,Charity Abuse,22,339143.74,4
TPWEB_00444,Third-Party Payment Web,5,339080.57,5
TPWEB_00356,Third-Party Payment Web,6,339002.71,4
CHARITY_02163,Charity Abuse,15,338895.05,10
CHARITY_03248,Charity Abuse,13,338827.77,11
TPWEB_00688,Funnel Account Network; Third-Party Payment Web,11,338797.5,11
CHARITY_00074,Charity Abuse,23,338782.44,8
CHARITY_02270,Charity Abuse,14,338758.12,9
FUNNEL_00202,Charity Abuse; Funnel Account Network; Third-Party Payment Web,17,338650.95,17
CHARITY_02419,Charity Abuse; Funnel Account Network; Third-Party Payment Web,17,338650.95,17
CHARITY_00910,Charity Abuse,19,338649.85000000003,12
CHARITY_00704,Charity Abuse,16,338476.17000000004,4
CHARITY_02432,Charity Abuse,15,338263.5,8
CHARITY_02948,Charity Abuse,17,338176.18,12
CHARITY_01023,Charity Abuse,20,338077.64999999997,7
CHARITY_00277,Charity Abuse; Funnel Account Network; Third-Party Payment Web,17,337695.65,17
FUNNEL_00025,Charity Abuse; Funnel Account Network; Third-Party Payment Web,17,337695.65,17
TPWEB_00133,Charity Abuse; Funnel Account Network; Third-Party Payment Web,17,337695.65,17
CHARITY_00155,Charity Abuse,14,337689.14,10
CHARITY_00698,Charity Abuse,19,337528.73,7
CHARITY_01566,Charity Abuse,15,337454.88,6
CHARITY_00169,Charity Abuse,14,337335.29000000004,6
CHARITY_01146,Charity Abuse,16,337284.36,14
CHARITY_02339,Charity Abuse,16,337240.52,13
CHARITY_01371,Charity Abuse,12,337133.67,6
CHARITY_01640,Charity Abuse; Funnel Account Network,4,336994.07,1
CHARITY_01165,Charity Abuse,16,336971.01,9
CHARITY_02544,Charity Abuse,15,336859.97,8
CHARITY_02751,Charity Abuse,17,336522.70999999996,7
CHARITY_02427,Charity Abuse; Funnel Account Network; Third-Party Payment Web,11,336394.69,11
FUNNEL_00204,Charity Abuse; Funnel Account Network; Third-Party Payment Web,11,336394.69,11
CHARITY_01467,Charity Abuse,13,336336.86,10
CHARITY_02284,Charity Abuse,14,336029.04,6
TPWEB_00350,Third-Party Payment Web,7,335927.67,3
CHARITY_02911,Charity Abuse,20,335788.87,8
CHARITY_02489,Charity Abuse,19,335756.38999999996,8
CHARITY_01807,Charity Abuse,23,335744.67000000004,6
CHARITY_01397,Charity Abuse,21,335740.32999999996,8
CHARITY_00399,Charity Abuse,13,335683.28,8
CHARITY_01956,Charity Abuse,18,335662.63,16
HAWALA_01480,Charity Abuse; Funnel Account Network; Underground Banking (Hawala),1,335629.19,1
HAWALA_01482,Charity Abuse; Funnel Account Network; Underground Banking (Hawala),1,335629.19,1
HAWALA_01483,Charity Abuse; Funnel Account Network; Underground Banking (Hawala),1,335629.19,1
HAWALA_01485,Charity Abuse; Funnel Account Network; Underground Banking (Hawala),1,335629.19,1
HAWALA_01484,Charity Abuse; Funnel Account Network; Underground Banking (Hawala),1,335629.19,1
HAWALA_01481,Charity Abuse; Funnel Account Network; Underground Banking (Hawala),1,335629.19,1
HAWALA_01479,Charity Abuse; Funnel Account Network; Underground Banking (Hawala),1,335629.19,1
HAWALA_01478,Charity Abuse; Funnel Account Network; Underground Banking (Hawala),1,335629.19,1
TPWEB_00916,Charity Abuse; Funnel Account Network; Third-Party Payment Web,14,335562.52999999997,14
CHARITY_03192,Charity Abuse,21,335393.18,7
CHARITY_01454,Charity Abuse,18,335324.69,9
CHARITY_01445,Charity Abuse,15,335319.95999999996,9
CHARITY_01987,Charity Abuse,21,335289.14999999997,4
CHARITY_02992,Charity Abuse,18,335245.37,7
TPWEB_00518,Charity Abuse; Funnel Account Network; Third-Party Payment Web,18,335204.74,18
FUNNEL_00086,Charity Abuse; Funnel Account Network; Third-Party Payment Web,18,335204.74,18
CHARITY_01071,Charity Abuse; Funnel Account Network; Third-Party Payment Web,18,335204.74,18
CHARITY_00877,Charity Abuse,14,335133.42,9
CHARITY_02999,Charity Abuse,17,335057.59,8
CHARITY_01837,Charity Abuse,20,335012.15,11
FUNNEL_00075,Funnel Account Network,7,334887.67,5
CHARITY_02425,Charity Abuse,20,334869.94,11
CHARITY_02683,Charity Abuse,16,334792.02999999997,9
CHARITY_00363,Charity Abuse,21,334740.83,10
CHARITY_00029,Charity Abuse,13,334533.16000000003,7
CHARITY_02003,Charity Abuse,15,334457.33,7
CHARITY_02553,Charity Abuse,21,334375.55,11
CHARITY_01775,Charity Abuse,16,334282.05,11
CHARITY_02550,Charity Abuse,17,334275.9,10
FUNNEL_00028,Funnel Account Network,14,334258.99,6
CHARITY_02896,Charity Abuse,15,334220.27,11
CHARITY_03229,Charity Abuse,10,334215.55,6
CHARITY_02584,Charity Abuse,13,334117.16000000003,10
CHARITY_01804,Charity Abuse,11,333656.21,10
HRCORR_00009,Charity Abuse; High-Risk Corridor Transfer,1,333522.45,1
CHARITY_00057,Charity Abuse; High-Risk Corridor Transfer,1,333522.45,1
CHARITY_02233,Charity Abuse,16,333518.49,7
HRCORR_00117,Charity Abuse; High-Risk Corridor Transfer,1,333475.28,1
CHARITY_00133,Charity Abuse; High-Risk Corridor Transfer,1,333475.28,1
HAWALA_01494,Charity Abuse; Underground Banking (Hawala),1,333451.28,1
HAWALA_01495,Charity Abuse; Underground Banking (Hawala),1,333451.28,1
HAWALA_01501,Charity Abuse; Underground Banking (Hawala),1,333451.28,1
HAWALA_01498,Charity Abuse; Underground Banking (Hawala),1,333451.28,1
HAWALA_01500,Charity Abuse; Underground Banking (Hawala),1,333451.28,1
HAWALA_01499,Charity Abuse; Underground Banking (Hawala),1,333451.28,1
HAWALA_01497,Charity Abuse; Underground Banking (Hawala),1,333451.28,1
HAWALA_01496,Charity Abuse; Underground Banking (Hawala),1,333451.28,1
CHARITY_00631,Charity Abuse,12,333437.26,10
CHARITY_00161,Charity Abuse,21,333423.47,7
HAWALA_01438,Charity Abuse; Underground Banking (Hawala),1,333296.77,1
HAWALA_01439,Charity Abuse; Underground Banking (Hawala),1,333296.77,1
HAWALA_01442,Charity Abuse; Underground Banking (Hawala),1,333296.77,1
HAWALA_01440,Charity Abuse; Underground Banking (Hawala),1,333296.77,1
HAWALA_01441,Charity Abuse; Underground Banking (Hawala),1,333296.77,1
HAWALA_01445,Charity Abuse; Underground Banking (Hawala),1,333296.77,1
HAWALA_01447,Charity Abuse; Underground Banking (Hawala),1,333296.77,1
HAWALA_01451,Charity Abuse; Underground Banking (Hawala),1,333296.77,1
HAWALA_01444,Charity Abuse; Underground Banking (Hawala),1,333296.77,1
HAWALA_01443,Charity Abuse; Underground Banking (Hawala),1,333296.77,1
HAWALA_01446,Charity Abuse; Underground Banking (Hawala),1,333296.77,1
HAWALA_01452,Charity Abuse; Underground Banking (Hawala),1,333296.77,1
HAWALA_01453,Charity Abuse; Underground Banking (Hawala),1,333296.77,1
HAWALA_01448,Charity Abuse; Underground Banking (Hawala),1,333296.77,1
HAWALA_01449,Charity Abuse; Underground Banking (Hawala),1,333296.77,1
HAWALA_01450,Charity Abuse; Underground Banking (Hawala),1,333296.77,1
CHARITY_03199,Charity Abuse,13,333099.09,5
CHARITY_01730,Charity Abuse,16,333086.79,9
CHARITY_01615,Charity Abuse,21,333010.79000000004,10
HAWALA_01512,Charity Abuse; Underground Banking (Hawala),1,332948.42,1
HAWALA_01520,Charity Abuse; Underground Banking (Hawala),1,332948.42,1
HAWALA_01521,Charity Abuse; Underground Banking (Hawala),1,332948.42,1
HAWALA_01510,Charity Abuse; Underground Banking (Hawala),1,332948.42,1
HAWALA_01519,Charity Abuse; Underground Banking (Hawala),1,332948.42,1
HAWALA_01511,Charity Abuse; Underground Banking (Hawala),1,332948.42,1
HAWALA_01515,Charity Abuse; Underground Banking (Hawala),1,332948.42,1
HAWALA_01514,Charity Abuse; Underground Banking (Hawala),1,332948.42,1
HAWALA_01524,Charity Abuse; Underground Banking (Hawala),1,332948.42,1
HAWALA_01525,Charity Abuse; Underground Banking (Hawala),1,332948.42,1
HAWALA_01522,Charity Abuse; Underground Banking (Hawala),1,332948.42,1
HAWALA_01523,Charity Abuse; Underground Banking (Hawala),1,332948.42,1
HAWALA_01513,Charity Abuse; Underground Banking (Hawala),1,332948.42,1
HAWALA_01517,Charity Abuse; Underground Banking (Hawala),1,332948.42,1
HAWALA_01516,Charity Abuse; Underground Banking (Hawala),1,332948.42,1
HAWALA_01518,Charity Abuse; Underground Banking (Hawala),1,332948.42,1
FUNNEL_00168,Funnel Account Network; Third-Party Payment Web,16,332921.13,16
TPWEB_00964,Funnel Account Network; Third-Party Payment Web,16,332921.13,16
CHARITY_01444,Charity Abuse,17,332907.01,10
CHARITY_02878,Charity Abuse,12,332803.11,4
CHARITY_01440,Charity Abuse,17,332653.67,5
TPWEB_00205,Third-Party Payment Web,5,332595.4,3
CHARITY_01945,Charity Abuse,12,332504.93,6
CHARITY_03005,Charity Abuse,17,332467.74,11
CHARITY_00989,Charity Abuse,15,332397.94,9
CHARITY_03173,Charity Abuse,19,332388.69,8
CHARITY_01894,Charity Abuse,15,332091.0,9
CHARITY_02318,Charity Abuse,14,331702.32,6
CHARITY_01358,Charity Abuse,15,331490.39,14
CHARITY_01853,Charity Abuse,20,331374.59,11
CHARITY_00546,Charity Abuse,18,331346.18,9
CHARITY_02223,Charity Abuse,16,331220.99,8
CHARITY_02899,Charity Abuse,15,331139.33999999997,3
CHARITY_00226,Charity Abuse,24,331122.63,12
TPWEB_01084,Third-Party Payment Web,5,330992.29,5
CHARITY_02734,Charity Abuse,15,330986.7,10
CHARITY_03213,Charity Abuse,24,330729.26,6
CHARITY_00582,Charity Abuse,21,330698.2,8
CHARITY_02095,Charity Abuse,14,330264.08999999997,13
FUNNEL_00054,Funnel Account Network,5,330252.53,5
CHARITY_01765,Charity Abuse,17,330221.35,8
CHARITY_00602,Charity Abuse,17,330039.82,10
TPWEB_01209,Third-Party Payment Web,6,329802.28,6
CHARITY_03209,Charity Abuse,16,329765.82,9
CHARITY_00252,Charity Abuse,16,329690.54,6
CHARITY_01916,Charity Abuse,16,329669.99,14
CHARITY_00720,Charity Abuse,18,329635.96,6
TPWEB_01573,Third-Party Payment Web,6,329482.43,6
TPWEB_00936,Third-Party Payment Web,5,329285.23,3
TPWEB_00391,Funnel Account Network; Third-Party Payment Web,14,328791.6,14
FUNNEL_00064,Funnel Account Network; Third-Party Payment Web,14,328791.6,14
FUNNEL_00264,Charity Abuse; Funnel Account Network,14,328777.84,10
CHARITY_03115,Charity Abuse; Funnel Account Network,14,328777.84,10
CHARITY_02838,Charity Abuse; Funnel Account Network; Third-Party Payment Web,17,328716.18,17
FUNNEL_00240,Charity Abuse; Funnel Account Network; Third-Party Payment Web,17,328716.18,17
TPWEB_01388,Charity Abuse; Funnel Account Network; Third-Party Payment Web,17,328716.18,17
CHARITY_02954,Charity Abuse,14,328665.34,6
CHARITY_00874,Charity Abuse,18,328473.9,13
FUNNEL_00126,Funnel Account Network,4,328286.31,2
CHARITY_01067,Charity Abuse; High-Risk Corridor Transfer,1,328175.73,1
HRCORR_00234,Charity Abuse; High-Risk Corridor Transfer,1,328175.73,1
CHARITY_02126,Charity Abuse,20,328075.55,10
TPWEB_01283,Third-Party Payment Web,5,328061.64,5
CHARITY_00361,Charity Abuse,17,328018.83999999997,9
CHARITY_02316,Charity Abuse,15,327967.0,9
CHARITY_02919,Charity Abuse,16,327771.63,8
CHARITY_01236,Charity Abuse,18,327735.05,7
CHARITY_02874,Charity Abuse,13,327700.39,8
CHARITY_00003,Charity Abuse,19,327543.45999999996,8
CHARITY_00658,Charity Abuse,16,327348.07,14
CHARITY_02624,Charity Abuse,23,327288.02,8
TPWEB_00137,Charity Abuse; Funnel Account Network; Third-Party Payment Web,12,327229.46,12
CHARITY_00586,Charity Abuse,24,327225.06,11
TPWEB_00406,Funnel Account Network; Third-Party Payment Web,16,327105.57,16
FUNNEL_00065,Funnel Account Network; Third-Party Payment Web,16,327105.57,16
TPWEB_00087,Third-Party Payment Web,7,326751.63,7
CHARITY_01885,Charity Abuse,16,326665.93,7
CHARITY_03228,Charity Abuse,17,326604.5,12
CHARITY_02931,Charity Abuse,19,326588.41,16
CHARITY_02282,Charity Abuse,16,326549.64,8
CHARITY_00329,Charity Abuse,16,326544.23,14
TPWEB_00632,Third-Party Payment Web,6,326513.38,5
CHARITY_02143,Charity Abuse,18,326329.69,9
CHARITY_01419,Charity Abuse,17,326165.56,8
FUNNEL_00076,Charity Abuse; Funnel Account Network; Third-Party Payment Web,16,326042.18,16
CHARITY_00984,Charity Abuse; Funnel Account Network; Third-Party Payment Web,16,326042.18,16
CHARITY_00317,Charity Abuse,15,326035.93,11
CHARITY_00365,Charity Abuse,18,326015.17,6
CHARITY_01950,Charity Abuse,19,325889.31,9
CHARITY_03100,Charity Abuse,19,325813.0,8
TPWEB_01183,Charity Abuse; Funnel Account Network; Third-Party Payment Web,16,325764.68,16
CHARITY_01860,Charity Abuse,17,325639.99,8
FUNNEL_00017,Charity Abuse; Funnel Account Network,10,325521.17000000004,5
TPWEB_01230,Third-Party Payment Web,6,325357.73,6
CHARITY_00823,Charity Abuse,14,325262.25,14
CHARITY_00145,Charity Abuse,14,325249.51999999996,4
TPWEB_01162,Third-Party Payment Web,4,325223.56,4
CHARITY_02057,Charity Abuse,12,324908.05,12
CHARITY_03211,Charity Abuse; Funnel Account Network,1,324899.42,1
FUNNEL_00181,Funnel Account Network,3,324849.32,3
CHARITY_02380,Charity Abuse,14,324799.86,11
CHARITY_01239,Charity Abuse,20,324714.15,10
CHARITY_01034,Charity Abuse,15,324706.13,5
CHARITY_00911,Charity Abuse,13,324583.83,7
CHARITY_02385,Charity Abuse,24,324548.66,15
CHARITY_01517,Charity Abuse,21,324388.69,9
CHARITY_02612,Charity Abuse,19,324339.64,11
CHARITY_03063,Charity Abuse,12,324293.34,8
CHARITY_01406,Charity Abuse,18,324193.58,9
CHARITY_00703,Charity Abuse,11,324067.51999999996,10
HRCORR_00450,High-Risk Corridor Transfer,1,323883.25,1
CHARITY_00820,Charity Abuse; Funnel Account Network; Third-Party Payment Web,14,323734.36,14
TPWEB_00390,Charity Abuse; Funnel Account Network; Third-Party Payment Web,14,323734.36,14
FUNNEL_00063,Charity Abuse; Funnel Account Network; Third-Party Payment Web,14,323734.36,14
CHARITY_03305,Charity Abuse,17,323694.26999999996,15
CHARITY_02746,Charity Abuse,14,323410.28,6
CHARITY_00585,Charity Abuse,14,323390.6,11
FUNNEL_00142,Funnel Account Network; Third-Party Payment Web,13,323345.66000000003,12
CHARITY_01220,Charity Abuse,17,323344.94,10
CHARITY_01604,Charity Abuse,19,323280.24,11
TPWEB_01439,Third-Party Payment Web,5,323069.29,2
CHARITY_02712,Charity Abuse; High-Risk Corridor Transfer,1,322877.16,1
HRCORR_00400,Charity Abuse; High-Risk Corridor Transfer,1,322877.16,1
TPWEB_01228,Third-Party Payment Web,5,322858.73,4
CHARITY_03253,Charity Abuse,13,322567.58,10
TPWEB_00692,Third-Party Payment Web,4,322497.65,4
CHARITY_02813,Charity Abuse,17,322493.68,8
CHARITY_03004,Charity Abuse,18,322401.52999999997,15
CHARITY_01263,Charity Abuse,16,322395.25,13
CHARITY_02191,Charity Abuse,19,322250.29000000004,7
CHARITY_02396,Charity Abuse,14,322212.75,3
CHARITY_03083,Charity Abuse,18,321981.28,13
PASS_00574,Pass-Through Transit Hub,1,321926.73,1
CHARITY_01965,Charity Abuse,19,321615.5,7
TPWEB_01481,Third-Party Payment Web,5,321599.64,5
CHARITY_02408,Charity Abuse,17,321592.0,13
TPWEB_00762,Charity Abuse; Third-Party Payment Web,6,321533.11,4
CHARITY_01198,Charity Abuse,22,321485.94,11
CHARITY_00604,Charity Abuse,15,321426.07,7
TPWEB_01453,Third-Party Payment Web,6,321349.92,6
CHARITY_00078,Charity Abuse,20,321261.76,12
TPWEB_01161,Third-Party Payment Web,6,321248.54,6
TPWEB_00253,Third-Party Payment Web,5,321192.01,4
CHARITY_03145,Charity Abuse,14,321067.66000000003,8
CHARITY_03276,Charity Abuse,13,321048.22,10
CHARITY_00240,Charity Abuse,16,321018.88999999996,7
CHARITY_00036,Charity Abuse,17,320901.23,11
TPWEB_01107,Third-Party Payment Web,4,320822.94,4
TPWEB_01490,Third-Party Payment Web,5,320726.27,5
HRCORR_00169,High-Risk Corridor Transfer,1,320606.69,1
CHARITY_01660,Charity Abuse,16,320368.72,6
CHARITY_02423,Charity Abuse,16,320148.89999999997,8
CHARITY_02732,Charity Abuse,18,320120.67,9
CHARITY_00454,Charity Abuse,16,320084.77,10
CHARITY_02635,Charity Abuse,18,320079.38,11
TPWEB_01476,Third-Party Payment Web,5,319870.2,5
TPWEB_00102,Charity Abuse; Funnel Account Network; Third-Party Payment Web,16,319485.41000000003,16
CHARITY_00211,Charity Abuse; Funnel Account Network; Third-Party Payment Web,16,319485.41000000003,16
FUNNEL_00018,Charity Abuse; Funnel Account Network; Third-Party Payment Web,16,319485.41000000003,16
PASS_00574,Charity Abuse; Pass-Through Transit Hub,1,319473.48,1
CHARITY_00812,Charity Abuse; Pass-Through Transit Hub,1,319473.48,1
TPWEB_00650,Charity Abuse; Funnel Account Network; Third-Party Payment Web,9,319472.26,9
FUNNEL_00104,Charity Abuse; Funnel Account Network; Third-Party Payment Web,9,319472.26,9
CHARITY_01352,Charity Abuse; Funnel Account Network; Third-Party Payment Web,9,319472.26,9
CHARITY_00760,Charity Abuse,28,318899.06,10
TPWEB_00641,Charity Abuse; Funnel Account Network; Third-Party Payment Web,16,318802.22,16
FUNNEL_00102,Charity Abuse; Funnel Account Network; Third-Party Payment Web,16,318802.22,16
CHARITY_01327,Charity Abuse; Funnel Account Network; Third-Party Payment Web,16,318802.22,16
CHARITY_00485,Charity Abuse,17,318760.33999999997,10
TPWEB_00757,Charity Abuse; Funnel Account Network; Third-Party Payment Web,14,318618.9,13
HAWALA_01634,Charity Abuse; Underground Banking (Hawala),1,318371.27,1
HAWALA_01633,Charity Abuse; Underground Banking (Hawala),1,318371.27,1
HAWALA_01635,Charity Abuse; Underground Banking (Hawala),1,318371.27,1
HAWALA_01623,Charity Abuse; Underground Banking (Hawala),1,318371.27,1
HAWALA_01626,Charity Abuse; Underground Banking (Hawala),1,318371.27,1
HAWALA_01624,Charity Abuse; Underground Banking (Hawala),1,318371.27,1
HAWALA_01622,Charity Abuse; Underground Banking (Hawala),1,318371.27,1
HAWALA_01628,Charity Abuse; Underground Banking (Hawala),1,318371.27,1
HAWALA_01636,Charity Abuse; Underground Banking (Hawala),1,318371.27,1
HAWALA_01637,Charity Abuse; Underground Banking (Hawala),1,318371.27,1
HAWALA_01632,Charity Abuse; Underground Banking (Hawala),1,318371.27,1
HAWALA_01631,Charity Abuse; Underground Banking (Hawala),1,318371.27,1
HAWALA_01629,Charity Abuse; Underground Banking (Hawala),1,318371.27,1
HAWALA_01630,Charity Abuse; Underground Banking (Hawala),1,318371.27,1
HAWALA_01627,Charity Abuse; Underground Banking (Hawala),1,318371.27,1
HAWALA_01625,Charity Abuse; Underground Banking (Hawala),1,318371.27,1
CHARITY_02610,Charity Abuse,22,318253.43,13
CHARITY_01583,Charity Abuse,22,318073.09,10
CHARITY_02479,Charity Abuse; High-Risk Corridor Transfer,1,318043.95,1
HRCORR_00389,Charity Abuse; High-Risk Corridor Transfer,1,318043.95,1
CHARITY_03067,Charity Abuse,17,317998.57,12
CHARITY_01258,Charity Abuse,19,317978.08999999997,13
CHARITY_00093,Charity Abuse,20,317888.8,9
CHARITY_00417,Charity Abuse,19,317880.12,11
CHARITY_00241,Charity Abuse,17,317849.88,6
CHARITY_02354,Charity Abuse,16,317629.54,7
TPWEB_00602,Third-Party Payment Web,5,317544.51,5
CHARITY_01701,Charity Abuse,18,317486.65,7
TPWEB_01259,Third-Party Payment Web,5,317352.89,5
CHARITY_00341,Charity Abuse,23,317141.95,9
CHARITY_01327,Charity Abuse; Third-Party Payment Web,14,316836.47,14
TPWEB_00641,Charity Abuse; Third-Party Payment Web,14,316836.47,14
FUNNEL_00199,Funnel Account Network,3,316830.94,2
TPWEB_00890,Third-Party Payment Web,5,316810.57,5
CHARITY_01337,Charity Abuse,24,316802.39,8
CHARITY_00099,Charity Abuse,19,316690.57,7
TPWEB_01437,Money Mule Network; Third-Party Payment Web,5,316663.5,5
MULE_00016,Money Mule Network; Third-Party Payment Web,5,316663.5,5
CHARITY_01949,Charity Abuse,9,316661.01000000007,6
TPWEB_00172,Third-Party Payment Web,6,316649.27,4
TPWEB_00867,Third-Party Payment Web,5,316614.05,5
TPWEB_00467,Money Mule Network; Third-Party Payment Web,5,316544.15,5
CHARITY_00152,Charity Abuse,16,316511.22000000003,8
CHARITY_02618,Charity Abuse,13,316436.0,10
CHARITY_00576,Charity Abuse,23,316231.71,7
MULE_00008,Funnel Account Network; Money Mule Network,2,316176.36,2
FUNNEL_00260,Funnel Account Network; Money Mule Network,2,316176.36,2
HRCORR_00346,Funnel Account Network; High-Risk Corridor Transfer,1,316117.0,1
FUNNEL_00194,Funnel Account Network; High-Risk Corridor Transfer,1,316117.0,1
CHARITY_00204,Charity Abuse; Funnel Account Network,9,316115.64,5
CHARITY_01010,Charity Abuse,19,316091.11,5
CHARITY_03286,Charity Abuse; Funnel Account Network; Third-Party Payment Web,14,315993.35,14
FUNNEL_00279,Charity Abuse; Funnel Account Network; Third-Party Payment Web,14,315993.35,14
TPWEB_01615,Charity Abuse; Funnel Account Network; Third-Party Payment Web,14,315993.35,14
CHARITY_00922,Charity Abuse,15,315986.8,3
CHARITY_03051,Charity Abuse,13,315845.84,6
CHARITY_01181,Charity Abuse,21,315832.65,17
CHARITY_00638,Charity Abuse,16,315828.63,8
FUNNEL_00150,Funnel Account Network; Third-Party Payment Web,13,315621.69,13
TPWEB_00880,Funnel Account Network; Third-Party Payment Web,13,315621.69,13
CHARITY_03265,Charity Abuse,16,315602.43,10
CHARITY_00335,Charity Abuse,14,315572.37,10
CHARITY_00347,Charity Abuse,15,315492.29,9
CHARITY_01132,Charity Abuse,15,315306.31,7
CHARITY_02723,Charity Abuse,18,315238.98,9
CHARITY_02375,Charity Abuse,17,315070.04,5
CHARITY_02115,Charity Abuse,19,314945.18,10
CHARITY_03122,Charity Abuse,17,314913.56,12
CHARITY_01229,Charity Abuse,21,314871.45,10
TPWEB_01009,Third-Party Payment Web,6,314859.9,6
CHARITY_00986,Charity Abuse,13,314838.48,6
CHARITY_02040,Charity Abuse; High-Risk Corridor Transfer,1,314732.02,1
HRCORR_00250,Charity Abuse; High-Risk Corridor Transfer,1,314732.02,1
CHARITY_02986,Charity Abuse,19,314679.06,10
HAWALA_01681,Funnel Account Network; Underground Banking (Hawala),1,314436.74,1
HAWALA_01685,Funnel Account Network; Underground Banking (Hawala),1,314436.74,1
HAWALA_01682,Funnel Account Network; Underground Banking (Hawala),1,314436.74,1
HAWALA_01683,Funnel Account Network; Underground Banking (Hawala),1,314436.74,1
HAWALA_01684,Funnel Account Network; Underground Banking (Hawala),1,314436.74,1
HAWALA_01680,Funnel Account Network; Underground Banking (Hawala),1,314436.74,1
HAWALA_01673,Funnel Account Network; Underground Banking (Hawala),1,314436.74,1
HAWALA_01678,Funnel Account Network; Underground Banking (Hawala),1,314436.74,1
HAWALA_01675,Funnel Account Network; Underground Banking (Hawala),1,314436.74,1
HAWALA_01676,Funnel Account Network; Underground Banking (Hawala),1,314436.74,1
HAWALA_01670,Funnel Account Network; Underground Banking (Hawala),1,314436.74,1
HAWALA_01679,Funnel Account Network; Underground Banking (Hawala),1,314436.74,1
HAWALA_01677,Funnel Account Network; Underground Banking (Hawala),1,314436.74,1
HAWALA_01672,Funnel Account Network; Underground Banking (Hawala),1,314436.74,1
HAWALA_01671,Funnel Account Network; Underground Banking (Hawala),1,314436.74,1
HAWALA_01674,Funnel Account Network; Underground Banking (Hawala),1,314436.74,1
HAWALA_01693,Charity Abuse; Underground Banking (Hawala),1,314401.83,1
HAWALA_01688,Charity Abuse; Underground Banking (Hawala),1,314401.83,1
HAWALA_01687,Charity Abuse; Underground Banking (Hawala),1,314401.83,1
HAWALA_01686,Charity Abuse; Underground Banking (Hawala),1,314401.83,1
HAWALA_01694,Charity Abuse; Underground Banking (Hawala),1,314401.83,1
HAWALA_01695,Charity Abuse; Underground Banking (Hawala),1,314401.83,1
HAWALA_01696,Charity Abuse; Underground Banking (Hawala),1,314401.83,1
HAWALA_01697,Charity Abuse; Underground Banking (Hawala),1,314401.83,1
HAWALA_01692,Charity Abuse; Underground Banking (Hawala),1,314401.83,1
HAWALA_01691,Charity Abuse; Underground Banking (Hawala),1,314401.83,1
HAWALA_01690,Charity Abuse; Underground Banking (Hawala),1,314401.83,1
HAWALA_01689,Charity Abuse; Underground Banking (Hawala),1,314401.83,1
HAWALA_01701,Charity Abuse; Underground Banking (Hawala),1,314401.83,1
HAWALA_01700,Charity Abuse; Underground Banking (Hawala),1,314401.83,1
HAWALA_01699,Charity Abuse; Underground Banking (Hawala),1,314401.83,1
HAWALA_01698,Charity Abuse; Underground Banking (Hawala),1,314401.83,1
CHARITY_02186,Charity Abuse,21,314288.86,9
CIRC_00398,Charity Abuse; Circular Transaction Loop; Underground Banking (Hawala),1,314082.56,1
CIRC_00397,Charity Abuse; Circular Transaction Loop; Underground Banking (Hawala),1,314082.56,1
CIRC_00399,Charity Abuse; Circular Transaction Loop; Underground Banking (Hawala),1,314082.56,1
CIRC_00395,Charity Abuse; Circular Transaction Loop; Underground Banking (Hawala),1,314082.56,1
CIRC_00394,Charity Abuse; Circular Transaction Loop; Underground Banking (Hawala),1,314082.56,1
HAWALA_01660,Charity Abuse; Circular Transaction Loop; Underground Banking (Hawala),1,314082.56,1
HAWALA_01661,Charity Abuse; Circular Transaction Loop; Underground Banking (Hawala),1,314082.56,1
HAWALA_01654,Charity Abuse; Circular Transaction Loop; Underground Banking (Hawala),1,314082.56,1
HAWALA_01655,Charity Abuse; Circular Transaction Loop; Underground Banking (Hawala),1,314082.56,1
CIRC_00396,Charity Abuse; Circular Transaction Loop; Underground Banking (Hawala),1,314082.56,1
CIRC_00400,Charity Abuse; Circular Transaction Loop; Underground Banking (Hawala),1,314082.56,1
CIRC_00401,Charity Abuse; Circular Transaction Loop; Underground Banking (Hawala),1,314082.56,1
HAWALA_01659,Charity Abuse; Circular Transaction Loop; Underground Banking (Hawala),1,314082.56,1
HAWALA_01657,Charity Abuse; Circular Transaction Loop; Underground Banking (Hawala),1,314082.56,1
HAWALA_01658,Charity Abuse; Circular Transaction Loop; Underground Banking (Hawala),1,314082.56,1
HAWALA_01656,Charity Abuse; Circular Transaction Loop; Underground Banking (Hawala),1,314082.56,1
CHARITY_02447,Charity Abuse,12,313940.73,6
CHARITY_01255,Charity Abuse,19,313912.31,4
CHARITY_02257,Charity Abuse,22,313792.63,10
CHARITY_00850,Charity Abuse,18,313756.5,10
CHARITY_02803,Charity Abuse,15,313673.65,12
CHARITY_03280,Charity Abuse,15,313583.81,12
HAWALA_01572,Charity Abuse; Underground Banking (Hawala),1,313496.12,1
HAWALA_01571,Charity Abuse; Underground Banking (Hawala),1,313496.12,1
HAWALA_01573,Charity Abuse; Underground Banking (Hawala),1,313496.12,1
HAWALA_01578,Charity Abuse; Underground Banking (Hawala),1,313496.12,1
HAWALA_01570,Charity Abuse; Underground Banking (Hawala),1,313496.12,1
HAWALA_01579,Charity Abuse; Underground Banking (Hawala),1,313496.12,1
HAWALA_01580,Charity Abuse; Underground Banking (Hawala),1,313496.12,1
HAWALA_01581,Charity Abuse; Underground Banking (Hawala),1,313496.12,1
CHARITY_01632,Charity Abuse; Underground Banking (Hawala),1,313496.12,1
CHARITY_03143,Charity Abuse,17,313466.17,6
CHARITY_03279,Charity Abuse,21,313443.49,8
CHARITY_02673,Charity Abuse,14,313316.38,8
CHARITY_01880,Charity Abuse; Funnel Account Network; Third-Party Payment Web,17,313224.93,17
FUNNEL_00153,Charity Abuse; Funnel Account Network; Third-Party Payment Web,17,313224.93,17
TPWEB_00898,Charity Abuse; Funnel Account Network; Third-Party Payment Web,17,313224.93,17
HAWALA_01700,Funnel Account Network; Underground Banking (Hawala),1,313183.07,1
HAWALA_01697,Funnel Account Network; Underground Banking (Hawala),1,313183.07,1
HAWALA_01698,Funnel Account Network; Underground Banking (Hawala),1,313183.07,1
HAWALA_01701,Funnel Account Network; Underground Banking (Hawala),1,313183.07,1
HAWALA_01699,Funnel Account Network; Underground Banking (Hawala),1,313183.07,1
HAWALA_01687,Funnel Account Network; Underground Banking (Hawala),1,313183.07,1
HAWALA_01686,Funnel Account Network; Underground Banking (Hawala),1,313183.07,1
HAWALA_01689,Funnel Account Network; Underground Banking (Hawala),1,313183.07,1
HAWALA_01692,Funnel Account Network; Underground Banking (Hawala),1,313183.07,1
HAWALA_01694,Funnel Account Network; Underground Banking (Hawala),1,313183.07,1
HAWALA_01693,Funnel Account Network; Underground Banking (Hawala),1,313183.07,1
HAWALA_01695,Funnel Account Network; Underground Banking (Hawala),1,313183.07,1
HAWALA_01696,Funnel Account Network; Underground Banking (Hawala),1,313183.07,1
HAWALA_01690,Funnel Account Network; Underground Banking (Hawala),1,313183.07,1
HAWALA_01691,Funnel Account Network; Underground Banking (Hawala),1,313183.07,1
HAWALA_01688,Funnel Account Network; Underground Banking (Hawala),1,313183.07,1
CHARITY_02278,Charity Abuse,16,313014.02999999997,7
CHARITY_03220,Charity Abuse,12,312620.02,6
CHARITY_00080,Charity Abuse,12,312492.05,7
CHARITY_00707,Charity Abuse,19,312491.13,10
TPWEB_01616,Third-Party Payment Web,4,312478.64,4
TPWEB_00760,Third-Party Payment Web,4,312464.1,4
CHARITY_02103,Charity Abuse,16,312449.29000000004,6
CHARITY_00897,Charity Abuse,15,312341.35000000003,7
TPWEB_00948,Third-Party Payment Web,15,312295.87,15
CHARITY_00660,Charity Abuse,15,312204.49,14
CHARITY_00652,Charity Abuse; Funnel Account Network,8,312164.98,6
FUNNEL_00050,Charity Abuse; Funnel Account Network,8,312164.98,6
CHARITY_00402,Charity Abuse,17,312132.33,15
CHARITY_01266,Charity Abuse,22,312082.72,7
TPWEB_00010,Charity Abuse; Third-Party Payment Web,10,312050.41,9
TPWEB_00070,Third-Party Payment Web,6,312043.18,6
CHARITY_03231,Charity Abuse,14,311988.58,9
CHARITY_03214,Charity Abuse,20,311858.71,11
FUNNEL_00085,Funnel Account Network,9,311469.86,9
CHARITY_02725,Charity Abuse,16,311341.76999999996,11
CHARITY_00281,Charity Abuse; Third-Party Payment Web,14,311269.4,14
TPWEB_00137,Charity Abuse; Third-Party Payment Web,14,311269.4,14
CHARITY_02172,Charity Abuse,11,311200.71,11
CHARITY_02920,Charity Abuse,18,311127.42,7
TPWEB_00471,Charity Abuse; Funnel Account Network; Third-Party Payment Web,15,310940.14,15
CHARITY_01887,Charity Abuse,22,310878.58,11
CHARITY_02338,Charity Abuse,12,310603.24999999994,5
CHARITY_00218,Charity Abuse,17,310505.04,10
CHARITY_00640,Charity Abuse,15,310263.2,10
TPWEB_00231,Third-Party Payment Web,4,310182.82,4
CHARITY_01598,Charity Abuse,12,310169.49,11
TPWEB_00566,Third-Party Payment Web,6,310158.25,6
TPWEB_01369,Third-Party Payment Web,4,309864.72,4
CHARITY_02088,Charity Abuse,19,309855.41,12
CHARITY_02969,Charity Abuse,19,309501.45,10
CHARITY_01798,Charity Abuse,15,309472.51,10
CHARITY_02814,Charity Abuse,15,309426.95999999996,9
CHARITY_01350,Charity Abuse,21,309125.65,15
CHARITY_03009,Charity Abuse,21,309073.78,12
CHARITY_00336,Charity Abuse,19,308851.82,10
CHARITY_02387,Charity Abuse,17,308830.82,7
CHARITY_00710,Charity Abuse,19,308695.39,8
CHARITY_02234,Charity Abuse,14,308641.72000000003,6
CHARITY_00743,Charity Abuse,15,308625.29000000004,12
CHARITY_02674,Charity Abuse,16,308415.4,7
TPWEB_00948,Charity Abuse; Funnel Account Network; Third-Party Payment Web,14,308409.33,14
FUNNEL_00165,Charity Abuse; Funnel Account Network; Third-Party Payment Web,14,308409.33,14
FUNNEL_00179,Funnel Account Network,4,308367.87,4
TPWEB_01028,Third-Party Payment Web,7,308176.74,7
CHARITY_03218,Charity Abuse,14,308127.58,12
FUNNEL_00024,Funnel Account Network,18,308126.29000000004,18
CHARITY_03064,Charity Abuse,20,308099.57,8
CHARITY_02288,Charity Abuse,21,308057.66000000003,8
CHARITY_02527,Charity Abuse,18,307791.71,11
CHARITY_01230,Charity Abuse,17,307777.71,5
CHARITY_01808,Charity Abuse,21,307400.88,14
CHARITY_00465,Charity Abuse,18,307384.11,7
CHARITY_00257,Charity Abuse,12,307232.52,4
CHARITY_01382,Charity Abuse; Funnel Account Network,14,307207.79000000004,6
CHARITY_02916,Charity Abuse; Funnel Account Network; Third-Party Payment Web,16,307194.93,16
FUNNEL_00248,Charity Abuse; Funnel Account Network; Third-Party Payment Web,16,307194.93,16
TPWEB_01433,Charity Abuse; Funnel Account Network; Third-Party Payment Web,16,307194.93,16
CHARITY_02486,Charity Abuse,15,307181.76999999996,8
CHARITY_02944,Charity Abuse,19,307075.98,13
TPWEB_00145,Third-Party Payment Web,5,306996.44,5
CHARITY_00468,Charity Abuse,14,306972.23,7
CHARITY_00202,Charity Abuse,13,306942.82999999996,5
CHARITY_03207,Charity Abuse; Third-Party Payment Web,16,306932.86,16
TPWEB_01578,Charity Abuse; Third-Party Payment Web,16,306932.86,16
CHARITY_03197,Charity Abuse,17,306887.7,10
CHARITY_01058,Charity Abuse,18,306860.74,9
CHARITY_02364,Charity Abuse,18,306759.07999999996,6
CHARITY_00900,Charity Abuse,11,306462.16,1
CHARITY_00849,Charity Abuse,16,306124.5,10
CHARITY_02733,Charity Abuse,16,306071.44,10
CHARITY_00355,Charity Abuse,22,306024.45,9
TPWEB_00432,Third-Party Payment Web,5,306019.55,4
CHARITY_00759,Charity Abuse,10,305954.86,7
CHARITY_03045,Charity Abuse,18,305769.05,15
CHARITY_02895,Charity Abuse,19,305764.07,11
CHARITY_02923,Charity Abuse,13,305699.1,5
TPWEB_00197,Third-Party Payment Web,9,305612.52999999997,8
HRCORR_00015,High-Risk Corridor Transfer,2,305602.0,1
CHARITY_02226,Charity Abuse,14,305577.77999999997,12
CHARITY_02291,Charity Abuse,12,305557.15,7
CHARITY_03137,Charity Abuse; Funnel Account Network; Third-Party Payment Web,12,305340.18,11
FUNNEL_00266,Charity Abuse; Funnel Account Network; Third-Party Payment Web,12,305340.18,11
CHARITY_02047,Charity Abuse,16,305305.45,10
TPWEB_01235,Third-Party Payment Web,15,305193.68,15
CHARITY_00662,Charity Abuse,19,305032.9,7
FUNNEL_00177,Funnel Account Network; Pass-Through Transit Hub,1,305001.79,1
PASS_00030,Funnel Account Network; Pass-Through Transit Hub,1,305001.79,1
CHARITY_00349,Charity Abuse; Third-Party Payment Web,7,304877.47000000003,6
CHARITY_01430,Charity Abuse,17,304858.66,8
CHARITY_01370,Charity Abuse,17,304816.87,11
CHARITY_00304,Charity Abuse,19,304802.08,8
CHARITY_02796,Charity Abuse,16,304730.89,10
CHARITY_02757,Charity Abuse,20,304616.45,16
CHARITY_00280,Charity Abuse,10,304477.32,5
MULE_00083,Money Mule Network; Third-Party Payment Web,5,304444.96,5
TPWEB_01481,Money Mule Network; Third-Party Payment Web,5,304444.96,5
TPWEB_01193,Funnel Account Network; Third-Party Payment Web,9,304279.83,9
CHARITY_00413,Charity Abuse,14,304158.88,8
CHARITY_01081,Charity Abuse,16,304049.54,5
CHARITY_02117,Charity Abuse,17,303652.36000000004,8
CHARITY_02501,Charity Abuse,20,303599.96,14
TPWEB_01139,Third-Party Payment Web,5,303362.17000000004,3
CHARITY_01376,Charity Abuse,16,303287.4,4
CHARITY_00486,Charity Abuse; High-Risk Corridor Transfer,2,303221.63,1
HRCORR_00139,Charity Abuse; High-Risk Corridor Transfer,2,303221.63,1
TPWEB_00082,Third-Party Payment Web,4,303152.68,4
CHARITY_02573,Charity Abuse; Funnel Account Network; Third-Party Payment Web,13,302954.04,13
TPWEB_01265,Charity Abuse; Funnel Account Network; Third-Party Payment Web,13,302954.04,13
FUNNEL_00220,Charity Abuse; Funnel Account Network; Third-Party Payment Web,13,302954.04,13
PASS_00030,Pass-Through Transit Hub,1,302849.19,1
CHARITY_00153,Charity Abuse,17,302731.53,10
CHARITY_01910,Charity Abuse,17,302688.92,13
CHARITY_01574,Charity Abuse; Pass-Through Transit Hub,1,302621.67,1
PASS_00315,Charity Abuse; Pass-Through Transit Hub,1,302621.67,1
TPWEB_00169,Third-Party Payment Web,7,302531.34,7
CHARITY_02104,Charity Abuse,20,302422.82,12
CHARITY_00984,Charity Abuse,21,302395.12,20
TPWEB_00718,Third-Party Payment Web,5,302376.95999999996,5
CHARITY_00635,Charity Abuse,20,302279.96,8
CHARITY_01558,Charity Abuse,16,302182.08,9
CIRC_00428,Charity Abuse; Circular Transaction Loop; Underground Banking (Hawala),1,302144.86,1
CIRC_00426,Charity Abuse; Circular Transaction Loop; Underground Banking (Hawala),1,302144.86,1
CIRC_00433,Charity Abuse; Circular Transaction Loop; Underground Banking (Hawala),1,302144.86,1
CIRC_00427,Charity Abuse; Circular Transaction Loop; Underground Banking (Hawala),1,302144.86,1
HAWALA_01742,Charity Abuse; Circular Transaction Loop; Underground Banking (Hawala),1,302144.86,1
HAWALA_01739,Charity Abuse; Circular Transaction Loop; Underground Banking (Hawala),1,302144.86,1
HAWALA_01741,Charity Abuse; Circular Transaction Loop; Underground Banking (Hawala),1,302144.86,1
HAWALA_01740,Charity Abuse; Circular Transaction Loop; Underground Banking (Hawala),1,302144.86,1
HAWALA_01747,Charity Abuse; Circular Transaction Loop; Underground Banking (Hawala),1,302144.86,1
HAWALA_01746,Charity Abuse; Circular Transaction Loop; Underground Banking (Hawala),1,302144.86,1
HAWALA_01748,Charity Abuse; Circular Transaction Loop; Underground Banking (Hawala),1,302144.86,1
HAWALA_01749,Charity Abuse; Circular Transaction Loop; Underground Banking (Hawala),1,302144.86,1
HAWALA_01737,Charity Abuse; Circular Transaction Loop; Underground Banking (Hawala),1,302144.86,1
HAWALA_01736,Charity Abuse; Circular Transaction Loop; Underground Banking (Hawala),1,302144.86,1
HAWALA_01743,Charity Abuse; Circular Transaction Loop; Underground Banking (Hawala),1,302144.86,1
HAWALA_01744,Charity Abuse; Circular Transaction Loop; Underground Banking (Hawala),1,302144.86,1
HAWALA_01738,Charity Abuse; Circular Transaction Loop; Underground Banking (Hawala),1,302144.86,1
HAWALA_01734,Charity Abuse; Circular Transaction Loop; Underground Banking (Hawala),1,302144.86,1
CIRC_00431,Charity Abuse; Circular Transaction Loop; Underground Banking (Hawala),1,302144.86,1
CIRC_00430,Charity Abuse; Circular Transaction Loop; Underground Banking (Hawala),1,302144.86,1
CIRC_00423,Charity Abuse; Circular Transaction Loop; Underground Banking (Hawala),1,302144.86,1
CIRC_00419,Charity Abuse; Circular Transaction Loop; Underground Banking (Hawala),1,302144.86,1
CIRC_00432,Charity Abuse; Circular Transaction Loop; Underground Banking (Hawala),1,302144.86,1
CIRC_00424,Charity Abuse; Circular Transaction Loop; Underground Banking (Hawala),1,302144.86,1
CIRC_00425,Charity Abuse; Circular Transaction Loop; Underground Banking (Hawala),1,302144.86,1
CIRC_00420,Charity Abuse; Circular Transaction Loop; Underground Banking (Hawala),1,302144.86,1
HAWALA_01745,Charity Abuse; Circular Transaction Loop; Underground Banking (Hawala),1,302144.86,1
HAWALA_01735,Charity Abuse; Circular Transaction Loop; Underground Banking (Hawala),1,302144.86,1
CIRC_00421,Charity Abuse; Circular Transaction Loop; Underground Banking (Hawala),1,302144.86,1
CIRC_00418,Charity Abuse; Circular Transaction Loop; Underground Banking (Hawala),1,302144.86,1
CIRC_00429,Charity Abuse; Circular Transaction Loop; Underground Banking (Hawala),1,302144.86,1
CIRC_00422,Charity Abuse; Circular Transaction Loop; Underground Banking (Hawala),1,302144.86,1
FUNNEL_00144,Charity Abuse; Funnel Account Network,6,301980.2,5
CHARITY_01172,Charity Abuse,20,301926.61,10
CHARITY_02195,Charity Abuse,22,301919.7,11
FUNNEL_00132,Funnel Account Network; Third-Party Payment Web,4,301814.41,4
TPWEB_00796,Funnel Account Network; Third-Party Payment Web,4,301814.41,4
CHARITY_00137,Charity Abuse,15,301795.98,5
CHARITY_02704,Charity Abuse,15,301723.20999999996,14
CHARITY_01200,Charity Abuse,19,301325.87,9
TPWEB_00537,Third-Party Payment Web,5,301298.33,5
CHARITY_00345,Charity Abuse,15,301224.57,9
CHARITY_02287,Charity Abuse,14,301181.91,6
CHARITY_00337,Charity Abuse,20,301134.73,8
CHARITY_00056,Charity Abuse,15,301061.66,6
PASS_00251,Pass-Through Transit Hub,1,301056.18,1
CHARITY_01874,Charity Abuse,15,300961.4,10
CHARITY_01761,Charity Abuse,15,300915.73,11
CHARITY_00842,Charity Abuse,24,300873.01,11
CHARITY_01822,Charity Abuse,20,300737.03,16
CHARITY_01897,Charity Abuse,20,300574.33999999997,9
CHARITY_00895,Charity Abuse,16,300569.58999999997,8
CHARITY_02703,Charity Abuse,9,300519.57,9
TPWEB_01330,Third-Party Payment Web,5,300381.92,4
TPWEB_01469,Funnel Account Network; Third-Party Payment Web,16,300103.38,16
FUNNEL_00252,Funnel Account Network; Third-Party Payment Web,16,300103.38,16
CHARITY_00273,Charity Abuse,20,299818.07,9
CHARITY_00564,Charity Abuse,18,299816.97,11
CHARITY_02407,Charity Abuse,19,299789.22,12
TPWEB_00387,Third-Party Payment Web,4,299585.09,4
TPWEB_00512,Funnel Account Network; Third-Party Payment Web,12,299437.42,11
FUNNEL_00084,Funnel Account Network; Third-Party Payment Web,12,299437.42,11
CHARITY_01152,Charity Abuse,17,299382.91,7
HAWALA_01768,Charity Abuse; Underground Banking (Hawala),1,299226.12,1
HAWALA_01769,Charity Abuse; Underground Banking (Hawala),1,299226.12,1
HAWALA_01770,Charity Abuse; Underground Banking (Hawala),1,299226.12,1
HAWALA_01771,Charity Abuse; Underground Banking (Hawala),1,299226.12,1
HAWALA_01766,Charity Abuse; Underground Banking (Hawala),1,299226.12,1
HAWALA_01772,Charity Abuse; Underground Banking (Hawala),1,299226.12,1
HAWALA_01773,Charity Abuse; Underground Banking (Hawala),1,299226.12,1
HAWALA_01767,Charity Abuse; Underground Banking (Hawala),1,299226.12,1
CHARITY_02726,Charity Abuse,19,299192.31,12
CHARITY_00228,Charity Abuse,18,299054.72000000003,9
CHARITY_01800,Charity Abuse; Third-Party Payment Web,7,298984.41,2
CHARITY_02321,Charity Abuse,17,298789.8,10
CHARITY_02512,Charity Abuse,14,298689.57,9
TPWEB_00739,Charity Abuse; Funnel Account Network; Third-Party Payment Web,15,298681.08999999997,15
FUNNEL_00123,Charity Abuse; Funnel Account Network; Third-Party Payment Web,15,298681.08999999997,15
CHARITY_01546,Charity Abuse; Funnel Account Network; Third-Party Payment Web,15,298681.08999999997,15
CHARITY_01835,Charity Abuse,13,298598.59,10
CHARITY_02557,Charity Abuse,15,298534.51999999996,11
CHARITY_02902,Charity Abuse,15,298517.7,8
TPWEB_00839,Funnel Account Network; Third-Party Payment Web,12,298279.43,12
TPWEB_01302,Third-Party Payment Web,5,298153.43,4
CHARITY_00391,Charity Abuse,14,298145.25,9
CHARITY_01720,Charity Abuse,13,298111.56,10
CHARITY_00482,Charity Abuse,13,297938.81,8
CHARITY_01478,Charity Abuse,20,297781.78,8
TPWEB_01591,Third-Party Payment Web,4,297744.71,4
TPWEB_01334,Third-Party Payment Web,5,297589.76,5
FUNNEL_00082,Funnel Account Network; Third-Party Payment Web,16,297527.68,16
TPWEB_00501,Funnel Account Network; Third-Party Payment Web,16,297527.68,16
HRCORR_00146,Charity Abuse; High-Risk Corridor Transfer,1,297254.6,1
CHARITY_03262,Charity Abuse; High-Risk Corridor Transfer,1,297254.6,1
CHARITY_00854,Charity Abuse,13,297085.98,9
TPWEB_01003,Third-Party Payment Web,4,297013.24,4
HRCORR_00221,High-Risk Corridor Transfer,1,296841.73,1
CHARITY_02170,Charity Abuse,22,296787.55,10
CHARITY_02822,Charity Abuse,17,296559.26,7
TPWEB_00562,Third-Party Payment Web,5,296435.24,4
CHARITY_01654,Charity Abuse,11,296430.32,8
CHARITY_01195,Charity Abuse,21,296389.81,8
CHARITY_02960,Charity Abuse,19,296096.66000000003,8
CHARITY_00794,Charity Abuse; High-Risk Corridor Transfer,1,296018.95,1
HRCORR_00137,Charity Abuse; High-Risk Corridor Transfer,1,296018.95,1
HRCORR_00130,High-Risk Corridor Transfer,2,295832.36,1
CHARITY_02593,Charity Abuse,18,295725.04,4
PASS_00315,Pass-Through Transit Hub,1,295722.58,1
CHARITY_01182,Charity Abuse,16,295721.99,11
HRCORR_00379,High-Risk Corridor Transfer,2,295675.65,1
PASS_00251,Charity Abuse; Pass-Through Transit Hub,1,295674.1,1
CHARITY_00601,Charity Abuse; Pass-Through Transit Hub,1,295674.1,1
TPWEB_01053,Funnel Account Network; Third-Party Payment Web,9,295546.95,8
FUNNEL_00180,Funnel Account Network; Third-Party Payment Web,9,295546.95,8
TPWEB_01492,Third-Party Payment Web,6,295340.26,3
CHARITY_01396,Charity Abuse,15,295259.27,5
CHARITY_02851,Charity Abuse,13,295164.9,9
TPWEB_01534,Third-Party Payment Web,8,295002.81999999995,8
CHARITY_02255,Charity Abuse,18,294957.58,9
CHARITY_00763,Charity Abuse,20,294945.47000000003,10
CHARITY_00675,Charity Abuse,19,294937.39999999997,10
CHARITY_02263,Charity Abuse,16,294930.18,14
CHARITY_00025,Charity Abuse,18,294847.49,5
FUNNEL_00003,Funnel Account Network,2,294825.08,2
TPWEB_00992,Third-Party Payment Web,5,294797.71,5
TPWEB_01621,Third-Party Payment Web,5,294686.99,5
CHARITY_00493,Charity Abuse,18,294636.84,10
CHARITY_02189,Charity Abuse,16,294587.19,7
CHARITY_00731,Charity Abuse,21,294583.86,8
FUNNEL_00088,Charity Abuse; Funnel Account Network; Third-Party Payment Web,13,294519.76,13
CHARITY_02715,Charity Abuse,18,294488.67,10
FUNNEL_00173,Funnel Account Network,2,294478.32999999996,2
CHARITY_02015,Charity Abuse,14,294475.37,11
CHARITY_00599,Charity Abuse,14,294435.05,9
CHARITY_02167,Charity Abuse,21,294431.23,9
CHARITY_02295,Charity Abuse,16,294421.94,8
FUNNEL_00068,Charity Abuse; Funnel Account Network,11,294407.19,8
CHARITY_00879,Charity Abuse; Funnel Account Network,11,294407.19,8
TPWEB_01182,Third-Party Payment Web,4,294273.93,4
CHARITY_02820,Charity Abuse,18,294125.07,7
CHARITY_00808,Charity Abuse,16,294118.03,8
CHARITY_00497,Charity Abuse,21,294095.74,9
CHARITY_02583,Charity Abuse,19,293693.71,7
TPWEB_00058,Third-Party Payment Web,6,293641.23,6
CHARITY_03016,Charity Abuse,17,293640.5,9
CHARITY_01972,Charity Abuse,19,293568.91,3
CHARITY_00282,Charity Abuse,14,293560.08,6
TPWEB_01405,Third-Party Payment Web,6,293481.37,6
CHARITY_01422,Charity Abuse,15,293357.58,8
TPWEB_01567,Third-Party Payment Web,5,293228.46,1
CHARITY_02094,Charity Abuse,14,293162.95,13
TPWEB_00597,Third-Party Payment Web,7,293055.71,6
CHARITY_02981,Charity Abuse,13,293040.02,9
CHARITY_01119,Charity Abuse,11,292665.01,8
CHARITY_01210,Charity Abuse,19,292661.27999999997,12
TPWEB_00303,Third-Party Payment Web,6,292561.14,6
CHARITY_00608,Charity Abuse,17,292517.13,10
CHARITY_01333,Charity Abuse,12,292445.05,7
TPWEB_00113,Third-Party Payment Web,5,292176.78,5
CHARITY_02386,Charity Abuse,11,291979.24,4
MULE_00047,Charity Abuse; Money Mule Network,3,291894.06,3
CHARITY_00259,Charity Abuse,16,291886.82999999996,11
FUNNEL_00004,Charity Abuse; Funnel Account Network,11,291842.58,8
TPWEB_00715,Third-Party Payment Web,4,291121.87,2
CHARITY_01293,Charity Abuse,20,291000.48,11
CHARITY_02956,Charity Abuse,15,290995.52,8
MULE_00015,Funnel Account Network; Money Mule Network; Third-Party Payment Web,4,290989.43,4
TPWEB_01149,Funnel Account Network; Money Mule Network; Third-Party Payment Web,4,290989.43,4
FUNNEL_00190,Funnel Account Network; Money Mule Network; Third-Party Payment Web,4,290989.43,4
HRCORR_00145,Charity Abuse; High-Risk Corridor Transfer,1,290911.84,1
CHARITY_00828,Charity Abuse; High-Risk Corridor Transfer,1,290911.84,1
FUNNEL_00127,Funnel Account Network; Third-Party Payment Web,12,290888.77999999997,12
TPWEB_00758,Funnel Account Network; Third-Party Payment Web,12,290888.77999999997,12
CHARITY_03293,Charity Abuse,18,290879.32,6
CHARITY_01012,Charity Abuse; Pass-Through Transit Hub,1,290778.77,1
CHARITY_02069,Charity Abuse,20,290761.7,12
TPWEB_00208,Third-Party Payment Web,4,290742.56,4
CHARITY_02854,Charity Abuse,14,290711.45,14
CHARITY_02810,Charity Abuse,14,290592.98,11
CHARITY_03211,Charity Abuse,14,290489.5,7
CHARITY_00114,Charity Abuse,16,290337.70999999996,15
CHARITY_03273,Charity Abuse,17,290222.45999999996,9
HAWALA_01840,Charity Abuse; Underground Banking (Hawala),1,290131.0,1
HAWALA_01839,Charity Abuse; Underground Banking (Hawala),1,290131.0,1
HAWALA_01841,Charity Abuse; Underground Banking (Hawala),1,290131.0,1
HAWALA_01853,Charity Abuse; Underground Banking (Hawala),1,290131.0,1
HAWALA_01850,Charity Abuse; Underground Banking (Hawala),1,290131.0,1
HAWALA_01851,Charity Abuse; Underground Banking (Hawala),1,290131.0,1
HAWALA_01846,Charity Abuse; Underground Banking (Hawala),1,290131.0,1
HAWALA_01849,Charity Abuse; Underground Banking (Hawala),1,290131.0,1
HAWALA_01845,Charity Abuse; Underground Banking (Hawala),1,290131.0,1
HAWALA_01844,Charity Abuse; Underground Banking (Hawala),1,290131.0,1
HAWALA_01842,Charity Abuse; Underground Banking (Hawala),1,290131.0,1
HAWALA_01843,Charity Abuse; Underground Banking (Hawala),1,290131.0,1
HAWALA_01848,Charity Abuse; Underground Banking (Hawala),1,290131.0,1
HAWALA_01847,Charity Abuse; Underground Banking (Hawala),1,290131.0,1
HAWALA_01852,Charity Abuse; Underground Banking (Hawala),1,290131.0,1
HAWALA_01838,Charity Abuse; Underground Banking (Hawala),1,290131.0,1
CHARITY_00543,Charity Abuse,16,289895.53,7
CHARITY_01357,Charity Abuse,13,289694.95,9
TPWEB_01290,Third-Party Payment Web,4,289625.25,4
CHARITY_02474,Charity Abuse,19,289517.36,12
CHARITY_01877,Charity Abuse,16,289492.13,8
CHARITY_02461,Charity Abuse,17,289362.66000000003,6
CHARITY_00245,Charity Abuse,18,289331.13,9
CHARITY_01830,Charity Abuse,15,289062.16,10
CHARITY_02642,Charity Abuse,17,288818.32,16
TPWEB_00663,Charity Abuse; Funnel Account Network; Third-Party Payment Web,12,288796.08,12
FUNNEL_00106,Charity Abuse; Funnel Account Network; Third-Party Payment Web,12,288796.08,12
CHARITY_01380,Charity Abuse; Funnel Account Network; Third-Party Payment Web,12,288796.08,12
CHARITY_02101,Charity Abuse,19,288750.65,6
CHARITY_01190,Charity Abuse,13,288727.26,4
CHARITY_01656,Charity Abuse,17,288515.38,10
CHARITY_02031,Charity Abuse,13,288468.65,12
CHARITY_01676,Charity Abuse,22,288407.07,15
CHARITY_01962,Charity Abuse; Funnel Account Network; Third-Party Payment Web,13,288326.68,13
CHARITY_00655,Charity Abuse,16,288193.45,12
CHARITY_01168,Charity Abuse,13,288083.0,7
HRCORR_00466,High-Risk Corridor Transfer,2,288043.53,1
CHARITY_01657,Charity Abuse,8,288019.22,3
CHARITY_00024,Charity Abuse,19,287990.4,8
CHARITY_01040,Charity Abuse,15,287945.33,9
TPWEB_01487,Third-Party Payment Web,10,287864.54,10
CHARITY_00068,Charity Abuse; Pass-Through Transit Hub,1,287800.92,1
FUNNEL_00100,Charity Abuse; Funnel Account Network; Third-Party Payment Web,12,287760.63,12
CHARITY_01280,Charity Abuse; Funnel Account Network; Third-Party Payment Web,12,287760.63,12
CHARITY_00949,Charity Abuse; Funnel Account Network; Third-Party Payment Web,14,287700.78,14
FUNNEL_00072,Charity Abuse; Funnel Account Network; Third-Party Payment Web,14,287700.78,14
TPWEB_00452,Charity Abuse; Funnel Account Network; Third-Party Payment Web,14,287700.78,14
TPWEB_00200,Third-Party Payment Web,5,287698.94,2
CHARITY_01706,Charity Abuse,17,287692.42,13
CHARITY_00560,Charity Abuse,23,287601.47,13
HRCORR_00001,Charity Abuse; Funnel Account Network; High-Risk Corridor Transfer,2,287527.01,1
CHARITY_00006,Charity Abuse; Funnel Account Network; High-Risk Corridor Transfer,2,287527.01,1
FUNNEL_00001,Charity Abuse; Funnel Account Network; High-Risk Corridor Transfer,2,287527.01,1
CHARITY_01934,Charity Abuse,19,287481.33,10
MULE_00011,Money Mule Network; Third-Party Payment Web,4,287478.99,4
TPWEB_00982,Money Mule Network; Third-Party Payment Web,4,287478.99,4
CHARITY_02296,Charity Abuse,19,287231.12,8
TPWEB_01411,Third-Party Payment Web,7,287041.26,2
CHARITY_00636,Charity Abuse,16,286962.3,3
CHARITY_02879,Charity Abuse,21,286884.51,9
TPWEB_01050,Third-Party Payment Web,6,286834.91,4
TPWEB_00561,Third-Party Payment Web,5,286771.5,2
FUNNEL_00118,Funnel Account Network,17,286738.14,14
CHARITY_00474,Charity Abuse; Funnel Account Network,3,286701.2,3
TPWEB_00435,Third-Party Payment Web,5,286685.19,5
CHARITY_02821,Charity Abuse,12,286388.13,10
TPWEB_00635,Money Mule Network; Third-Party Payment Web,5,286207.42000000004,5
MULE_00066,Money Mule Network; Third-Party Payment Web,5,286207.42000000004,5
CHARITY_01593,Charity Abuse,15,286180.58,5
TPWEB_01442,Third-Party Payment Web,6,286139.42,4
CHARITY_01031,Charity Abuse,14,286001.21,10
CHARITY_00550,Charity Abuse,10,285970.9,5
CHARITY_01913,Charity Abuse,18,285848.9,9
TPWEB_00098,Third-Party Payment Web,6,285469.81,3
TPWEB_00977,Third-Party Payment Web,6,285448.85,3
CHARITY_00185,Charity Abuse,15,285434.06,8
TPWEB_01120,Third-Party Payment Web,5,285415.49,3
CHARITY_00174,Charity Abuse,16,285390.29,7
CHARITY_00303,Charity Abuse,23,285307.88,13
TPWEB_01055,Charity Abuse; Funnel Account Network; Third-Party Payment Web,13,285278.62,13
CHARITY_00603,Charity Abuse,20,285247.81,15
CHARITY_00547,Charity Abuse,15,285116.28,9
CHARITY_00132,Charity Abuse,10,284990.15,2
CHARITY_02357,Charity Abuse; Pass-Through Transit Hub,1,284947.97,1
PASS_00355,Charity Abuse; Pass-Through Transit Hub,1,284947.97,1
TPWEB_00697,Third-Party Payment Web,5,284913.17,4
HRCORR_00243,High-Risk Corridor Transfer,1,284881.36,1
CHARITY_02313,Charity Abuse,15,284800.68,12
CHARITY_02144,Charity Abuse; Pass-Through Transit Hub,1,284751.2,1
CHARITY_00727,Charity Abuse,17,284718.27999999997,8
CHARITY_02433,Charity Abuse,19,284711.38,5
CHARITY_01164,Charity Abuse; Funnel Account Network; Third-Party Payment Web,13,284683.21,13
FUNNEL_00094,Charity Abuse; Funnel Account Network; Third-Party Payment Web,13,284683.21,13
TPWEB_00560,Charity Abuse; Funnel Account Network; Third-Party Payment Web,13,284683.21,13
FUNNEL_00111,Funnel Account Network,3,284656.96,2
CHARITY_00466,Charity Abuse; Funnel Account Network,3,284541.43,2
FUNNEL_00035,Charity Abuse; Funnel Account Network,3,284541.43,2
CHARITY_00076,Charity Abuse,21,284514.31,9
TPWEB_01034,Third-Party Payment Web,4,284482.14,4
CHARITY_03128,Charity Abuse,12,284263.55,5
CHARITY_01367,Charity Abuse,10,284144.08999999997,4
CHARITY_03207,Charity Abuse; Funnel Account Network,11,284098.83,9
TPWEB_00594,Third-Party Payment Web,3,283844.83999999997,2
TPWEB_00931,Third-Party Payment Web,6,283780.28,6
TPWEB_01571,Charity Abuse; Third-Party Payment Web,5,283746.95,5
FUNNEL_00136,Funnel Account Network; Third-Party Payment Web,14,283666.64,14
TPWEB_00813,Funnel Account Network; Third-Party Payment Web,14,283666.64,14
CHARITY_01166,Charity Abuse,14,283604.99,11
CHARITY_02938,Charity Abuse,19,283517.55,12
CHARITY_03049,Charity Abuse,17,283442.33,9
TPWEB_00190,Third-Party Payment Web,6,283394.23,3
CHARITY_01481,Charity Abuse,20,283092.65,10
CHARITY_02369,Charity Abuse,15,283090.87,11
TPWEB_00780,Third-Party Payment Web,5,283044.39,1
CHARITY_00031,Charity Abuse,14,283000.2,10
TPWEB_00730,Third-Party Payment Web,4,282940.35,4
CHARITY_00836,Charity Abuse,21,282847.73,10
TPWEB_00160,Third-Party Payment Web,5,282223.7,5
CHARITY_00885,Charity Abuse,20,282034.7,10
TPWEB_00711,Third-Party Payment Web,5,281995.79000000004,4
CHARITY_00969,Charity Abuse,18,281877.84,9
TPWEB_00039,Third-Party Payment Web,3,281621.05000000005,3
CHARITY_02825,Charity Abuse,17,281551.63,10
CIRC_00524,Charity Abuse; Circular Transaction Loop,1,281323.83,1
CIRC_00518,Charity Abuse; Circular Transaction Loop,1,281323.83,1
CIRC_00526,Charity Abuse; Circular Transaction Loop,1,281323.83,1
CIRC_00528,Charity Abuse; Circular Transaction Loop,1,281323.83,1
CIRC_00527,Charity Abuse; Circular Transaction Loop,1,281323.83,1
CIRC_00529,Charity Abuse; Circular Transaction Loop,1,281323.83,1
CIRC_00516,Charity Abuse; Circular Transaction Loop,1,281323.83,1
CIRC_00517,Charity Abuse; Circular Transaction Loop,1,281323.83,1
CIRC_00523,Charity Abuse; Circular Transaction Loop,1,281323.83,1
CIRC_00504,Charity Abuse; Circular Transaction Loop,1,281323.83,1
CIRC_00498,Charity Abuse; Circular Transaction Loop,1,281323.83,1
CIRC_00499,Charity Abuse; Circular Transaction Loop,1,281323.83,1
CIRC_00508,Charity Abuse; Circular Transaction Loop,1,281323.83,1
CIRC_00520,Charity Abuse; Circular Transaction Loop,1,281323.83,1
CIRC_00519,Charity Abuse; Circular Transaction Loop,1,281323.83,1
CIRC_00522,Charity Abuse; Circular Transaction Loop,1,281323.83,1
CIRC_00521,Charity Abuse; Circular Transaction Loop,1,281323.83,1
CIRC_00525,Charity Abuse; Circular Transaction Loop,1,281323.83,1
CIRC_00510,Charity Abuse; Circular Transaction Loop,1,281323.83,1
CIRC_00503,Charity Abuse; Circular Transaction Loop,1,281323.83,1
CIRC_00509,Charity Abuse; Circular Transaction Loop,1,281323.83,1
CIRC_00511,Charity Abuse; Circular Transaction Loop,1,281323.83,1
CIRC_00514,Charity Abuse; Circular Transaction Loop,1,281323.83,1
CIRC_00512,Charity Abuse; Circular Transaction Loop,1,281323.83,1
CIRC_00513,Charity Abuse; Circular Transaction Loop,1,281323.83,1
CIRC_00505,Charity Abuse; Circular Transaction Loop,1,281323.83,1
CIRC_00507,Charity Abuse; Circular Transaction Loop,1,281323.83,1
CIRC_00502,Charity Abuse; Circular Transaction Loop,1,281323.83,1
CIRC_00515,Charity Abuse; Circular Transaction Loop,1,281323.83,1
CIRC_00500,Charity Abuse; Circular Transaction Loop,1,281323.83,1
CIRC_00501,Charity Abuse; Circular Transaction Loop,1,281323.83,1
CIRC_00506,Charity Abuse; Circular Transaction Loop,1,281323.83,1
CHARITY_00397,Charity Abuse,11,281301.94,11
TPWEB_01570,Third-Party Payment Web,5,281195.53,5
CHARITY_00886,Charity Abuse,19,281154.23000000004,10
FUNNEL_00273,Charity Abuse; Funnel Account Network; Third-Party Payment Web,14,280921.26,14
CHARITY_03207,Charity Abuse; Funnel Account Network; Third-Party Payment Web,14,280921.26,14
TPWEB_01578,Charity Abuse; Funnel Account Network; Third-Party Payment Web,14,280921.26,14
TPWEB_00270,Third-Party Payment Web,6,280825.36,4
CHARITY_03264,Charity Abuse,14,280681.67,8
CHARITY_00386,Charity Abuse,18,280619.66,8
CHARITY_01983,Charity Abuse,14,280601.31,9
PASS_00355,Pass-Through Transit Hub,1,280387.06,1
TPWEB_01387,Third-Party Payment Web,6,280339.0,6
CHARITY_00483,Charity Abuse,15,280253.28,7
CHARITY_01688,Charity Abuse,17,280176.64,6
TPWEB_00816,Third-Party Payment Web,5,280003.27,2
FUNNEL_00135,Funnel Account Network; Money Mule Network,2,279866.93,2
MULE_00018,Funnel Account Network; Money Mule Network,2,279866.93,2
CHARITY_01862,Charity Abuse,18,279846.21,10
CHARITY_01992,Charity Abuse,18,279758.72,10
CHARITY_02398,Charity Abuse,15,279484.61,10
CHARITY_01628,Charity Abuse,20,279104.36,10
CHARITY_01437,Charity Abuse,15,278868.47,10
CHARITY_00609,Charity Abuse,20,278747.93,15
CHARITY_01414,Charity Abuse,19,278624.2,10
CHARITY_01909,Charity Abuse; Funnel Account Network; Third-Party Payment Web,14,278560.68,14
FUNNEL_00160,Charity Abuse; Funnel Account Network; Third-Party Payment Web,14,278560.68,14
TPWEB_00922,Charity Abuse; Funnel Account Network; Third-Party Payment Web,14,278560.68,14
CHARITY_02554,Charity Abuse,15,278556.14,15
CHARITY_02739,Charity Abuse,21,278323.11,17
HRCORR_00209,Charity Abuse; High-Risk Corridor Transfer,1,278270.43,1
CHARITY_02879,Charity Abuse; High-Risk Corridor Transfer,1,278270.43,1
TPWEB_00443,Third-Party Payment Web,6,277762.92,2
CHARITY_01758,Charity Abuse,16,277724.92,9
CHARITY_01000,Charity Abuse,15,277682.89,9
CHARITY_02693,Charity Abuse,22,277522.44,11
CHARITY_01311,Charity Abuse,15,277433.33999999997,13
PASS_00257,Pass-Through Transit Hub,1,277426.7,1
CHARITY_00909,Charity Abuse,13,277377.63,5
CHARITY_02206,Charity Abuse,13,277301.96,6
CHARITY_02953,Charity Abuse,14,277284.66,6
CHARITY_03020,Charity Abuse,20,277281.81,7
TPWEB_01310,Third-Party Payment Web,5,277254.79000000004,5
CHARITY_01536,Charity Abuse,17,277253.93,7
TPWEB_01244,Charity Abuse; Third-Party Payment Web,4,276922.02,4
CHARITY_00891,Charity Abuse,14,276772.05,10
CHARITY_00395,Charity Abuse,23,276692.98,14
CHARITY_00097,Charity Abuse,16,276623.45,12
HAWALA_01868,Funnel Account Network; Underground Banking (Hawala),1,276536.13,1
HAWALA_01867,Funnel Account Network; Underground Banking (Hawala),1,276536.13,1
HAWALA_01866,Funnel Account Network; Underground Banking (Hawala),1,276536.13,1
HAWALA_01865,Funnel Account Network; Underground Banking (Hawala),1,276536.13,1
HAWALA_01864,Funnel Account Network; Underground Banking (Hawala),1,276536.13,1
HAWALA_01863,Funnel Account Network; Underground Banking (Hawala),1,276536.13,1
HAWALA_01870,Funnel Account Network; Underground Banking (Hawala),1,276536.13,1
HAWALA_01869,Funnel Account Network; Underground Banking (Hawala),1,276536.13,1
CHARITY_00060,Charity Abuse,25,276202.99,12
CHARITY_02866,Charity Abuse,13,276202.85,6
TPWEB_00591,Third-Party Payment Web,5,275904.42000000004,5
CHARITY_03019,Charity Abuse,15,275835.33,9
CHARITY_00322,Charity Abuse,22,275707.85,8
TPWEB_00176,Third-Party Payment Web,5,275411.89,4
CHARITY_02043,Charity Abuse,17,275392.8,13
TPWEB_00912,Third-Party Payment Web,5,275204.45,3
CHARITY_01886,Charity Abuse,15,275129.59,5
TPWEB_00147,Third-Party Payment Web,6,275058.70999999996,6
TPWEB_00546,Third-Party Payment Web,5,274986.75,2
CHARITY_02603,Charity Abuse,19,274843.88,6
CHARITY_00513,Charity Abuse,12,274716.64,8
CHARITY_00973,Charity Abuse,17,274707.61,11
CHARITY_02957,Charity Abuse,16,274545.13,10
CHARITY_01811,Charity Abuse,13,274345.39,7
CHARITY_01954,Charity Abuse,20,274224.79,13
TPWEB_00309,Charity Abuse; Funnel Account Network; Third-Party Payment Web,15,273816.42,15
FUNNEL_00050,Charity Abuse; Funnel Account Network; Third-Party Payment Web,15,273816.42,15
CHARITY_01336,Charity Abuse,15,273811.13,13
TPWEB_00488,Third-Party Payment Web,5,273703.44,2
CHARITY_00189,Charity Abuse,19,273609.66000000003,8
HAWALA_01880,Charity Abuse; Underground Banking (Hawala),1,273575.73,1
HAWALA_01882,Charity Abuse; Underground Banking (Hawala),1,273575.73,1
HAWALA_01879,Charity Abuse; Underground Banking (Hawala),1,273575.73,1
HAWALA_01883,Charity Abuse; Underground Banking (Hawala),1,273575.73,1
HAWALA_01881,Charity Abuse; Underground Banking (Hawala),1,273575.73,1
HAWALA_01885,Charity Abuse; Underground Banking (Hawala),1,273575.73,1
HAWALA_01886,Charity Abuse; Underground Banking (Hawala),1,273575.73,1
HAWALA_01884,Charity Abuse; Underground Banking (Hawala),1,273575.73,1
CHARITY_03118,Charity Abuse,14,273512.88,14
CHARITY_01700,Charity Abuse,20,273342.93,9
CHARITY_00825,Charity Abuse,17,273125.24,10
CHARITY_02665,Charity Abuse,14,273113.39,12
TPWEB_00499,Third-Party Payment Web,5,273104.73,4
CIRC_00531,Circular Transaction Loop; Underground Banking (Hawala),1,273077.58,1
HAWALA_01875,Circular Transaction Loop; Underground Banking (Hawala),1,273077.58,1
HAWALA_01876,Circular Transaction Loop; Underground Banking (Hawala),1,273077.58,1
HAWALA_01874,Circular Transaction Loop; Underground Banking (Hawala),1,273077.58,1
HAWALA_01872,Circular Transaction Loop; Underground Banking (Hawala),1,273077.58,1
HAWALA_01871,Circular Transaction Loop; Underground Banking (Hawala),1,273077.58,1
HAWALA_01873,Circular Transaction Loop; Underground Banking (Hawala),1,273077.58,1
CIRC_00533,Circular Transaction Loop; Underground Banking (Hawala),1,273077.58,1
HAWALA_01878,Circular Transaction Loop; Underground Banking (Hawala),1,273077.58,1
HAWALA_01877,Circular Transaction Loop; Underground Banking (Hawala),1,273077.58,1
CIRC_00534,Circular Transaction Loop; Underground Banking (Hawala),1,273077.58,1
CIRC_00532,Circular Transaction Loop; Underground Banking (Hawala),1,273077.58,1
CIRC_00536,Circular Transaction Loop; Underground Banking (Hawala),1,273077.58,1
CIRC_00535,Circular Transaction Loop; Underground Banking (Hawala),1,273077.58,1
CIRC_00530,Circular Transaction Loop; Underground Banking (Hawala),1,273077.58,1
CIRC_00537,Circular Transaction Loop; Underground Banking (Hawala),1,273077.58,1
PASS_00257,Charity Abuse; Pass-Through Transit Hub,1,273062.21,1
CHARITY_01992,Charity Abuse; Pass-Through Transit Hub,1,273062.21,1
TPWEB_00056,Charity Abuse; Funnel Account Network; Third-Party Payment Web,13,272978.16000000003,13
CHARITY_01384,Charity Abuse,12,272881.82999999996,8
CHARITY_01473,Charity Abuse,22,272847.6,7
TPWEB_01562,Funnel Account Network; Third-Party Payment Web,12,272642.78,12
FUNNEL_00272,Funnel Account Network; Third-Party Payment Web,12,272642.78,12
CHARITY_03125,Charity Abuse,14,272598.3,6
CHARITY_00084,Charity Abuse; Funnel Account Network,10,272287.73,7
MULE_00013,Money Mule Network; Third-Party Payment Web,3,272251.3,3
CHARITY_03014,Charity Abuse; Funnel Account Network,3,272233.01,1
CHARITY_01404,Charity Abuse,17,272168.38,9
CHARITY_01707,Charity Abuse,9,272006.48,9
CHARITY_01412,Charity Abuse,19,271926.03,16
CHARITY_00987,Charity Abuse,19,271902.66,10
CHARITY_00811,Charity Abuse,10,271860.39,7
CHARITY_01988,Charity Abuse,16,271793.88,8
FUNNEL_00258,Charity Abuse; Funnel Account Network,8,271599.69,4
TPWEB_01185,Third-Party Payment Web,5,271593.26,5
CHARITY_00065,Charity Abuse,11,271452.02,11
CHARITY_00492,Charity Abuse,20,271349.38,9
CHARITY_02684,Charity Abuse,18,271301.25,13
CHARITY_00934,Charity Abuse,20,271276.66,6
HRCORR_00318,Funnel Account Network; High-Risk Corridor Transfer,1,271211.99,1
FUNNEL_00176,Funnel Account Network; High-Risk Corridor Transfer,1,271211.99,1
CHARITY_00002,Charity Abuse,12,271106.59,9
CHARITY_01111,Charity Abuse,14,271084.85,7
HRCORR_00250,High-Risk Corridor Transfer,2,270932.77,1
CHARITY_01435,Charity Abuse,17,270738.95,9
TPWEB_01374,Third-Party Payment Web,6,270706.51,6
CHARITY_01060,Charity Abuse,19,270698.45,9
CHARITY_00263,Charity Abuse,16,270633.46,7
CHARITY_01416,Charity Abuse,16,270486.41,16
CHARITY_00780,Charity Abuse,13,270339.48000000004,5
TPWEB_01267,Third-Party Payment Web,5,270182.51,5
CHARITY_02984,Charity Abuse,18,270170.52,9
CHARITY_02535,Charity Abuse,20,270084.55,13
CHARITY_02416,Charity Abuse,15,270079.05,11
TPWEB_01612,Third-Party Payment Web,5,270070.88,4
CHARITY_02298,Charity Abuse,12,269815.69,10
CHARITY_01408,Charity Abuse,18,269768.39,13
TPWEB_00786,Third-Party Payment Web,5,269656.61,4
CHARITY_03002,Charity Abuse,13,269585.13999999996,8
CHARITY_01304,Charity Abuse,15,269119.76,11
CHARITY_01784,Charity Abuse; Funnel Account Network,3,268990.59,2
MULE_00064,Money Mule Network; Third-Party Payment Web,5,268988.06,5
TPWEB_01111,Money Mule Network; Third-Party Payment Web,5,268988.06,5
TPWEB_00580,Third-Party Payment Web,5,268946.59,5
CHARITY_03104,Charity Abuse,16,268866.97000000003,8
TPWEB_01285,Third-Party Payment Web,3,268629.86,2
CHARITY_01514,Charity Abuse,18,268560.05,17
TPWEB_00214,Third-Party Payment Web,5,268555.81,5
TPWEB_00353,Third-Party Payment Web,5,268554.51,4
CHARITY_01025,Charity Abuse,19,268450.68,7
FUNNEL_00207,Funnel Account Network; Third-Party Payment Web,12,268348.03,12
CHARITY_00931,Charity Abuse,21,268246.33,11
TPWEB_00743,Third-Party Payment Web,5,268187.66,4
TPWEB_01071,Third-Party Payment Web,5,268153.42,3
CHARITY_03120,Charity Abuse,11,268039.08999999997,8
TPWEB_00636,Third-Party Payment Web,5,268013.99,5
CHARITY_03271,Charity Abuse,13,268011.93,9
TPWEB_01141,Third-Party Payment Web,5,267994.51,2
CHARITY_01757,Charity Abuse,13,267812.65,5
TPWEB_01563,Third-Party Payment Web,6,267571.12,5
TPWEB_00536,Funnel Account Network; Third-Party Payment Web,13,267394.56,13
FUNNEL_00088,Funnel Account Network; Third-Party Payment Web,13,267394.56,13
TPWEB_01561,Third-Party Payment Web,5,267389.65,4
CHARITY_02766,Charity Abuse,13,267351.48000000004,8
CHARITY_00954,Charity Abuse,19,267301.76,13
TPWEB_00855,Third-Party Payment Web,5,267141.1,4
CHARITY_00985,Charity Abuse,14,267022.89,9
CHARITY_01982,Charity Abuse,14,266923.45,11
TPWEB_00999,Third-Party Payment Web,5,266755.88,4
CHARITY_03036,Charity Abuse,17,266694.79,10
CHARITY_02242,Charity Abuse,16,266596.56,6
CHARITY_02735,Charity Abuse,15,266498.04,10
CHARITY_00674,Charity Abuse,12,266497.65,12
CHARITY_00508,Charity Abuse,15,266461.94,12
CHARITY_00792,Charity Abuse,17,266391.72000000003,5
TPWEB_01124,Funnel Account Network; Third-Party Payment Web,12,266242.3,12
CHARITY_02524,Charity Abuse; Underground Banking (Hawala),1,265993.23,1
HAWALA_01971,Charity Abuse; Underground Banking (Hawala),1,265993.23,1
HAWALA_01981,Charity Abuse; Underground Banking (Hawala),1,265993.23,1
HAWALA_01974,Charity Abuse; Underground Banking (Hawala),1,265993.23,1
HAWALA_01979,Charity Abuse; Underground Banking (Hawala),1,265993.23,1
HAWALA_01980,Charity Abuse; Underground Banking (Hawala),1,265993.23,1
HAWALA_01982,Charity Abuse; Underground Banking (Hawala),1,265993.23,1
HAWALA_01973,Charity Abuse; Underground Banking (Hawala),1,265993.23,1
HAWALA_01972,Charity Abuse; Underground Banking (Hawala),1,265993.23,1
TPWEB_01000,Third-Party Payment Web,7,265906.68,5
CHARITY_01718,Charity Abuse,15,265470.29000000004,14
CHARITY_00369,Charity Abuse; Funnel Account Network,8,265463.66,4
FUNNEL_00029,Charity Abuse; Funnel Account Network,8,265463.66,4
CHARITY_00848,Charity Abuse,21,265032.81,18
CHARITY_00104,Charity Abuse,12,264844.22,7
CHARITY_01318,Charity Abuse,17,264844.01,10
CHARITY_02561,Charity Abuse,18,264781.98,6
FUNNEL_00137,Funnel Account Network; Third-Party Payment Web,13,264698.72000000003,13
TPWEB_01276,Third-Party Payment Web,4,264345.73,3
CHARITY_01618,Charity Abuse,18,264235.23,9
FUNNEL_00068,Funnel Account Network,9,264233.05,9
CHARITY_00518,Charity Abuse,18,264185.35,12
CHARITY_02838,Charity Abuse; Third-Party Payment Web,11,264122.44,11
CHARITY_02756,Charity Abuse,21,263935.91,10
TPWEB_00631,Third-Party Payment Web,5,263932.56,5
CHARITY_01649,Charity Abuse,15,263738.18,7
CHARITY_01259,Charity Abuse,22,263614.29,5
CHARITY_01783,Charity Abuse,13,263566.79,9
TPWEB_00837,Third-Party Payment Web,6,263500.49,2
CHARITY_02156,Charity Abuse,18,263433.78,7
CHARITY_00183,Charity Abuse,16,263371.61,9
CHARITY_00643,Charity Abuse,15,263291.15,8
CHARITY_01264,Charity Abuse,17,263222.58999999997,8
TPWEB_01244,Third-Party Payment Web,6,263213.08,6
TPWEB_00986,Third-Party Payment Web,5,263098.42,5
CHARITY_02795,Charity Abuse,16,263045.24,9
TPWEB_00839,Third-Party Payment Web,14,263008.05,14
TPWEB_00399,Third-Party Payment Web,6,262984.98,2
CHARITY_00670,Charity Abuse,6,262928.29,4
TPWEB_00482,Third-Party Payment Web,4,262868.19,3
TPWEB_00266,Third-Party Payment Web,6,262831.18,6
CHARITY_01652,Charity Abuse,12,262812.29,12
TPWEB_00463,Third-Party Payment Web,5,262802.91000000003,5
TPWEB_00268,Third-Party Payment Web,4,262778.85,4
TPWEB_01054,Third-Party Payment Web,6,262588.16,3
MULE_00075,Charity Abuse; Money Mule Network,2,262572.93,2
CHARITY_02045,Charity Abuse,20,262340.16000000003,14
CHARITY_01947,Charity Abuse,16,262255.32,13
CHARITY_00863,Charity Abuse,14,262223.45999999996,12
CHARITY_01857,Charity Abuse,16,262089.05,11
TPWEB_00824,Third-Party Payment Web,5,261958.98,3
CHARITY_01290,Charity Abuse,19,261880.1,5
TPWEB_00773,Third-Party Payment Web,5,261634.88,4
CHARITY_01028,Charity Abuse,19,261466.01,10
CHARITY_03140,Charity Abuse,17,261329.56,9
CHARITY_01620,Charity Abuse,14,261277.52,5
CHARITY_01474,Charity Abuse,13,261277.41,6
TPWEB_00842,Third-Party Payment Web,3,261216.65000000002,2
CHARITY_01130,Charity Abuse,13,261202.8,8
FUNNEL_00229,Funnel Account Network; Third-Party Payment Web,11,260994.07,11
TPWEB_01300,Funnel Account Network; Third-Party Payment Web,11,260994.07,11
TPWEB_01220,Charity Abuse; Third-Party Payment Web,4,260986.47,4
FUNNEL_00248,Funnel Account Network,2,260869.18,2
CHARITY_01838,Charity Abuse,15,260522.78,7
HAWALA_01950,Charity Abuse; Underground Banking (Hawala),1,260411.97,1
HAWALA_01949,Charity Abuse; Underground Banking (Hawala),1,260411.97,1
HAWALA_01948,Charity Abuse; Underground Banking (Hawala),1,260411.97,1
HAWALA_01947,Charity Abuse; Underground Banking (Hawala),1,260411.97,1
HAWALA_01944,Charity Abuse; Underground Banking (Hawala),1,260411.97,1
HAWALA_01938,Charity Abuse; Underground Banking (Hawala),1,260411.97,1
HAWALA_01939,Charity Abuse; Underground Banking (Hawala),1,260411.97,1
HAWALA_01943,Charity Abuse; Underground Banking (Hawala),1,260411.97,1
HAWALA_01941,Charity Abuse; Underground Banking (Hawala),1,260411.97,1
HAWALA_01946,Charity Abuse; Underground Banking (Hawala),1,260411.97,1
HAWALA_01942,Charity Abuse; Underground Banking (Hawala),1,260411.97,1
HAWALA_01945,Charity Abuse; Underground Banking (Hawala),1,260411.97,1
HAWALA_01940,Charity Abuse; Underground Banking (Hawala),1,260411.97,1
HAWALA_01935,Charity Abuse; Underground Banking (Hawala),1,260411.97,1
HAWALA_01937,Charity Abuse; Underground Banking (Hawala),1,260411.97,1
HAWALA_01936,Charity Abuse; Underground Banking (Hawala),1,260411.97,1
TPWEB_00373,Third-Party Payment Web,7,260047.07,3
CHARITY_02011,Charity Abuse,14,259685.22,10
TPWEB_01076,Charity Abuse; Third-Party Payment Web,8,259555.21999999997,8
CHARITY_02617,Charity Abuse,8,259480.91,3
HRCORR_00457,High-Risk Corridor Transfer,2,259346.59000000003,1
HAWALA_02014,Charity Abuse; Underground Banking (Hawala),1,259291.03,1
HAWALA_02010,Charity Abuse; Underground Banking (Hawala),1,259291.03,1
HAWALA_02013,Charity Abuse; Underground Banking (Hawala),1,259291.03,1
HAWALA_02012,Charity Abuse; Underground Banking (Hawala),1,259291.03,1
HAWALA_02011,Charity Abuse; Underground Banking (Hawala),1,259291.03,1
HAWALA_02008,Charity Abuse; Underground Banking (Hawala),1,259291.03,1
HAWALA_02007,Charity Abuse; Underground Banking (Hawala),1,259291.03,1
HAWALA_02009,Charity Abuse; Underground Banking (Hawala),1,259291.03,1
CHARITY_01812,Charity Abuse,18,259247.15,10
TPWEB_01056,Third-Party Payment Web,8,259209.03,7
FUNNEL_00108,Funnel Account Network; Third-Party Payment Web,9,259052.11,9
PASS_00680,Charity Abuse; Pass-Through Transit Hub,1,259047.83,1
CHARITY_03145,Charity Abuse; Pass-Through Transit Hub,1,259047.83,1
CHARITY_02320,Charity Abuse,16,258903.86,6
CHARITY_01908,Charity Abuse,12,258835.3,7
CHARITY_00102,Charity Abuse,19,258807.86,14
TPWEB_00294,Third-Party Payment Web,5,258694.04,4
TPWEB_01542,Charity Abuse; Funnel Account Network; Third-Party Payment Web,11,258692.98,11
HRCORR_00244,Charity Abuse; High-Risk Corridor Transfer,1,258572.3,1
CHARITY_00862,Charity Abuse; High-Risk Corridor Transfer,1,258572.3,1
CHARITY_02403,Charity Abuse,14,258422.77,8
CHARITY_01552,Charity Abuse,16,258366.61,7
CHARITY_00320,Charity Abuse,12,258117.07,7
CHARITY_01813,Charity Abuse,17,258020.02,9
TPWEB_00671,Third-Party Payment Web,4,258008.95,4
TPWEB_00904,Funnel Account Network; Third-Party Payment Web,13,257980.76,12
CHARITY_03040,Charity Abuse,15,257966.81,9
TPWEB_01173,Third-Party Payment Web,6,257892.51,6
CHARITY_01653,Charity Abuse,10,257715.59,7
TPWEB_00429,Third-Party Payment Web,5,257496.66999999998,2
CHARITY_02541,Charity Abuse,18,257467.23,10
TPWEB_00735,Third-Party Payment Web,5,257365.86,3
CHARITY_00048,Charity Abuse,20,257304.3,10
FUNNEL_00193,Funnel Account Network; Third-Party Payment Web,11,257221.95,11
FUNNEL_00052,Charity Abuse; Funnel Account Network; Third-Party Payment Web,8,257148.15,8
TPWEB_00123,Charity Abuse; Third-Party Payment Web,6,256836.76,6
TPWEB_00982,Third-Party Payment Web,4,256826.43,4
CHARITY_00319,Charity Abuse; Third-Party Payment Web,5,256806.33,4
CHARITY_01465,Charity Abuse,19,256798.43,11
CHARITY_02469,Charity Abuse,17,256609.41,9
FUNNEL_00002,Funnel Account Network,6,256508.62,6
CHARITY_00371,Charity Abuse,16,256492.55,7
CHARITY_00343,Charity Abuse,15,256376.99,14
CHARITY_02279,Charity Abuse,11,256357.38999999998,10
MULE_00023,Money Mule Network,2,256292.44,2
FUNNEL_00215,Funnel Account Network; Third-Party Payment Web,8,256130.69,7
TPWEB_01241,Funnel Account Network; Third-Party Payment Web,8,256130.69,7
TPWEB_00007,Third-Party Payment Web,7,256081.40000000002,5
CHARITY_02274,Charity Abuse,17,256015.78999999998,10
CHARITY_01710,Charity Abuse,15,255881.91999999998,13
CHARITY_01889,Charity Abuse,21,255841.74,10
CHARITY_00180,Charity Abuse; Funnel Account Network; Third-Party Payment Web,10,255780.9,10
FUNNEL_00015,Charity Abuse; Funnel Account Network; Third-Party Payment Web,10,255780.9,10
TPWEB_00596,Third-Party Payment Web,13,255619.44,13
FUNNEL_00159,Funnel Account Network,3,255493.45,3
TPWEB_00069,Third-Party Payment Web,4,255445.18000000002,4
TPWEB_01514,Charity Abuse; Funnel Account Network; Third-Party Payment Web,12,255435.96,12
CHARITY_03066,Charity Abuse; Funnel Account Network; Third-Party Payment Web,12,255435.96,12
FUNNEL_00262,Charity Abuse; Funnel Account Network; Third-Party Payment Web,12,255435.96,12
TPWEB_00896,Third-Party Payment Web,4,255419.57,4
TPWEB_00680,Third-Party Payment Web,5,255384.71,2
TPWEB_01055,Charity Abuse; Third-Party Payment Web,12,255107.71,12
CHARITY_02176,Charity Abuse; Third-Party Payment Web,12,255107.71,12
CHARITY_00103,Charity Abuse,22,255092.82,10
CHARITY_02801,Charity Abuse; High-Risk Corridor Transfer,1,255029.93,1
HRCORR_00313,Charity Abuse; High-Risk Corridor Transfer,1,255029.93,1
TPWEB_01528,Third-Party Payment Web,5,254954.47999999998,4
TPWEB_01215,Third-Party Payment Web,5,254701.7,4
CHARITY_00913,Charity Abuse,15,254478.02000000002,9
CHARITY_01249,Charity Abuse,17,254246.82,11
TPWEB_00037,Third-Party Payment Web,6,254199.03999999998,4
TPWEB_01349,Third-Party Payment Web,5,253996.78,5
TPWEB_01126,Third-Party Payment Web,5,253942.85,3
TPWEB_01306,Third-Party Payment Web,4,253914.84,4
CHARITY_02166,Charity Abuse,16,253873.48,13
CHARITY_02016,Charity Abuse,19,253790.0,11
TPWEB_00703,Third-Party Payment Web,5,253784.09999999998,4
CHARITY_01479,Charity Abuse,20,253562.48,8
CHARITY_00307,Charity Abuse; High-Risk Corridor Transfer,1,253547.49,1
HRCORR_00350,Charity Abuse; High-Risk Corridor Transfer,1,253547.49,1
CHARITY_00294,Charity Abuse,13,253516.27000000002,8
CHARITY_00835,Charity Abuse,17,253469.82,12
TPWEB_01113,Charity Abuse; Third-Party Payment Web,5,253392.95,4
TPWEB_00217,Funnel Account Network; Third-Party Payment Web,12,253367.34,12
FUNNEL_00033,Funnel Account Network; Third-Party Payment Web,12,253367.34,12
CHARITY_02341,Charity Abuse,21,253335.0,12
CHARITY_01714,Charity Abuse; Third-Party Payment Web,7,253169.46,4
CHARITY_02708,Charity Abuse,17,253165.66,6
TPWEB_00516,Third-Party Payment Web,7,253108.07,4
CHARITY_03292,Charity Abuse,14,252824.18000000002,14
CHARITY_03198,Charity Abuse,13,252790.67,10
CHARITY_00735,Charity Abuse,16,252742.97,7
CHARITY_00607,Charity Abuse,20,252411.36,10
TPWEB_00698,Third-Party Payment Web,3,252408.44,3
CHARITY_01277,Charity Abuse,19,252171.16,9
CHARITY_00687,Charity Abuse,16,252132.03,13
TPWEB_00128,Third-Party Payment Web,5,252125.05,2
FUNNEL_00211,Funnel Account Network; Third-Party Payment Web,11,252111.92,10
CHARITY_00110,Charity Abuse; Third-Party Payment Web,7,252071.36,4
CHARITY_02636,Charity Abuse,10,252059.96,5
TPWEB_00838,Third-Party Payment Web,4,251831.93,4
TPWEB_01505,Third-Party Payment Web,5,251710.07,4
MULE_00062,Money Mule Network; Third-Party Payment Web,5,251633.19,5
TPWEB_00564,Money Mule Network; Third-Party Payment Web,5,251633.19,5
CHARITY_02852,Charity Abuse,14,251543.19999999998,9
FUNNEL_00091,Funnel Account Network; Third-Party Payment Web,14,251426.94,14
TPWEB_00554,Funnel Account Network; Third-Party Payment Web,14,251426.94,14
CHARITY_02160,Charity Abuse,14,251305.38,12
CHARITY_00187,Charity Abuse,24,251290.25999999998,12
CHARITY_02019,Charity Abuse,14,251245.4,11
CHARITY_00997,Charity Abuse,13,250973.28,5
TPWEB_00249,Third-Party Payment Web,5,250939.13999999998,5
CHARITY_01942,Charity Abuse,15,250914.33,7
TPWEB_00954,Charity Abuse; Funnel Account Network; Third-Party Payment Web,14,250872.19,14
FUNNEL_00167,Charity Abuse; Funnel Account Network; Third-Party Payment Web,14,250872.19,14
TPWEB_01465,Third-Party Payment Web,4,250868.74,4
FUNNEL_00190,Charity Abuse; Funnel Account Network,4,250787.46,4
TPWEB_00854,Third-Party Payment Web,7,250595.09,7
TPWEB_00020,Charity Abuse; Third-Party Payment Web,5,250569.62,4
CHARITY_02869,Charity Abuse,16,250472.89,7
CHARITY_03051,Charity Abuse; Third-Party Payment Web,7,250427.99,3
TPWEB_01189,Charity Abuse; Funnel Account Network; Third-Party Payment Web,10,250344.1,10
CHARITY_01254,Charity Abuse,16,250291.53,6
FUNNEL_00005,Charity Abuse; Funnel Account Network; Third-Party Payment Web,14,250268.38999999998,13
CHARITY_00087,Charity Abuse; Funnel Account Network; Third-Party Payment Web,14,250268.38999999998,13
PASS_00680,Pass-Through Transit Hub,1,250233.0,1
TPWEB_01344,Funnel Account Network; Third-Party Payment Web,9,250173.98,9
FUNNEL_00236,Funnel Account Network; Third-Party Payment Web,9,250173.98,9
FUNNEL_00198,Funnel Account Network; Third-Party Payment Web,7,250126.90999999997,5
TPWEB_01168,Funnel Account Network; Third-Party Payment Web,7,250126.90999999997,5
TPWEB_01124,Third-Party Payment Web,14,250036.53999999998,14
CHARITY_00113,Charity Abuse; Funnel Account Network; Third-Party Payment Web,12,250025.04,12
FUNNEL_00008,Charity Abuse; Funnel Account Network; Third-Party Payment Web,12,250025.04,12
CHARITY_02415,Charity Abuse,17,249988.38,13
FUNNEL_00184,Funnel Account Network; Third-Party Payment Web,13,249825.34,13
CHARITY_01568,Charity Abuse,17,249701.35,10
CHARITY_00266,Charity Abuse,16,249099.69,10
CHARITY_00034,Charity Abuse,14,249009.78000000003,6
TPWEB_00938,Third-Party Payment Web,4,248907.03999999998,2
TPWEB_00480,Third-Party Payment Web,5,248684.53,4
CHARITY_02930,Charity Abuse,14,248628.88,5
TPWEB_01229,Third-Party Payment Web,4,248499.01,4
FUNNEL_00245,Charity Abuse; Funnel Account Network; Third-Party Payment Web,12,248458.34,12
TPWEB_01400,Charity Abuse; Funnel Account Network; Third-Party Payment Web,12,248458.34,12
CHARITY_00573,Charity Abuse,16,248427.6,9
TPWEB_00555,Third-Party Payment Web,6,248335.34999999998,2
TPWEB_01404,Third-Party Payment Web,5,248190.61,4
TPWEB_00487,Third-Party Payment Web,6,248139.2,4
MULE_00071,Charity Abuse; Money Mule Network; Third-Party Payment Web,5,248050.01,5
TPWEB_00164,Charity Abuse; Money Mule Network; Third-Party Payment Web,5,248050.01,5
TPWEB_00273,Third-Party Payment Web,5,247949.95,4
HAWALA_02195,Charity Abuse; Underground Banking (Hawala),1,247909.16,1
HAWALA_02192,Charity Abuse; Underground Banking (Hawala),1,247909.16,1
HAWALA_02196,Charity Abuse; Underground Banking (Hawala),1,247909.16,1
HAWALA_02198,Charity Abuse; Underground Banking (Hawala),1,247909.16,1
HAWALA_02197,Charity Abuse; Underground Banking (Hawala),1,247909.16,1
HAWALA_02191,Charity Abuse; Underground Banking (Hawala),1,247909.16,1
HAWALA_02193,Charity Abuse; Underground Banking (Hawala),1,247909.16,1
HAWALA_02194,Charity Abuse; Underground Banking (Hawala),1,247909.16,1
CHARITY_01464,Charity Abuse,18,247743.43,13
CHARITY_01995,Charity Abuse,13,247671.58000000002,6
CHARITY_03033,Charity Abuse; Funnel Account Network,5,247565.53999999998,4
CHARITY_03244,Charity Abuse,17,247548.77000000002,12
CHARITY_00622,Charity Abuse; Third-Party Payment Web,6,247443.5,5
TPWEB_01137,Third-Party Payment Web,5,247433.16999999998,3
CHARITY_01746,Charity Abuse; High-Risk Corridor Transfer,1,247327.95,1
HRCORR_00309,Charity Abuse; High-Risk Corridor Transfer,1,247327.95,1
FUNNEL_00191,Funnel Account Network,9,247229.57,7
TPWEB_00384,Third-Party Payment Web,3,247184.28,3
TPWEB_01474,Third-Party Payment Web,6,247102.09,5
TPWEB_00568,Funnel Account Network; Third-Party Payment Web,10,247074.88,10
FUNNEL_00095,Funnel Account Network; Third-Party Payment Web,10,247074.88,10
CHARITY_00222,Charity Abuse,16,247026.65,8
CHARITY_02418,Charity Abuse,18,246870.41,10
CHARITY_00974,Charity Abuse; Pass-Through Transit Hub,1,246867.51,1
PASS_00454,Charity Abuse; Pass-Through Transit Hub,1,246867.51,1
TPWEB_01464,Third-Party Payment Web,5,246747.34999999998,5
TPWEB_01535,Third-Party Payment Web,6,246727.35,4
TPWEB_00741,Third-Party Payment Web,6,246680.99,3
CHARITY_01577,Charity Abuse,14,246457.51,9
CHARITY_00131,Charity Abuse,16,246401.03,10
TPWEB_01115,Third-Party Payment Web,5,246150.27999999997,5
CHARITY_01564,Charity Abuse,13,246102.53000000003,8
TPWEB_00775,Third-Party Payment Web,5,245920.57,3
CHARITY_02776,Charity Abuse,18,245864.67,10
TPWEB_01001,Third-Party Payment Web,7,245857.93,5
TPWEB_00914,Third-Party Payment Web,4,245804.22,1
CHARITY_01508,Charity Abuse,19,245781.81,11
TPWEB_01331,Third-Party Payment Web,5,245645.07,3
HRCORR_00273,Charity Abuse; High-Risk Corridor Transfer,1,245516.99,1
CHARITY_01806,Charity Abuse; High-Risk Corridor Transfer,1,245516.99,1
TPWEB_01436,Third-Party Payment Web,6,245249.09,5
CHARITY_01269,Charity Abuse,18,245107.29,10
CHARITY_02906,Charity Abuse,14,245102.04,5
FUNNEL_00115,Charity Abuse; Funnel Account Network; Third-Party Payment Web,7,245061.91,7
CHARITY_01438,Charity Abuse; Funnel Account Network; Third-Party Payment Web,7,245061.91,7
TPWEB_00692,Charity Abuse; Funnel Account Network; Third-Party Payment Web,7,245061.91,7
TPWEB_01498,Funnel Account Network; Third-Party Payment Web,3,245015.34000000003,3
FUNNEL_00258,Funnel Account Network; Third-Party Payment Web,3,245015.34000000003,3
TPWEB_01403,Third-Party Payment Web,5,245015.33000000002,2
CHARITY_01743,Charity Abuse,18,244944.97,10
TPWEB_00707,Third-Party Payment Web,6,244939.8,6
TPWEB_00550,Third-Party Payment Web,3,244883.14,3
CHARITY_02215,Charity Abuse,12,244752.01,6
CHARITY_02283,Charity Abuse,15,244720.09999999998,7
TPWEB_00806,Third-Party Payment Web,4,244600.7,1
TPWEB_01022,Third-Party Payment Web,5,244569.98,4
CHARITY_00590,Charity Abuse,16,244546.06,12
HRCORR_00119,Charity Abuse; High-Risk Corridor Transfer,1,244500.05,1
CHARITY_01942,Charity Abuse; High-Risk Corridor Transfer,1,244500.05,1
CHARITY_00415,Charity Abuse,16,244468.73,5
CHARITY_02267,Charity Abuse,10,244353.32,8
TPWEB_00053,Third-Party Payment Web,6,244321.3,4
CHARITY_03056,Charity Abuse,21,244247.43,10
TPWEB_00721,Third-Party Payment Web,7,244201.06,7
CHARITY_00049,Charity Abuse,17,244065.66,6
TPWEB_00646,Third-Party Payment Web,5,244006.81,3
TPWEB_00312,Charity Abuse; Third-Party Payment Web,10,243841.22,10
CHARITY_00660,Charity Abuse; Third-Party Payment Web,10,243841.22,10
TPWEB_00544,Third-Party Payment Web,4,243686.28999999998,2
TPWEB_01452,Third-Party Payment Web,5,243597.55,4
FUNNEL_00083,Funnel Account Network; Third-Party Payment Web,5,243546.89,4
CHARITY_02799,Charity Abuse,15,243542.83,4
CHARITY_00422,Charity Abuse,17,243399.91,8
TPWEB_00765,Third-Party Payment Web,6,243379.47,2
TPWEB_00202,Third-Party Payment Web,3,243379.32,3
CHARITY_01639,Charity Abuse,16,243315.4,10
TPWEB_00324,Third-Party Payment Web,7,243284.74,6
PASS_00454,Pass-Through Transit Hub,1,243184.47,1
CHARITY_01227,Charity Abuse,18,243134.46,5
CHARITY_02530,Charity Abuse,15,243094.28,5
TPWEB_00316,Third-Party Payment Web,5,243045.65,5
CHARITY_03089,Charity Abuse,15,242983.68,12
TPWEB_00036,Third-Party Payment Web,6,242876.71,3
CHARITY_01785,Charity Abuse,16,242873.38,7
TPWEB_00834,Third-Party Payment Web,5,242766.0,3
TPWEB_00166,Third-Party Payment Web,6,242543.6,4
FUNNEL_00175,Charity Abuse; Funnel Account Network; Third-Party Payment Web,11,242513.21,11
TPWEB_01004,Charity Abuse; Funnel Account Network; Third-Party Payment Web,11,242513.21,11
TPWEB_00615,Third-Party Payment Web,3,242414.27000000002,3
CHARITY_02467,Charity Abuse,13,242265.57,8
CHARITY_01089,Charity Abuse,17,242253.41999999998,9
CHARITY_01251,Charity Abuse,13,242176.13,11
FUNNEL_00213,Funnel Account Network,3,242048.30000000002,3
FUNNEL_00050,Funnel Account Network,3,242005.8,3
CHARITY_02652,Charity Abuse,23,241972.89,9
TPWEB_00815,Third-Party Payment Web,5,241939.01,4
CHARITY_01854,Charity Abuse,18,241565.25,10
FUNNEL_00270,Funnel Account Network,8,241427.53999999998,4
TPWEB_00255,Third-Party Payment Web,5,241426.2,5
TPWEB_00702,Third-Party Payment Web,7,241394.59,7
CHARITY_01816,Charity Abuse,15,241246.97,7
FUNNEL_00189,Funnel Account Network; Third-Party Payment Web,11,241176.07,11
CHARITY_01163,Charity Abuse; Third-Party Payment Web,7,241166.9,4
TPWEB_00853,Third-Party Payment Web,5,241159.69,4
TPWEB_01545,Third-Party Payment Web,5,241118.47999999998,5
TPWEB_00728,Charity Abuse; Third-Party Payment Web,7,241035.84000000003,7
CHARITY_01527,Charity Abuse; Third-Party Payment Web,7,241035.84000000003,7
HAWALA_02223,Funnel Account Network; Underground Banking (Hawala),1,240947.75,1
FUNNEL_00256,Funnel Account Network; Underground Banking (Hawala),1,240947.75,1
CHARITY_01696,Charity Abuse,14,240908.53000000003,11
CHARITY_03174,Charity Abuse,20,240796.63,6
TPWEB_00742,Third-Party Payment Web,6,240768.19,2
CHARITY_02538,Charity Abuse,18,240649.96000000002,10
CHARITY_01278,Charity Abuse,16,240626.1,8
CHARITY_00191,Charity Abuse,15,240436.32,7
CHARITY_00135,Charity Abuse,14,240398.6,7
TPWEB_01338,Third-Party Payment Web,5,240234.19999999998,2
TPWEB_00457,Third-Party Payment Web,6,240055.28999999998,2
CHARITY_01964,Charity Abuse,16,239950.87000000002,9
TPWEB_00181,Third-Party Payment Web,5,239871.81,4
TPWEB_00891,Third-Party Payment Web,4,239810.94,2
TPWEB_01180,Third-Party Payment Web,6,239802.6,2
TPWEB_00338,Third-Party Payment Web,6,239699.42,6
CHARITY_00044,Charity Abuse,20,239634.74,8
TPWEB_00132,Third-Party Payment Web,6,239569.06,4
CHARITY_03252,Charity Abuse,9,239432.28,7
CHARITY_02905,Charity Abuse; Third-Party Payment Web,5,239385.24,3
TPWEB_00088,Third-Party Payment Web,5,239252.34999999998,3
CHARITY_00536,Charity Abuse,18,239126.65,6
CHARITY_01672,Charity Abuse,15,239044.18999999997,7
CHARITY_02333,Charity Abuse,17,239014.30000000002,10
TPWEB_01156,Funnel Account Network; Third-Party Payment Web,10,238966.66,10
TPWEB_00408,Third-Party Payment Web,5,238866.58,3
TPWEB_00575,Third-Party Payment Web,5,238830.24,5
TPWEB_00964,Third-Party Payment Web,13,238750.89,13
TPWEB_00229,Charity Abuse; Third-Party Payment Web,11,238655.81,11
CHARITY_02102,Charity Abuse,19,238564.80000000002,8
MULE_00019,Charity Abuse; Money Mule Network,2,238470.80000000002,2
FUNNEL_00275,Charity Abuse; Funnel Account Network; Third-Party Payment Web,6,238449.47,6
TPWEB_01581,Charity Abuse; Funnel Account Network; Third-Party Payment Web,6,238449.47,6
CHARITY_00216,Charity Abuse,19,238357.56,9
CHARITY_01977,Charity Abuse; Funnel Account Network; Third-Party Payment Web,13,238334.31,13
FUNNEL_00240,Funnel Account Network,5,238328.23,2
FUNNEL_00268,Charity Abuse; Funnel Account Network; Third-Party Payment Web,12,238312.72,12
TPWEB_00281,Charity Abuse; Funnel Account Network; Third-Party Payment Web,12,238237.22,12
FUNNEL_00043,Charity Abuse; Funnel Account Network; Third-Party Payment Web,12,238237.22,12
CHARITY_00592,Charity Abuse; Funnel Account Network; Third-Party Payment Web,12,238237.22,12
CHARITY_01102,Charity Abuse; Funnel Account Network; Third-Party Payment Web,10,238221.33,10
CHARITY_02151,Charity Abuse,17,238149.71,6
TPWEB_00090,Third-Party Payment Web,6,238091.32,6
CHARITY_01717,Charity Abuse,17,238057.34,14
CHARITY_03229,Charity Abuse; High-Risk Corridor Transfer,1,237827.14,1
HRCORR_00447,Charity Abuse; High-Risk Corridor Transfer,1,237827.14,1
CHARITY_01763,Charity Abuse,15,237644.13,5
CHARITY_01575,Charity Abuse,18,237517.63999999998,12
HRCORR_00001,High-Risk Corridor Transfer,1,237094.67,1
CHARITY_01150,Charity Abuse,15,237049.1,7
CHARITY_00620,Charity Abuse,18,236867.88,7
CHARITY_01518,Charity Abuse,12,236806.59,8
FUNNEL_00053,Funnel Account Network,7,236756.74,3
FUNNEL_00200,Charity Abuse; Funnel Account Network,4,236711.58,4
CHARITY_01869,Charity Abuse; Funnel Account Network; Pass-Through Transit Hub,1,236536.71,1
PASS_00204,Charity Abuse; Funnel Account Network; Pass-Through Transit Hub,1,236536.71,1
FUNNEL_00152,Charity Abuse; Funnel Account Network; Pass-Through Transit Hub,1,236536.71,1
CHARITY_00958,Charity Abuse,17,236451.26,11
CHARITY_01267,Charity Abuse; Third-Party Payment Web,7,236373.4,5
CHARITY_01764,Charity Abuse,13,236294.04,8
TPWEB_01145,Third-Party Payment Web,5,236241.97,3
TPWEB_00532,Charity Abuse; Funnel Account Network; Third-Party Payment Web,11,236220.7,11
FUNNEL_00087,Charity Abuse; Funnel Account Network; Third-Party Payment Web,11,236220.7,11
TPWEB_00112,Third-Party Payment Web,6,236094.15000000002,2
TPWEB_00401,Third-Party Payment Web,5,236016.47,2
TPWEB_01240,Third-Party Payment Web,3,235962.09999999998,3
TPWEB_00460,Third-Party Payment Web,5,235922.85,3
CHARITY_02112,Charity Abuse,15,235897.5,7
TPWEB_00504,Third-Party Payment Web,5,235845.26,5
TPWEB_00787,Third-Party Payment Web,5,235772.15,3
TPWEB_01459,Third-Party Payment Web,5,235753.3,4
CHARITY_00332,Charity Abuse,18,235720.79,9
CHARITY_02971,Charity Abuse,15,235675.34,8
TPWEB_00818,Funnel Account Network; Third-Party Payment Web,12,235584.05000000002,12
TPWEB_00655,Third-Party Payment Web,4,235527.02000000002,4
TPWEB_01540,Third-Party Payment Web,5,235356.6,4
CHARITY_02946,Charity Abuse,19,235349.88999999998,9
CHARITY_02862,Charity Abuse,20,235316.77,10
TPWEB_00932,Charity Abuse; Funnel Account Network; Third-Party Payment Web,13,235245.76,13
CHARITY_01933,Charity Abuse; Funnel Account Network; Third-Party Payment Web,13,235245.76,13
FUNNEL_00162,Charity Abuse; Funnel Account Network; Third-Party Payment Web,13,235245.76,13
CHARITY_00293,Charity Abuse,11,235053.06,3
FUNNEL_00235,Charity Abuse; Funnel Account Network; Third-Party Payment Web,13,234960.23,13
CHARITY_02690,Charity Abuse; Funnel Account Network; Third-Party Payment Web,13,234960.23,13
CHARITY_01705,Charity Abuse,14,234738.96,8
TPWEB_00997,Charity Abuse; Third-Party Payment Web,4,234500.66000000003,4
CHARITY_00514,Charity Abuse,18,234439.58000000002,6
TPWEB_01603,Charity Abuse; Third-Party Payment Web,5,234412.94,2
CHARITY_01500,Charity Abuse,14,234281.86000000002,10
TPWEB_00334,Third-Party Payment Web,3,234271.28,1
CHARITY_02150,Charity Abuse,15,234270.07,10
MULE_00061,Money Mule Network; Third-Party Payment Web,3,234234.09,3
TPWEB_01294,Money Mule Network; Third-Party Payment Web,3,234234.09,3
FUNNEL_00269,Charity Abuse; Funnel Account Network; Third-Party Payment Web,12,234112.72,12
CHARITY_03158,Charity Abuse; Funnel Account Network; Third-Party Payment Web,12,234112.72,12
TPWEB_01553,Charity Abuse; Funnel Account Network; Third-Party Payment Web,12,234112.72,12
CHARITY_02279,Charity Abuse; Third-Party Payment Web,5,234101.95,3
CHARITY_03077,Charity Abuse,22,233975.54,11
TPWEB_01236,Third-Party Payment Web,5,233903.48,5
TPWEB_01414,Third-Party Payment Web,5,233856.95,3
TPWEB_01605,Third-Party Payment Web,5,233852.4,4
FUNNEL_00080,Funnel Account Network; Third-Party Payment Web,10,233748.76,10
HRCORR_00478,High-Risk Corridor Transfer,2,233710.84,1
TPWEB_00614,Third-Party Payment Web,5,233577.39,3
CHARITY_02201,Charity Abuse; Third-Party Payment Web,5,233554.43,3
TPWEB_00187,Third-Party Payment Web,6,233475.93,3
CHARITY_02860,Charity Abuse; Funnel Account Network; Third-Party Payment Web,11,233355.99,11
CHARITY_01202,Charity Abuse,14,233243.27,10
CHARITY_02883,Charity Abuse,15,233095.7,13
CHARITY_00236,Charity Abuse,19,233023.58000000002,8
TPWEB_00851,Third-Party Payment Web,5,233004.93,5
CHARITY_00124,Charity Abuse,14,232918.62,5
TPWEB_00595,Third-Party Payment Web,5,232871.82,4
TPWEB_00525,Third-Party Payment Web,6,232740.15999999997,2
PASS_00204,Pass-Through Transit Hub,1,232615.21,1
CHARITY_02414,Charity Abuse,17,232473.01,14
CHARITY_01985,Charity Abuse,17,232165.79,7
HAWALA_02294,Funnel Account Network; Underground Banking (Hawala),1,232132.28,1
HAWALA_02295,Funnel Account Network; Underground Banking (Hawala),1,232132.28,1
HAWALA_02290,Funnel Account Network; Underground Banking (Hawala),1,232132.28,1
HAWALA_02293,Funnel Account Network; Underground Banking (Hawala),1,232132.28,1
HAWALA_02292,Funnel Account Network; Underground Banking (Hawala),1,232132.28,1
HAWALA_02281,Funnel Account Network; Underground Banking (Hawala),1,232132.28,1
HAWALA_02282,Funnel Account Network; Underground Banking (Hawala),1,232132.28,1
HAWALA_02289,Funnel Account Network; Underground Banking (Hawala),1,232132.28,1
HAWALA_02288,Funnel Account Network; Underground Banking (Hawala),1,232132.28,1
HAWALA_02291,Funnel Account Network; Underground Banking (Hawala),1,232132.28,1
HAWALA_02280,Funnel Account Network; Underground Banking (Hawala),1,232132.28,1
HAWALA_02285,Funnel Account Network; Underground Banking (Hawala),1,232132.28,1
HAWALA_02286,Funnel Account Network; Underground Banking (Hawala),1,232132.28,1
HAWALA_02283,Funnel Account Network; Underground Banking (Hawala),1,232132.28,1
HAWALA_02287,Funnel Account Network; Underground Banking (Hawala),1,232132.28,1
HAWALA_02284,Funnel Account Network; Underground Banking (Hawala),1,232132.28,1
CHARITY_02323,Charity Abuse,20,232129.18,9
HRCORR_00482,High-Risk Corridor Transfer,2,232033.72000000003,1
TPWEB_00552,Third-Party Payment Web,3,231992.12,3
CHARITY_00652,Charity Abuse; Funnel Account Network; Third-Party Payment Web,13,231952.28,13
CHARITY_02144,Charity Abuse,18,231846.76,8
TPWEB_00085,Third-Party Payment Web,5,231806.07,3
TPWEB_00716,Third-Party Payment Web,5,231763.56,2
CHARITY_02511,Charity Abuse,16,231642.74,9
CHARITY_00693,Charity Abuse,13,231575.28,6
TPWEB_00927,Third-Party Payment Web,6,231480.46,3
TPWEB_00723,Third-Party Payment Web,5,231460.46,5
TPWEB_00752,Third-Party Payment Web,5,231392.93,3
CHARITY_01480,Charity Abuse,18,231315.67,10
FUNNEL_00131,Funnel Account Network; Third-Party Payment Web,10,231238.65,10
TPWEB_00793,Funnel Account Network; Third-Party Payment Web,10,231238.65,10
CHARITY_01556,Charity Abuse,18,231167.5,6
CHARITY_00208,Charity Abuse,14,230810.41999999998,7
TPWEB_00045,Third-Party Payment Web,5,230781.61000000002,4
FUNNEL_00015,Funnel Account Network,4,230765.19,4
CHARITY_01284,Charity Abuse,15,230263.96000000002,5
CHARITY_03159,Charity Abuse,7,230207.40999999997,4
CHARITY_02434,Charity Abuse,16,230122.72999999998,8
CHARITY_00116,Charity Abuse,13,230102.36,10
TPWEB_01548,Funnel Account Network; Third-Party Payment Web,7,230092.78999999998,6
FUNNEL_00267,Funnel Account Network; Third-Party Payment Web,7,230092.78999999998,6
TPWEB_00149,Charity Abuse; Third-Party Payment Web,5,230063.38,5
CHARITY_00864,Charity Abuse,17,230018.79,9
TPWEB_00690,Third-Party Payment Web,6,229896.93,3
TPWEB_00295,Third-Party Payment Web,5,229798.56,4
CHARITY_01846,Charity Abuse,17,229695.03999999998,10
TPWEB_00807,Third-Party Payment Web,5,229602.9,4
TPWEB_00781,Third-Party Payment Web,5,229600.68,5
CHARITY_00509,Charity Abuse,13,229414.5,8
TPWEB_00953,Third-Party Payment Web,5,229398.02000000002,3
TPWEB_01600,Third-Party Payment Web,7,229392.45,3
CHARITY_01614,Charity Abuse,18,229378.75999999998,11
TPWEB_01434,Third-Party Payment Web,5,229361.7,4
CHARITY_01933,Charity Abuse,18,229288.53,18
CHARITY_01567,Charity Abuse,19,229103.85,13
CHARITY_00225,Charity Abuse,12,229092.16,10
TPWEB_00515,Third-Party Payment Web,3,229068.33000000002,3
CHARITY_03257,Charity Abuse,9,229036.81,6
TPWEB_00361,Third-Party Payment Web,4,229000.24,2
TPWEB_00416,Third-Party Payment Web,3,228922.47999999998,3
PASS_00436,Charity Abuse; Pass-Through Transit Hub,1,228896.4,1
CHARITY_01201,Charity Abuse; Pass-Through Transit Hub,1,228896.4,1
CHARITY_00013,Charity Abuse,16,228875.31,7
CHARITY_02067,Charity Abuse,16,228864.95,8
PASS_00436,Pass-Through Transit Hub,1,228758.22,1
TPWEB_00603,Charity Abuse; Funnel Account Network; Third-Party Payment Web,10,228756.77,10
FUNNEL_00098,Charity Abuse; Funnel Account Network; Third-Party Payment Web,10,228756.77,10
CHARITY_01250,Charity Abuse; Funnel Account Network; Third-Party Payment Web,10,228756.77,10
CHARITY_03078,Charity Abuse,10,228646.65,7
CHARITY_00667,Charity Abuse,18,228571.35,11
TPWEB_01052,Third-Party Payment Web,3,228549.85,3
CHARITY_00091,Charity Abuse,16,228331.34000000003,9
TPWEB_00175,Charity Abuse; Third-Party Payment Web,6,228210.86000000002,6
CHARITY_02184,Charity Abuse,18,228139.0,10
TPWEB_01279,Third-Party Payment Web,5,228003.56,5
TPWEB_00333,Third-Party Payment Web,5,227965.78,3
CHARITY_00799,Charity Abuse,21,227910.52,11
CHARITY_00738,Charity Abuse,14,227768.39,10
TPWEB_00023,Third-Party Payment Web,5,227480.49,5
TPWEB_01195,Funnel Account Network; Third-Party Payment Web,11,227334.06,11
CHARITY_03027,Charity Abuse,19,227309.84,5
HAWALA_02289,Underground Banking (Hawala),1,227214.54,1
HAWALA_02293,Underground Banking (Hawala),1,227214.54,1
HAWALA_02294,Underground Banking (Hawala),1,227214.54,1
HAWALA_02295,Underground Banking (Hawala),1,227214.54,1
HAWALA_02288,Underground Banking (Hawala),1,227214.54,1
HAWALA_02281,Underground Banking (Hawala),1,227214.54,1
HAWALA_02285,Underground Banking (Hawala),1,227214.54,1
HAWALA_02286,Underground Banking (Hawala),1,227214.54,1
HAWALA_02287,Underground Banking (Hawala),1,227214.54,1
HAWALA_02280,Underground Banking (Hawala),1,227214.54,1
HAWALA_02282,Underground Banking (Hawala),1,227214.54,1
HAWALA_02283,Underground Banking (Hawala),1,227214.54,1
HAWALA_02284,Underground Banking (Hawala),1,227214.54,1
HAWALA_02292,Underground Banking (Hawala),1,227214.54,1
HAWALA_02290,Underground Banking (Hawala),1,227214.54,1
HAWALA_02291,Underground Banking (Hawala),1,227214.54,1
CHARITY_02393,Charity Abuse,16,227212.63,8
CHARITY_01205,Charity Abuse; Third-Party Payment Web,6,227199.35,2
CHARITY_02443,Charity Abuse; High-Risk Corridor Transfer,2,227131.27000000002,1
HRCORR_00120,Charity Abuse; High-Risk Corridor Transfer,2,227131.27000000002,1
FUNNEL_00237,Charity Abuse; Funnel Account Network; Third-Party Payment Web,11,227047.87,11
TPWEB_01351,Charity Abuse; Funnel Account Network; Third-Party Payment Web,11,227047.87,11
CHARITY_02748,Charity Abuse; Funnel Account Network; Third-Party Payment Web,11,227047.87,11
CHARITY_02543,Charity Abuse; High-Risk Corridor Transfer,1,226989.65,1
HRCORR_00485,Charity Abuse; High-Risk Corridor Transfer,1,226989.65,1
CHARITY_01540,Charity Abuse,21,226882.8,13
TPWEB_01044,Funnel Account Network; Third-Party Payment Web,11,226639.68,11
FUNNEL_00179,Funnel Account Network; Third-Party Payment Web,11,226639.68,11
CHARITY_02864,Charity Abuse,18,226516.99000000002,11
HAWALA_02313,Charity Abuse; Underground Banking (Hawala),1,226307.77,1
HAWALA_02312,Charity Abuse; Underground Banking (Hawala),1,226307.77,1
HAWALA_02320,Charity Abuse; Underground Banking (Hawala),1,226307.77,1
HAWALA_02327,Charity Abuse; Underground Banking (Hawala),1,226307.77,1
HAWALA_02324,Charity Abuse; Underground Banking (Hawala),1,226307.77,1
HAWALA_02315,Charity Abuse; Underground Banking (Hawala),1,226307.77,1
HAWALA_02317,Charity Abuse; Underground Banking (Hawala),1,226307.77,1
HAWALA_02316,Charity Abuse; Underground Banking (Hawala),1,226307.77,1
HAWALA_02323,Charity Abuse; Underground Banking (Hawala),1,226307.77,1
HAWALA_02321,Charity Abuse; Underground Banking (Hawala),1,226307.77,1
HAWALA_02319,Charity Abuse; Underground Banking (Hawala),1,226307.77,1
HAWALA_02318,Charity Abuse; Underground Banking (Hawala),1,226307.77,1
HAWALA_02326,Charity Abuse; Underground Banking (Hawala),1,226307.77,1
HAWALA_02325,Charity Abuse; Underground Banking (Hawala),1,226307.77,1
HAWALA_02322,Charity Abuse; Underground Banking (Hawala),1,226307.77,1
HAWALA_02314,Charity Abuse; Underground Banking (Hawala),1,226307.77,1
CHARITY_00376,Charity Abuse,16,226231.96,8
CHARITY_02977,Charity Abuse,16,226105.71000000002,8
CHARITY_01267,Charity Abuse,12,225855.21,5
CHARITY_02719,Charity Abuse,15,225852.97,7
TPWEB_01539,Third-Party Payment Web,4,225646.44,2
CHARITY_02847,Charity Abuse,15,225544.04,15
CHARITY_02887,Charity Abuse,23,225479.38999999998,10
TPWEB_00107,Charity Abuse; Third-Party Payment Web,5,225381.51,5
TPWEB_01225,Third-Party Payment Web,5,225378.53000000003,3
CHARITY_02484,Charity Abuse,20,225340.7,12
TPWEB_01333,Third-Party Payment Web,5,225199.45,4
TPWEB_00144,Third-Party Payment Web,5,225145.68,3
TPWEB_01128,Third-Party Payment Web,5,225081.87,3
TPWEB_00714,Third-Party Payment Web,5,225059.21,2
CHARITY_02208,Charity Abuse,16,224933.54,11
TPWEB_00347,Funnel Account Network; Third-Party Payment Web,6,224811.97,6
FUNNEL_00056,Funnel Account Network; Third-Party Payment Web,6,224811.97,6
CHARITY_00436,Charity Abuse,10,224771.74000000002,2
CHARITY_02857,Charity Abuse; Funnel Account Network; Third-Party Payment Web,13,224759.58,13
FUNNEL_00244,Charity Abuse; Funnel Account Network; Third-Party Payment Web,13,224759.58,13
TPWEB_00232,Charity Abuse; Third-Party Payment Web,6,224323.47,3
TPWEB_01614,Third-Party Payment Web,4,224283.98,4
TPWEB_00951,Third-Party Payment Web,5,224247.54,3
TPWEB_00777,Third-Party Payment Web,5,224215.54,3
CHARITY_00950,Charity Abuse; Third-Party Payment Web,6,224097.59,2
CHARITY_02543,Charity Abuse,14,223954.13,6
CHARITY_00081,Charity Abuse; Third-Party Payment Web,6,223897.14,5
CHARITY_00688,Charity Abuse; Third-Party Payment Web,6,223829.62,4
MULE_00071,Charity Abuse; Money Mule Network,3,223693.53000000003,2
TPWEB_01388,Charity Abuse; Third-Party Payment Web,10,223674.4,10
CHARITY_01645,Charity Abuse,14,223665.35,11
TPWEB_00581,Third-Party Payment Web,5,223657.15,5
TPWEB_00044,Charity Abuse; Funnel Account Network; Third-Party Payment Web,13,223596.93,13
TPWEB_00643,Third-Party Payment Web,6,223455.8,4
TPWEB_00331,Third-Party Payment Web,3,223347.72999999998,3
TPWEB_00604,Third-Party Payment Web,6,223109.72,6
TPWEB_01547,Third-Party Payment Web,5,223058.98,3
CHARITY_01188,Charity Abuse,15,223037.91999999998,8
TPWEB_00314,Third-Party Payment Web,5,222878.93,2
TPWEB_00354,Third-Party Payment Web,6,222831.45,6
CHARITY_01719,Charity Abuse,17,222761.32,10
TPWEB_01155,Charity Abuse; Third-Party Payment Web,6,222321.13,6
TPWEB_00127,Third-Party Payment Web,5,222318.09000000003,4
CHARITY_01943,Charity Abuse,22,222199.44,12
TPWEB_01537,Third-Party Payment Web,5,222172.09,5
TPWEB_01422,Third-Party Payment Web,3,222157.68,3
CHARITY_03157,Charity Abuse; Funnel Account Network; Third-Party Payment Web,11,221947.61000000002,11
TPWEB_01216,Charity Abuse; Third-Party Payment Web,5,221854.69,4
TPWEB_01321,Charity Abuse; Funnel Account Network; Third-Party Payment Web,12,221850.06,12
MULE_00041,Money Mule Network; Third-Party Payment Web,3,221804.1,3
TPWEB_00537,Money Mule Network; Third-Party Payment Web,3,221804.1,3
CHARITY_00037,Charity Abuse,18,221716.88999999998,9
TPWEB_00980,Third-Party Payment Web,5,221684.61000000002,4
TPWEB_01568,Third-Party Payment Web,5,221677.15,4
TPWEB_01304,Charity Abuse; Funnel Account Network; Third-Party Payment Web,8,221586.46,8
FUNNEL_00231,Charity Abuse; Funnel Account Network; Third-Party Payment Web,8,221586.46,8
CHARITY_02650,Charity Abuse; Funnel Account Network; Third-Party Payment Web,8,221586.46,8
TPWEB_00013,Charity Abuse; Third-Party Payment Web,5,221575.09999999998,5
FUNNEL_00263,Charity Abuse; Funnel Account Network; Third-Party Payment Web,14,221568.6,14
CHARITY_03081,Charity Abuse; Funnel Account Network; Third-Party Payment Web,14,221568.6,14
TPWEB_01519,Charity Abuse; Funnel Account Network; Third-Party Payment Web,14,221568.6,14
CHARITY_01744,Charity Abuse,22,221361.65,8
TPWEB_01438,Funnel Account Network; Third-Party Payment Web,8,221354.5,8
FUNNEL_00249,Funnel Account Network; Third-Party Payment Web,8,221354.5,8
CHARITY_01176,Charity Abuse,15,221320.58,9
FUNNEL_00257,Charity Abuse; Funnel Account Network,9,221318.92,9
CHARITY_03018,Charity Abuse; Funnel Account Network,9,221318.92,9
FUNNEL_00061,Funnel Account Network; Third-Party Payment Web,10,221299.33,10
TPWEB_00376,Funnel Account Network; Third-Party Payment Web,10,221299.33,10
CHARITY_00130,Charity Abuse,17,221238.15000000002,7
TPWEB_01142,Third-Party Payment Web,6,221182.76,2
CHARITY_02080,Charity Abuse; Funnel Account Network; Third-Party Payment Web,10,221066.44,10
FUNNEL_00093,Charity Abuse; Funnel Account Network,2,220959.39,2
TPWEB_01099,Funnel Account Network; Third-Party Payment Web,12,220917.08,12
CHARITY_00201,Charity Abuse,17,220909.92,7
HRCORR_00320,Charity Abuse; High-Risk Corridor Transfer,1,220815.21,1
CHARITY_01949,Charity Abuse; High-Risk Corridor Transfer,1,220815.21,1
CHARITY_01727,Charity Abuse,17,220707.64,7
CHARITY_02724,Charity Abuse,11,220688.72,6
CHARITY_02490,Charity Abuse; Third-Party Payment Web,6,220640.49,5
TPWEB_01224,Charity Abuse; Third-Party Payment Web,6,220640.49,5
PASS_00118,Pass-Through Transit Hub,1,220608.52,1
CHARITY_02637,Charity Abuse,16,220553.38,12
CHARITY_00670,Charity Abuse; Funnel Account Network; Third-Party Payment Web,7,220539.58000000002,7
TPWEB_01138,Third-Party Payment Web,6,220307.31,3
TPWEB_00884,Third-Party Payment Web,5,220272.7,2
TPWEB_00871,Third-Party Payment Web,5,220185.24,5
CHARITY_02772,Charity Abuse,9,220104.06,5
TPWEB_00345,Third-Party Payment Web,4,220073.13,1
TPWEB_00612,Charity Abuse; Third-Party Payment Web,5,220016.14,1
TPWEB_01144,Third-Party Payment Web,3,219999.08,3
CHARITY_02131,Charity Abuse,14,219947.69999999998,12
TPWEB_01286,Third-Party Payment Web,5,219808.73,4
TPWEB_00323,Third-Party Payment Web,5,219808.59,5
MULE_00046,Money Mule Network; Third-Party Payment Web,3,219742.08000000002,3
TPWEB_00989,Money Mule Network; Third-Party Payment Web,3,219742.08000000002,3
TPWEB_01429,Third-Party Payment Web,5,219731.27,5
TPWEB_01355,Third-Party Payment Web,5,219612.66999999998,4
TPWEB_01527,Third-Party Payment Web,5,219493.02000000002,2
FUNNEL_00134,Charity Abuse; Funnel Account Network; Third-Party Payment Web,8,219384.41,8
TPWEB_00803,Charity Abuse; Funnel Account Network; Third-Party Payment Web,8,219384.41,8
CHARITY_01683,Charity Abuse; Funnel Account Network; Third-Party Payment Web,8,219384.41,8
TPWEB_00441,Third-Party Payment Web,5,218931.44,5
TPWEB_01255,Third-Party Payment Web,5,218893.21,4
CHARITY_02982,Charity Abuse,16,218838.47,9
CHARITY_00498,Charity Abuse,13,218770.13999999998,9
CHARITY_02040,Charity Abuse,20,218700.07,9
TPWEB_00171,Third-Party Payment Web,5,218690.13,5
TPWEB_00730,Charity Abuse; Third-Party Payment Web,6,218603.28,6
TPWEB_01423,Third-Party Payment Web,3,218565.49,3
FUNNEL_00278,Funnel Account Network,5,218546.54,5
HAWALA_02441,Charity Abuse; Funnel Account Network; Underground Banking (Hawala),1,218545.47,1
HAWALA_02442,Charity Abuse; Funnel Account Network; Underground Banking (Hawala),1,218545.47,1
HAWALA_02446,Charity Abuse; Funnel Account Network; Underground Banking (Hawala),1,218545.47,1
HAWALA_02445,Charity Abuse; Funnel Account Network; Underground Banking (Hawala),1,218545.47,1
HAWALA_02447,Charity Abuse; Funnel Account Network; Underground Banking (Hawala),1,218545.47,1
HAWALA_02444,Charity Abuse; Funnel Account Network; Underground Banking (Hawala),1,218545.47,1
HAWALA_02443,Charity Abuse; Funnel Account Network; Underground Banking (Hawala),1,218545.47,1
HAWALA_02440,Charity Abuse; Funnel Account Network; Underground Banking (Hawala),1,218545.47,1
CHARITY_02901,Charity Abuse,14,218477.58,13
TPWEB_01294,Third-Party Payment Web,4,218428.88999999998,4
CHARITY_00938,Charity Abuse,12,218416.15,6
CHARITY_02118,Charity Abuse,16,218312.99,11
TPWEB_01278,Third-Party Payment Web,7,218280.91,6
TPWEB_01525,Third-Party Payment Web,5,218277.36,4
CHARITY_00639,Charity Abuse,14,218116.85,6
HRCORR_00200,Charity Abuse; High-Risk Corridor Transfer,1,218104.16,1
CHARITY_02951,Charity Abuse; High-Risk Corridor Transfer,1,218104.16,1
CHARITY_03186,Charity Abuse,18,217888.6,11
CHARITY_02574,Charity Abuse,13,217865.85,8
TPWEB_00414,Third-Party Payment Web,5,217819.02,2
TPWEB_00798,Charity Abuse; Third-Party Payment Web,3,217609.91,2
TPWEB_00998,Third-Party Payment Web,5,217538.84,4
TPWEB_01336,Third-Party Payment Web,5,217475.15,5
HRCORR_00366,Charity Abuse; High-Risk Corridor Transfer,2,217438.55,1
CHARITY_02056,Charity Abuse; High-Risk Corridor Transfer,2,217438.55,1
CHARITY_01498,Charity Abuse,16,217411.97,14
TPWEB_00497,Third-Party Payment Web,4,217252.84000000003,3
TPWEB_00130,Third-Party Payment Web,5,217219.32,3
CHARITY_01745,Charity Abuse,17,217165.92,8
TPWEB_00492,Funnel Account Network; Third-Party Payment Web,9,217112.43,9
TPWEB_00117,Third-Party Payment Web,5,217011.57,3
FUNNEL_00219,Funnel Account Network,2,216821.88,2
FUNNEL_00178,Charity Abuse; Funnel Account Network,9,216802.57,9
TPWEB_00368,Third-Party Payment Web,4,216717.81,2
CHARITY_02020,Charity Abuse,16,216678.08,5
CHARITY_02564,Charity Abuse,17,216655.96,15
FUNNEL_00002,Charity Abuse; Funnel Account Network; Third-Party Payment Web,7,216646.42,7
CHARITY_00039,Charity Abuse; Funnel Account Network; Third-Party Payment Web,7,216646.42,7
CHARITY_00265,Charity Abuse,16,216547.76,9
FUNNEL_00075,Charity Abuse; Funnel Account Network,12,216496.25,12
TPWEB_01560,Third-Party Payment Web,5,216493.16,3
CHARITY_00944,Charity Abuse,8,216477.06,6
CHARITY_01515,Charity Abuse,21,216427.5,8
CHARITY_00955,Charity Abuse,12,216423.88999999998,9
TPWEB_01079,Third-Party Payment Web,5,216410.31,3
TPWEB_01415,Funnel Account Network; Third-Party Payment Web,8,216311.75,7
FUNNEL_00246,Funnel Account Network; Third-Party Payment Web,8,216311.75,7
TPWEB_00769,Third-Party Payment Web,5,216136.89,3
TPWEB_01043,Third-Party Payment Web,4,216096.17,3
CHARITY_01724,Charity Abuse,17,215882.61000000002,10
HAWALA_02480,Charity Abuse; Underground Banking (Hawala),1,215868.12,1
HAWALA_02485,Charity Abuse; Underground Banking (Hawala),1,215868.12,1
HAWALA_02481,Charity Abuse; Underground Banking (Hawala),1,215868.12,1
HAWALA_02487,Charity Abuse; Underground Banking (Hawala),1,215868.12,1
HAWALA_02484,Charity Abuse; Underground Banking (Hawala),1,215868.12,1
HAWALA_02486,Charity Abuse; Underground Banking (Hawala),1,215868.12,1
HAWALA_02483,Charity Abuse; Underground Banking (Hawala),1,215868.12,1
HAWALA_02482,Charity Abuse; Underground Banking (Hawala),1,215868.12,1
TPWEB_01194,Charity Abuse; Third-Party Payment Web,4,215782.94,1
CHARITY_00695,Charity Abuse,6,215767.47,2
FUNNEL_00120,Funnel Account Network; Third-Party Payment Web,3,215648.40000000002,3
TPWEB_00731,Funnel Account Network; Third-Party Payment Web,3,215648.40000000002,3
FUNNEL_00219,Charity Abuse; Funnel Account Network; Third-Party Payment Web,10,215537.33,10
TPWEB_01260,Charity Abuse; Funnel Account Network; Third-Party Payment Web,10,215537.33,10
CHARITY_02560,Charity Abuse; Funnel Account Network; Third-Party Payment Web,10,215537.33,10
FUNNEL_00041,Funnel Account Network,16,215468.56,10
TPWEB_00826,Third-Party Payment Web,5,215386.22999999998,3
PASS_00118,Charity Abuse; Pass-Through Transit Hub,1,215343.21,1
CHARITY_02467,Charity Abuse; Pass-Through Transit Hub,1,215343.21,1
CHARITY_02563,Charity Abuse,12,215340.94999999998,11
CHARITY_00564,Charity Abuse; Third-Party Payment Web,8,215251.85,5
CHARITY_02405,Charity Abuse,18,215094.31,4
CHARITY_01049,Charity Abuse; Third-Party Payment Web,6,215032.39,1
CHARITY_02768,Charity Abuse,18,214999.56,8
TPWEB_01343,Third-Party Payment Web,6,214995.61000000002,5
TPWEB_00427,Third-Party Payment Web,5,214921.25,4
CHARITY_00982,Charity Abuse; Funnel Account Network,11,214731.22,11
FUNNEL_00267,Charity Abuse; Funnel Account Network; Third-Party Payment Web,9,214697.42,9
TPWEB_01548,Charity Abuse; Funnel Account Network; Third-Party Payment Web,9,214697.42,9
CHARITY_00126,Charity Abuse,11,214655.9,11
CHARITY_02742,Charity Abuse,15,214599.33,12
TPWEB_01169,Third-Party Payment Web,5,214400.44,5
FUNNEL_00134,Funnel Account Network; Third-Party Payment Web,12,214357.76,12
TPWEB_00803,Funnel Account Network; Third-Party Payment Web,12,214357.76,12
TPWEB_00446,Third-Party Payment Web,5,214188.91,5
TPWEB_00148,Third-Party Payment Web,11,214104.78,11
CHARITY_01002,Charity Abuse,14,214086.38,4
TPWEB_01093,Third-Party Payment Web,5,214042.16,2
TPWEB_00771,Third-Party Payment Web,5,213951.93,5
TPWEB_00458,Third-Party Payment Web,8,213923.43,8
TPWEB_01082,Third-Party Payment Web,3,213900.69,3
CHARITY_02656,Charity Abuse,21,213891.89,10
CIRC_00644,Charity Abuse; Circular Transaction Loop,1,213770.74,1
CIRC_00662,Charity Abuse; Circular Transaction Loop,1,213770.74,1
CIRC_00648,Charity Abuse; Circular Transaction Loop,1,213770.74,1
CIRC_00651,Charity Abuse; Circular Transaction Loop,1,213770.74,1
CIRC_00642,Charity Abuse; Circular Transaction Loop,1,213770.74,1
CIRC_00645,Charity Abuse; Circular Transaction Loop,1,213770.74,1
CIRC_00643,Charity Abuse; Circular Transaction Loop,1,213770.74,1
CIRC_00668,Charity Abuse; Circular Transaction Loop,1,213770.74,1
CIRC_00665,Charity Abuse; Circular Transaction Loop,1,213770.74,1
CIRC_00659,Charity Abuse; Circular Transaction Loop,1,213770.74,1
CIRC_00660,Charity Abuse; Circular Transaction Loop,1,213770.74,1
CIRC_00671,Charity Abuse; Circular Transaction Loop,1,213770.74,1
CIRC_00656,Charity Abuse; Circular Transaction Loop,1,213770.74,1
CIRC_00673,Charity Abuse; Circular Transaction Loop,1,213770.74,1
CIRC_00655,Charity Abuse; Circular Transaction Loop,1,213770.74,1
CIRC_00653,Charity Abuse; Circular Transaction Loop,1,213770.74,1
CIRC_00647,Charity Abuse; Circular Transaction Loop,1,213770.74,1
CIRC_00658,Charity Abuse; Circular Transaction Loop,1,213770.74,1
CIRC_00657,Charity Abuse; Circular Transaction Loop,1,213770.74,1
CIRC_00670,Charity Abuse; Circular Transaction Loop,1,213770.74,1
CIRC_00663,Charity Abuse; Circular Transaction Loop,1,213770.74,1
CIRC_00650,Charity Abuse; Circular Transaction Loop,1,213770.74,1
CIRC_00649,Charity Abuse; Circular Transaction Loop,1,213770.74,1
CIRC_00661,Charity Abuse; Circular Transaction Loop,1,213770.74,1
CIRC_00672,Charity Abuse; Circular Transaction Loop,1,213770.74,1
CIRC_00646,Charity Abuse; Circular Transaction Loop,1,213770.74,1
CIRC_00654,Charity Abuse; Circular Transaction Loop,1,213770.74,1
CIRC_00652,Charity Abuse; Circular Transaction Loop,1,213770.74,1
CIRC_00664,Charity Abuse; Circular Transaction Loop,1,213770.74,1
CIRC_00666,Charity Abuse; Circular Transaction Loop,1,213770.74,1
CIRC_00667,Charity Abuse; Circular Transaction Loop,1,213770.74,1
CIRC_00669,Charity Abuse; Circular Transaction Loop,1,213770.74,1
CHARITY_00354,Charity Abuse,14,213352.19,8
TPWEB_00252,Third-Party Payment Web,5,213352.04,5
TPWEB_00016,Third-Party Payment Web,3,213310.91,3
CHARITY_03302,Charity Abuse,14,213247.31,8
CHARITY_00105,Charity Abuse,12,213084.15,9
TPWEB_01112,Third-Party Payment Web,6,213022.81,5
CHARITY_01641,Charity Abuse,13,212986.44,4
CHARITY_00466,Charity Abuse; Third-Party Payment Web,10,212591.52000000002,10
FUNNEL_00134,Funnel Account Network,8,212419.36000000002,7
CHARITY_02927,Charity Abuse; Third-Party Payment Web,5,212391.74,2
TPWEB_00436,Third-Party Payment Web,4,212281.46,1
CHARITY_02153,Charity Abuse,15,212241.01,9
CHARITY_00463,Charity Abuse,14,212181.12,13
TPWEB_00543,Third-Party Payment Web,5,212134.53999999998,2
HRCORR_00168,High-Risk Corridor Transfer,1,212086.56,1
MULE_00005,Charity Abuse; Money Mule Network; Third-Party Payment Web,4,212024.96,4
TPWEB_01423,Charity Abuse; Money Mule Network; Third-Party Payment Web,4,212024.96,4
TPWEB_00873,Third-Party Payment Web,6,212022.81,3
CHARITY_00152,Charity Abuse; Third-Party Payment Web,5,211952.56,4
TPWEB_00246,Charity Abuse; Third-Party Payment Web,5,211785.77999999997,3
TPWEB_00158,Third-Party Payment Web,5,211730.89,5
TPWEB_01030,Third-Party Payment Web,5,211693.81,5
TPWEB_01437,Third-Party Payment Web,4,211583.4,3
TPWEB_00437,Third-Party Payment Web,5,211582.66,4
CHARITY_00811,Charity Abuse; Third-Party Payment Web,5,211459.98,4
FUNNEL_00114,Funnel Account Network; Third-Party Payment Web,6,211157.56,6
TPWEB_00691,Funnel Account Network; Third-Party Payment Web,6,211157.56,6
TPWEB_01552,Charity Abuse; Funnel Account Network; Third-Party Payment Web,11,211136.18,11
CHARITY_03163,Charity Abuse,7,211075.41,6
CHARITY_00812,Charity Abuse,12,211034.78,9
TPWEB_00734,Third-Party Payment Web,4,211013.03,3
TPWEB_00002,Third-Party Payment Web,4,210982.13999999998,4
TPWEB_01390,Third-Party Payment Web,6,210904.32,3
FUNNEL_00004,Charity Abuse; Funnel Account Network; Third-Party Payment Web,8,210868.23,7
CHARITY_00084,Charity Abuse; Funnel Account Network; Third-Party Payment Web,8,210868.23,7
HAWALA_02544,Charity Abuse; Circular Transaction Loop; Underground Banking (Hawala),1,210822.47,1
HAWALA_02545,Charity Abuse; Circular Transaction Loop; Underground Banking (Hawala),1,210822.47,1
HAWALA_02558,Charity Abuse; Circular Transaction Loop; Underground Banking (Hawala),1,210822.47,1
HAWALA_02559,Charity Abuse; Circular Transaction Loop; Underground Banking (Hawala),1,210822.47,1
CIRC_00691,Charity Abuse; Circular Transaction Loop; Underground Banking (Hawala),1,210822.47,1
CIRC_00690,Charity Abuse; Circular Transaction Loop; Underground Banking (Hawala),1,210822.47,1
CIRC_00693,Charity Abuse; Circular Transaction Loop; Underground Banking (Hawala),1,210822.47,1
CIRC_00699,Charity Abuse; Circular Transaction Loop; Underground Banking (Hawala),1,210822.47,1
CIRC_00703,Charity Abuse; Circular Transaction Loop; Underground Banking (Hawala),1,210822.47,1
CIRC_00702,Charity Abuse; Circular Transaction Loop; Underground Banking (Hawala),1,210822.47,1
CIRC_00695,Charity Abuse; Circular Transaction Loop; Underground Banking (Hawala),1,210822.47,1
CIRC_00692,Charity Abuse; Circular Transaction Loop; Underground Banking (Hawala),1,210822.47,1
CIRC_00698,Charity Abuse; Circular Transaction Loop; Underground Banking (Hawala),1,210822.47,1
CIRC_00694,Charity Abuse; Circular Transaction Loop; Underground Banking (Hawala),1,210822.47,1
CIRC_00701,Charity Abuse; Circular Transaction Loop; Underground Banking (Hawala),1,210822.47,1
CIRC_00700,Charity Abuse; Circular Transaction Loop; Underground Banking (Hawala),1,210822.47,1
CIRC_00697,Charity Abuse; Circular Transaction Loop; Underground Banking (Hawala),1,210822.47,1
CIRC_00696,Charity Abuse; Circular Transaction Loop; Underground Banking (Hawala),1,210822.47,1
HAWALA_02557,Charity Abuse; Circular Transaction Loop; Underground Banking (Hawala),1,210822.47,1
HAWALA_02556,Charity Abuse; Circular Transaction Loop; Underground Banking (Hawala),1,210822.47,1
HAWALA_02551,Charity Abuse; Circular Transaction Loop; Underground Banking (Hawala),1,210822.47,1
HAWALA_02550,Charity Abuse; Circular Transaction Loop; Underground Banking (Hawala),1,210822.47,1
HAWALA_02555,Charity Abuse; Circular Transaction Loop; Underground Banking (Hawala),1,210822.47,1
HAWALA_02554,Charity Abuse; Circular Transaction Loop; Underground Banking (Hawala),1,210822.47,1
HAWALA_02546,Charity Abuse; Circular Transaction Loop; Underground Banking (Hawala),1,210822.47,1
HAWALA_02547,Charity Abuse; Circular Transaction Loop; Underground Banking (Hawala),1,210822.47,1
HAWALA_02552,Charity Abuse; Circular Transaction Loop; Underground Banking (Hawala),1,210822.47,1
HAWALA_02553,Charity Abuse; Circular Transaction Loop; Underground Banking (Hawala),1,210822.47,1
HAWALA_02549,Charity Abuse; Circular Transaction Loop; Underground Banking (Hawala),1,210822.47,1
HAWALA_02548,Charity Abuse; Circular Transaction Loop; Underground Banking (Hawala),1,210822.47,1
CIRC_00705,Charity Abuse; Circular Transaction Loop; Underground Banking (Hawala),1,210822.47,1
CIRC_00704,Charity Abuse; Circular Transaction Loop; Underground Banking (Hawala),1,210822.47,1
TPWEB_00626,Third-Party Payment Web,5,210684.84,5
TPWEB_00800,Third-Party Payment Web,4,210679.58000000002,4
TPWEB_01035,Third-Party Payment Web,4,210559.49,2
CHARITY_02272,Charity Abuse,14,210500.22999999998,8
TPWEB_00876,Third-Party Payment Web,7,210444.24,4
TPWEB_00454,Third-Party Payment Web,3,210388.09,3
TPWEB_01397,Charity Abuse; Funnel Account Network; Third-Party Payment Web,12,210345.18,12
CHARITY_01093,Charity Abuse,14,210299.86,6
STRUCT_00074,Structuring (Smurfing),6,210267.42,4
MULE_00004,Charity Abuse; Money Mule Network,2,210211.35,2
TPWEB_00394,Third-Party Payment Web,3,210040.21,3
FUNNEL_00149,Funnel Account Network,12,209921.19999999998,11
TPWEB_00750,Third-Party Payment Web,5,209897.99,5
TPWEB_00886,Third-Party Payment Web,5,209732.94,3
CHARITY_02330,Charity Abuse; Third-Party Payment Web,7,209519.98,6
TPWEB_01144,Charity Abuse; Third-Party Payment Web,7,209519.98,6
TPWEB_01551,Charity Abuse; Third-Party Payment Web,5,209492.75,2
CHARITY_01733,Charity Abuse; Pass-Through Transit Hub,1,209475.34,1
PASS_00542,Charity Abuse; Pass-Through Transit Hub,1,209475.34,1
CHARITY_02789,Charity Abuse,15,209417.51,12
HAWALA_02535,Circular Transaction Loop; Funnel Account Network; Underground Banking (Hawala),1,209401.48,1
HAWALA_02534,Circular Transaction Loop; Funnel Account Network; Underground Banking (Hawala),1,209401.48,1
HAWALA_02533,Circular Transaction Loop; Funnel Account Network; Underground Banking (Hawala),1,209401.48,1
HAWALA_02532,Circular Transaction Loop; Funnel Account Network; Underground Banking (Hawala),1,209401.48,1
HAWALA_02529,Circular Transaction Loop; Funnel Account Network; Underground Banking (Hawala),1,209401.48,1
HAWALA_02530,Circular Transaction Loop; Funnel Account Network; Underground Banking (Hawala),1,209401.48,1
HAWALA_02531,Circular Transaction Loop; Funnel Account Network; Underground Banking (Hawala),1,209401.48,1
HAWALA_02528,Circular Transaction Loop; Funnel Account Network; Underground Banking (Hawala),1,209401.48,1
CIRC_00679,Circular Transaction Loop; Funnel Account Network; Underground Banking (Hawala),1,209401.48,1
CIRC_00681,Circular Transaction Loop; Funnel Account Network; Underground Banking (Hawala),1,209401.48,1
CIRC_00680,Circular Transaction Loop; Funnel Account Network; Underground Banking (Hawala),1,209401.48,1
CIRC_00677,Circular Transaction Loop; Funnel Account Network; Underground Banking (Hawala),1,209401.48,1
CIRC_00675,Circular Transaction Loop; Funnel Account Network; Underground Banking (Hawala),1,209401.48,1
CIRC_00678,Circular Transaction Loop; Funnel Account Network; Underground Banking (Hawala),1,209401.48,1
CIRC_00674,Circular Transaction Loop; Funnel Account Network; Underground Banking (Hawala),1,209401.48,1
CIRC_00676,Circular Transaction Loop; Funnel Account Network; Underground Banking (Hawala),1,209401.48,1
TPWEB_00751,Third-Party Payment Web,5,209355.55,3
TPWEB_01152,Third-Party Payment Web,9,209283.96,9
TPWEB_00563,Third-Party Payment Web,4,209278.15000000002,2
PASS_00310,Pass-Through Transit Hub,1,209249.85,1
PASS_00542,Pass-Through Transit Hub,1,209141.32,1
TPWEB_00072,Third-Party Payment Web,3,209087.84,3
HRCORR_00301,Charity Abuse; High-Risk Corridor Transfer,1,208917.1,1
CHARITY_02913,Charity Abuse; High-Risk Corridor Transfer,1,208917.1,1
TPWEB_00004,Money Mule Network; Third-Party Payment Web,3,208671.93,3
MULE_00007,Money Mule Network; Third-Party Payment Web,3,208671.93,3
TPWEB_00118,Charity Abuse; Third-Party Payment Web,5,208526.29,3
CHARITY_00240,Charity Abuse; Third-Party Payment Web,5,208526.29,3
CHARITY_02549,Charity Abuse,16,208477.2,11
CHARITY_00898,Charity Abuse; Third-Party Payment Web,6,208462.41,4
MULE_00001,Money Mule Network; Third-Party Payment Web,3,208308.06,3
TPWEB_00649,Third-Party Payment Web,7,208247.75,7
TPWEB_00024,Third-Party Payment Web,5,208044.16999999998,2
CHARITY_00057,Charity Abuse; Third-Party Payment Web,5,207980.08000000002,2
TPWEB_00740,Funnel Account Network; Third-Party Payment Web,9,207839.29,9
FUNNEL_00124,Funnel Account Network; Third-Party Payment Web,9,207839.29,9
TPWEB_00065,Charity Abuse; Funnel Account Network; Third-Party Payment Web,11,207745.97,11
CHARITY_00132,Charity Abuse; Funnel Account Network; Third-Party Payment Web,11,207745.97,11
FUNNEL_00012,Charity Abuse; Funnel Account Network; Third-Party Payment Web,11,207745.97,11
TPWEB_01426,Third-Party Payment Web,3,207699.97,3
TPWEB_01211,Third-Party Payment Web,4,207685.75,3
HAWALA_02513,Charity Abuse; Underground Banking (Hawala),1,207602.32,1
HAWALA_02518,Charity Abuse; Underground Banking (Hawala),1,207602.32,1
HAWALA_02519,Charity Abuse; Underground Banking (Hawala),1,207602.32,1
HAWALA_02520,Charity Abuse; Underground Banking (Hawala),1,207602.32,1
HAWALA_02516,Charity Abuse; Underground Banking (Hawala),1,207602.32,1
HAWALA_02514,Charity Abuse; Underground Banking (Hawala),1,207602.32,1
HAWALA_02521,Charity Abuse; Underground Banking (Hawala),1,207602.32,1
HAWALA_02527,Charity Abuse; Underground Banking (Hawala),1,207602.32,1
HAWALA_02526,Charity Abuse; Underground Banking (Hawala),1,207602.32,1
HAWALA_02524,Charity Abuse; Underground Banking (Hawala),1,207602.32,1
HAWALA_02512,Charity Abuse; Underground Banking (Hawala),1,207602.32,1
HAWALA_02525,Charity Abuse; Underground Banking (Hawala),1,207602.32,1
HAWALA_02523,Charity Abuse; Underground Banking (Hawala),1,207602.32,1
HAWALA_02517,Charity Abuse; Underground Banking (Hawala),1,207602.32,1
HAWALA_02522,Charity Abuse; Underground Banking (Hawala),1,207602.32,1
HAWALA_02515,Charity Abuse; Underground Banking (Hawala),1,207602.32,1
CHARITY_00919,Charity Abuse,14,207439.03,6
CHARITY_00632,Charity Abuse,12,207404.68,7
TPWEB_00651,Third-Party Payment Web,5,207253.87,4
CHARITY_03266,Charity Abuse,12,207139.25,7
CHARITY_01395,Charity Abuse,17,207126.05,8
CHARITY_02312,Charity Abuse; Third-Party Payment Web,6,207029.35,4
TPWEB_00462,Third-Party Payment Web,5,206942.33000000002,4
TPWEB_01335,Third-Party Payment Web,5,206730.53,5
CHARITY_01105,Charity Abuse,21,206714.01,13
TPWEB_00449,Charity Abuse; Third-Party Payment Web,8,206628.42,8
TPWEB_00935,Charity Abuse; Funnel Account Network; Third-Party Payment Web,10,206464.17,10
FUNNEL_00163,Charity Abuse; Funnel Account Network; Third-Party Payment Web,10,206464.17,10
TPWEB_01125,Third-Party Payment Web,3,206442.03,3
TPWEB_00987,Third-Party Payment Web,3,206117.66,3
CHARITY_02183,Charity Abuse,12,206098.53,7
CHARITY_02621,Charity Abuse,17,206043.16999999998,12
CHARITY_01483,Charity Abuse,19,206019.28,13
FUNNEL_00179,Charity Abuse; Funnel Account Network; Third-Party Payment Web,11,205873.65,11
TPWEB_01044,Charity Abuse; Funnel Account Network; Third-Party Payment Web,11,205873.65,11
TPWEB_01304,Funnel Account Network; Third-Party Payment Web,7,205769.93,7
FUNNEL_00231,Funnel Account Network; Third-Party Payment Web,7,205769.93,7
TPWEB_00887,Third-Party Payment Web,4,205752.76,4
TPWEB_00162,Third-Party Payment Web,5,205723.53,4
CHARITY_02850,Charity Abuse,16,205701.83,7
TPWEB_00952,Third-Party Payment Web,5,205697.13999999998,4
TPWEB_00955,Third-Party Payment Web,5,205683.4,3
TPWEB_00639,Third-Party Payment Web,5,205652.42,3
CHARITY_00221,Charity Abuse,13,205581.16,8
TPWEB_01195,Third-Party Payment Web,12,205551.78,12
CHARITY_00042,Charity Abuse,13,205548.65,8
TPWEB_00950,Third-Party Payment Web,4,205522.34,4
TPWEB_00670,Funnel Account Network; Third-Party Payment Web,10,205431.71,10
FUNNEL_00110,Funnel Account Network; Third-Party Payment Web,10,205431.71,10
TPWEB_01232,Third-Party Payment Web,3,205152.88,2
PASS_00113,Pass-Through Transit Hub,1,205118.55,1
CHARITY_03002,Charity Abuse; Third-Party Payment Web,5,205004.63999999998,4
CHARITY_00761,Charity Abuse,14,204802.81999999998,11
TPWEB_00250,Third-Party Payment Web,3,204642.98,3
TPWEB_01375,Third-Party Payment Web,5,204639.01,4
CHARITY_00328,Charity Abuse; Funnel Account Network,9,204554.93,9
TPWEB_01122,Funnel Account Network; Third-Party Payment Web,9,204523.67,9
FUNNEL_00188,Funnel Account Network; Third-Party Payment Web,9,204523.67,9
MULE_00038,Charity Abuse; Money Mule Network,2,204263.27000000002,2
CHARITY_01265,Charity Abuse,13,204125.01,7
CHARITY_01482,Charity Abuse,17,203950.88999999998,14
MULE_00003,Charity Abuse; Money Mule Network,2,203860.32,2
TPWEB_00188,Charity Abuse; Third-Party Payment Web,5,203823.87,4
CHARITY_02939,Charity Abuse; Funnel Account Network; Third-Party Payment Web,8,203801.14,8
FUNNEL_00250,Charity Abuse; Funnel Account Network; Third-Party Payment Web,8,203801.14,8
TPWEB_01447,Charity Abuse; Funnel Account Network; Third-Party Payment Web,8,203801.14,8
TPWEB_00974,Third-Party Payment Web,5,203706.62,5
CHARITY_01053,Charity Abuse,16,203667.06,7
TPWEB_01164,Third-Party Payment Web,5,203664.22,2
TPWEB_01203,Third-Party Payment Web,10,203585.43,10
FUNNEL_00195,Charity Abuse; Funnel Account Network,3,203570.73,1
CHARITY_00926,Charity Abuse,13,203529.87,10
TPWEB_00937,Charity Abuse; Third-Party Payment Web,6,203469.54,2
CHARITY_01942,Charity Abuse; Third-Party Payment Web,6,203469.54,2
TPWEB_00211,Third-Party Payment Web,5,203453.39,5
CHARITY_01876,Charity Abuse,12,203374.93,9
TPWEB_00103,Third-Party Payment Web,3,203347.58999999997,3
CHARITY_00121,Charity Abuse,20,203257.05,10
TPWEB_01231,Third-Party Payment Web,5,203236.56,2
CHARITY_02937,Charity Abuse; Third-Party Payment Web,5,203235.72,5
TPWEB_01445,Charity Abuse; Third-Party Payment Web,5,203235.72,5
TPWEB_00748,Third-Party Payment Web,5,203206.55,3
TPWEB_00683,Third-Party Payment Web,5,203190.87,4
TPWEB_01060,Third-Party Payment Web,5,203092.69999999998,4
CHARITY_00505,Charity Abuse; Third-Party Payment Web,6,203024.08000000002,4
TPWEB_00244,Charity Abuse; Third-Party Payment Web,6,203024.08000000002,4
TPWEB_00772,Third-Party Payment Web,4,202998.56999999998,3
TPWEB_01482,Third-Party Payment Web,5,202933.02,4
TPWEB_00908,Third-Party Payment Web,4,202680.24,4
FUNNEL_00069,Funnel Account Network,12,202316.96,7
TPWEB_00184,Third-Party Payment Web,5,202300.97,3
CHARITY_00810,Charity Abuse,14,202299.1,3
CHARITY_01667,Charity Abuse; Third-Party Payment Web,6,202241.01,4
TPWEB_00648,Third-Party Payment Web,5,202222.48,4
HRCORR_00268,High-Risk Corridor Transfer,2,202123.31,1
CHARITY_00550,Charity Abuse; Third-Party Payment Web,6,201865.64,5
CHARITY_03090,Charity Abuse,15,201856.33,10
TPWEB_00318,Third-Party Payment Web,5,201793.69,4
TPWEB_01450,Third-Party Payment Web,4,201720.59999999998,3
TPWEB_00674,Third-Party Payment Web,3,201624.08,1
TPWEB_00617,Charity Abuse; Funnel Account Network; Third-Party Payment Web,10,201480.78,10
CHARITY_00107,Charity Abuse,15,201337.13,11
TPWEB_00918,Third-Party Payment Web,4,201319.64,4
TPWEB_00753,Third-Party Payment Web,6,201259.62,4
TPWEB_01362,Third-Party Payment Web,3,200958.59,3
CHARITY_02630,Charity Abuse; Pass-Through Transit Hub,1,200932.17,1
PASS_00113,Charity Abuse; Pass-Through Transit Hub,1,200932.17,1
PASS_00310,Charity Abuse; Pass-Through Transit Hub,1,200925.18,1
TPWEB_01446,Third-Party Payment Web,5,200878.09,1
STRUCT_00088,Structuring (Smurfing),6,200827.72,3
TPWEB_00704,Third-Party Payment Web,5,200743.42,5
CHARITY_01622,Charity Abuse,23,200678.18,10
TPWEB_00548,Third-Party Payment Web,5,200665.42,5
TPWEB_01326,Third-Party Payment Web,7,200574.53,7
CHARITY_01646,Charity Abuse; Third-Party Payment Web,6,200573.83,4
TPWEB_00784,Charity Abuse; Third-Party Payment Web,6,200573.83,4
TPWEB_00352,Third-Party Payment Web,5,200504.87,2
CHARITY_02706,Charity Abuse,16,200498.52,12
TPWEB_01005,Third-Party Payment Web,5,200394.13999999998,5
TPWEB_00494,Third-Party Payment Web,6,200374.59,4
FUNNEL_00208,Funnel Account Network; Third-Party Payment Web,6,200293.05000000002,6
TPWEB_01203,Funnel Account Network; Third-Party Payment Web,6,200293.05000000002,6
TPWEB_00284,Third-Party Payment Web,5,200260.07,3
TPWEB_01081,Third-Party Payment Web,4,200203.3,4
TPWEB_00928,Third-Party Payment Web,5,200191.41,4
CHARITY_01240,Charity Abuse,21,199809.22,12
TPWEB_00111,Charity Abuse; Third-Party Payment Web,5,199791.82,5
CHARITY_00311,Charity Abuse; Third-Party Payment Web,7,199646.44,2
TPWEB_00426,Third-Party Payment Web,4,199572.18,4
CHARITY_03006,Charity Abuse; Third-Party Payment Web,6,199487.36,6
TPWEB_00559,Charity Abuse; Third-Party Payment Web,6,199458.54,3
TPWEB_01574,Third-Party Payment Web,5,199445.86,4
CHARITY_02457,Charity Abuse; Third-Party Payment Web,6,199307.54,4
TPWEB_01207,Charity Abuse; Third-Party Payment Web,6,199307.54,4
TPWEB_01293,Third-Party Payment Web,5,199273.14,5
CHARITY_01605,Charity Abuse; High-Risk Corridor Transfer,1,199254.76,1
HRCORR_00227,Charity Abuse; High-Risk Corridor Transfer,1,199254.76,1
CHARITY_01364,Charity Abuse; Third-Party Payment Web,7,199116.28,7
TPWEB_00656,Charity Abuse; Third-Party Payment Web,7,199116.28,7
CHARITY_01866,Charity Abuse; Funnel Account Network,1,199097.55,1
TPWEB_00328,Third-Party Payment Web,5,199079.19,2
TPWEB_00885,Funnel Account Network; Money Mule Network; Third-Party Payment Web,3,198957.03,3
FUNNEL_00151,Funnel Account Network; Money Mule Network; Third-Party Payment Web,3,198957.03,3
MULE_00048,Funnel Account Network; Money Mule Network; Third-Party Payment Web,3,198957.03,3
TPWEB_00673,Third-Party Payment Web,6,198896.41,3
CHARITY_02728,Charity Abuse,17,198873.04,7
FUNNEL_00154,Funnel Account Network,2,198854.16,2
CHARITY_02133,Charity Abuse; Third-Party Payment Web,6,198837.49,2
CHARITY_01986,Charity Abuse; Third-Party Payment Web,6,198755.90000000002,2
CHARITY_00028,Charity Abuse; Funnel Account Network,1,198749.88,1
FUNNEL_00215,Charity Abuse; Funnel Account Network; Third-Party Payment Web,10,198649.53999999998,10
TPWEB_01241,Charity Abuse; Funnel Account Network; Third-Party Payment Web,10,198649.53999999998,10
TPWEB_00586,Third-Party Payment Web,6,198591.06,5
FUNNEL_00265,Charity Abuse; Funnel Account Network; Third-Party Payment Web,8,198443.56,7
CHARITY_03224,Charity Abuse,11,198388.25,8
HRCORR_00324,Charity Abuse; High-Risk Corridor Transfer,1,198386.13,1
CHARITY_02207,Charity Abuse; High-Risk Corridor Transfer,1,198386.13,1
FUNNEL_00135,Funnel Account Network; Third-Party Payment Web,3,198252.6,3
TPWEB_00804,Funnel Account Network; Third-Party Payment Web,3,198252.6,3
TPWEB_00332,Third-Party Payment Web,5,198052.77,3
FUNNEL_00046,Funnel Account Network; Third-Party Payment Web,7,197939.64,7
TPWEB_00288,Funnel Account Network; Third-Party Payment Web,7,197939.64,7
CHARITY_03282,Charity Abuse,15,197866.88999999998,12
CHARITY_02565,Charity Abuse,14,197688.48,6
TPWEB_00809,Third-Party Payment Web,5,197602.34999999998,4
TPWEB_01420,Third-Party Payment Web,5,197403.41,4
TPWEB_01460,Charity Abuse; Third-Party Payment Web,6,197286.55,4
CHARITY_02978,Charity Abuse; Third-Party Payment Web,6,197286.55,4
TPWEB_00061,Third-Party Payment Web,2,197154.26,1
CHARITY_01664,Charity Abuse; High-Risk Corridor Transfer,1,196986.4,1
HRCORR_00292,Charity Abuse; High-Risk Corridor Transfer,1,196986.4,1
TPWEB_00533,Third-Party Payment Web,5,196903.77,2
TPWEB_00374,Charity Abuse; Third-Party Payment Web,5,196860.69999999998,3
CHARITY_00796,Charity Abuse; Third-Party Payment Web,5,196860.69999999998,3
CHARITY_01391,Charity Abuse,15,196765.34,10
FUNNEL_00055,Funnel Account Network; Third-Party Payment Web,8,196572.31,7
TPWEB_00343,Funnel Account Network; Third-Party Payment Web,8,196572.31,7
CHARITY_00892,Charity Abuse; Third-Party Payment Web,2,196545.89,2
TPWEB_01282,Third-Party Payment Web,4,196422.08000000002,4
CHARITY_01739,Charity Abuse,16,196373.45,8
TPWEB_01083,Third-Party Payment Web,5,196316.53,5
CHARITY_00372,Charity Abuse; Third-Party Payment Web,8,196224.85,6
TPWEB_00186,Charity Abuse; Third-Party Payment Web,8,196224.85,6
TPWEB_01018,Third-Party Payment Web,5,196164.05,3
TPWEB_01201,Charity Abuse; Third-Party Payment Web,4,196125.24,1
TPWEB_00442,Third-Party Payment Web,5,196035.01,4
TPWEB_00995,Third-Party Payment Web,5,196033.27000000002,3
TPWEB_00536,Charity Abuse; Funnel Account Network; Third-Party Payment Web,12,195989.23,12
TPWEB_00861,Third-Party Payment Web,5,195905.36,3
TPWEB_01435,Third-Party Payment Web,5,195766.94,5
CHARITY_03106,Charity Abuse,23,195604.94,6
CHARITY_03210,Charity Abuse; Third-Party Payment Web,6,195368.69,4
TPWEB_00223,Third-Party Payment Web,4,195248.31,4
TPWEB_00120,Third-Party Payment Web,3,195208.25,3
FUNNEL_00147,Funnel Account Network; Third-Party Payment Web,5,195181.22999999998,5
TPWEB_00865,Funnel Account Network; Third-Party Payment Web,5,195181.22999999998,5
CHARITY_00821,Charity Abuse,18,195164.21,10
TPWEB_01462,Third-Party Payment Web,5,194879.69,2
TPWEB_00905,Third-Party Payment Web,5,194552.03,4
CHARITY_03089,Charity Abuse; Third-Party Payment Web,6,194265.12,6
TPWEB_01523,Charity Abuse; Third-Party Payment Web,6,194265.12,6
MULE_00068,Charity Abuse; Money Mule Network,2,194245.1,2
CHARITY_02124,Charity Abuse; Third-Party Payment Web,5,194201.12,3
TPWEB_00695,Third-Party Payment Web,6,194136.76,6
TPWEB_00957,Third-Party Payment Web,6,194025.14,3
TPWEB_00105,Third-Party Payment Web,5,193980.33,5
TPWEB_00925,Third-Party Payment Web,5,193950.78,1
TPWEB_01583,Third-Party Payment Web,2,193925.96,2
TPWEB_01179,Third-Party Payment Web,5,193889.46,3
CHARITY_00489,Charity Abuse; Funnel Account Network; Third-Party Payment Web,9,193791.62,9
TPWEB_00238,Charity Abuse; Funnel Account Network; Third-Party Payment Web,9,193791.62,9
FUNNEL_00037,Charity Abuse; Funnel Account Network; Third-Party Payment Web,9,193791.62,9
TPWEB_01091,Charity Abuse; Third-Party Payment Web,5,193687.81,2
CHARITY_02239,Charity Abuse; Third-Party Payment Web,5,193687.81,2
TPWEB_01598,Third-Party Payment Web,4,193445.51,2
CHARITY_03021,Charity Abuse; Third-Party Payment Web,7,193352.48,6
TPWEB_01490,Charity Abuse; Third-Party Payment Web,7,193352.48,6
CHARITY_02225,Charity Abuse,16,193316.1,9
TPWEB_01559,Third-Party Payment Web,4,193211.14,4
TPWEB_00136,Third-Party Payment Web,5,193143.9,5
CHARITY_02747,Charity Abuse,14,193099.86,8
CHARITY_00032,Charity Abuse,18,193067.66,10
FUNNEL_00182,Funnel Account Network,3,193049.3,3
TPWEB_00892,Charity Abuse; Third-Party Payment Web,6,192974.55,6
CHARITY_01869,Charity Abuse; Third-Party Payment Web,6,192974.55,6
CHARITY_00526,Charity Abuse,12,192952.69999999998,11
TPWEB_00293,Third-Party Payment Web,5,192877.76,4
TPWEB_01383,Third-Party Payment Web,4,192864.53999999998,3
CHARITY_01570,Charity Abuse,12,192844.21000000002,7
CHARITY_02517,Charity Abuse; Funnel Account Network; Third-Party Payment Web,9,192821.63999999998,9
FUNNEL_00213,Charity Abuse; Funnel Account Network; Third-Party Payment Web,9,192821.63999999998,9
TPWEB_01237,Charity Abuse; Funnel Account Network; Third-Party Payment Web,9,192821.63999999998,9
TPWEB_00319,Charity Abuse; Funnel Account Network; Third-Party Payment Web,7,192805.68,7
CHARITY_03187,Charity Abuse,18,192744.22,11
TPWEB_00509,Charity Abuse; Third-Party Payment Web,5,192730.08000000002,1
TPWEB_00404,Third-Party Payment Web,6,192711.8,3
TPWEB_00582,Third-Party Payment Web,2,192644.77000000002,2
TPWEB_01213,Funnel Account Network; Third-Party Payment Web,10,192494.21,10
TPWEB_01432,Third-Party Payment Web,4,192460.4,3
FUNNEL_00231,Funnel Account Network,1,192453.53,1
CHARITY_02526,Charity Abuse,19,192413.64,6
TPWEB_00812,Third-Party Payment Web,5,192347.44,4
TPWEB_01254,Third-Party Payment Web,3,192329.6,3
CHARITY_02292,Charity Abuse,13,192307.09,11
TPWEB_01448,Third-Party Payment Web,4,192289.84999999998,4
TPWEB_01047,Third-Party Payment Web,5,192249.46,2
CHARITY_01658,Charity Abuse,14,192217.03,9
TPWEB_00717,Third-Party Payment Web,5,192160.54,2
FUNNEL_00116,Charity Abuse; Funnel Account Network; Third-Party Payment Web,8,192097.47999999998,8
CHARITY_00494,Charity Abuse,19,191962.06,9
TPWEB_01109,Third-Party Payment Web,5,191946.28,4
TPWEB_00946,Third-Party Payment Web,4,191938.86,3
TPWEB_00768,Third-Party Payment Web,5,191901.99,4
CHARITY_01774,Charity Abuse,19,191887.99,12
TPWEB_01622,Third-Party Payment Web,5,191777.85,3
TPWEB_01223,Third-Party Payment Web,5,191568.27,3
TPWEB_00140,Third-Party Payment Web,3,191516.58000000002,2
CHARITY_02521,Charity Abuse; Third-Party Payment Web,4,191416.88,4
TPWEB_01172,Charity Abuse; Third-Party Payment Web,5,191408.84,3
CHARITY_02389,Charity Abuse; Third-Party Payment Web,5,191408.84,3
FUNNEL_00016,Funnel Account Network; Third-Party Payment Web,9,191345.92,9
TPWEB_00096,Funnel Account Network; Third-Party Payment Web,9,191345.92,9
TPWEB_00685,Third-Party Payment Web,4,191340.84,1
CHARITY_00829,Charity Abuse,15,191312.6,11
TPWEB_01067,Third-Party Payment Web,5,191281.07,5
TPWEB_01205,Third-Party Payment Web,5,191160.26,5
FUNNEL_00136,Charity Abuse; Funnel Account Network,5,191087.05,2
MULE_00069,Money Mule Network; Third-Party Payment Web,3,191081.22,3
TPWEB_00536,Third-Party Payment Web,9,190930.05,9
HRCORR_00355,Charity Abuse; High-Risk Corridor Transfer,1,190634.47,1
CHARITY_00968,Charity Abuse; High-Risk Corridor Transfer,1,190634.47,1
FUNNEL_00017,Charity Abuse; Funnel Account Network; Third-Party Payment Web,10,190575.9,10
CHARITY_00204,Charity Abuse; Funnel Account Network; Third-Party Payment Web,10,190575.9,10
TPWEB_00100,Charity Abuse; Funnel Account Network; Third-Party Payment Web,10,190575.9,10
TPWEB_00633,Charity Abuse; Third-Party Payment Web,5,190538.74,3
CHARITY_03146,Charity Abuse; Funnel Account Network; Third-Party Payment Web,8,190515.85,8
TPWEB_00256,Funnel Account Network; Third-Party Payment Web,10,190420.48,10
FUNNEL_00039,Funnel Account Network; Third-Party Payment Web,10,190420.48,10
FUNNEL_00129,Funnel Account Network; Third-Party Payment Web,7,190274.87,7
TPWEB_01383,Money Mule Network; Third-Party Payment Web,4,190257.98,4
MULE_00037,Money Mule Network; Third-Party Payment Web,4,190257.98,4
TPWEB_01297,Third-Party Payment Web,6,190032.15,6
CHARITY_02365,Charity Abuse; Funnel Account Network; Third-Party Payment Web,8,189974.66999999998,8
FUNNEL_00196,Charity Abuse; Funnel Account Network; Third-Party Payment Web,8,189974.66999999998,8
TPWEB_01163,Charity Abuse; Funnel Account Network; Third-Party Payment Web,8,189974.66999999998,8
CHARITY_00335,Charity Abuse; Third-Party Payment Web,5,189971.47,5
TPWEB_00165,Charity Abuse; Third-Party Payment Web,5,189971.47,5
CHARITY_01306,Charity Abuse,12,189907.8,9
CHARITY_02970,Charity Abuse,13,189876.81,8
CHARITY_00319,Charity Abuse,14,189869.52,10
TPWEB_01453,Money Mule Network; Third-Party Payment Web,2,189807.59000000003,2
MULE_00072,Money Mule Network; Third-Party Payment Web,2,189807.59000000003,2
CHARITY_01690,Charity Abuse,18,189764.92,9
TPWEB_00642,Third-Party Payment Web,5,189757.62,2
TPWEB_01064,Charity Abuse; Third-Party Payment Web,7,189696.72999999998,7
CHARITY_02187,Charity Abuse; Third-Party Payment Web,7,189696.72999999998,7
CHARITY_00408,Charity Abuse,17,189641.76,6
CHARITY_01433,Charity Abuse; Funnel Account Network; Third-Party Payment Web,9,189311.25,9
TPWEB_00689,Charity Abuse; Funnel Account Network; Third-Party Payment Web,9,189311.25,9
FUNNEL_00113,Charity Abuse; Funnel Account Network; Third-Party Payment Web,9,189311.25,9
TPWEB_01135,Third-Party Payment Web,5,189224.89,5
FUNNEL_00157,Funnel Account Network; Money Mule Network,1,189175.18,1
MULE_00049,Funnel Account Network; Money Mule Network,1,189175.18,1
CHARITY_01170,Charity Abuse,16,189045.13,9
TPWEB_01132,Charity Abuse; Third-Party Payment Web,5,188944.84,3
CHARITY_02029,Charity Abuse,16,188897.72999999998,6
CHARITY_02207,Charity Abuse,15,188880.53,10
TPWEB_01187,Third-Party Payment Web,3,188813.68000000002,3
HRCORR_00286,Charity Abuse; High-Risk Corridor Transfer,2,188796.15999999997,1
CHARITY_02935,Charity Abuse; High-Risk Corridor Transfer,2,188796.15999999997,1
TPWEB_01062,Money Mule Network; Third-Party Payment Web,3,188629.75,3
MULE_00039,Money Mule Network; Third-Party Payment Web,3,188629.75,3
TPWEB_00403,Third-Party Payment Web,5,188582.29,5
FUNNEL_00028,Charity Abuse; Funnel Account Network,9,188506.93,9
CHARITY_01178,Charity Abuse,18,188485.75,9
TPWEB_01396,Charity Abuse; Funnel Account Network; Third-Party Payment Web,8,188426.94,8
FUNNEL_00243,Charity Abuse; Funnel Account Network; Third-Party Payment Web,8,188426.94,8
CHARITY_02849,Charity Abuse; Funnel Account Network; Third-Party Payment Web,8,188426.94,8
CHARITY_01831,Charity Abuse; Third-Party Payment Web,6,188418.01,6
TPWEB_01613,Third-Party Payment Web,4,188301.15999999997,4
TPWEB_00378,Third-Party Payment Web,5,188206.55,3
MULE_00004,Money Mule Network; Third-Party Payment Web,4,187957.37,4
TPWEB_00693,Money Mule Network; Third-Party Payment Web,4,187957.37,4
TPWEB_01029,Charity Abuse; Third-Party Payment Web,5,187944.74,2
TPWEB_01133,Third-Party Payment Web,6,187882.58,3
CHARITY_00295,Charity Abuse,18,187739.05,15
TPWEB_01555,Third-Party Payment Web,4,187732.69,3
TPWEB_00154,Third-Party Payment Web,5,187653.74,3
TPWEB_00269,Third-Party Payment Web,5,187573.63,5
TPWEB_01021,Charity Abuse; Third-Party Payment Web,5,187519.03,4
TPWEB_01495,Third-Party Payment Web,5,187465.47999999998,4
TPWEB_00095,Third-Party Payment Web,6,187440.42,1
TPWEB_00134,Third-Party Payment Web,5,187422.05,5
CHARITY_00099,Charity Abuse; Third-Party Payment Web,6,187339.63,5
TPWEB_00049,Charity Abuse; Third-Party Payment Web,6,187339.63,5
CHARITY_02224,Charity Abuse; Money Mule Network,1,187332.09,1
CHARITY_02404,Charity Abuse,16,187322.04,10
TPWEB_01484,Funnel Account Network; Third-Party Payment Web,5,187160.01,5
FUNNEL_00254,Funnel Account Network; Third-Party Payment Web,5,187160.01,5
CHARITY_02238,Charity Abuse,16,187038.27,10
CHARITY_00951,Charity Abuse; Third-Party Payment Web,6,187019.8,4
CHARITY_00714,Charity Abuse; Third-Party Payment Web,5,187010.86,2
TPWEB_00339,Charity Abuse; Third-Party Payment Web,5,187010.86,2
TPWEB_00271,Third-Party Payment Web,3,186927.26,3
CHARITY_01327,Charity Abuse,17,186881.38999999998,15
TPWEB_01146,Third-Party Payment Web,5,186860.47999999998,5
CHARITY_00350,Charity Abuse,15,186855.74,11
FUNNEL_00013,Funnel Account Network; Third-Party Payment Web,11,186835.65,11
TPWEB_00075,Funnel Account Network; Third-Party Payment Web,11,186835.65,11
FUNNEL_00171,Funnel Account Network,3,186707.93000000002,2
CHARITY_00393,Charity Abuse; Third-Party Payment Web,7,186652.08,2
TPWEB_00196,Charity Abuse; Third-Party Payment Web,7,186652.08,2
CHARITY_01012,Charity Abuse; Third-Party Payment Web,5,186540.12,3
FUNNEL_00080,Charity Abuse; Funnel Account Network; Third-Party Payment Web,8,186483.53,7
CHARITY_00166,Charity Abuse,18,186459.12,10
TPWEB_00841,Third-Party Payment Web,4,186340.93,1
TPWEB_01251,Third-Party Payment Web,6,186316.38,6
FUNNEL_00164,Funnel Account Network; Third-Party Payment Web,8,186248.16999999998,8
CHARITY_02167,Charity Abuse; Third-Party Payment Web,5,186141.63999999998,4
CHARITY_00845,Charity Abuse; Third-Party Payment Web,6,186134.05,4
TPWEB_00242,Third-Party Payment Web,4,186120.6,2
CHARITY_00244,Charity Abuse; Third-Party Payment Web,7,186066.86,7
TPWEB_00121,Charity Abuse; Third-Party Payment Web,7,186066.86,7
TPWEB_01562,Third-Party Payment Web,8,185996.6,8
FUNNEL_00003,Charity Abuse; Funnel Account Network; Third-Party Payment Web,11,185955.41,11
CHARITY_00073,Charity Abuse; Funnel Account Network; Third-Party Payment Web,11,185955.41,11
TPWEB_00034,Charity Abuse; Funnel Account Network; Third-Party Payment Web,11,185955.41,11
TPWEB_00606,Third-Party Payment Web,6,185953.65000000002,4
TPWEB_00618,Third-Party Payment Web,4,185787.71,3
TPWEB_00696,Third-Party Payment Web,7,185529.2,4
TPWEB_00421,Third-Party Payment Web,5,185510.43,3
CHARITY_02818,Charity Abuse; Third-Party Payment Web,5,185488.34,3
TPWEB_01380,Charity Abuse; Third-Party Payment Web,5,185488.34,3
TPWEB_00557,Third-Party Payment Web,5,185449.88999999998,3
TPWEB_00901,Third-Party Payment Web,5,185428.58,4
CHARITY_01315,Charity Abuse; Third-Party Payment Web,6,185328.92,3
TPWEB_01524,Third-Party Payment Web,4,185162.56,4
TPWEB_00719,Charity Abuse; Third-Party Payment Web,5,185028.46000000002,5
CHARITY_01505,Charity Abuse; Third-Party Payment Web,5,185028.46000000002,5
CHARITY_03116,Charity Abuse; Funnel Account Network; Third-Party Payment Web,7,184970.18,7
TPWEB_01533,Charity Abuse; Funnel Account Network; Third-Party Payment Web,7,184970.18,7
TPWEB_01348,Third-Party Payment Web,5,184923.61,4
TPWEB_00491,Third-Party Payment Web,5,184909.69,2
TPWEB_01117,Charity Abuse; Third-Party Payment Web,4,184853.42,4
CHARITY_00937,Charity Abuse,21,184725.61000000002,9
TPWEB_00321,Third-Party Payment Web,5,184687.99,4
CHARITY_00313,Charity Abuse,14,184560.50999999998,8
TPWEB_01556,Funnel Account Network; Third-Party Payment Web,9,184529.55,9
FUNNEL_00271,Funnel Account Network; Third-Party Payment Web,9,184529.55,9
TPWEB_00609,Third-Party Payment Web,3,184320.44,3
CHARITY_00471,Charity Abuse; Third-Party Payment Web,6,184264.33,6
TPWEB_00882,Third-Party Payment Web,5,184180.97,5
CHARITY_00708,Charity Abuse,13,184144.78,8
CHARITY_03215,Charity Abuse,18,184079.52,9
CHARITY_01379,Charity Abuse,17,184017.94,9
TPWEB_01581,Charity Abuse; Third-Party Payment Web,7,183982.41,7
CHARITY_03212,Charity Abuse; Third-Party Payment Web,7,183982.41,7
CHARITY_01286,Charity Abuse; Funnel Account Network; Third-Party Payment Web,9,183933.88999999998,9
FUNNEL_00101,Charity Abuse; Funnel Account Network; Third-Party Payment Web,9,183933.88999999998,9
TPWEB_00621,Charity Abuse; Funnel Account Network; Third-Party Payment Web,9,183933.88999999998,9
TPWEB_00802,Third-Party Payment Web,3,183696.51,3
CHARITY_01698,Charity Abuse; Funnel Account Network,3,183663.37,1
TPWEB_01576,Third-Party Payment Web,5,183615.58000000002,3
TPWEB_00320,Third-Party Payment Web,5,183466.98,3
TPWEB_00101,Third-Party Payment Web,5,183397.66,2
CHARITY_02324,Charity Abuse,17,183363.68,8
CHARITY_02922,Charity Abuse,16,183295.44,8
TPWEB_00981,Third-Party Payment Web,3,183280.97,2
TPWEB_01210,Third-Party Payment Web,5,183188.43,2
TPWEB_00755,Third-Party Payment Web,5,183073.6,2
FUNNEL_00221,Charity Abuse; Funnel Account Network; Third-Party Payment Web,10,182914.48,10
TPWEB_01269,Charity Abuse; Funnel Account Network; Third-Party Payment Web,10,182914.48,10
CHARITY_02580,Charity Abuse; Funnel Account Network; Third-Party Payment Web,10,182914.48,10
FUNNEL_00271,Charity Abuse; Funnel Account Network; Third-Party Payment Web,8,182736.47,8
FUNNEL_00210,Funnel Account Network,1,182712.84,1
TPWEB_00080,Third-Party Payment Web,6,182639.95,4
TPWEB_00584,Third-Party Payment Web,4,182584.27,3
FUNNEL_00055,Charity Abuse; Funnel Account Network; Third-Party Payment Web,10,182445.79,10
TPWEB_00343,Charity Abuse; Funnel Account Network; Third-Party Payment Web,10,182445.79,10
CHARITY_00730,Charity Abuse; Funnel Account Network; Third-Party Payment Web,10,182445.79,10
TPWEB_00047,Third-Party Payment Web,5,182409.68,5
CHARITY_01550,Charity Abuse; Funnel Account Network,1,182397.55,1
TPWEB_00719,Third-Party Payment Web,2,182280.62,2
CHARITY_01703,Charity Abuse; Money Mule Network,1,182199.04,1
MULE_00042,Charity Abuse; Money Mule Network,1,182199.04,1
TPWEB_00056,Third-Party Payment Web,8,182146.23,8
CHARITY_01587,Charity Abuse,8,182080.43,8
TPWEB_01472,Third-Party Payment Web,5,182051.97,3
TPWEB_01396,Third-Party Payment Web,8,181862.34,8
TPWEB_00329,Charity Abuse; Third-Party Payment Web,3,181859.24,3
TPWEB_01512,Third-Party Payment Web,5,181775.97999999998,4
CHARITY_00423,Charity Abuse; Funnel Account Network,11,181698.09,2
FUNNEL_00032,Charity Abuse; Funnel Account Network,11,181698.09,2
CHARITY_02666,Charity Abuse; Third-Party Payment Web,2,181683.55,1
CHARITY_02350,Charity Abuse; Third-Party Payment Web,5,181618.2,2
TPWEB_01157,Charity Abuse; Third-Party Payment Web,5,181618.2,2
TPWEB_01356,Third-Party Payment Web,5,181431.07,4
CHARITY_00757,Charity Abuse; Third-Party Payment Web,5,181376.84000000003,4
TPWEB_00355,Charity Abuse; Third-Party Payment Web,5,181376.84000000003,4
TPWEB_01316,Third-Party Payment Web,4,181357.5,3
TPWEB_00934,Third-Party Payment Web,5,181298.89,4
TPWEB_00529,Third-Party Payment Web,5,181263.49000000002,3
TPWEB_00770,Third-Party Payment Web,5,181241.57,4
CHARITY_03243,Charity Abuse,16,181138.05,15
CHARITY_01085,Charity Abuse; Third-Party Payment Web,5,180814.21,2
TPWEB_00092,Charity Abuse; Funnel Account Network; Third-Party Payment Web,8,180796.59,8
TPWEB_00422,Third-Party Payment Web,5,180719.49,2
TPWEB_00840,Third-Party Payment Web,2,180669.17,2
TPWEB_00829,Charity Abuse; Third-Party Payment Web,5,180654.66999999998,3
CHARITY_01732,Charity Abuse; Third-Party Payment Web,5,180654.66999999998,3
TPWEB_01258,Third-Party Payment Web,5,180543.08000000002,3
MULE_00077,Charity Abuse; Funnel Account Network; Money Mule Network,1,180502.3,1
FUNNEL_00120,Charity Abuse; Funnel Account Network; Money Mule Network,1,180502.3,1
CHARITY_02902,Charity Abuse; Funnel Account Network; Money Mule Network,1,180502.3,1
CHARITY_00657,Charity Abuse; Third-Party Payment Web,6,180411.22999999998,4
TPWEB_00453,Charity Abuse; Third-Party Payment Web,5,180346.78999999998,2
CHARITY_01900,Charity Abuse; Third-Party Payment Web,4,180138.81,3
TPWEB_01353,Third-Party Payment Web,5,180125.88,3
TPWEB_00911,Charity Abuse; Third-Party Payment Web,5,180093.48,3
CHARITY_01895,Charity Abuse; Third-Party Payment Web,5,180093.48,3
TPWEB_00452,Charity Abuse; Third-Party Payment Web,8,180036.68,8
CHARITY_00949,Charity Abuse; Third-Party Payment Web,8,180036.68,8
TPWEB_01611,Third-Party Payment Web,5,180027.2,4
TPWEB_00679,Charity Abuse; Third-Party Payment Web,3,179931.42,3
CHARITY_01253,Charity Abuse,17,179885.99,12
TPWEB_00779,Third-Party Payment Web,4,179701.80000000002,3
MULE_00018,Charity Abuse; Funnel Account Network; Money Mule Network,1,179642.08,1
CHARITY_02067,Charity Abuse; Funnel Account Network; Money Mule Network,1,179642.08,1
FUNNEL_00135,Charity Abuse; Funnel Account Network; Money Mule Network,1,179642.08,1
TPWEB_01069,Money Mule Network; Third-Party Payment Web,2,179495.89,2
TPWEB_00106,Third-Party Payment Web,5,179475.97,2
TPWEB_01065,Charity Abuse; Third-Party Payment Web,6,179378.95,4
CHARITY_02188,Charity Abuse; Third-Party Payment Web,6,179378.95,4
CHARITY_00648,Charity Abuse; Third-Party Payment Web,6,179280.44,5
CHARITY_01602,Charity Abuse,23,179206.57,10
CHARITY_00699,Charity Abuse,17,179116.38,8
TPWEB_00073,Third-Party Payment Web,4,178899.74,4
CHARITY_00333,Charity Abuse,10,178893.88999999998,5
TPWEB_01449,Charity Abuse; Third-Party Payment Web,5,178877.15,4
CHARITY_02945,Charity Abuse; Third-Party Payment Web,5,178877.15,4
CHARITY_01659,Charity Abuse,18,178836.2,14
TPWEB_01509,Money Mule Network; Third-Party Payment Web,5,178830.13999999998,5
MULE_00055,Money Mule Network; Third-Party Payment Web,5,178830.13999999998,5
TPWEB_01106,Third-Party Payment Web,5,178803.55000000002,5
CHARITY_01020,Charity Abuse; Third-Party Payment Web,5,178757.29,4
TPWEB_00495,Charity Abuse; Third-Party Payment Web,5,178757.29,4
TPWEB_01246,Charity Abuse; Third-Party Payment Web,6,178753.68,6
CHARITY_02532,Charity Abuse; Third-Party Payment Web,6,178753.68,6
TPWEB_01397,Funnel Account Network; Third-Party Payment Web,8,178646.27,8
FUNNEL_00244,Funnel Account Network; Third-Party Payment Web,8,178646.27,8
TPWEB_01288,Charity Abuse; Funnel Account Network; Third-Party Payment Web,9,178472.25,9
FUNNEL_00224,Charity Abuse; Funnel Account Network; Third-Party Payment Web,9,178472.25,9
CHARITY_02615,Charity Abuse; Funnel Account Network; Third-Party Payment Web,9,178472.25,9
TPWEB_00052,Third-Party Payment Web,4,178430.40000000002,3
FUNNEL_00230,Funnel Account Network,2,178403.18,2
TPWEB_01508,Charity Abuse; Third-Party Payment Web,5,178392.09,3
TPWEB_00370,Third-Party Payment Web,2,178385.5,2
TPWEB_00917,Third-Party Payment Web,2,178375.59,2
CHARITY_00495,Charity Abuse; Third-Party Payment Web,6,178365.92,6
TPWEB_00240,Charity Abuse; Third-Party Payment Web,6,178365.92,6
CHARITY_00005,Charity Abuse,16,178350.74,5
FUNNEL_00166,Funnel Account Network; Money Mule Network,1,178289.65,1
MULE_00050,Funnel Account Network; Money Mule Network,1,178289.65,1
TPWEB_01320,Third-Party Payment Web,4,178167.83000000002,3
CHARITY_00423,Charity Abuse,8,178125.33000000002,6
CHARITY_02522,Charity Abuse; Funnel Account Network; Third-Party Payment Web,9,178093.12,9
TPWEB_01167,Funnel Account Network; Third-Party Payment Web,5,178070.3,5
FUNNEL_00197,Funnel Account Network; Third-Party Payment Web,5,178070.3,5
TPWEB_00230,Third-Party Payment Web,4,178017.55,4
TPWEB_00078,Charity Abuse; Third-Party Payment Web,4,177937.33000000002,3
CHARITY_01577,Charity Abuse; Third-Party Payment Web,4,177922.87,3
FUNNEL_00275,Funnel Account Network,2,177879.55,2
TPWEB_01152,Funnel Account Network; Third-Party Payment Web,10,177873.13999999998,10
FUNNEL_00191,Funnel Account Network; Third-Party Payment Web,10,177873.13999999998,10
TPWEB_00466,Third-Party Payment Web,5,177814.17,5
CHARITY_00773,Charity Abuse,12,177801.32,9
TPWEB_00961,Third-Party Payment Web,5,177736.35,2
TPWEB_01323,Third-Party Payment Web,3,177681.06,3
CHARITY_02139,Charity Abuse; Third-Party Payment Web,6,177644.66,3
TPWEB_01493,Third-Party Payment Web,3,177604.45,3
CHARITY_02615,Charity Abuse,6,177495.28,6
FUNNEL_00009,Charity Abuse; Funnel Account Network; Third-Party Payment Web,7,177492.57,7
CHARITY_00114,Charity Abuse; Funnel Account Network; Third-Party Payment Web,7,177492.57,7
TPWEB_00810,Third-Party Payment Web,4,177336.58000000002,3
CHARITY_02602,Charity Abuse,13,177198.75,7
CHARITY_00040,Charity Abuse,12,177197.71,11
CHARITY_02561,Charity Abuse; Third-Party Payment Web,5,177135.94,3
TPWEB_00729,Third-Party Payment Web,5,177015.81,3
CHARITY_03060,Charity Abuse,16,176952.73,13
TPWEB_00170,Third-Party Payment Web,2,176925.16,2
MULE_00022,Charity Abuse; Money Mule Network; Third-Party Payment Web,3,176922.77000000002,3
TPWEB_01406,Third-Party Payment Web,5,176753.53,5
FUNNEL_00215,Funnel Account Network,2,176739.54,2
CHARITY_00505,Charity Abuse,12,176695.68,7
TPWEB_00076,Third-Party Payment Web,4,176605.45,4
CHARITY_02183,Charity Abuse; Third-Party Payment Web,7,176575.94999999998,3
CHARITY_01359,Charity Abuse,17,176533.61000000002,9
TPWEB_01582,Third-Party Payment Web,5,176520.34999999998,3
CHARITY_01750,Charity Abuse,15,176492.2,6
CHARITY_00730,Charity Abuse; Third-Party Payment Web,9,176486.97,9
TPWEB_00343,Charity Abuse; Third-Party Payment Web,9,176486.97,9
TPWEB_00375,Third-Party Payment Web,5,176387.49,4
CHARITY_01742,Charity Abuse,16,176248.8,10
TPWEB_01309,Third-Party Payment Web,5,176226.36,4
CHARITY_01217,Charity Abuse; Third-Party Payment Web,5,176103.25,5
TPWEB_00589,Charity Abuse; Third-Party Payment Web,5,176103.25,5
CHARITY_02092,Charity Abuse,19,176008.87,11
TPWEB_01529,Charity Abuse; Third-Party Payment Web,5,176000.94,2
CHARITY_03103,Charity Abuse; Third-Party Payment Web,5,176000.94,2
TPWEB_00902,Charity Abuse; Third-Party Payment Web,5,175990.71999999997,5
CHARITY_01886,Charity Abuse; Third-Party Payment Web,5,175990.71999999997,5
CHARITY_01881,Charity Abuse; Funnel Account Network; Third-Party Payment Web,10,175990.47,10
FUNNEL_00154,Charity Abuse; Funnel Account Network; Third-Party Payment Web,10,175990.47,10
TPWEB_00899,Charity Abuse; Funnel Account Network; Third-Party Payment Web,10,175990.47,10
TPWEB_00456,Third-Party Payment Web,2,175962.14,2
TPWEB_01270,Third-Party Payment Web,5,175863.73,5
TPWEB_00600,Third-Party Payment Web,5,175717.22,5
TPWEB_00579,Charity Abuse; Third-Party Payment Web,5,175587.13,2
TPWEB_00553,Third-Party Payment Web,5,175458.84,4
TPWEB_00296,Third-Party Payment Web,5,175435.32,5
TPWEB_00959,Charity Abuse; Third-Party Payment Web,4,175288.34,4
CHARITY_02812,Charity Abuse,18,175252.88,10
TPWEB_01234,Third-Party Payment Web,5,175220.72,3
CHARITY_02968,Charity Abuse,15,175214.28,8
TPWEB_00155,Charity Abuse; Third-Party Payment Web,4,175029.16,3
TPWEB_01250,Charity Abuse; Third-Party Payment Web,5,174987.06,2
CHARITY_02542,Charity Abuse; Third-Party Payment Web,5,174987.06,2
TPWEB_01497,Third-Party Payment Web,5,174971.3,4
TPWEB_01020,Charity Abuse; Third-Party Payment Web,3,174879.48,3
CHARITY_03284,Charity Abuse,21,174617.2,8
TPWEB_00547,Third-Party Payment Web,5,174578.93,3
TPWEB_01376,Third-Party Payment Web,5,174570.64,4
TPWEB_00530,Third-Party Payment Web,5,174561.97,3
TPWEB_00637,Charity Abuse; Third-Party Payment Web,5,174524.87,3
TPWEB_00969,Charity Abuse; Third-Party Payment Web,4,174521.9,2
TPWEB_00018,Third-Party Payment Web,4,174480.88,3
TPWEB_00389,Third-Party Payment Web,4,174429.21,2
CHARITY_03268,Charity Abuse,14,174224.59,11
TPWEB_01507,Third-Party Payment Web,5,173941.56,4
TPWEB_00897,Third-Party Payment Web,2,173906.52,1
TPWEB_00794,Charity Abuse; Third-Party Payment Web,5,173836.21000000002,3
TPWEB_00302,Third-Party Payment Web,5,173834.59,4
TPWEB_00906,Third-Party Payment Web,2,173813.44,2
CHARITY_00371,Charity Abuse; Third-Party Payment Web,6,173785.72,6
TPWEB_01549,Charity Abuse; Third-Party Payment Web,5,173730.13,3
CHARITY_03148,Charity Abuse; Third-Party Payment Web,5,173730.13,3
TPWEB_01371,Charity Abuse; Third-Party Payment Web,4,173709.29,2
TPWEB_01597,Money Mule Network; Third-Party Payment Web,2,173686.12,2
MULE_00063,Money Mule Network; Third-Party Payment Web,2,173686.12,2
TPWEB_00907,Third-Party Payment Web,4,173641.73,3
TPWEB_01473,Third-Party Payment Web,5,173591.2,5
TPWEB_00276,Third-Party Payment Web,5,173514.55,5
TPWEB_00613,Third-Party Payment Web,2,173501.39,2
CHARITY_01179,Charity Abuse; Third-Party Payment Web,5,173416.27,4
TPWEB_01342,Third-Party Payment Web,2,173402.91,2
TPWEB_00864,Charity Abuse; Third-Party Payment Web,5,173304.37,2
CHARITY_02657,Charity Abuse,14,173277.22,6
CHARITY_00682,Charity Abuse,16,173237.44999999998,7
TPWEB_00903,Third-Party Payment Web,4,173198.97999999998,3
TPWEB_00725,Third-Party Payment Web,2,173195.47,2
CHARITY_02847,Charity Abuse; Funnel Account Network; Third-Party Payment Web,7,173140.39,7
FUNNEL_00241,Charity Abuse; Funnel Account Network; Third-Party Payment Web,7,173140.39,7
TPWEB_01394,Charity Abuse; Funnel Account Network; Third-Party Payment Web,7,173140.39,7
TPWEB_01025,Charity Abuse; Third-Party Payment Web,4,172985.16999999998,2
TPWEB_00357,Charity Abuse; Third-Party Payment Web,4,172866.69999999998,4
TPWEB_01268,Money Mule Network; Third-Party Payment Web,3,172853.33000000002,3
MULE_00076,Money Mule Network; Third-Party Payment Web,3,172853.33000000002,3
TPWEB_00237,Third-Party Payment Web,2,172823.4,2
CHARITY_03114,Charity Abuse,19,172799.73,13
TPWEB_00411,Third-Party Payment Web,4,172794.12,4
TPWEB_01069,Charity Abuse; Third-Party Payment Web,4,172773.9,3
CHARITY_01038,Charity Abuse; Money Mule Network,1,172768.2,1
TPWEB_00895,Third-Party Payment Web,2,172744.34,2
FUNNEL_00151,Funnel Account Network,1,172696.28,1
CHARITY_02315,Charity Abuse; Money Mule Network,1,172604.28,1
TPWEB_00617,Charity Abuse; Third-Party Payment Web,9,172600.08,9
CHARITY_01280,Charity Abuse; Third-Party Payment Web,9,172600.08,9
TPWEB_01426,Charity Abuse; Third-Party Payment Web,4,172353.02,3
TPWEB_00645,Charity Abuse; Third-Party Payment Web,5,172300.86,4
CHARITY_01337,Charity Abuse; Third-Party Payment Web,5,172300.86,4
CHARITY_02361,Charity Abuse; Third-Party Payment Web,5,172296.09,2
TPWEB_00983,Third-Party Payment Web,6,172286.55000000002,4
FUNNEL_00097,Funnel Account Network,2,172267.05,1
TPWEB_00268,Charity Abuse; Third-Party Payment Web,7,172260.37,5
CHARITY_00529,Charity Abuse,16,172223.27,9
CHARITY_01940,Charity Abuse; Funnel Account Network; Third-Party Payment Web,8,172122.84,8
TPWEB_01062,Third-Party Payment Web,2,172112.1,2
TPWEB_01072,Third-Party Payment Web,2,172102.46000000002,2
TPWEB_01313,Charity Abuse; Third-Party Payment Web,5,172017.23,3
MULE_00068,Money Mule Network; Third-Party Payment Web,3,171744.37,3
TPWEB_00147,Money Mule Network; Third-Party Payment Web,3,171744.37,3
TPWEB_01154,Third-Party Payment Web,8,171666.33,8
TPWEB_00004,Third-Party Payment Web,4,171592.42,4
TPWEB_00629,Third-Party Payment Web,5,171587.09,4
CHARITY_01863,Charity Abuse,12,171546.64,10
CHARITY_02471,Charity Abuse,13,171453.09999999998,5
TPWEB_00970,Charity Abuse; Third-Party Payment Web,4,171445.56,4
CHARITY_00566,Charity Abuse,16,171410.41,10
TPWEB_00164,Money Mule Network; Third-Party Payment Web,2,171387.33000000002,2
MULE_00071,Money Mule Network; Third-Party Payment Web,2,171387.33000000002,2
FUNNEL_00213,Funnel Account Network; Third-Party Payment Web,8,171340.0,8
CHARITY_00780,Charity Abuse; Third-Party Payment Web,5,171306.57,3
CHARITY_02121,Charity Abuse,14,171210.58,6
TPWEB_00326,Charity Abuse; Third-Party Payment Web,4,171154.64,3
FUNNEL_00230,Funnel Account Network; Third-Party Payment Web,2,171116.93,2
TPWEB_01301,Funnel Account Network; Third-Party Payment Web,2,171116.93,2
CHARITY_00625,Charity Abuse; Third-Party Payment Web,6,171073.69,2
CHARITY_00613,Charity Abuse,12,171035.2,5
CHARITY_01574,Charity Abuse,13,170997.22,13
TPWEB_00473,Third-Party Payment Web,4,170874.19,3
TPWEB_01318,Third-Party Payment Web,6,170870.87,6
TPWEB_01233,Third-Party Payment Web,5,170858.69,2
TPWEB_01222,Third-Party Payment Web,5,170642.65000000002,3
TPWEB_00833,Third-Party Payment Web,5,170631.03999999998,5
TPWEB_01418,Third-Party Payment Web,4,170502.67,4
CHARITY_02807,Charity Abuse,19,170472.28,8
TPWEB_01378,Third-Party Payment Web,2,170289.03999999998,2
FUNNEL_00012,Funnel Account Network,1,170256.1,1
CHARITY_00868,Charity Abuse,14,170197.99,11
CHARITY_02499,Charity Abuse,13,170173.25,8
TPWEB_00510,Funnel Account Network; Third-Party Payment Web,4,170068.79,4
TPWEB_00448,Third-Party Payment Web,5,170060.76,4
TPWEB_00219,Third-Party Payment Web,5,169954.02,4
TPWEB_00264,Third-Party Payment Web,3,169917.77000000002,3
TPWEB_00725,Charity Abuse; Third-Party Payment Web,4,169912.83000000002,3
TPWEB_01477,Charity Abuse; Third-Party Payment Web,5,169863.75,5
TPWEB_00358,Third-Party Payment Web,5,169774.12,4
TPWEB_00592,Third-Party Payment Web,5,169637.37,3
TPWEB_00419,Third-Party Payment Web,5,169599.47999999998,4
CHARITY_00283,Charity Abuse,17,169375.7,9
CHARITY_01489,Charity Abuse,18,169362.98,9
TPWEB_01131,Third-Party Payment Web,5,169349.9,5
TPWEB_00449,Third-Party Payment Web,8,169238.5,8
CHARITY_03295,Charity Abuse; Third-Party Payment Web,5,169218.6,3
CHARITY_02973,Charity Abuse; Money Mule Network,1,168946.35,1
MULE_00082,Charity Abuse; Money Mule Network,1,168946.35,1
TPWEB_01546,Third-Party Payment Web,5,168917.83000000002,5
CHARITY_01285,Charity Abuse; Third-Party Payment Web,5,168817.51,3
TPWEB_00620,Charity Abuse; Third-Party Payment Web,5,168817.51,3
TPWEB_00097,Third-Party Payment Web,5,168807.34,4
CHARITY_00062,Charity Abuse,15,168748.99,7
TPWEB_00380,Third-Party Payment Web,5,168720.29,5
TPWEB_01175,Third-Party Payment Web,5,168692.4,3
TPWEB_01580,Third-Party Payment Web,8,168643.41,8
TPWEB_01039,Third-Party Payment Web,5,168622.86,4
TPWEB_01170,Charity Abuse; Third-Party Payment Web,5,168522.45,3
CHARITY_02386,Charity Abuse; Third-Party Payment Web,5,168522.45,3
TPWEB_01363,Charity Abuse; Third-Party Payment Web,5,168478.37,2
CHARITY_02773,Charity Abuse; Third-Party Payment Web,5,168478.37,2
FUNNEL_00096,Funnel Account Network; Third-Party Payment Web,3,168414.28,2
TPWEB_00817,Third-Party Payment Web,3,168339.81,3
TPWEB_00831,Third-Party Payment Web,5,168307.07,4
TPWEB_00397,Third-Party Payment Web,5,168269.63999999998,3
TPWEB_00254,Third-Party Payment Web,5,168232.8,4
CHARITY_02304,Charity Abuse; Third-Party Payment Web,6,168230.3,3
CHARITY_03195,Charity Abuse,15,168200.72,13
CHARITY_00634,Charity Abuse; Third-Party Payment Web,3,168178.72999999998,3
TPWEB_01488,Third-Party Payment Web,5,168065.98,4
CHARITY_02771,Charity Abuse,16,167950.27,10
TPWEB_01386,Third-Party Payment Web,5,167897.33,2
TPWEB_01544,Third-Party Payment Web,3,167893.52000000002,2
TPWEB_00921,Third-Party Payment Web,2,167804.87,2
TPWEB_00317,Charity Abuse; Third-Party Payment Web,4,167755.46000000002,4
TPWEB_01191,Charity Abuse; Third-Party Payment Web,3,167751.26,1
TPWEB_01543,Third-Party Payment Web,5,167697.62,4
TPWEB_01006,Third-Party Payment Web,5,167638.96,5
TPWEB_00297,Charity Abuse; Third-Party Payment Web,5,167574.34,4
TPWEB_00109,Third-Party Payment Web,2,167529.03,2
CHARITY_00678,Charity Abuse; Third-Party Payment Web,4,167499.03,4
TPWEB_00322,Charity Abuse; Third-Party Payment Web,4,167499.03,4
TPWEB_01468,Charity Abuse; Third-Party Payment Web,2,167483.5,2
TPWEB_00267,Third-Party Payment Web,5,167297.79,3
TPWEB_01506,Third-Party Payment Web,3,167286.72,2
TPWEB_00709,Third-Party Payment Web,5,167271.37,1
TPWEB_00099,Third-Party Payment Web,4,167245.05,3
TPWEB_00438,Third-Party Payment Web,5,167225.13,3
TPWEB_01028,Money Mule Network; Third-Party Payment Web,3,167032.35,3
MULE_00023,Money Mule Network; Third-Party Payment Web,3,167032.35,3
TPWEB_00042,Charity Abuse; Funnel Account Network; Third-Party Payment Web,7,166999.65,7
TPWEB_00820,Third-Party Payment Web,2,166845.59999999998,1
TPWEB_01400,Third-Party Payment Web,7,166819.28,7
TPWEB_00477,Third-Party Payment Web,4,166788.27000000002,4
TPWEB_01266,Third-Party Payment Web,5,166769.07,2
TPWEB_00260,Charity Abuse; Third-Party Payment Web,5,166764.27000000002,4
CHARITY_00546,Charity Abuse; Third-Party Payment Web,5,166764.27000000002,4
TPWEB_01219,Third-Party Payment Web,5,166563.99,5
MULE_00057,Money Mule Network; Third-Party Payment Web,2,166472.7,2
TPWEB_00744,Money Mule Network; Third-Party Payment Web,2,166472.7,2
FUNNEL_00244,Funnel Account Network,4,166438.21999999997,4
TPWEB_00605,Third-Party Payment Web,5,166402.91,3
TPWEB_00191,Charity Abuse; Third-Party Payment Web,5,166346.29,2
CHARITY_00384,Charity Abuse; Third-Party Payment Web,5,166346.29,2
TPWEB_00455,Third-Party Payment Web,5,166271.6,4
CHARITY_02005,Charity Abuse; Third-Party Payment Web,5,166269.91999999998,1
FUNNEL_00255,Funnel Account Network; Third-Party Payment Web,8,166242.59,7
CHARITY_03156,Charity Abuse; Third-Party Payment Web,5,166190.91,2
CHARITY_02473,Charity Abuse,14,166126.12,11
CHARITY_00517,Charity Abuse; Third-Party Payment Web,4,166024.3,4
TPWEB_01350,Third-Party Payment Web,2,165857.55,2
TPWEB_00622,Third-Party Payment Web,4,165848.82,2
TPWEB_00307,Charity Abuse; Third-Party Payment Web,5,165741.72,3
CHARITY_00647,Charity Abuse; Third-Party Payment Web,5,165741.72,3
TPWEB_00598,Third-Party Payment Web,4,165670.28,3
CHARITY_00394,Charity Abuse,16,165424.47999999998,7
CHARITY_00074,Charity Abuse; Third-Party Payment Web,5,165353.12,5
TPWEB_00423,Charity Abuse; Third-Party Payment Web,5,165331.6,4
CHARITY_00981,Charity Abuse; Third-Party Payment Web,6,165291.1,2
TPWEB_00468,Charity Abuse; Third-Party Payment Web,6,165291.1,2
TPWEB_00367,Third-Party Payment Web,2,165260.77,2
TPWEB_00308,Charity Abuse; Third-Party Payment Web,5,165233.74,4
TPWEB_00958,Charity Abuse; Third-Party Payment Web,5,164781.39,2
TPWEB_00048,Third-Party Payment Web,3,164725.66,3
TPWEB_01053,Third-Party Payment Web,5,164621.34,5
TPWEB_01596,Charity Abuse; Third-Party Payment Web,4,164524.97,3
CHARITY_00222,Charity Abuse; Third-Party Payment Web,6,164342.97,6
TPWEB_01085,Charity Abuse; Third-Party Payment Web,5,164242.59,2
CHARITY_02230,Charity Abuse; Third-Party Payment Web,5,164242.59,2
CHARITY_01424,Charity Abuse; Third-Party Payment Web,4,163996.95,2
TPWEB_00684,Charity Abuse; Third-Party Payment Web,4,163996.95,2
TPWEB_01096,Third-Party Payment Web,4,163939.93,3
CHARITY_00353,Charity Abuse,17,163878.93,7
TPWEB_01275,Third-Party Payment Web,5,163801.7,4
TPWEB_01377,Third-Party Payment Web,6,163747.4,2
TPWEB_00110,Third-Party Payment Web,6,163523.41,3
TPWEB_00670,Third-Party Payment Web,8,163513.98,8
TPWEB_00015,Third-Party Payment Web,5,163484.57,3
CHARITY_02214,Charity Abuse; Third-Party Payment Web,7,163480.07,7
TPWEB_00776,Charity Abuse; Third-Party Payment Web,6,163474.47,6
CHARITY_01625,Charity Abuse; Third-Party Payment Web,6,163474.47,6
HRCORR_00382,Charity Abuse; High-Risk Corridor Transfer,1,163421.48,1
CHARITY_01153,Charity Abuse; High-Risk Corridor Transfer,1,163421.48,1
TPWEB_00916,Charity Abuse; Third-Party Payment Web,8,163408.07,8
CHARITY_01901,Charity Abuse; Third-Party Payment Web,8,163408.07,8
TPWEB_01265,Funnel Account Network; Third-Party Payment Web,7,163336.99,7
FUNNEL_00220,Funnel Account Network; Third-Party Payment Web,7,163336.99,7
TPWEB_01041,Third-Party Payment Web,3,163318.43,2
CHARITY_02147,Charity Abuse,12,163307.43,11
TPWEB_00590,Third-Party Payment Web,4,163158.91999999998,4
TPWEB_00315,Third-Party Payment Web,2,163151.15,2
CHARITY_01429,Charity Abuse,15,163104.45,11
TPWEB_00975,Third-Party Payment Web,4,162855.74,3
TPWEB_01530,Third-Party Payment Web,2,162844.36,2
CHARITY_03232,Charity Abuse; Third-Party Payment Web,5,162839.34,4
TPWEB_01590,Charity Abuse; Third-Party Payment Web,5,162839.34,4
TPWEB_01515,Third-Party Payment Web,3,162761.84999999998,1
TPWEB_01066,Third-Party Payment Web,3,162558.11,3
TPWEB_01196,Third-Party Payment Web,5,162520.62,4
CHARITY_00974,Charity Abuse; Money Mule Network,1,162491.81,1
MULE_00083,Charity Abuse; Money Mule Network,1,162491.81,1
TPWEB_01049,Third-Party Payment Web,5,162490.55000000002,4
TPWEB_01097,Third-Party Payment Web,5,162482.23,5
CHARITY_02078,Charity Abuse; Third-Party Payment Web,6,162469.03,6
TPWEB_00879,Charity Abuse; Third-Party Payment Web,5,162447.75,5
TPWEB_01617,Third-Party Payment Web,4,162361.15,3
TPWEB_00665,Funnel Account Network; Third-Party Payment Web,8,162164.58,8
CHARITY_02002,Charity Abuse; Third-Party Payment Web,4,161978.47,4
TPWEB_00571,Third-Party Payment Web,2,161956.28,2
TPWEB_00805,Third-Party Payment Web,5,161933.44,3
TPWEB_01305,Third-Party Payment Web,5,161923.56,5
TPWEB_00236,Third-Party Payment Web,5,161908.2,4
CHARITY_03252,Charity Abuse; Third-Party Payment Web,5,161866.43,5
TPWEB_01599,Charity Abuse; Third-Party Payment Web,5,161866.43,5
TPWEB_00850,Charity Abuse; Third-Party Payment Web,5,161850.54,5
TPWEB_01444,Third-Party Payment Web,5,161758.66,3
TPWEB_00847,Third-Party Payment Web,2,161752.46000000002,1
TPWEB_01298,Charity Abuse; Third-Party Payment Web,5,161608.08,3
CHARITY_02636,Charity Abuse; Third-Party Payment Web,5,161608.08,3
FUNNEL_00210,Charity Abuse; Funnel Account Network; Third-Party Payment Web,8,161605.76,8
TPWEB_01212,Charity Abuse; Funnel Account Network; Third-Party Payment Web,8,161605.76,8
CHARITY_02465,Charity Abuse; Funnel Account Network; Third-Party Payment Web,8,161605.76,8
TPWEB_01466,Charity Abuse; Third-Party Payment Web,4,161581.3,4
CHARITY_02763,Charity Abuse; Third-Party Payment Web,5,161566.22,4
TPWEB_01359,Charity Abuse; Third-Party Payment Web,5,161566.22,4
TPWEB_00262,Charity Abuse; Third-Party Payment Web,5,161492.31,5
CHARITY_00874,Charity Abuse; Money Mule Network,1,161492.01,1
TPWEB_00570,Third-Party Payment Web,3,161460.46,2
TPWEB_01171,Charity Abuse; Funnel Account Network; Third-Party Payment Web,8,161444.61,8
CHARITY_02388,Charity Abuse; Funnel Account Network; Third-Party Payment Web,8,161444.61,8
FUNNEL_00199,Charity Abuse; Funnel Account Network; Third-Party Payment Web,8,161444.61,8
TPWEB_00519,Charity Abuse; Third-Party Payment Web,5,161362.32,4
CHARITY_01074,Charity Abuse; Third-Party Payment Web,5,161362.32,4
CHARITY_02844,Charity Abuse; Third-Party Payment Web,6,161329.76,5
CHARITY_01067,Charity Abuse,14,161329.56,8
TPWEB_00261,Third-Party Payment Web,5,161312.8,1
CHARITY_00767,Charity Abuse,9,161307.56,9
CHARITY_00253,Charity Abuse; Third-Party Payment Web,5,161290.29,5
TPWEB_00965,Third-Party Payment Web,2,161282.03999999998,2
CHARITY_03125,Charity Abuse; Third-Party Payment Web,7,161251.36000000002,7
TPWEB_01538,Charity Abuse; Third-Party Payment Web,7,161251.36000000002,7
TPWEB_00067,Third-Party Payment Web,3,161183.51,3
CHARITY_01504,Charity Abuse; Third-Party Payment Web,4,161061.0,3
FUNNEL_00204,Funnel Account Network; Third-Party Payment Web,5,160980.87,5
TPWEB_01189,Funnel Account Network; Third-Party Payment Web,5,160980.87,5
CHARITY_00292,Charity Abuse; Third-Party Payment Web,4,160955.69,4
TPWEB_00142,Charity Abuse; Third-Party Payment Web,4,160955.69,4
TPWEB_01024,Third-Party Payment Web,6,160814.72,6
CHARITY_01093,Charity Abuse; Third-Party Payment Web,6,160512.61000000002,3
FUNNEL_00060,Funnel Account Network,1,160456.17,1
TPWEB_01556,Third-Party Payment Web,5,160413.64,5
TPWEB_00811,Third-Party Payment Web,5,160385.40000000002,2
TPWEB_00364,Third-Party Payment Web,6,160366.76,2
CHARITY_00853,Charity Abuse; Third-Party Payment Web,5,160308.26,5
TPWEB_00405,Charity Abuse; Third-Party Payment Web,5,160308.26,5
TPWEB_00667,Third-Party Payment Web,4,160279.84,2
TPWEB_01101,Third-Party Payment Web,3,160269.97,3
CHARITY_02252,Charity Abuse,11,160266.13999999998,7
TPWEB_01061,Charity Abuse; Third-Party Payment Web,6,160076.31999999998,3
TPWEB_01256,Third-Party Payment Web,5,160052.0,3
CHARITY_02789,Charity Abuse; Third-Party Payment Web,5,159961.66,5
CHARITY_00769,Charity Abuse,15,159875.84,15
TPWEB_00627,Charity Abuse; Third-Party Payment Web,5,159733.52000000002,4
CHARITY_01297,Charity Abuse; Third-Party Payment Web,5,159733.52000000002,4
CHARITY_01579,Charity Abuse,18,159694.68,5
TPWEB_00372,Third-Party Payment Web,3,159513.77,3
TPWEB_00782,Funnel Account Network; Third-Party Payment Web,6,159162.18,6
TPWEB_00086,Charity Abuse; Third-Party Payment Web,3,159112.63,2
TPWEB_00152,Charity Abuse; Third-Party Payment Web,6,159104.13,2
TPWEB_01541,Charity Abuse; Third-Party Payment Web,4,158808.45,4
TPWEB_01243,Third-Party Payment Web,4,158623.47,3
TPWEB_01341,Third-Party Payment Web,4,158564.59,2
FUNNEL_00251,Charity Abuse; Funnel Account Network; Third-Party Payment Web,9,158552.49,9
CHARITY_02964,Charity Abuse; Funnel Account Network; Third-Party Payment Web,9,158552.49,9
TPWEB_01456,Charity Abuse; Funnel Account Network; Third-Party Payment Web,9,158552.49,9
TPWEB_01199,Third-Party Payment Web,3,158532.12,3
FUNNEL_00071,Charity Abuse; Funnel Account Network; Third-Party Payment Web,8,158468.39,8
TPWEB_00451,Charity Abuse; Funnel Account Network; Third-Party Payment Web,8,158468.39,8
CHARITY_00944,Charity Abuse; Funnel Account Network; Third-Party Payment Web,8,158468.39,8
TPWEB_00545,Third-Party Payment Web,4,158377.51,3
CHARITY_03181,Charity Abuse; Third-Party Payment Web,5,158302.81,4
TPWEB_01566,Charity Abuse; Third-Party Payment Web,5,158302.81,4
TPWEB_00157,Third-Party Payment Web,5,158280.90000000002,3
CHARITY_00343,Charity Abuse; Funnel Account Network,1,158215.3,1
HRCORR_00378,High-Risk Corridor Transfer,2,158187.14,1
TPWEB_01357,Third-Party Payment Web,2,158137.66999999998,2
CHARITY_01532,Charity Abuse; Third-Party Payment Web,5,157836.66,5
TPWEB_00216,Third-Party Payment Web,5,157809.06,4
TPWEB_01410,Third-Party Payment Web,4,157770.53,2
TPWEB_01586,Money Mule Network; Third-Party Payment Web,2,157716.98,2
TPWEB_00489,Charity Abuse; Third-Party Payment Web,4,157656.35,3
TPWEB_00796,Charity Abuse; Funnel Account Network; Third-Party Payment Web,5,157629.35,5
CHARITY_01673,Charity Abuse; Funnel Account Network; Third-Party Payment Web,5,157629.35,5
FUNNEL_00132,Charity Abuse; Funnel Account Network; Third-Party Payment Web,5,157629.35,5
TPWEB_00523,Third-Party Payment Web,5,157590.2,3
TPWEB_01558,Third-Party Payment Web,4,157509.97999999998,4
TPWEB_00348,Third-Party Payment Web,5,157462.75,3
CHARITY_03116,Charity Abuse,5,157406.97999999998,3
FUNNEL_00233,Funnel Account Network; Third-Party Payment Web,6,157379.82,6
TPWEB_01311,Funnel Account Network; Third-Party Payment Web,6,157379.82,6
TPWEB_01594,Third-Party Payment Web,5,157353.58,5
TPWEB_00538,Third-Party Payment Web,4,157273.05,4
TPWEB_00738,Charity Abuse; Third-Party Payment Web,4,157205.32,4
CHARITY_01545,Charity Abuse; Third-Party Payment Web,4,157205.32,4
TPWEB_00195,Third-Party Payment Web,5,157156.07,2
TPWEB_00845,Third-Party Payment Web,4,157141.12,4
TPWEB_01119,Third-Party Payment Web,5,157113.33000000002,1
FUNNEL_00036,Charity Abuse; Funnel Account Network; Third-Party Payment Web,6,156946.62,6
CHARITY_00474,Charity Abuse; Funnel Account Network; Third-Party Payment Web,6,156946.62,6
TPWEB_00675,Third-Party Payment Web,5,156751.57,3
CHARITY_02157,Charity Abuse; Third-Party Payment Web,4,156730.72999999998,3
TPWEB_01042,Charity Abuse; Third-Party Payment Web,4,156730.72999999998,3
CHARITY_00320,Charity Abuse; Third-Party Payment Web,4,156642.86,2
TPWEB_00156,Charity Abuse; Third-Party Payment Web,4,156642.86,2
CHARITY_02250,Charity Abuse,17,156609.02,6
TPWEB_01401,Third-Party Payment Web,2,156594.88999999998,1
TPWEB_00185,Charity Abuse; Third-Party Payment Web,5,156521.31,5
TPWEB_01314,Third-Party Payment Web,5,156367.4,2
TPWEB_01465,Charity Abuse; Third-Party Payment Web,2,156272.03999999998,2
CHARITY_00151,Charity Abuse; Third-Party Payment Web,5,156262.7,5
TPWEB_00077,Charity Abuse; Third-Party Payment Web,5,156262.7,5
TPWEB_00520,Third-Party Payment Web,5,156219.86,3
CHARITY_01002,Charity Abuse; Third-Party Payment Web,5,156166.39,2
TPWEB_00178,Third-Party Payment Web,5,156144.97,5
CHARITY_02864,Charity Abuse; Third-Party Payment Web,5,156050.37,2
TPWEB_01129,Charity Abuse; Third-Party Payment Web,5,155979.79,2
TPWEB_01092,Third-Party Payment Web,5,155976.38999999998,5
CHARITY_02545,Charity Abuse; High-Risk Corridor Transfer,1,155968.54,1
HRCORR_00241,Charity Abuse; High-Risk Corridor Transfer,1,155968.54,1
TPWEB_00485,Third-Party Payment Web,5,155910.75,5
TPWEB_00454,Charity Abuse; Third-Party Payment Web,5,155790.07,4
CHARITY_01275,Charity Abuse,17,155648.49,8
TPWEB_01136,Third-Party Payment Web,4,155374.65,4
CHARITY_02913,Charity Abuse,17,155234.57,10
CHARITY_03212,Charity Abuse; Funnel Account Network; Third-Party Payment Web,5,155166.66999999998,5
CHARITY_02446,Charity Abuse; Third-Party Payment Web,5,155008.55,2
CHARITY_03120,Charity Abuse; Third-Party Payment Web,5,154929.82,5
TPWEB_01536,Charity Abuse; Third-Party Payment Web,5,154929.82,5
CHARITY_00085,Charity Abuse; Third-Party Payment Web,5,154905.57,4
TPWEB_00043,Charity Abuse; Third-Party Payment Web,5,154905.57,4
TPWEB_00180,Charity Abuse; Third-Party Payment Web,4,154730.26,4
CHARITY_00366,Charity Abuse; Third-Party Payment Web,4,154730.26,4
FUNNEL_00245,Funnel Account Network; Third-Party Payment Web,6,154695.11000000002,5
TPWEB_01400,Funnel Account Network; Third-Party Payment Web,6,154695.11000000002,5
TPWEB_01470,Funnel Account Network; Third-Party Payment Web,6,154604.27,6
FUNNEL_00253,Funnel Account Network; Third-Party Payment Web,6,154604.27,6
TPWEB_01315,Third-Party Payment Web,5,154478.33,2
TPWEB_00025,Third-Party Payment Web,4,154458.35,2
TPWEB_01058,Third-Party Payment Web,5,154326.68,5
MULE_00010,Money Mule Network; Third-Party Payment Web,2,154193.49,2
TPWEB_00002,Money Mule Network; Third-Party Payment Web,2,154193.49,2
TPWEB_00461,Third-Party Payment Web,4,154185.72,2
CHARITY_00926,Charity Abuse; Third-Party Payment Web,6,154108.85,6
CHARITY_01164,Charity Abuse,8,154016.24,6
TPWEB_00820,Charity Abuse; Third-Party Payment Web,5,153963.57,3
CHARITY_01708,Charity Abuse; Third-Party Payment Web,5,153963.57,3
CHARITY_00679,Charity Abuse,19,153955.19,9
TPWEB_00305,Third-Party Payment Web,2,153907.8,2
CHARITY_00513,Charity Abuse; Money Mule Network,1,153862.03,1
HRCORR_00015,High-Risk Corridor Transfer; Money Mule Network,1,153851.45,1
MULE_00003,High-Risk Corridor Transfer; Money Mule Network,1,153851.45,1
FUNNEL_00130,Funnel Account Network,8,153720.16999999998,7
CHARITY_01142,Charity Abuse; Third-Party Payment Web,5,153710.09,5
TPWEB_01123,Charity Abuse; Third-Party Payment Web,5,153636.78,2
CHARITY_02295,Charity Abuse; Third-Party Payment Web,5,153636.78,2
TPWEB_01413,Charity Abuse; Third-Party Payment Web,4,153589.57,4
CHARITY_02878,Charity Abuse; Third-Party Payment Web,4,153589.57,4
CHARITY_00613,Charity Abuse; Third-Party Payment Web,6,153552.12,3
TPWEB_00290,Charity Abuse; Third-Party Payment Web,6,153552.12,3
TPWEB_01556,Charity Abuse; Funnel Account Network; Third-Party Payment Web,7,153454.53,7
TPWEB_00386,Third-Party Payment Web,5,153358.35,3
TPWEB_00576,Third-Party Payment Web,5,153154.09,5
TPWEB_00372,Charity Abuse; Third-Party Payment Web,3,153145.93,2
CHARITY_03219,Charity Abuse,17,153139.04,8
CHARITY_00292,Charity Abuse; High-Risk Corridor Transfer,1,153103.96,1
HRCORR_00478,Charity Abuse; High-Risk Corridor Transfer,1,153103.96,1
TPWEB_01201,Third-Party Payment Web,2,152973.72,2
CHARITY_01026,Charity Abuse; Third-Party Payment Web,5,152922.69,5
TPWEB_00498,Charity Abuse; Third-Party Payment Web,5,152922.69,5
CHARITY_02608,Charity Abuse; Third-Party Payment Web,4,152826.34,2
CHARITY_03277,Charity Abuse; Third-Party Payment Web,6,152794.99,5
TPWEB_01608,Charity Abuse; Third-Party Payment Web,6,152794.99,5
TPWEB_01346,Third-Party Payment Web,5,152736.96,2
TPWEB_01031,Charity Abuse; Third-Party Payment Web,5,152708.7,3
CHARITY_03231,Charity Abuse; Money Mule Network,1,152684.14,1
MULE_00052,Charity Abuse; Money Mule Network,1,152684.14,1
CHARITY_02354,Charity Abuse; Third-Party Payment Web,5,152660.85,3
TPWEB_00430,Third-Party Payment Web,5,152579.74,4
TPWEB_00505,Third-Party Payment Web,5,152558.75,3
TPWEB_00054,Charity Abuse; Third-Party Payment Web,5,152473.82,4
TPWEB_00226,Charity Abuse; Third-Party Payment Web,4,152454.43,2
TPWEB_00754,Third-Party Payment Web,2,152438.43,1
TPWEB_00304,Charity Abuse; Third-Party Payment Web,6,152412.94,2
TPWEB_01012,Third-Party Payment Web,4,152350.99,3
TPWEB_00099,Charity Abuse; Third-Party Payment Web,3,152289.83,1
CHARITY_01874,Charity Abuse; Third-Party Payment Web,5,152289.55,5
TPWEB_00894,Charity Abuse; Third-Party Payment Web,5,152289.55,5
TPWEB_01118,Third-Party Payment Web,5,152244.8,3
CHARITY_02345,Charity Abuse; Funnel Account Network; Third-Party Payment Web,7,152215.05,7
FUNNEL_00192,Charity Abuse; Funnel Account Network; Third-Party Payment Web,7,152215.05,7
TPWEB_01227,Third-Party Payment Web,5,152197.93,3
TPWEB_01458,Third-Party Payment Web,5,152194.84,4
FUNNEL_00045,Funnel Account Network,1,152160.15,1
CHARITY_01511,Charity Abuse,13,152118.12,6
TPWEB_00733,Third-Party Payment Web,4,152026.08,3
TPWEB_01271,Third-Party Payment Web,3,151943.8,1
CHARITY_01203,Charity Abuse,9,151748.41,3
TPWEB_01059,Third-Party Payment Web,5,151574.65,5
TPWEB_00788,Charity Abuse; Third-Party Payment Web,5,151572.11,3
CHARITY_01654,Charity Abuse; Third-Party Payment Web,5,151572.11,3
TPWEB_00222,Third-Party Payment Web,5,151568.09,2
FUNNEL_00143,Funnel Account Network,10,151548.53,10
TPWEB_01098,Third-Party Payment Web,5,151476.07,5
TPWEB_01032,Third-Party Payment Web,5,151417.21,5
TPWEB_01232,Money Mule Network; Third-Party Payment Web,2,151352.16999999998,2
MULE_00070,Money Mule Network; Third-Party Payment Web,2,151352.16999999998,2
TPWEB_01297,Charity Abuse; Third-Party Payment Web,4,151341.47999999998,4
CHARITY_02634,Charity Abuse; Third-Party Payment Web,4,151341.47999999998,4
TPWEB_00502,Third-Party Payment Web,4,151272.47999999998,4
TPWEB_00747,Third-Party Payment Web,5,151143.41,3
TPWEB_01366,Third-Party Payment Web,2,151130.09999999998,2
CHARITY_00423,Charity Abuse; Funnel Account Network; Third-Party Payment Web,5,151098.78,3
FUNNEL_00032,Charity Abuse; Funnel Account Network; Third-Party Payment Web,5,151098.78,3
TPWEB_00210,Charity Abuse; Funnel Account Network; Third-Party Payment Web,5,151098.78,3
TPWEB_01319,Charity Abuse; Third-Party Payment Web,4,151076.39,2
TPWEB_00245,Third-Party Payment Web,4,151072.15,2
TPWEB_01026,Charity Abuse; Third-Party Payment Web,5,151019.46,3
CHARITY_02129,Charity Abuse; Third-Party Payment Web,5,151019.46,3
TPWEB_01364,Charity Abuse; Third-Party Payment Web,5,150991.74,4
CHARITY_02774,Charity Abuse; Third-Party Payment Web,5,150991.74,4
TPWEB_01312,Third-Party Payment Web,4,150970.32,3
TPWEB_00032,Charity Abuse; Third-Party Payment Web,6,150737.88,4
CHARITY_00068,Charity Abuse; Third-Party Payment Web,6,150737.88,4
TPWEB_00792,Third-Party Payment Web,5,150594.46,3
CHARITY_01062,Charity Abuse; Funnel Account Network; Third-Party Payment Web,4,150511.39,4
TPWEB_00513,Charity Abuse; Funnel Account Network; Third-Party Payment Web,4,150511.39,4
FUNNEL_00085,Charity Abuse; Funnel Account Network; Third-Party Payment Web,4,150511.39,4
TPWEB_00164,Third-Party Payment Web,2,150505.11,2
TPWEB_01088,Charity Abuse; Third-Party Payment Web,4,150389.22,4
CHARITY_02233,Charity Abuse; Third-Party Payment Web,4,150389.22,4
TPWEB_01237,Third-Party Payment Web,10,150311.03,10
TPWEB_00970,Third-Party Payment Web,2,150298.16,2
CHARITY_01015,Charity Abuse; Funnel Account Network; Third-Party Payment Web,7,150216.81,7
CHARITY_01235,Charity Abuse,18,150194.07,8
FUNNEL_00076,Funnel Account Network,2,150126.98,2
TPWEB_00909,Third-Party Payment Web,5,149943.22,5
TPWEB_00593,Charity Abuse; Third-Party Payment Web,5,149903.69,4
CHARITY_01228,Charity Abuse; Third-Party Payment Web,5,149903.69,4
CHARITY_02159,Charity Abuse; Funnel Account Network; Third-Party Payment Web,8,149875.99,8
CHARITY_02430,Charity Abuse; Funnel Account Network; Third-Party Payment Web,8,149857.92,8
TPWEB_01192,Charity Abuse; Funnel Account Network; Third-Party Payment Web,8,149857.92,8
FUNNEL_00205,Charity Abuse; Funnel Account Network; Third-Party Payment Web,8,149857.92,8
TPWEB_00962,Third-Party Payment Web,5,149797.37,3
TPWEB_00634,Third-Party Payment Web,4,149778.31,4
TPWEB_01501,Third-Party Payment Web,5,149658.64,5
TPWEB_00028,Charity Abuse; Third-Party Payment Web,4,149643.65,4
CHARITY_00053,Charity Abuse; Third-Party Payment Web,4,149643.65,4
TPWEB_01581,Third-Party Payment Web,2,149609.45,2
TPWEB_00298,Charity Abuse; Third-Party Payment Web,5,149541.91999999998,2
TPWEB_01531,Third-Party Payment Web,4,149474.23,4
CHARITY_03263,Charity Abuse; Third-Party Payment Web,4,149307.71000000002,2
CHARITY_02465,Charity Abuse,11,149101.98,7
TPWEB_00384,Charity Abuse; Third-Party Payment Web,4,149030.9,4
TPWEB_00259,Third-Party Payment Web,4,149029.45,3
HRCORR_00152,Charity Abuse; High-Risk Corridor Transfer,2,149017.1,1
CHARITY_02073,Charity Abuse; High-Risk Corridor Transfer,2,149017.1,1
TPWEB_01245,Third-Party Payment Web,3,149007.66,2
TPWEB_00287,Charity Abuse; Third-Party Payment Web,5,148970.85,4
CHARITY_00607,Charity Abuse; Third-Party Payment Web,5,148970.85,4
TPWEB_00031,Charity Abuse; Third-Party Payment Web,4,148930.41,1
TPWEB_01428,Third-Party Payment Web,5,148878.19,5
TPWEB_00766,Third-Party Payment Web,4,148819.94,1
CHARITY_01938,Charity Abuse,16,148751.5,10
TPWEB_00699,Third-Party Payment Web,4,148690.3,3
CHARITY_00219,Charity Abuse; Third-Party Payment Web,4,148655.41,4
FUNNEL_00029,Funnel Account Network; Third-Party Payment Web,8,148639.62,8
TPWEB_00183,Funnel Account Network; Third-Party Payment Web,8,148639.62,8
TPWEB_01262,Third-Party Payment Web,4,148613.77,4
TPWEB_01518,Third-Party Payment Web,4,148555.63,3
TPWEB_00681,Charity Abuse; Third-Party Payment Web,5,148455.66999999998,3
CHARITY_01418,Charity Abuse; Third-Party Payment Web,5,148455.66999999998,3
TPWEB_00540,Charity Abuse; Third-Party Payment Web,5,148433.84,3
CHARITY_01116,Charity Abuse; Third-Party Payment Web,5,148433.84,3
CHARITY_02106,Charity Abuse; Third-Party Payment Web,5,148403.19,5
TPWEB_01015,Charity Abuse; Third-Party Payment Web,5,148403.19,5
TPWEB_00967,Charity Abuse; Third-Party Payment Web,4,148375.84,1
CHARITY_00421,Charity Abuse; Third-Party Payment Web,5,148332.22,5
CHARITY_03115,Charity Abuse; Funnel Account Network; Third-Party Payment Web,7,148275.91,7
FUNNEL_00264,Charity Abuse; Funnel Account Network; Third-Party Payment Web,7,148275.91,7
CHARITY_03137,Charity Abuse,9,148214.53,9
TPWEB_00790,Third-Party Payment Web,2,148107.03,1
TPWEB_00658,Third-Party Payment Web,5,148075.75,4
TPWEB_00940,Third-Party Payment Web,4,148065.25,2
TPWEB_00150,Third-Party Payment Web,4,148032.96,3
TPWEB_00006,Charity Abuse; Third-Party Payment Web,5,148023.03,3
CHARITY_00006,Charity Abuse; Third-Party Payment Web,5,148023.03,3
CHARITY_03205,Charity Abuse,20,147863.61000000002,12
CHARITY_00914,Charity Abuse; Third-Party Payment Web,5,147860.11,4
TPWEB_00431,Charity Abuse; Third-Party Payment Web,5,147860.11,4
TPWEB_00732,Third-Party Payment Web,2,147842.95,2
CHARITY_01506,Charity Abuse; Third-Party Payment Web,6,147760.44,5
TPWEB_01273,Third-Party Payment Web,5,147573.46000000002,4
CHARITY_02093,Charity Abuse; Third-Party Payment Web,2,147537.78,2
TPWEB_01395,Charity Abuse; Third-Party Payment Web,5,147437.01,5
TPWEB_00619,Third-Party Payment Web,5,147421.0,4
HRCORR_00333,Charity Abuse; High-Risk Corridor Transfer,1,147327.87,1
CHARITY_02538,Charity Abuse; High-Risk Corridor Transfer,1,147327.87,1
TPWEB_00395,Third-Party Payment Web,5,147297.22999999998,4
CHARITY_01802,Charity Abuse; Third-Party Payment Web,4,147296.59,4
TPWEB_00138,Charity Abuse; Third-Party Payment Web,5,147269.90000000002,5
TPWEB_01477,Third-Party Payment Web,2,147222.08000000002,2
TPWEB_00973,Third-Party Payment Web,3,147213.82,2
CHARITY_00558,Charity Abuse; Money Mule Network,1,147200.89,1
TPWEB_01485,Funnel Account Network; Third-Party Payment Web,7,147134.45,7
CHARITY_02881,Charity Abuse,19,147096.65,10
CHARITY_02678,Charity Abuse,14,147007.26,8
CHARITY_02539,Charity Abuse; Third-Party Payment Web,5,146986.28,3
TPWEB_01248,Charity Abuse; Third-Party Payment Web,5,146986.28,3
TPWEB_01461,Charity Abuse; Third-Party Payment Web,3,146885.76,2
CHARITY_01908,Charity Abuse; Third-Party Payment Web,4,146882.4,3
TPWEB_00943,Charity Abuse; Third-Party Payment Web,5,146869.94,4
CHARITY_01954,Charity Abuse; Third-Party Payment Web,5,146869.94,4
TPWEB_00956,Third-Party Payment Web,4,146778.14,3
TPWEB_00365,Third-Party Payment Web,5,146695.9,2
CHARITY_01876,Charity Abuse; Third-Party Payment Web,4,146576.71,4
TPWEB_00896,Charity Abuse; Third-Party Payment Web,4,146576.71,4
CHARITY_02647,Charity Abuse,14,146558.92,9
TPWEB_00221,Charity Abuse; Third-Party Payment Web,2,146503.83000000002,1
CHARITY_00801,Charity Abuse; Third-Party Payment Web,5,146458.64,5
TPWEB_00377,Charity Abuse; Third-Party Payment Web,5,146458.64,5
CHARITY_01721,Charity Abuse,7,146348.49,4
TPWEB_00203,Third-Party Payment Web,5,146235.57,3
TPWEB_00276,Charity Abuse; Third-Party Payment Web,2,146164.1,2
TPWEB_00971,Money Mule Network; Third-Party Payment Web,3,146135.92,3
MULE_00043,Money Mule Network; Third-Party Payment Web,3,146135.92,3
CHARITY_01741,Charity Abuse,16,146106.71,10
TPWEB_01352,Third-Party Payment Web,2,146102.21000000002,2
TPWEB_00258,Third-Party Payment Web,5,146082.24,4
TPWEB_00229,Third-Party Payment Web,7,146080.0,7
TPWEB_00371,Third-Party Payment Web,5,146026.41999999998,1
TPWEB_00607,Third-Party Payment Web,5,145932.16999999998,2
TPWEB_01197,Charity Abuse; Third-Party Payment Web,4,145894.21,4
TPWEB_00201,Third-Party Payment Web,4,145880.58,1
CHARITY_01190,Charity Abuse; Third-Party Payment Web,3,145820.34999999998,3
TPWEB_00972,Third-Party Payment Web,5,145709.41,3
CHARITY_02431,Charity Abuse,11,145647.35,7
TPWEB_00870,Third-Party Payment Web,4,145598.54,4
CHARITY_02023,Charity Abuse,15,145555.5,8
TPWEB_00207,Third-Party Payment Web,4,145337.3,3
CHARITY_01201,Charity Abuse,13,145331.91,8
TPWEB_00507,Charity Abuse; Third-Party Payment Web,4,145291.55,4
CHARITY_01044,Charity Abuse; Third-Party Payment Web,4,145291.55,4
TPWEB_01121,Third-Party Payment Web,4,145166.25,1
TPWEB_00628,Third-Party Payment Web,5,145128.59,5
TPWEB_00402,Charity Abuse; Third-Party Payment Web,5,144871.00999999998,4
TPWEB_01078,Third-Party Payment Web,4,144787.23,4
TPWEB_01366,Charity Abuse; Third-Party Payment Web,4,144537.63999999998,4
CHARITY_02776,Charity Abuse; Third-Party Payment Web,4,144537.63999999998,4
FUNNEL_00071,Funnel Account Network; Third-Party Payment Web,8,144505.22,8
TPWEB_00451,Funnel Account Network; Third-Party Payment Web,8,144505.22,8
TPWEB_00942,Funnel Account Network; Third-Party Payment Web,7,144496.38999999998,7
TPWEB_00084,Third-Party Payment Web,5,144446.55,2
CHARITY_00988,Charity Abuse; Third-Party Payment Web,5,144364.56,3
TPWEB_00474,Charity Abuse; Third-Party Payment Web,5,144364.56,3
TPWEB_01610,Third-Party Payment Web,4,144359.16,3
TPWEB_01416,Third-Party Payment Web,4,144251.76,4
TPWEB_00392,Third-Party Payment Web,4,144225.29,3
TPWEB_00251,Third-Party Payment Web,9,144082.45,9
TPWEB_00713,Third-Party Payment Web,5,144037.34,2
TPWEB_00033,Third-Party Payment Web,4,143760.25999999998,3
CHARITY_01401,Charity Abuse,16,143667.19,7
TPWEB_00065,Third-Party Payment Web,7,143639.97,7
TPWEB_01581,Funnel Account Network; Third-Party Payment Web,2,143369.71000000002,2
FUNNEL_00275,Funnel Account Network; Third-Party Payment Web,2,143369.71000000002,2
TPWEB_01471,Third-Party Payment Web,5,143320.94,3
TPWEB_01417,Third-Party Payment Web,2,143279.0,1
TPWEB_00145,Charity Abuse; Third-Party Payment Web,3,143235.59999999998,2
TPWEB_00926,Charity Abuse; Third-Party Payment Web,5,143228.25,2
CHARITY_01915,Charity Abuse; Third-Party Payment Web,5,143228.25,2
TPWEB_00035,Charity Abuse; Third-Party Payment Web,4,143159.1,4
TPWEB_01192,Third-Party Payment Web,6,143034.34,6
CHARITY_03061,Charity Abuse,15,142992.66,10
CHARITY_01906,Charity Abuse; Third-Party Payment Web,4,142916.86,2
TPWEB_00920,Charity Abuse; Third-Party Payment Web,4,142916.86,2
TPWEB_00615,Charity Abuse; Third-Party Payment Web,4,142903.27000000002,4
TPWEB_01264,Third-Party Payment Web,6,142871.96,3
TPWEB_00280,Third-Party Payment Web,2,142860.55,2
TPWEB_00035,Third-Party Payment Web,2,142852.18,2
CHARITY_03160,Charity Abuse; High-Risk Corridor Transfer,1,142823.96,1
HRCORR_00480,Charity Abuse; High-Risk Corridor Transfer,1,142823.96,1
CHARITY_01521,Charity Abuse,17,142782.97,10
TPWEB_01238,Third-Party Payment Web,4,142775.97,3
CHARITY_01461,Charity Abuse; Funnel Account Network; Third-Party Payment Web,7,142737.89,7
TPWEB_00700,Charity Abuse; Funnel Account Network; Third-Party Payment Web,7,142737.89,7
TPWEB_01510,Third-Party Payment Web,5,142688.12,4
TPWEB_00556,Funnel Account Network; Third-Party Payment Web,8,142580.85,8
FUNNEL_00092,Funnel Account Network; Third-Party Payment Web,8,142580.85,8
CHARITY_02728,Charity Abuse; Third-Party Payment Web,5,142574.47999999998,4
CHARITY_02099,Charity Abuse; Third-Party Payment Web,5,142547.7,5
TPWEB_01011,Charity Abuse; Third-Party Payment Web,5,142547.7,5
CHARITY_01080,Charity Abuse,17,142434.16,11
TPWEB_01235,Funnel Account Network; Third-Party Payment Web,6,142397.97,6
TPWEB_00638,Charity Abuse; Third-Party Payment Web,4,142373.11,4
CHARITY_01317,Charity Abuse; Third-Party Payment Web,4,142373.11,4
CHARITY_00806,Charity Abuse; Third-Party Payment Web,5,142348.22999999998,3
TPWEB_00381,Charity Abuse; Third-Party Payment Web,5,142348.22999999998,3
TPWEB_00081,Charity Abuse; Third-Party Payment Web,5,142239.58000000002,3
TPWEB_01176,Third-Party Payment Web,5,142167.69,1
TPWEB_01208,Charity Abuse; Third-Party Payment Web,2,142147.64,2
TPWEB_01347,Third-Party Payment Web,3,142103.05,2
TPWEB_01068,Third-Party Payment Web,5,142029.08,3
TPWEB_01421,Third-Party Payment Web,5,142016.89,5
TPWEB_01299,Third-Party Payment Web,4,141979.12,3
FUNNEL_00182,Funnel Account Network; Third-Party Payment Web,7,141968.49,7
TPWEB_00611,Charity Abuse; Third-Party Payment Web,5,141880.89,5
TPWEB_01382,Third-Party Payment Web,4,141870.97,2
TPWEB_00868,Third-Party Payment Web,3,141860.57,2
CHARITY_02479,Charity Abuse,10,141685.99,9
FUNNEL_00148,Funnel Account Network; Third-Party Payment Web,4,141674.77000000002,4
TPWEB_00875,Funnel Account Network; Third-Party Payment Web,4,141674.77000000002,4
CHARITY_00628,Charity Abuse; Third-Party Payment Web,6,141643.53,5
CHARITY_00977,Charity Abuse,15,141642.21,14
FUNNEL_00009,Funnel Account Network,2,141533.88999999998,2
CHARITY_00409,Charity Abuse; Third-Party Payment Web,5,141454.05,3
CHARITY_02221,Charity Abuse; Third-Party Payment Web,5,141441.89,3
TPWEB_01080,Charity Abuse; Third-Party Payment Web,5,141441.89,3
CHARITY_00764,Charity Abuse; Funnel Account Network; Third-Party Payment Web,5,141414.57,5
FUNNEL_00058,Charity Abuse; Funnel Account Network; Third-Party Payment Web,5,141414.57,5
TPWEB_00360,Charity Abuse; Funnel Account Network; Third-Party Payment Web,5,141414.57,5
CHARITY_02918,Charity Abuse,15,141381.85,8
HRCORR_00277,Funnel Account Network; High-Risk Corridor Transfer,1,141370.51,1
FUNNEL_00173,Funnel Account Network; High-Risk Corridor Transfer,1,141370.51,1
TPWEB_00467,Third-Party Payment Web,5,141238.7,3
TPWEB_01402,Charity Abuse; Third-Party Payment Web,4,141237.28,2
CHARITY_01500,Charity Abuse; Money Mule Network,1,141198.48,1
TPWEB_01269,Funnel Account Network; Third-Party Payment Web,2,141079.83,2
FUNNEL_00221,Funnel Account Network; Third-Party Payment Web,2,141079.83,2
MULE_00022,Money Mule Network,1,141076.95,1
TPWEB_00247,Third-Party Payment Web,5,141061.75,5
TPWEB_00016,Charity Abuse; Third-Party Payment Web,4,140999.91999999998,4
CHARITY_00026,Charity Abuse; Third-Party Payment Web,4,140999.91999999998,4
TPWEB_01585,Third-Party Payment Web,4,140890.57,4
TPWEB_01604,Third-Party Payment Web,5,140883.96,3
TPWEB_00193,Charity Abuse; Third-Party Payment Web,4,140861.69,3
CHARITY_00387,Charity Abuse; Third-Party Payment Web,4,140861.69,3
TPWEB_01372,Third-Party Payment Web,2,140752.3,2
TPWEB_00076,Charity Abuse; Third-Party Payment Web,2,140623.14,2
TPWEB_01522,Third-Party Payment Web,8,140605.94,8
TPWEB_00126,Charity Abuse; Third-Party Payment Web,4,140543.69,4
CHARITY_00260,Charity Abuse; Third-Party Payment Web,4,140543.69,4
TPWEB_01480,Third-Party Payment Web,3,140479.56,2
TPWEB_00678,Third-Party Payment Web,4,140432.96000000002,2
TPWEB_00832,Funnel Account Network; Third-Party Payment Web,8,140356.22,8
FUNNEL_00141,Funnel Account Network; Third-Party Payment Web,8,140356.22,8
TPWEB_01620,Third-Party Payment Web,3,140336.49,3
TPWEB_00767,Third-Party Payment Web,5,140259.24,2
CHARITY_02449,Charity Abuse; Third-Party Payment Web,3,140229.78,2
TPWEB_00947,Third-Party Payment Web,5,140222.14,1
TPWEB_00825,Third-Party Payment Web,3,140172.99,3
TPWEB_00727,Third-Party Payment Web,3,140168.14,2
TPWEB_00785,Third-Party Payment Web,4,140103.07,2
TPWEB_01454,Charity Abuse; Third-Party Payment Web,5,140046.78,2
CHARITY_02956,Charity Abuse; Third-Party Payment Web,5,140046.78,2
TPWEB_01200,Third-Party Payment Web,3,140041.38999999998,2
TPWEB_00866,Third-Party Payment Web,6,139932.51,6
TPWEB_00241,Third-Party Payment Web,5,139863.34,3
CHARITY_02517,Charity Abuse,8,139761.19,8
TPWEB_00265,Charity Abuse; Third-Party Payment Web,3,139746.48,2
CHARITY_00553,Charity Abuse; Third-Party Payment Web,3,139746.48,2
CHARITY_00677,Charity Abuse; Third-Party Payment Web,2,139704.83000000002,1
CHARITY_02329,Charity Abuse; Third-Party Payment Web,5,139635.66,3
TPWEB_01143,Charity Abuse; Third-Party Payment Web,5,139635.66,3
TPWEB_00391,Third-Party Payment Web,7,139595.89,7
CHARITY_02577,Charity Abuse,16,139559.63999999998,14
TPWEB_01281,Third-Party Payment Web,5,139557.88,3
TPWEB_01291,Money Mule Network; Third-Party Payment Web,2,139511.56,2
MULE_00034,Money Mule Network; Third-Party Payment Web,2,139511.56,2
FUNNEL_00265,Funnel Account Network,4,139489.71,4
CHARITY_01018,Charity Abuse; Third-Party Payment Web,6,139354.05,1
TPWEB_01104,Charity Abuse; Third-Party Payment Web,5,139353.09,2
CHARITY_02267,Charity Abuse; Third-Party Payment Web,5,139353.09,2
TPWEB_00119,Third-Party Payment Web,2,139336.19,1
CHARITY_00777,Charity Abuse; Third-Party Payment Web,6,139123.19,5
TPWEB_01116,Third-Party Payment Web,5,139061.65,2
CHARITY_02237,Charity Abuse,11,139049.91,11
TPWEB_00676,Third-Party Payment Web,3,139006.5,1
TPWEB_00623,Charity Abuse; Third-Party Payment Web,4,138973.56,3
CHARITY_01290,Charity Abuse; Third-Party Payment Web,4,138973.56,3
TPWEB_01127,Charity Abuse; Third-Party Payment Web,4,138956.69,4
CHARITY_02301,Charity Abuse; Third-Party Payment Web,4,138956.69,4
TPWEB_00464,Third-Party Payment Web,5,138850.52000000002,5
TPWEB_00409,Charity Abuse; Third-Party Payment Web,5,138789.85,5
CHARITY_00863,Charity Abuse; Third-Party Payment Web,5,138789.85,5
CHARITY_01264,Charity Abuse; Funnel Account Network,1,138532.04,1
CHARITY_02283,Charity Abuse; Third-Party Payment Web,4,138450.82,4
CHARITY_00225,Charity Abuse; Third-Party Payment Web,4,138433.38,4
TPWEB_00693,Third-Party Payment Web,2,138325.77,2
TPWEB_00778,Third-Party Payment Web,5,138305.66,5
FUNNEL_00165,Funnel Account Network; Third-Party Payment Web,7,138209.47,7
TPWEB_00948,Funnel Account Network; Third-Party Payment Web,7,138209.47,7
FUNNEL_00130,Charity Abuse; Funnel Account Network; Third-Party Payment Web,4,138163.13,4
CHARITY_01657,Charity Abuse; Funnel Account Network; Third-Party Payment Web,4,138163.13,4
TPWEB_00789,Charity Abuse; Funnel Account Network; Third-Party Payment Web,4,138163.13,4
TPWEB_01457,Third-Party Payment Web,4,138065.32,2
CHARITY_02550,Charity Abuse; Third-Party Payment Web,5,138058.43,3
CHARITY_00552,Charity Abuse; Third-Party Payment Web,4,137962.21,2
TPWEB_00263,Charity Abuse; Third-Party Payment Web,4,137962.21,2
TPWEB_00179,Third-Party Payment Web,5,137923.67,4
CHARITY_01307,Charity Abuse; Third-Party Payment Web,4,137741.34,3
TPWEB_01292,Third-Party Payment Web,3,137628.5,1
CHARITY_01438,Charity Abuse; Funnel Account Network,7,137570.88,3
FUNNEL_00115,Charity Abuse; Funnel Account Network,7,137570.88,3
TPWEB_01181,Third-Party Payment Web,3,137507.22999999998,2
CHARITY_01396,Charity Abuse; Third-Party Payment Web,5,137506.17,2
TPWEB_00672,Charity Abuse; Third-Party Payment Web,5,137506.17,2
TPWEB_01188,Third-Party Payment Web,5,137444.22,3
TPWEB_00528,Charity Abuse; Third-Party Payment Web,5,137443.88,3
CHARITY_00938,Charity Abuse; Third-Party Payment Web,4,137338.61,2
TPWEB_00445,Charity Abuse; Third-Party Payment Web,4,137338.61,2
TPWEB_01237,Funnel Account Network; Third-Party Payment Web,7,137269.08000000002,7
CHARITY_02443,Charity Abuse,10,137268.39,6
CHARITY_02698,Charity Abuse; Third-Party Payment Web,4,137170.19,1
TPWEB_01325,Charity Abuse; Third-Party Payment Web,4,137170.19,1
CHARITY_01526,Charity Abuse; Third-Party Payment Web,4,137147.79,4
TPWEB_00398,Third-Party Payment Web,5,137057.4,5
TPWEB_00291,Third-Party Payment Web,6,137015.19,6
CHARITY_03187,Charity Abuse; Third-Party Payment Web,5,137013.51,2
TPWEB_01569,Charity Abuse; Third-Party Payment Web,5,137013.51,2
TPWEB_00823,Charity Abuse; Third-Party Payment Web,5,136941.75,4
CHARITY_01715,Charity Abuse; Third-Party Payment Web,5,136941.75,4
CHARITY_01030,Charity Abuse; Third-Party Payment Web,4,136860.26,2
TPWEB_00500,Charity Abuse; Third-Party Payment Web,4,136860.26,2
TPWEB_01190,Charity Abuse; Third-Party Payment Web,5,136852.64,5
TPWEB_00941,Charity Abuse; Third-Party Payment Web,5,136716.6,3
CHARITY_01949,Charity Abuse; Third-Party Payment Web,5,136716.6,3
CHARITY_02640,Charity Abuse,21,136627.94,12
FUNNEL_00192,Funnel Account Network; Third-Party Payment Web,6,136445.42,6
TPWEB_01154,Funnel Account Network; Third-Party Payment Web,6,136445.42,6
TPWEB_01443,Third-Party Payment Web,2,136431.16999999998,2
CHARITY_00004,Charity Abuse,16,136365.38,8
TPWEB_00666,Third-Party Payment Web,5,136333.49,4
TPWEB_00079,Third-Party Payment Web,4,136272.81,3
TPWEB_01166,Third-Party Payment Web,3,136256.15,3
TPWEB_00764,Third-Party Payment Web,5,136238.35,5
CHARITY_01689,Charity Abuse,17,136141.39,9
TPWEB_01204,Third-Party Payment Web,3,136097.06,3
TPWEB_01051,Third-Party Payment Web,5,136024.72999999998,4
TPWEB_00514,Third-Party Payment Web,5,135972.14,3
TPWEB_00859,Charity Abuse; Third-Party Payment Web,5,135832.09,4
CHARITY_01791,Charity Abuse; Third-Party Payment Web,5,135832.09,4
TPWEB_00291,Charity Abuse; Third-Party Payment Web,4,135673.45,4
TPWEB_00664,Third-Party Payment Web,2,135670.0,2
CHARITY_02224,Charity Abuse,14,135614.05000000002,8
TPWEB_01517,Charity Abuse; Third-Party Payment Web,4,135590.16,1
TPWEB_00359,Third-Party Payment Web,5,135564.0,2
TPWEB_00539,Third-Party Payment Web,2,135507.33,2
TPWEB_00583,Third-Party Payment Web,5,135477.4,5
CHARITY_00588,Charity Abuse; Third-Party Payment Web,4,135440.99,3
TPWEB_00280,Charity Abuse; Third-Party Payment Web,4,135440.99,3
TPWEB_01358,Charity Abuse; Funnel Account Network; Third-Party Payment Web,6,135424.37,6
CHARITY_02762,Charity Abuse; Funnel Account Network; Third-Party Payment Web,6,135424.37,6
FUNNEL_00238,Charity Abuse; Funnel Account Network; Third-Party Payment Web,6,135424.37,6
CHARITY_01358,Charity Abuse; Money Mule Network,1,135377.93,1
TPWEB_00573,Third-Party Payment Web,3,135213.35,3
TPWEB_00506,Third-Party Payment Web,4,135157.03,2
CHARITY_01848,Charity Abuse,15,135152.06,12
CHARITY_02352,Charity Abuse; Third-Party Payment Web,5,134917.81,5
TPWEB_01158,Charity Abuse; Third-Party Payment Web,5,134917.81,5
TPWEB_01087,Charity Abuse; Third-Party Payment Web,2,134899.03,2
TPWEB_00027,Third-Party Payment Web,4,134845.63,1
TPWEB_01087,Money Mule Network; Third-Party Payment Web,2,134842.5,2
MULE_00032,Money Mule Network; Third-Party Payment Web,2,134842.5,2
TPWEB_01337,Third-Party Payment Web,5,134813.91,4
TPWEB_00960,Charity Abuse; Third-Party Payment Web,5,134798.48,4
CHARITY_01988,Charity Abuse; Third-Party Payment Web,5,134798.48,4
TPWEB_00889,Third-Party Payment Web,2,134742.94,2
TPWEB_01013,Third-Party Payment Web,6,134701.88,4
TPWEB_01247,Charity Abuse; Third-Party Payment Web,4,134661.22,3
CHARITY_02536,Charity Abuse; Third-Party Payment Web,4,134661.22,3
TPWEB_00257,Third-Party Payment Web,4,134581.87,3
CHARITY_01538,Charity Abuse,11,134477.7,7
TPWEB_00093,Third-Party Payment Web,4,134396.85,1
TPWEB_00774,Third-Party Payment Web,4,134393.5,4
TPWEB_00071,Third-Party Payment Web,5,134357.55,4
TPWEB_00447,Third-Party Payment Web,5,134226.64,5
FUNNEL_00243,Funnel Account Network; Third-Party Payment Web,7,134150.61,7
TPWEB_01396,Funnel Account Network; Third-Party Payment Web,7,134150.61,7
CHARITY_01809,Charity Abuse; Third-Party Payment Web,3,134138.8,2
TPWEB_01373,Third-Party Payment Web,4,134060.01,1
FUNNEL_00266,Charity Abuse; Funnel Account Network; Money Mule Network,1,133875.34,1
CHARITY_03137,Charity Abuse; Funnel Account Network; Money Mule Network,1,133875.34,1
MULE_00030,Charity Abuse; Funnel Account Network; Money Mule Network,1,133875.34,1
CHARITY_01773,Charity Abuse; Third-Party Payment Web,5,133866.09,5
CHARITY_02671,Charity Abuse; Third-Party Payment Web,4,133825.42,3
TPWEB_01002,Charity Abuse; Third-Party Payment Web,5,133813.26,5
TPWEB_00993,Charity Abuse; Funnel Account Network; Third-Party Payment Web,5,133800.94,5
CHARITY_02065,Charity Abuse; Funnel Account Network; Third-Party Payment Web,5,133800.94,5
FUNNEL_00171,Charity Abuse; Funnel Account Network; Third-Party Payment Web,5,133800.94,5
TPWEB_00535,Third-Party Payment Web,5,133799.23,5
TPWEB_00760,Charity Abuse; Third-Party Payment Web,3,133673.01,3
TPWEB_00708,Third-Party Payment Web,4,133665.54,3
TPWEB_00310,Third-Party Payment Web,5,133644.61,4
CHARITY_01682,Charity Abuse; Third-Party Payment Web,3,133505.94,1
TPWEB_00684,Third-Party Payment Web,2,133473.47,2
TPWEB_00040,Charity Abuse; Third-Party Payment Web,5,133413.66,5
CHARITY_02479,Charity Abuse; Third-Party Payment Web,4,133399.65,4
TPWEB_00668,Funnel Account Network; Third-Party Payment Web,3,133393.52,2
FUNNEL_00109,Funnel Account Network; Third-Party Payment Web,3,133393.52,2
TPWEB_01602,Charity Abuse; Third-Party Payment Web,4,133357.11,4
CHARITY_03258,Charity Abuse; Third-Party Payment Web,4,133357.11,4
TPWEB_00572,Third-Party Payment Web,5,133347.34,5
CHARITY_02596,Charity Abuse; Third-Party Payment Web,4,133178.25,3
TPWEB_01280,Charity Abuse; Third-Party Payment Web,4,133178.25,3
CHARITY_01373,Charity Abuse,21,133132.65,11
TPWEB_00979,Third-Party Payment Web,5,133018.24,3
TPWEB_01557,Third-Party Payment Web,5,132974.25,2
MULE_00038,Funnel Account Network; Money Mule Network,1,132916.92,1
FUNNEL_00016,Funnel Account Network; Money Mule Network,1,132916.92,1
CHARITY_02346,Charity Abuse; Third-Party Payment Web,5,132862.47,5
TPWEB_00159,Charity Abuse; Third-Party Payment Web,5,132746.41,5
CHARITY_00323,Charity Abuse; Third-Party Payment Web,5,132746.41,5
TPWEB_01174,Third-Party Payment Web,5,132712.96,5
CHARITY_02215,Charity Abuse; Third-Party Payment Web,4,132698.19,2
TPWEB_01077,Charity Abuse; Third-Party Payment Web,4,132698.19,2
TPWEB_01424,Third-Party Payment Web,5,132672.98,2
TPWEB_00744,Third-Party Payment Web,3,132629.61000000002,3
TPWEB_00174,Third-Party Payment Web,4,132623.38,3
CHARITY_02451,Charity Abuse; Third-Party Payment Web,2,132519.9,2
TPWEB_00239,Third-Party Payment Web,4,132517.19,4
CHARITY_02231,Charity Abuse,7,132500.39,6
MULE_00029,Money Mule Network; Third-Party Payment Web,2,132346.41,2
TPWEB_01354,Money Mule Network; Third-Party Payment Web,2,132346.41,2
TPWEB_00076,Charity Abuse; Money Mule Network; Third-Party Payment Web,2,132289.99,2
MULE_00031,Charity Abuse; Money Mule Network; Third-Party Payment Web,2,132289.99,2
FUNNEL_00256,Charity Abuse; Funnel Account Network,8,132239.54,6
TPWEB_00756,Funnel Account Network; Third-Party Payment Web,5,132153.55,5
FUNNEL_00125,Funnel Account Network; Third-Party Payment Web,5,132153.55,5
TPWEB_00550,Charity Abuse; Third-Party Payment Web,4,132152.06,4
TPWEB_01017,Third-Party Payment Web,4,132056.14,4
TPWEB_01554,Third-Party Payment Web,2,132003.78,2
CHARITY_01228,Charity Abuse,10,131951.3,8
HRCORR_00484,High-Risk Corridor Transfer,1,131923.22,1
TPWEB_01261,Charity Abuse; Third-Party Payment Web,4,131874.41,2
TPWEB_00041,Charity Abuse; Third-Party Payment Web,2,131836.27,2
TPWEB_00501,Third-Party Payment Web,7,131814.1,7
TPWEB_01105,Third-Party Payment Web,6,131746.73,5
TPWEB_01154,Charity Abuse; Funnel Account Network; Third-Party Payment Web,6,131716.76,6
TPWEB_00565,Charity Abuse; Third-Party Payment Web,4,131700.18,4
TPWEB_00029,Third-Party Payment Web,4,131693.56999999998,2
TPWEB_00791,Charity Abuse; Third-Party Payment Web,4,131679.4,3
CHARITY_01662,Charity Abuse; Third-Party Payment Web,4,131679.4,3
TPWEB_00012,Charity Abuse; Third-Party Payment Web,4,131484.32,4
CHARITY_00019,Charity Abuse; Third-Party Payment Web,4,131484.32,4
CHARITY_02859,Charity Abuse; Third-Party Payment Web,4,131429.58000000002,3
CHARITY_00727,Charity Abuse; Third-Party Payment Web,7,131334.26,5
TPWEB_00808,Third-Party Payment Web,3,131167.38,3
TPWEB_01609,Third-Party Payment Web,4,131134.47,4
CHARITY_01254,Charity Abuse; Funnel Account Network,1,131117.02,1
TPWEB_00063,Third-Party Payment Web,4,131051.29000000001,3
TPWEB_00782,Third-Party Payment Web,2,131036.31,2
TPWEB_01419,Charity Abuse; Third-Party Payment Web,4,131023.0,2
CHARITY_02890,Charity Abuse; Third-Party Payment Web,4,131023.0,2
TPWEB_01467,Third-Party Payment Web,5,130979.04000000001,2
TPWEB_00574,Third-Party Payment Web,5,130902.12999999999,3
TPWEB_00265,Third-Party Payment Web,2,130812.73999999999,2
CHARITY_00307,Charity Abuse; Third-Party Payment Web,4,130692.4,4
TPWEB_00588,Third-Party Payment Web,5,130666.17,2
TPWEB_00357,Charity Abuse; Money Mule Network; Third-Party Payment Web,2,130630.95,2
MULE_00082,Charity Abuse; Money Mule Network; Third-Party Payment Web,2,130630.95,2
CHARITY_01990,Charity Abuse; Money Mule Network,1,130625.95,1
TPWEB_00849,Charity Abuse; Third-Party Payment Web,5,130480.54999999999,2
CHARITY_01772,Charity Abuse; Third-Party Payment Web,5,130480.54999999999,2
CHARITY_00346,Charity Abuse; Third-Party Payment Web,5,130437.1,5
TPWEB_00173,Charity Abuse; Third-Party Payment Web,5,130437.1,5
CHARITY_02453,Charity Abuse; Funnel Account Network,1,130388.85,1
TPWEB_00091,Third-Party Payment Web,4,130386.95,2
TPWEB_01509,Third-Party Payment Web,2,130377.19,2
CHARITY_02186,Charity Abuse; Third-Party Payment Web,5,130335.49,2
TPWEB_01063,Charity Abuse; Third-Party Payment Web,5,130335.49,2
TPWEB_01498,Charity Abuse; Funnel Account Network; Third-Party Payment Web,4,130307.38,4
CHARITY_03033,Charity Abuse; Funnel Account Network; Third-Party Payment Web,4,130307.38,4
FUNNEL_00258,Charity Abuse; Funnel Account Network; Third-Party Payment Web,4,130307.38,4
CHARITY_02345,Charity Abuse,10,130252.58,10
CHARITY_03013,Charity Abuse,15,130210.39,8
TPWEB_00687,Third-Party Payment Web,5,130193.69,2
TPWEB_00250,Charity Abuse; Third-Party Payment Web,3,130192.58,3
TPWEB_00949,Charity Abuse; Third-Party Payment Web,5,130036.4,3
CHARITY_01967,Charity Abuse; Third-Party Payment Web,5,130036.4,3
CHARITY_02795,Charity Abuse; Third-Party Payment Web,3,129958.48999999999,1
TPWEB_00218,Third-Party Payment Web,2,129938.3,2
CHARITY_02661,Charity Abuse; Funnel Account Network; Third-Party Payment Web,7,129900.89,6
TPWEB_01253,Third-Party Payment Web,3,129818.53,3
CHARITY_03038,Charity Abuse,13,129761.95999999999,6
TPWEB_01033,Third-Party Payment Web,4,129660.16,4
CHARITY_02400,Charity Abuse,18,129576.90999999999,10
TPWEB_00017,Third-Party Payment Web,5,129500.9,3
CHARITY_02611,Charity Abuse; Third-Party Payment Web,5,129436.1,4
CHARITY_01378,Charity Abuse; Third-Party Payment Web,5,129425.08,1
TPWEB_00662,Charity Abuse; Third-Party Payment Web,5,129425.08,1
HRCORR_00115,Charity Abuse; High-Risk Corridor Transfer,1,129424.48,1
CHARITY_00923,Charity Abuse; High-Risk Corridor Transfer,1,129424.48,1
MULE_00021,Funnel Account Network; Money Mule Network; Third-Party Payment Web,3,129346.45,3
FUNNEL_00239,Funnel Account Network; Money Mule Network; Third-Party Payment Web,3,129346.45,3
TPWEB_01362,Funnel Account Network; Money Mule Network; Third-Party Payment Web,3,129346.45,3
TPWEB_00439,Charity Abuse; Third-Party Payment Web,5,129344.58,5
TPWEB_00813,Charity Abuse; Funnel Account Network; Third-Party Payment Web,6,129290.22,6
FUNNEL_00136,Charity Abuse; Funnel Account Network; Third-Party Payment Web,6,129290.22,6
TPWEB_00835,Third-Party Payment Web,4,129241.04000000001,4
TPWEB_00274,Third-Party Payment Web,3,129178.55,3
CHARITY_02325,Charity Abuse; Third-Party Payment Web,5,129122.69,4
TPWEB_01140,Charity Abuse; Third-Party Payment Web,5,129122.69,4
CHARITY_00188,Charity Abuse; Third-Party Payment Web,5,129094.61,3
TPWEB_00094,Charity Abuse; Third-Party Payment Web,5,129094.61,3
TPWEB_00199,Charity Abuse; Third-Party Payment Web,3,129023.6,3
CHARITY_00805,Charity Abuse; Third-Party Payment Web,2,128983.59000000001,2
TPWEB_00726,Third-Party Payment Web,5,128904.94,4
TPWEB_00424,Charity Abuse; Third-Party Payment Web,4,128785.04,3
CHARITY_00900,Charity Abuse; Third-Party Payment Web,4,128785.04,3
TPWEB_00182,Third-Party Payment Web,5,128780.20999999999,3
TPWEB_01389,Third-Party Payment Web,5,128724.0,2
CHARITY_00957,Charity Abuse; Third-Party Payment Web,4,128690.95000000001,4
TPWEB_00456,Charity Abuse; Third-Party Payment Web,4,128690.95000000001,4
CHARITY_00235,Charity Abuse,17,128662.95000000001,12
TPWEB_01034,Money Mule Network; Third-Party Payment Web,2,128657.85,2
TPWEB_00923,Charity Abuse; Third-Party Payment Web,5,128653.13999999998,4
CHARITY_01911,Charity Abuse; Third-Party Payment Web,5,128653.13999999998,4
TPWEB_01055,Third-Party Payment Web,6,128627.12,6
CHARITY_02120,Charity Abuse; Third-Party Payment Web,3,128626.16,2
TPWEB_01023,Charity Abuse; Third-Party Payment Web,3,128626.16,2
TPWEB_01257,Charity Abuse; Third-Party Payment Web,4,128616.76,4
CHARITY_02555,Charity Abuse; Third-Party Payment Web,4,128616.76,4
STRUCT_00086,Structuring (Smurfing),11,128500.86,6
TPWEB_00416,Charity Abuse; Third-Party Payment Web,3,128498.7,3
CHARITY_00877,Charity Abuse; Third-Party Payment Web,3,128498.7,3
TPWEB_01345,Third-Party Payment Web,3,128462.97999999998,3
CHARITY_01170,Charity Abuse; Funnel Account Network,1,128378.23,1
TPWEB_01475,Charity Abuse; Third-Party Payment Web,4,128324.88,4
TPWEB_01184,Charity Abuse; Third-Party Payment Web,4,128258.98999999999,4
TPWEB_01289,Charity Abuse; Funnel Account Network; Third-Party Payment Web,6,128250.57,6
FUNNEL_00225,Charity Abuse; Funnel Account Network; Third-Party Payment Web,6,128250.57,6
CHARITY_00606,Charity Abuse,9,128049.54000000001,8
TPWEB_00578,Third-Party Payment Web,2,127960.28,1
CHARITY_01097,Charity Abuse,10,127950.43000000001,3
TPWEB_00026,Charity Abuse; Third-Party Payment Web,5,127934.87,2
CHARITY_00051,Charity Abuse; Third-Party Payment Web,5,127934.87,2
CHARITY_00482,Charity Abuse; Third-Party Payment Web,4,127850.69,1
TPWEB_00235,Charity Abuse; Third-Party Payment Web,4,127850.69,1
CHARITY_01101,Charity Abuse; Third-Party Payment Web,5,127762.05,3
TPWEB_00534,Charity Abuse; Third-Party Payment Web,5,127762.05,3
CHARITY_03066,Charity Abuse; Third-Party Payment Web,7,127708.97,7
TPWEB_01514,Charity Abuse; Third-Party Payment Web,7,127708.97,7
TPWEB_00153,Third-Party Payment Web,4,127673.61,2
CHARITY_02584,Charity Abuse; Third-Party Payment Web,4,127651.95999999999,4
CHARITY_00038,Charity Abuse; Third-Party Payment Web,5,127642.17,3
TPWEB_01324,Charity Abuse; Third-Party Payment Web,4,127641.4,3
CHARITY_02696,Charity Abuse; Third-Party Payment Web,4,127641.4,3
TPWEB_00492,Charity Abuse; Funnel Account Network; Third-Party Payment Web,6,127512.23,6
TPWEB_00858,Third-Party Payment Web,2,127506.17,2
CHARITY_00460,Charity Abuse,14,127364.08,6
TPWEB_00410,Third-Party Payment Web,5,127252.38,4
FUNNEL_00274,Funnel Account Network; Third-Party Payment Web,8,127209.53,8
TPWEB_01580,Funnel Account Network; Third-Party Payment Web,8,127209.53,8
CHARITY_02160,Charity Abuse; Money Mule Network,1,127195.0,1
CHARITY_01877,Charity Abuse; Third-Party Payment Web,4,127063.48,2
MULE_00026,Charity Abuse; Money Mule Network; Third-Party Payment Web,2,127047.60999999999,2
TPWEB_01027,Charity Abuse; Money Mule Network; Third-Party Payment Web,2,127047.60999999999,2
TPWEB_00565,Third-Party Payment Web,2,127014.51,2
TPWEB_00292,Third-Party Payment Web,5,126999.73000000001,5
TPWEB_01008,Third-Party Payment Web,5,126979.20000000001,3
TPWEB_01619,Charity Abuse; Third-Party Payment Web,4,126966.11000000002,3
TPWEB_00163,Third-Party Payment Web,3,126912.81999999999,2
TPWEB_00336,Third-Party Payment Web,4,126792.31,4
CHARITY_02731,Charity Abuse; Third-Party Payment Web,3,126790.23999999999,2
TPWEB_00231,Charity Abuse; Third-Party Payment Web,5,126774.83,5
TPWEB_01500,Charity Abuse; Third-Party Payment Web,2,126764.79,1
CHARITY_01766,Charity Abuse,14,126719.8,10
TPWEB_00472,Charity Abuse; Third-Party Payment Web,5,126616.03,3
CHARITY_00986,Charity Abuse; Third-Party Payment Web,5,126616.03,3
CHARITY_01860,Charity Abuse; Third-Party Payment Web,4,126569.01000000001,4
TPWEB_00889,Charity Abuse; Third-Party Payment Web,4,126569.01000000001,4
TPWEB_00822,Charity Abuse; Third-Party Payment Web,5,126518.93,4
TPWEB_01329,Third-Party Payment Web,2,126480.69,2
TPWEB_00131,Third-Party Payment Web,3,126453.25,3
TPWEB_01046,Third-Party Payment Web,5,126440.35,5
CHARITY_02822,Charity Abuse; Third-Party Payment Web,5,126407.25,2
TPWEB_01381,Charity Abuse; Third-Party Payment Web,5,126407.25,2
TPWEB_00057,Charity Abuse; Funnel Account Network; Third-Party Payment Web,6,126375.76000000001,6
TPWEB_01417,Charity Abuse; Third-Party Payment Web,3,126317.75,2
CHARITY_02886,Charity Abuse; Third-Party Payment Web,3,126317.75,2
TPWEB_00686,Charity Abuse; Funnel Account Network; Third-Party Payment Web,5,126302.37,5
CHARITY_01427,Charity Abuse; Funnel Account Network; Third-Party Payment Web,5,126302.37,5
FUNNEL_00111,Charity Abuse; Funnel Account Network; Third-Party Payment Web,5,126302.37,5
TPWEB_00582,Charity Abuse; Third-Party Payment Web,3,126156.56,1
CHARITY_01208,Charity Abuse; Third-Party Payment Web,3,126156.56,1
TPWEB_00011,Charity Abuse; Third-Party Payment Web,5,126021.45999999999,3
CHARITY_00018,Charity Abuse; Third-Party Payment Web,5,126021.45999999999,3
TPWEB_00921,Charity Abuse; Third-Party Payment Web,3,125915.61,3
CHARITY_03163,Charity Abuse; Funnel Account Network; Third-Party Payment Web,5,125896.18,5
TPWEB_00202,Charity Abuse; Third-Party Payment Web,4,125871.75,3
TPWEB_00151,Third-Party Payment Web,4,125808.68,3
CHARITY_02682,Charity Abuse; Third-Party Payment Web,3,125799.48999999999,1
TPWEB_01036,Third-Party Payment Web,4,125788.82,3
TPWEB_01483,Third-Party Payment Web,5,125707.48999999999,5
CHARITY_00021,Charity Abuse; Third-Party Payment Web,4,125637.4,4
TPWEB_01440,Charity Abuse; Third-Party Payment Web,4,125608.03,2
TPWEB_00984,Third-Party Payment Web,5,125516.84,4
TPWEB_00301,Third-Party Payment Web,2,125422.47,2
CHARITY_01660,Charity Abuse; Third-Party Payment Web,5,125409.29000000001,3
FUNNEL_00005,Funnel Account Network; Third-Party Payment Web,6,125357.64,6
TPWEB_00044,Funnel Account Network; Third-Party Payment Web,6,125357.64,6
TPWEB_00209,Third-Party Payment Web,4,125324.57,2
CHARITY_02202,Charity Abuse; Third-Party Payment Web,4,125315.88,4
TPWEB_01070,Charity Abuse; Third-Party Payment Web,4,125315.88,4
CHARITY_01097,Charity Abuse; Funnel Account Network; Third-Party Payment Web,5,125304.83,5
TPWEB_01191,Third-Party Payment Web,3,125193.59,2
CHARITY_03190,Charity Abuse; Third-Party Payment Web,3,125159.25,3
FUNNEL_00233,Charity Abuse; Funnel Account Network,4,125124.09,2
CHARITY_02667,Charity Abuse; Funnel Account Network,4,125124.09,2
CHARITY_02418,Charity Abuse; Third-Party Payment Web,4,125072.61,4
TPWEB_01162,Charity Abuse; Third-Party Payment Web,4,124931.09,2
MULE_00020,Charity Abuse; Money Mule Network,1,124858.69,1
CHARITY_01402,Charity Abuse; Money Mule Network,1,124858.69,1
CHARITY_01779,Charity Abuse,12,124828.95999999999,4
TPWEB_00616,Third-Party Payment Web,3,124758.21,1
CHARITY_03158,Charity Abuse; Third-Party Payment Web,6,124701.53,6
TPWEB_01553,Charity Abuse; Third-Party Payment Web,6,124701.53,6
FUNNEL_00253,Charity Abuse; Funnel Account Network; Third-Party Payment Web,5,124585.6,5
TPWEB_01470,Charity Abuse; Funnel Account Network; Third-Party Payment Web,5,124585.6,5
TPWEB_00330,Third-Party Payment Web,4,124577.02,4
TPWEB_01274,Charity Abuse; Funnel Account Network; Third-Party Payment Web,6,124518.19,6
FUNNEL_00222,Charity Abuse; Funnel Account Network; Third-Party Payment Web,6,124518.19,6
CHARITY_02586,Charity Abuse; Funnel Account Network; Third-Party Payment Web,6,124518.19,6
CHARITY_02702,Charity Abuse; Third-Party Payment Web,4,124504.95,4
TPWEB_01328,Charity Abuse; Third-Party Payment Web,4,124504.95,4
CHARITY_00538,Charity Abuse,14,124497.44,13
CHARITY_00775,Charity Abuse,18,124418.94,9
TPWEB_00863,Charity Abuse; Third-Party Payment Web,3,124310.13999999998,3
MULE_00036,Charity Abuse; Money Mule Network,2,124283.35,2
CHARITY_02432,Charity Abuse; Third-Party Payment Web,3,124178.54000000001,1
TPWEB_01159,Charity Abuse; Third-Party Payment Web,4,124163.8,3
CHARITY_02136,Charity Abuse; Funnel Account Network,1,124154.03,1
TPWEB_00664,Charity Abuse; Third-Party Payment Web,4,123858.65,4
CHARITY_01382,Charity Abuse; Third-Party Payment Web,4,123858.65,4
FUNNEL_00038,Charity Abuse; Funnel Account Network; Third-Party Payment Web,6,123843.09,5
CHARITY_02838,Charity Abuse,5,123813.47,3
TPWEB_00001,Money Mule Network; Third-Party Payment Web,2,123725.75,2
MULE_00017,Money Mule Network; Third-Party Payment Web,2,123725.75,2
CHARITY_01864,Charity Abuse; High-Risk Corridor Transfer,1,123673.92,1
HRCORR_00283,Charity Abuse; High-Risk Corridor Transfer,1,123673.92,1
TPWEB_00893,Third-Party Payment Web,5,123482.7,3
CHARITY_00280,Charity Abuse; Third-Party Payment Web,5,123472.14,3
TPWEB_00135,Charity Abuse; Third-Party Payment Web,5,123472.14,3
TPWEB_00712,Third-Party Payment Web,3,123435.15,2
TPWEB_00814,Third-Party Payment Web,5,123430.03,4
TPWEB_00640,Third-Party Payment Web,2,123379.55,2
CHARITY_01433,Charity Abuse,12,123272.22,8
TPWEB_00062,Third-Party Payment Web,3,123248.23,2
CHARITY_00747,Charity Abuse; Third-Party Payment Web,4,123067.79999999999,4
TPWEB_00351,Charity Abuse; Third-Party Payment Web,4,123067.79999999999,4
TPWEB_00022,Charity Abuse; Funnel Account Network; Third-Party Payment Web,6,123001.29000000001,6
CHARITY_02814,Charity Abuse; Third-Party Payment Web,5,122952.35,2
TPWEB_00129,Funnel Account Network; Third-Party Payment Web,4,122676.23,4
FUNNEL_00024,Funnel Account Network; Third-Party Payment Web,4,122676.23,4
CHARITY_02342,Charity Abuse; Third-Party Payment Web,5,122672.13,3
TPWEB_01151,Charity Abuse; Third-Party Payment Web,5,122672.13,3
TPWEB_00303,Charity Abuse; Money Mule Network; Third-Party Payment Web,2,122651.23000000001,2
TPWEB_01385,Third-Party Payment Web,3,122616.13,3
TPWEB_01010,Charity Abuse; Third-Party Payment Web,2,122525.74,2
TPWEB_00720,Charity Abuse; Third-Party Payment Web,5,122410.4,4
CHARITY_02343,Charity Abuse,9,122211.09,5
CHARITY_03225,Charity Abuse,15,122196.74,8
CHARITY_02934,Charity Abuse; Third-Party Payment Web,4,122048.13,4
TPWEB_01443,Charity Abuse; Third-Party Payment Web,4,122048.13,4
CHARITY_00056,Charity Abuse; Third-Party Payment Web,3,121788.22,2
TPWEB_00030,Charity Abuse; Third-Party Payment Web,3,121788.22,2
TPWEB_00549,Charity Abuse; Third-Party Payment Web,5,121761.28,3
CHARITY_01141,Charity Abuse; Third-Party Payment Web,5,121761.28,3
TPWEB_00694,Third-Party Payment Web,3,121742.11,3
TPWEB_01431,Third-Party Payment Web,4,121643.25,3
TPWEB_01187,Charity Abuse; Third-Party Payment Web,3,121637.87,3
TPWEB_00701,Third-Party Payment Web,5,121612.07,4
CHARITY_00597,Charity Abuse,15,121599.86,8
TPWEB_00881,Charity Abuse; Third-Party Payment Web,6,121563.76000000001,5
CHARITY_01834,Charity Abuse; Third-Party Payment Web,6,121563.76000000001,5
TPWEB_01520,Charity Abuse; Third-Party Payment Web,4,121443.69,2
CHARITY_03084,Charity Abuse; Third-Party Payment Web,4,121443.69,2
CHARITY_00365,Charity Abuse; Third-Party Payment Web,3,121432.46,1
FUNNEL_00187,Funnel Account Network,2,121356.09999999999,2
CHARITY_03007,Charity Abuse,11,121224.17,8
TPWEB_01391,Charity Abuse; Third-Party Payment Web,5,121138.16,4
CHARITY_03306,Charity Abuse,6,121087.14,5
TPWEB_00799,Funnel Account Network; Third-Party Payment Web,7,121029.06,7
FUNNEL_00133,Funnel Account Network; Third-Party Payment Web,7,121029.06,7
FUNNEL_00158,Charity Abuse; Funnel Account Network,5,121027.55,5
MULE_00040,Money Mule Network; Third-Party Payment Web,2,120969.14,2
TPWEB_00103,Money Mule Network; Third-Party Payment Web,2,120969.14,2
TPWEB_01369,Charity Abuse; Third-Party Payment Web,4,120918.99,4
TPWEB_00248,Third-Party Payment Web,5,120786.7,1
CHARITY_02898,Charity Abuse; Money Mule Network; Third-Party Payment Web,3,120754.84,3
TPWEB_01601,Charity Abuse; Third-Party Payment Web,5,120634.81000000001,3
CHARITY_03257,Charity Abuse; Third-Party Payment Web,5,120634.81000000001,3
CHARITY_02520,Charity Abuse; Third-Party Payment Web,5,120604.93,5
TPWEB_01239,Charity Abuse; Third-Party Payment Web,5,120604.93,5
CHARITY_00878,Charity Abuse; Third-Party Payment Web,5,120603.94,5
TPWEB_00417,Charity Abuse; Third-Party Payment Web,5,120603.94,5
CHARITY_01268,Charity Abuse; Third-Party Payment Web,4,120589.62,1
TPWEB_01204,Charity Abuse; Third-Party Payment Web,3,120399.06,3
CHARITY_01929,Charity Abuse; Third-Party Payment Web,5,120347.11,2
TPWEB_00930,Charity Abuse; Third-Party Payment Web,5,120347.11,2
CHARITY_01769,Charity Abuse; Third-Party Payment Web,5,120188.48,2
TPWEB_00846,Charity Abuse; Third-Party Payment Web,5,120188.48,2
TPWEB_01532,Charity Abuse; Funnel Account Network; Third-Party Payment Web,6,120102.38,6
TPWEB_00862,Charity Abuse; Third-Party Payment Web,3,119940.99,3
TPWEB_01433,Charity Abuse; Third-Party Payment Web,5,119919.04000000001,5
CHARITY_02916,Charity Abuse; Third-Party Payment Web,5,119919.04000000001,5
TPWEB_01048,Charity Abuse; Third-Party Payment Web,4,119914.1,4
TPWEB_00056,Charity Abuse; Third-Party Payment Web,6,119848.61,6
CHARITY_00113,Charity Abuse; Third-Party Payment Web,6,119848.61,6
CHARITY_03013,Charity Abuse; Money Mule Network,1,119710.19,1
TPWEB_00652,Charity Abuse; Third-Party Payment Web,4,119647.09999999999,2
CHARITY_01356,Charity Abuse; Third-Party Payment Web,4,119647.09999999999,2
TPWEB_00669,Charity Abuse; Third-Party Payment Web,4,119639.16,3
CHARITY_01389,Charity Abuse; Third-Party Payment Web,4,119639.16,3
TPWEB_00988,Third-Party Payment Web,3,119629.27,3
TPWEB_00301,Charity Abuse; Third-Party Payment Web,3,119587.8,3
TPWEB_00275,Charity Abuse; Third-Party Payment Web,2,119495.75,1
CHARITY_00377,Charity Abuse; Third-Party Payment Web,4,119437.49,3
CHARITY_01901,Charity Abuse,11,119408.29,7
CHARITY_00710,Charity Abuse; Third-Party Payment Web,3,119343.54000000001,1
TPWEB_00493,Charity Abuse; Third-Party Payment Web,5,119137.09,1
CHARITY_00784,Charity Abuse; Third-Party Payment Web,5,118985.76000000001,3
TPWEB_00601,Third-Party Payment Web,4,118955.73000000001,4
CHARITY_02747,Charity Abuse; Third-Party Payment Web,4,118882.44,3
TPWEB_01350,Charity Abuse; Third-Party Payment Web,4,118882.44,3
TPWEB_00797,Charity Abuse; Third-Party Payment Web,4,118866.36,2
CHARITY_01674,Charity Abuse; Third-Party Payment Web,4,118866.36,2
TPWEB_00924,Third-Party Payment Web,4,118861.72,3
TPWEB_01427,Third-Party Payment Web,5,118858.81,4
TPWEB_00385,Charity Abuse; Third-Party Payment Web,3,118791.37,3
CHARITY_02448,Charity Abuse; Funnel Account Network; Third-Party Payment Web,6,118771.1,6
FUNNEL_00208,Charity Abuse; Funnel Account Network; Third-Party Payment Web,6,118771.1,6
TPWEB_01203,Charity Abuse; Funnel Account Network; Third-Party Payment Web,6,118771.1,6
FUNNEL_00013,Charity Abuse; Funnel Account Network,1,118767.94,1
CHARITY_01692,Charity Abuse; Funnel Account Network,1,118767.94,1
TPWEB_00213,Third-Party Payment Web,3,118747.38,3
TPWEB_01213,Third-Party Payment Web,5,118745.19,5
CHARITY_02979,Charity Abuse; Third-Party Payment Web,4,118682.36,4
CHARITY_02861,Charity Abuse; Third-Party Payment Web,4,118644.97,3
TPWEB_00852,Charity Abuse; Third-Party Payment Web,5,118622.66,4
CHARITY_01776,Charity Abuse; Third-Party Payment Web,5,118622.66,4
TPWEB_01289,Funnel Account Network; Third-Party Payment Web,6,118593.95,6
FUNNEL_00225,Funnel Account Network; Third-Party Payment Web,6,118593.95,6
TPWEB_00804,Funnel Account Network; Money Mule Network; Third-Party Payment Web,2,118545.66,2
FUNNEL_00135,Funnel Account Network; Money Mule Network; Third-Party Payment Web,2,118545.66,2
MULE_00018,Funnel Account Network; Money Mule Network; Third-Party Payment Web,2,118545.66,2
CHARITY_01902,Charity Abuse; Third-Party Payment Web,3,118448.05,2
TPWEB_00917,Charity Abuse; Third-Party Payment Web,3,118448.05,2
TPWEB_00640,Charity Abuse; Third-Party Payment Web,3,118411.12,2
CHARITY_01326,Charity Abuse; Third-Party Payment Web,3,118411.12,2
TPWEB_00470,Third-Party Payment Web,4,118142.07,2
TPWEB_00393,Charity Abuse; Third-Party Payment Web,2,118140.5,2
TPWEB_00878,Third-Party Payment Web,5,118138.59,3
TPWEB_00700,Third-Party Payment Web,6,118046.13,6
CHARITY_00388,Charity Abuse; Third-Party Payment Web,4,117996.42,4
TPWEB_00194,Charity Abuse; Third-Party Payment Web,4,117996.42,4
TPWEB_01111,Charity Abuse; Third-Party Payment Web,2,117961.01000000001,2
TPWEB_00275,Third-Party Payment Web,3,117768.14000000001,3
TPWEB_00517,Third-Party Payment Web,5,117493.87,4
TPWEB_00647,Charity Abuse; Funnel Account Network; Third-Party Payment Web,5,117490.98000000001,5
FUNNEL_00103,Charity Abuse; Funnel Account Network; Third-Party Payment Web,5,117490.98000000001,5
FUNNEL_00192,Funnel Account Network,2,117431.83,2
TPWEB_00906,Charity Abuse; Third-Party Payment Web,4,117427.66,4
CHARITY_01890,Charity Abuse; Third-Party Payment Web,4,117427.66,4
TPWEB_00363,Charity Abuse; Third-Party Payment Web,2,117313.81,2
TPWEB_01499,Third-Party Payment Web,4,117251.77,4
TPWEB_00710,Third-Party Payment Web,5,117236.72,5
FUNNEL_00224,Funnel Account Network; Third-Party Payment Web,6,117145.45999999999,6
TPWEB_01288,Funnel Account Network; Third-Party Payment Web,6,117145.45999999999,6
FUNNEL_00070,Charity Abuse; Funnel Account Network,2,117109.42000000001,1
TPWEB_00243,Third-Party Payment Web,4,117044.8,2
TPWEB_01447,Funnel Account Network; Third-Party Payment Web,6,116959.59,6
FUNNEL_00250,Funnel Account Network; Third-Party Payment Web,6,116959.59,6
TPWEB_00299,Charity Abuse; Third-Party Payment Web,5,116926.51,4
FUNNEL_00011,Charity Abuse; Funnel Account Network,4,116902.99,2
TPWEB_00383,Third-Party Payment Web,4,116896.32,2
TPWEB_01303,Charity Abuse; Third-Party Payment Web,4,116801.29,2
CHARITY_02648,Charity Abuse; Third-Party Payment Web,4,116801.29,2
TPWEB_00370,Charity Abuse; Third-Party Payment Web,3,116608.08000000002,2
TPWEB_01086,Funnel Account Network; Third-Party Payment Web,6,116582.0,6
TPWEB_00476,Third-Party Payment Web,4,116551.44,2
CHARITY_02017,Charity Abuse; Third-Party Payment Web,3,116523.86,3
TPWEB_00526,Third-Party Payment Web,4,116459.7,2
TPWEB_00089,Charity Abuse; Third-Party Payment Web,6,116412.42,6
CHARITY_00509,Charity Abuse; Third-Party Payment Web,4,116163.76999999999,3
TPWEB_00830,Charity Abuse; Third-Party Payment Web,4,116024.0,2
CHARITY_01734,Charity Abuse; Third-Party Payment Web,4,116024.0,2
TPWEB_00522,Charity Abuse; Third-Party Payment Web,4,115996.70999999999,2
TPWEB_00863,Third-Party Payment Web,3,115919.87,3
FUNNEL_00232,Charity Abuse; Funnel Account Network; Third-Party Payment Web,6,115913.88,6
CHARITY_02857,Charity Abuse; Third-Party Payment Web,6,115650.18000000001,6
TPWEB_01397,Charity Abuse; Third-Party Payment Web,6,115650.18000000001,6
TPWEB_01158,Third-Party Payment Web,2,115600.31,2
CHARITY_01784,Charity Abuse; Third-Party Payment Web,2,115589.04999999999,1
MULE_00048,Charity Abuse; Funnel Account Network; Money Mule Network,1,115490.76,1
FUNNEL_00151,Charity Abuse; Funnel Account Network; Money Mule Network,1,115490.76,1
CHARITY_01741,Charity Abuse; Funnel Account Network; Money Mule Network,1,115490.76,1
CHARITY_00949,Charity Abuse,11,115453.18,11
CHARITY_00098,Charity Abuse; Third-Party Payment Web,2,115345.01000000001,1
TPWEB_00420,Charity Abuse; Third-Party Payment Web,4,115271.81,2
CHARITY_00882,Charity Abuse; Third-Party Payment Web,4,115271.81,2
TPWEB_00109,Charity Abuse; Third-Party Payment Web,5,114986.41,5
TPWEB_00655,Charity Abuse; Third-Party Payment Web,2,114953.98,2
CHARITY_00684,Charity Abuse,18,114792.51,9
TPWEB_01332,Charity Abuse; Third-Party Payment Web,3,114789.46,3
TPWEB_01478,Third-Party Payment Web,4,114779.78,3
TPWEB_00060,Third-Party Payment Web,4,114681.08,4
FUNNEL_00233,Charity Abuse; Funnel Account Network; Third-Party Payment Web,4,114634.11,2
CHARITY_02835,Charity Abuse,13,114601.64,7
CHARITY_02858,Charity Abuse,16,114564.13,8
TPWEB_01249,Third-Party Payment Web,4,114500.04000000001,4
TPWEB_01616,Charity Abuse; Third-Party Payment Web,4,114420.58,4
CHARITY_03287,Charity Abuse; Third-Party Payment Web,4,114420.58,4
CHARITY_02447,Charity Abuse; Third-Party Payment Web,4,114414.04,2
TPWEB_01202,Charity Abuse; Third-Party Payment Web,4,114414.04,2
CHARITY_00343,Charity Abuse; Third-Party Payment Web,4,114403.88,4
TPWEB_00170,Charity Abuse; Third-Party Payment Web,4,114403.88,4
TPWEB_00828,Charity Abuse; Funnel Account Network; Third-Party Payment Web,6,114380.23000000001,6
CHARITY_01731,Charity Abuse; Funnel Account Network; Third-Party Payment Web,6,114380.23000000001,6
FUNNEL_00140,Charity Abuse; Funnel Account Network; Third-Party Payment Web,6,114380.23000000001,6
TPWEB_00428,Third-Party Payment Web,4,114356.17,2
TPWEB_01111,Third-Party Payment Web,2,114331.87,2
TPWEB_00279,Third-Party Payment Web,5,114282.48999999999,1
TPWEB_00337,Charity Abuse; Third-Party Payment Web,3,114180.28,3
TPWEB_01102,Third-Party Payment Web,3,114129.96,2
CHARITY_01308,Charity Abuse; Funnel Account Network,1,114083.85,1
FUNNEL_00124,Charity Abuse; Funnel Account Network; Third-Party Payment Web,5,114031.49,5
CHARITY_01548,Charity Abuse; Funnel Account Network; Third-Party Payment Web,5,114031.49,5
TPWEB_00740,Charity Abuse; Funnel Account Network; Third-Party Payment Web,5,114031.49,5
TPWEB_00418,Charity Abuse; Funnel Account Network; Third-Party Payment Web,6,113895.3,6
CHARITY_00879,Charity Abuse; Funnel Account Network; Third-Party Payment Web,6,113895.3,6
FUNNEL_00068,Charity Abuse; Funnel Account Network; Third-Party Payment Web,6,113895.3,6
TPWEB_00465,Charity Abuse; Third-Party Payment Web,3,113882.43,2
TPWEB_00119,Charity Abuse; Third-Party Payment Web,3,113759.57,3
CHARITY_00241,Charity Abuse; Third-Party Payment Web,3,113759.57,3
TPWEB_00686,Third-Party Payment Web,3,113745.54,3
TPWEB_00749,Charity Abuse; Third-Party Payment Web,4,113709.95999999999,2
CHARITY_01561,Charity Abuse; Third-Party Payment Web,4,113709.95999999999,2
CHARITY_01456,Charity Abuse,13,113616.96,2
CHARITY_02748,Charity Abuse,9,113536.54000000001,6
TPWEB_00313,Charity Abuse; Funnel Account Network; Third-Party Payment Web,6,113477.56,6
CHARITY_00661,Charity Abuse; Funnel Account Network; Third-Party Payment Web,6,113477.56,6
FUNNEL_00051,Charity Abuse; Funnel Account Network; Third-Party Payment Web,6,113477.56,6
FUNNEL_00066,Funnel Account Network; Third-Party Payment Web,6,113332.26,6
TPWEB_00412,Funnel Account Network; Third-Party Payment Web,6,113332.26,6
CHARITY_02598,Charity Abuse; Funnel Account Network,1,113329.56,1
TPWEB_00963,Third-Party Payment Web,4,113225.12,1
TPWEB_00587,Charity Abuse; Third-Party Payment Web,2,113023.96,1
CHARITY_02632,Charity Abuse; Funnel Account Network; Third-Party Payment Web,6,112987.2,6
TPWEB_01295,Charity Abuse; Funnel Account Network; Third-Party Payment Web,6,112987.2,6
FUNNEL_00226,Charity Abuse; Funnel Account Network; Third-Party Payment Web,6,112987.2,6
TPWEB_01393,Third-Party Payment Web,3,112985.59,2
TPWEB_00939,Charity Abuse; Third-Party Payment Web,4,112848.63,4
CHARITY_01945,Charity Abuse; Third-Party Payment Web,4,112848.63,4
TPWEB_01287,Charity Abuse; Third-Party Payment Web,4,112843.5,3
CHARITY_02622,Charity Abuse; Funnel Account Network,1,112809.36,1
CHARITY_00838,Charity Abuse,17,112767.31,7
FUNNEL_00212,Funnel Account Network; Third-Party Payment Web,5,112728.95999999999,5
CHARITY_00248,Charity Abuse; Third-Party Payment Web,5,112542.62,1
TPWEB_01399,Charity Abuse; Third-Party Payment Web,3,112493.75,3
CHARITY_01279,Charity Abuse; Third-Party Payment Web,2,112401.44,2
FUNNEL_00232,Funnel Account Network; Third-Party Payment Web,5,112368.26,5
CHARITY_03078,Charity Abuse; Third-Party Payment Web,4,112349.06,1
CHARITY_02130,Charity Abuse; Third-Party Payment Web,3,112315.28,3
TPWEB_01027,Charity Abuse; Third-Party Payment Web,3,112315.28,3
TPWEB_00450,Charity Abuse; Third-Party Payment Web,4,112278.56,3
CHARITY_00943,Charity Abuse; Third-Party Payment Web,4,112278.56,3
TPWEB_00971,Third-Party Payment Web,3,112219.32,3
TPWEB_00481,Third-Party Payment Web,4,112159.26000000001,4
TPWEB_01108,Funnel Account Network; Third-Party Payment Web,3,112025.04000000001,3
FUNNEL_00186,Funnel Account Network; Third-Party Payment Web,3,112025.04000000001,3
TPWEB_01208,Third-Party Payment Web,3,111953.88,1
TPWEB_00965,Charity Abuse; Third-Party Payment Web,3,111920.24,3
CHARITY_00661,Charity Abuse,8,111802.31,6
TPWEB_01407,Third-Party Payment Web,4,111756.69,3
CHARITY_00870,Charity Abuse; Third-Party Payment Web,4,111735.41,2
TPWEB_00413,Charity Abuse; Third-Party Payment Web,4,111735.41,2
HRCORR_00500,Charity Abuse; High-Risk Corridor Transfer,1,111472.51,1
CHARITY_03061,Charity Abuse; High-Risk Corridor Transfer,1,111472.51,1
TPWEB_01073,Charity Abuse; Third-Party Payment Web,5,111383.29999999999,4
CHARITY_02210,Charity Abuse; Third-Party Payment Web,5,111383.29999999999,4
TPWEB_00483,Charity Abuse; Third-Party Payment Web,4,111330.52,2
TPWEB_00019,Third-Party Payment Web,4,111301.18,4
CHARITY_03149,Charity Abuse; Third-Party Payment Web,5,111163.65,4
CHARITY_00997,Charity Abuse; Third-Party Payment Web,3,111149.11000000002,3
TPWEB_00479,Charity Abuse; Third-Party Payment Web,3,111149.11000000002,3
TPWEB_00754,Charity Abuse; Third-Party Payment Web,3,111134.4,3
TPWEB_01014,Third-Party Payment Web,4,111013.15,4
TPWEB_00731,Funnel Account Network; Money Mule Network; Third-Party Payment Web,2,110967.70999999999,2
MULE_00077,Funnel Account Network; Money Mule Network; Third-Party Payment Web,2,110967.70999999999,2
FUNNEL_00120,Funnel Account Network; Money Mule Network; Third-Party Payment Web,2,110967.70999999999,2
TPWEB_00874,Third-Party Payment Web,2,110884.94,1
CHARITY_00702,Charity Abuse; Money Mule Network,1,110857.59,1
CHARITY_00996,Charity Abuse; Third-Party Payment Web,4,110780.54000000001,4
TPWEB_00478,Charity Abuse; Third-Party Payment Web,4,110780.54000000001,4
CHARITY_02679,Charity Abuse,13,110649.70999999999,6
CHARITY_00593,Charity Abuse,13,110625.86,8
TPWEB_00976,Third-Party Payment Web,4,110311.0,2
TPWEB_00059,Third-Party Payment Web,3,110161.73999999999,3
CHARITY_01099,Charity Abuse; Third-Party Payment Web,3,110050.18,2
CHARITY_01183,Charity Abuse; Third-Party Payment Web,5,110011.56,3
TPWEB_00567,Charity Abuse; Third-Party Payment Web,5,110011.56,3
CHARITY_02116,Charity Abuse; Third-Party Payment Web,3,109917.4,3
TPWEB_01220,Third-Party Payment Web,2,109902.26,2
CHARITY_01154,Charity Abuse,14,109823.28,8
TPWEB_00132,Charity Abuse; Third-Party Payment Web,2,109772.57,1
CHARITY_02587,Charity Abuse; Third-Party Payment Web,2,109736.8,1
TPWEB_00653,Third-Party Payment Web,4,109729.67000000001,4
TPWEB_00233,Charity Abuse; Funnel Account Network; Third-Party Payment Web,5,109708.15,5
TPWEB_01199,Charity Abuse; Third-Party Payment Web,3,109577.23000000001,3
TPWEB_01489,Charity Abuse; Third-Party Payment Web,4,109511.13,1
CHARITY_03020,Charity Abuse; Third-Party Payment Web,4,109511.13,1
CHARITY_01555,Charity Abuse; Third-Party Payment Web,4,109380.64,1
TPWEB_00746,Charity Abuse; Third-Party Payment Web,4,109380.64,1
TPWEB_01387,Charity Abuse; Third-Party Payment Web,2,109302.5,2
CHARITY_00361,Charity Abuse; Third-Party Payment Web,2,108996.9,1
CHARITY_00230,Charity Abuse; Third-Party Payment Web,5,108830.38,3
TPWEB_00114,Charity Abuse; Third-Party Payment Web,5,108830.38,3
TPWEB_01040,Third-Party Payment Web,2,108661.76000000001,2
CHARITY_02831,Charity Abuse; Third-Party Payment Web,5,108493.45,4
TPWEB_01384,Charity Abuse; Third-Party Payment Web,5,108493.45,4
TPWEB_01533,Funnel Account Network; Third-Party Payment Web,5,108384.26,5
FUNNEL_00265,Funnel Account Network; Third-Party Payment Web,5,108384.26,5
TPWEB_01074,Charity Abuse; Third-Party Payment Web,2,108342.94,2
TPWEB_00367,Charity Abuse; Third-Party Payment Web,3,107974.63,2
TPWEB_00272,Third-Party Payment Web,4,107889.2,4
TPWEB_01588,Charity Abuse; Third-Party Payment Web,4,107847.23,3
TPWEB_00630,Third-Party Payment Web,3,107728.74,3
TPWEB_00877,Charity Abuse; Third-Party Payment Web,4,107684.86,2
CHARITY_01827,Charity Abuse; Third-Party Payment Web,4,107684.86,2
TPWEB_01379,Charity Abuse; Third-Party Payment Web,4,107652.3,2
CHARITY_03130,Charity Abuse; Funnel Account Network,1,107629.83,1
TPWEB_00379,Third-Party Payment Web,3,107461.58,2
CHARITY_02486,Charity Abuse; Third-Party Payment Web,4,107451.82,3
TPWEB_00382,Third-Party Payment Web,5,107443.4,4
CHARITY_02370,Charity Abuse,12,107246.90000000001,10
TPWEB_00206,Charity Abuse; Third-Party Payment Web,4,107245.39,2
CHARITY_00417,Charity Abuse; Third-Party Payment Web,4,107245.39,2
TPWEB_00309,Funnel Account Network; Third-Party Payment Web,5,107221.25,5
FUNNEL_00050,Funnel Account Network; Third-Party Payment Web,5,107221.25,5
TPWEB_01094,Third-Party Payment Web,5,107220.42,2
CHARITY_03094,Charity Abuse,13,107122.62,7
CHARITY_03066,Charity Abuse,7,107121.06,7
TPWEB_00278,Third-Party Payment Web,5,107103.62000000001,3
TPWEB_00005,Third-Party Payment Web,3,107073.55,3
TPWEB_01401,Charity Abuse; Third-Party Payment Web,3,107015.45000000001,3
TPWEB_00945,Third-Party Payment Web,4,106873.25,2
TPWEB_00141,Third-Party Payment Web,5,106846.06,3
CHARITY_01909,Charity Abuse,11,106768.44,8
FUNNEL_00239,Funnel Account Network; Third-Party Payment Web,3,106757.87,3
TPWEB_01362,Funnel Account Network; Third-Party Payment Web,3,106757.87,3
TPWEB_00407,Money Mule Network; Third-Party Payment Web,2,106747.7,2
MULE_00035,Money Mule Network; Third-Party Payment Web,2,106747.7,2
CHARITY_00133,Charity Abuse; Third-Party Payment Web,4,106743.20000000001,4
TPWEB_00066,Charity Abuse; Third-Party Payment Web,4,106743.20000000001,4
TPWEB_01090,Charity Abuse; Third-Party Payment Web,5,106668.08,5
CHARITY_02237,Charity Abuse; Third-Party Payment Web,5,106668.08,5
CHARITY_00759,Charity Abuse; Third-Party Payment Web,3,106639.16,3
CHARITY_01825,Charity Abuse; Third-Party Payment Web,2,106532.20999999999,2
TPWEB_00915,Charity Abuse; Third-Party Payment Web,3,106406.91,2
TPWEB_00877,Third-Party Payment Web,3,106321.95,2
TPWEB_01072,Charity Abuse; Third-Party Payment Web,3,106271.87,2
CHARITY_02206,Charity Abuse; Third-Party Payment Web,3,106271.87,2
TPWEB_00625,Third-Party Payment Web,4,106154.37,4
CHARITY_00096,Charity Abuse; Third-Party Payment Web,4,106111.14,2
TPWEB_00046,Charity Abuse; Third-Party Payment Web,4,106111.14,2
CHARITY_01203,Charity Abuse; Third-Party Payment Web,4,106100.12,3
FUNNEL_00144,Funnel Account Network; Third-Party Payment Web,4,106050.98,4
TPWEB_00857,Funnel Account Network; Third-Party Payment Web,4,106050.98,4
TPWEB_00763,Third-Party Payment Web,4,105832.92000000001,3
TPWEB_01412,Third-Party Payment Web,4,105831.95999999999,4
TPWEB_00433,Charity Abuse; Funnel Account Network; Third-Party Payment Web,2,105826.32999999999,2
FUNNEL_00069,Charity Abuse; Funnel Account Network; Third-Party Payment Web,2,105826.32999999999,2
CHARITY_01641,Charity Abuse; Third-Party Payment Web,5,105750.51000000001,1
TPWEB_00783,Charity Abuse; Third-Party Payment Web,5,105750.51000000001,1
TPWEB_00124,Third-Party Payment Web,4,105729.9,2
TPWEB_01520,Third-Party Payment Web,2,105693.2,2
CHARITY_01875,Charity Abuse; Third-Party Payment Web,4,105669.25,2
TPWEB_00895,Charity Abuse; Third-Party Payment Web,4,105669.25,2
CHARITY_02513,Charity Abuse; Funnel Account Network; Third-Party Payment Web,6,105656.5,6
TPWEB_01235,Charity Abuse; Funnel Account Network; Third-Party Payment Web,6,105656.5,6
FUNNEL_00212,Charity Abuse; Funnel Account Network; Third-Party Payment Web,6,105656.5,6
CHARITY_03274,Charity Abuse; Third-Party Payment Web,3,105619.43,3
TPWEB_01606,Charity Abuse; Third-Party Payment Web,3,105619.43,3
CHARITY_00233,Charity Abuse; Funnel Account Network; Third-Party Payment Web,4,105550.78,4
FUNNEL_00021,Charity Abuse; Funnel Account Network; Third-Party Payment Web,4,105550.78,4
TPWEB_00116,Charity Abuse; Funnel Account Network; Third-Party Payment Web,4,105550.78,4
TPWEB_00840,Charity Abuse; Third-Party Payment Web,4,105517.89,4
CHARITY_01754,Charity Abuse; Third-Party Payment Web,4,105517.89,4
CHARITY_02812,Charity Abuse; Third-Party Payment Web,2,105516.88,2
TPWEB_01271,Charity Abuse; Third-Party Payment Web,2,105474.04000000001,1
CHARITY_00453,Charity Abuse; Third-Party Payment Web,5,105357.89,2
TPWEB_00224,Charity Abuse; Third-Party Payment Web,5,105357.89,2
TPWEB_01615,Charity Abuse; Third-Party Payment Web,5,105275.26000000001,5
TPWEB_01579,Charity Abuse; Third-Party Payment Web,4,105223.99,4
FUNNEL_00029,Charity Abuse; Funnel Account Network; Third-Party Payment Web,3,105060.75,3
TPWEB_00369,Charity Abuse; Third-Party Payment Web,4,105050.1,3
CHARITY_02003,Charity Abuse; Third-Party Payment Web,3,104980.64000000001,3
TPWEB_00966,Charity Abuse; Third-Party Payment Web,3,104980.64000000001,3
CHARITY_00302,Charity Abuse; Third-Party Payment Web,5,104881.01000000001,3
TPWEB_00146,Charity Abuse; Third-Party Payment Web,5,104881.01000000001,3
CHARITY_01535,Charity Abuse; Third-Party Payment Web,3,104821.33,3
TPWEB_00732,Charity Abuse; Third-Party Payment Web,3,104821.33,3
TPWEB_01110,Charity Abuse; Funnel Account Network; Third-Party Payment Web,4,104730.23,4
CHARITY_02275,Charity Abuse; Funnel Account Network; Third-Party Payment Web,4,104730.23,4
FUNNEL_00187,Charity Abuse; Funnel Account Network; Third-Party Payment Web,4,104730.23,4
TPWEB_00869,Third-Party Payment Web,4,104640.75,3
CHARITY_00940,Charity Abuse; Third-Party Payment Web,2,104449.8,1
TPWEB_01007,Third-Party Payment Web,4,104434.28,3
TPWEB_00484,Third-Party Payment Web,3,104371.75,3
CHARITY_01803,Charity Abuse; Funnel Account Network,1,104317.75,1
CHARITY_02617,Charity Abuse; Funnel Account Network; Third-Party Payment Web,5,104303.56,5
TPWEB_01511,Charity Abuse; Third-Party Payment Web,2,104245.04000000001,2
TPWEB_01034,Charity Abuse; Third-Party Payment Web,3,104240.02,3
TPWEB_00888,Third-Party Payment Web,4,104019.06,2
TPWEB_00340,Third-Party Payment Web,4,103903.63,2
TPWEB_01354,Charity Abuse; Third-Party Payment Web,2,103864.56,2
TPWEB_01425,Third-Party Payment Web,4,103831.47,4
CHARITY_02161,Charity Abuse; Third-Party Payment Web,4,103827.06,3
TPWEB_01045,Charity Abuse; Third-Party Payment Web,4,103827.06,3
TPWEB_00393,Third-Party Payment Web,3,103739.24,1
TPWEB_00220,Third-Party Payment Web,4,103728.06,4
TPWEB_00212,Third-Party Payment Web,2,103601.79999999999,1
MULE_00001,Charity Abuse; Funnel Account Network; Money Mule Network,1,103475.01,1
CHARITY_00695,Charity Abuse; Funnel Account Network; Money Mule Network,1,103475.01,1
FUNNEL_00053,Charity Abuse; Funnel Account Network; Money Mule Network,1,103475.01,1
TPWEB_01004,Funnel Account Network; Third-Party Payment Web,5,103465.08,5
FUNNEL_00175,Funnel Account Network; Third-Party Payment Web,5,103465.08,5
TPWEB_00668,Third-Party Payment Web,2,103367.48000000001,2
CHARITY_02260,Charity Abuse; Money Mule Network,1,103300.79,1
MULE_00069,Charity Abuse; Money Mule Network,1,103300.79,1
TPWEB_00177,Charity Abuse; Third-Party Payment Web,2,103211.02,2
CHARITY_01062,Charity Abuse,6,103152.31999999999,5
TPWEB_00511,Third-Party Payment Web,4,103086.89,4
TPWEB_00490,Third-Party Payment Web,5,102823.23,5
CHARITY_00068,Charity Abuse,10,102809.82,7
TPWEB_01317,Charity Abuse; Third-Party Payment Web,3,102773.81,3
CHARITY_01657,Charity Abuse; Third-Party Payment Web,3,102732.20999999999,3
TPWEB_00789,Charity Abuse; Third-Party Payment Web,3,102732.20999999999,3
TPWEB_00844,Charity Abuse; Third-Party Payment Web,5,102463.24,4
CHARITY_01765,Charity Abuse; Third-Party Payment Web,5,102463.24,4
TPWEB_01089,Charity Abuse; Third-Party Payment Web,3,102094.03,2
CHARITY_02236,Charity Abuse; Third-Party Payment Web,3,102094.03,2
TPWEB_01513,Charity Abuse; Third-Party Payment Web,4,102063.68000000001,2
CHARITY_03063,Charity Abuse; Third-Party Payment Web,4,102063.68000000001,2
CHARITY_03081,Charity Abuse,9,102007.25,5
CHARITY_02286,Charity Abuse; Funnel Account Network,1,101970.94,1
TPWEB_00919,Third-Party Payment Web,5,101869.57,4
TPWEB_00599,Third-Party Payment Web,4,101843.34,3
CHARITY_00369,Charity Abuse,8,101811.75,7
CHARITY_01436,Charity Abuse; Third-Party Payment Web,2,101766.40999999999,2
CHARITY_02996,Charity Abuse; Funnel Account Network; Third-Party Payment Web,4,101623.58,4
MULE_00012,Charity Abuse; Money Mule Network,3,101590.92,3
CHARITY_01750,Charity Abuse; Third-Party Payment Web,2,101194.67,2
FUNNEL_00118,Funnel Account Network; Third-Party Payment Web,4,101169.71,3
TPWEB_00722,Funnel Account Network; Third-Party Payment Web,4,101169.71,3
TPWEB_00987,Charity Abuse; Third-Party Payment Web,3,101155.37,3
CHARITY_02057,Charity Abuse; Third-Party Payment Web,3,101155.37,3
FUNNEL_00148,Charity Abuse; Funnel Account Network,6,101155.09,6
TPWEB_00897,Charity Abuse; Third-Party Payment Web,3,101153.31999999999,2
TPWEB_00724,Third-Party Payment Web,3,101129.45,2
CHARITY_03237,Charity Abuse; Third-Party Payment Web,5,101009.48999999999,4
TPWEB_01592,Charity Abuse; Third-Party Payment Web,5,101009.48999999999,4
TPWEB_00475,Charity Abuse; Third-Party Payment Web,4,100974.0,3
TPWEB_01372,Charity Abuse; Third-Party Payment Web,3,100958.57,1
CHARITY_02802,Charity Abuse; Third-Party Payment Web,3,100958.57,1
TPWEB_01565,Charity Abuse; Third-Party Payment Web,4,100921.19,3
CHARITY_03177,Charity Abuse; Third-Party Payment Web,4,100921.19,3
TPWEB_01284,Third-Party Payment Web,4,100907.7,4
TPWEB_00440,Charity Abuse; Third-Party Payment Web,2,100857.19,2
CHARITY_01543,Charity Abuse; Third-Party Payment Web,3,100732.38,2
CHARITY_02974,Charity Abuse,14,100620.83,11
TPWEB_00189,Third-Party Payment Web,4,100526.24,2
CHARITY_00039,Charity Abuse,8,100471.01,5
TPWEB_01226,Charity Abuse; Third-Party Payment Web,4,100394.84,2
TPWEB_00910,Third-Party Payment Web,4,100351.79,3
CHARITY_01331,Charity Abuse; Money Mule Network,1,100266.65,1
CHARITY_02595,Charity Abuse,14,100171.0,9
TPWEB_01451,Charity Abuse; Third-Party Payment Web,4,100075.36,2
CHARITY_02953,Charity Abuse; Third-Party Payment Web,4,100075.36,2
CHARITY_00741,Charity Abuse; Third-Party Payment Web,4,100049.09,2
TPWEB_00349,Charity Abuse; Third-Party Payment Web,4,100049.09,2
TPWEB_01342,Charity Abuse; Third-Party Payment Web,4,99948.53,4
TPWEB_00479,Third-Party Payment Web,2,99791.84000000001,1
TPWEB_01399,Third-Party Payment Web,3,99669.15000000001,3
CHARITY_02845,Charity Abuse; Third-Party Payment Web,1,99557.13,1
CHARITY_00685,Charity Abuse; Third-Party Payment Web,4,99463.84,4
TPWEB_00325,Charity Abuse; Third-Party Payment Web,4,99463.84,4
TPWEB_00657,High-Risk Corridor Transfer; Third-Party Payment Web,1,99453.21,1
HRCORR_00482,High-Risk Corridor Transfer; Third-Party Payment Web,1,99453.21,1
TPWEB_00283,Charity Abuse; Third-Party Payment Web,3,99431.48000000001,3
CHARITY_00386,Charity Abuse; Third-Party Payment Web,1,99426.52,1
CHARITY_00673,Charity Abuse; Third-Party Payment Web,1,99370.98,1
CHARITY_01880,Charity Abuse,5,99357.16,5
TPWEB_00459,Third-Party Payment Web,4,99237.06,3
TPWEB_01413,Third-Party Payment Web,1,99219.67,1
TPWEB_01325,Third-Party Payment Web,1,99179.66,1
TPWEB_01500,Third-Party Payment Web,3,99009.95,1
TPWEB_00949,Third-Party Payment Web,1,98770.64,1
CHARITY_02683,Charity Abuse; Money Mule Network; Third-Party Payment Web,1,98723.84,1
CHARITY_03146,Charity Abuse,6,98710.42,5
TPWEB_01114,Third-Party Payment Web,3,98614.45,3
TPWEB_00337,Charity Abuse; Funnel Account Network; Third-Party Payment Web,1,98530.53,1
CHARITY_02298,Charity Abuse; Third-Party Payment Web,3,98392.26,3
CHARITY_02176,Charity Abuse,9,98389.76000000001,9
TPWEB_00521,Charity Abuse; Third-Party Payment Web,1,98295.86,1
TPWEB_00551,High-Risk Corridor Transfer; Third-Party Payment Web,1,98294.09,1
HRCORR_00332,High-Risk Corridor Transfer; Third-Party Payment Web,1,98294.09,1
CHARITY_00084,Charity Abuse,8,98208.13,4
TPWEB_00396,Third-Party Payment Web,4,98153.98,2
TPWEB_00366,Charity Abuse; Third-Party Payment Web,5,98109.49,5
TPWEB_00551,Third-Party Payment Web,1,98033.16,1
TPWEB_00121,Third-Party Payment Web,1,98032.59,1
CHARITY_00965,Charity Abuse,12,98004.59000000001,12
TPWEB_00161,Third-Party Payment Web,3,98001.54000000001,1
CHARITY_02079,Charity Abuse; Third-Party Payment Web,3,97995.59,3
TPWEB_01003,Charity Abuse; Third-Party Payment Web,3,97995.59,3
TPWEB_01494,Charity Abuse; Third-Party Payment Web,4,97956.84,3
CHARITY_03028,Charity Abuse; Third-Party Payment Web,4,97956.84,3
TPWEB_00581,Charity Abuse; Third-Party Payment Web,1,97955.97,1
CHARITY_00363,Charity Abuse; Third-Party Payment Web,1,97955.97,1
TPWEB_00396,Charity Abuse; Third-Party Payment Web,1,97916.36,1
CHARITY_00603,Charity Abuse; Money Mule Network; Third-Party Payment Web,1,97814.17,1
TPWEB_00971,Charity Abuse; Money Mule Network; Third-Party Payment Web,1,97814.17,1
MULE_00043,Charity Abuse; Money Mule Network; Third-Party Payment Web,1,97814.17,1
TPWEB_00847,Charity Abuse; Third-Party Payment Web,3,97626.19,2
CHARITY_01770,Charity Abuse; Third-Party Payment Web,3,97626.19,2
CHARITY_00378,Charity Abuse; Third-Party Payment Web,1,97539.3,1
TPWEB_01384,Third-Party Payment Web,1,97514.78,1
CHARITY_01844,Charity Abuse; Third-Party Payment Web,2,97398.81,1
CHARITY_00657,Charity Abuse,10,97380.12,6
CHARITY_01367,Charity Abuse; Third-Party Payment Web,3,97347.15,3
TPWEB_00657,Charity Abuse; Third-Party Payment Web,3,97347.15,3
TPWEB_00623,Third-Party Payment Web,1,97332.98,1
TPWEB_00235,Third-Party Payment Web,1,97326.72,1
TPWEB_01045,Third-Party Payment Web,1,97273.6,1
CHARITY_00791,Charity Abuse; Money Mule Network,1,97272.32,1
TPWEB_00234,Third-Party Payment Web,3,97136.29000000001,1
TPWEB_01378,Charity Abuse; Third-Party Payment Web,3,97084.57,2
CHARITY_02813,Charity Abuse; Third-Party Payment Web,3,97084.57,2
CHARITY_03230,Charity Abuse; Third-Party Payment Web,1,96900.59,1
TPWEB_01115,Funnel Account Network; Third-Party Payment Web,1,96887.53,1
CHARITY_01792,Charity Abuse; Third-Party Payment Web,4,96877.97,4
TPWEB_00860,Charity Abuse; Third-Party Payment Web,4,96877.97,4
CHARITY_01028,Charity Abuse; Third-Party Payment Web,1,96727.48,1
TPWEB_01530,Charity Abuse; Third-Party Payment Web,3,96682.59,3
CHARITY_03109,Charity Abuse; Third-Party Payment Web,3,96682.59,3
TPWEB_00978,Third-Party Payment Web,3,96626.4,3
TPWEB_00626,Charity Abuse; Third-Party Payment Web,1,96497.33,1
TPWEB_01329,Charity Abuse; Third-Party Payment Web,3,96487.34,1
CHARITY_02707,Charity Abuse; Third-Party Payment Web,3,96487.34,1
TPWEB_00362,Charity Abuse; Third-Party Payment Web,5,96435.1,5
CHARITY_00767,Charity Abuse; Third-Party Payment Web,5,96435.1,5
CHARITY_01722,Charity Abuse; Third-Party Payment Web,2,96402.87,2
TPWEB_01147,Third-Party Payment Web,4,96176.16,4
TPWEB_00349,Third-Party Payment Web,1,96174.47,1
CHARITY_02751,Charity Abuse; Third-Party Payment Web,4,96151.36,4
TPWEB_01242,Third-Party Payment Web,4,96135.92,3
CHARITY_00668,Charity Abuse; Third-Party Payment Web,1,96075.15,1
TPWEB_00221,Third-Party Payment Web,3,95910.23,3
CHARITY_00566,Charity Abuse; Third-Party Payment Web,1,95908.39,1
TPWEB_01010,Third-Party Payment Web,3,95870.79,2
TPWEB_00193,Third-Party Payment Web,1,95779.25,1
TPWEB_01590,Third-Party Payment Web,1,95716.21,1
TPWEB_00028,Third-Party Payment Web,1,95712.61,1
CHARITY_00942,Charity Abuse; Third-Party Payment Web,6,95646.61,6
CHARITY_01793,Charity Abuse; Third-Party Payment Web,1,95622.01,1
CHARITY_01760,Charity Abuse; Third-Party Payment Web,1,95546.47,1
CHARITY_00034,Charity Abuse; Third-Party Payment Web,3,95464.37,2
TPWEB_01613,High-Risk Corridor Transfer; Third-Party Payment Web,1,95356.3,1
HRCORR_00007,High-Risk Corridor Transfer; Third-Party Payment Web,1,95356.3,1
CHARITY_03292,Charity Abuse; Third-Party Payment Web,1,95304.47,1
TPWEB_00802,Charity Abuse; Third-Party Payment Web,2,95173.48,1
TPWEB_00073,Charity Abuse; Third-Party Payment Web,1,95168.06,1
TPWEB_00282,Charity Abuse; Third-Party Payment Web,2,95151.11,2
TPWEB_01486,Funnel Account Network; Third-Party Payment Web,5,95134.43,5
FUNNEL_00256,Funnel Account Network; Third-Party Payment Web,5,95134.43,5
CHARITY_02985,Charity Abuse; Third-Party Payment Web,3,95125.98999999999,3
CHARITY_02680,Charity Abuse,13,95116.52,7
TPWEB_01298,Third-Party Payment Web,1,95092.58,1
CHARITY_02697,Charity Abuse; Third-Party Payment Web,1,95091.35,1
CHARITY_02084,Charity Abuse; Third-Party Payment Web,3,95087.41,2
CHARITY_01970,Charity Abuse; Third-Party Payment Web,1,95033.32,1
CHARITY_00620,Charity Abuse; High-Risk Corridor Transfer,1,95026.99,1
HRCORR_00174,Charity Abuse; High-Risk Corridor Transfer,1,95026.99,1
CHARITY_00782,Charity Abuse; Funnel Account Network; Third-Party Payment Web,1,95014.79,1
CHARITY_02522,Charity Abuse,6,94883.68000000001,5
TPWEB_01583,Charity Abuse; Third-Party Payment Web,4,94858.45,3
CHARITY_03215,Charity Abuse; Third-Party Payment Web,4,94858.45,3
TPWEB_00801,Charity Abuse; Third-Party Payment Web,4,94627.97,3
CHARITY_01681,Charity Abuse; Third-Party Payment Web,4,94627.97,3
TPWEB_01393,Charity Abuse; High-Risk Corridor Transfer; Third-Party Payment Web,1,94561.52,1
CHARITY_01934,Charity Abuse; High-Risk Corridor Transfer; Third-Party Payment Web,1,94561.52,1
HRCORR_00294,Charity Abuse; High-Risk Corridor Transfer; Third-Party Payment Web,1,94561.52,1
CHARITY_01219,Charity Abuse; Third-Party Payment Web,1,94448.37,1
TPWEB_00944,Third-Party Payment Web,3,94250.86,3
CHARITY_03068,Charity Abuse,13,94241.4,8
CHARITY_01456,Charity Abuse; Third-Party Payment Web,3,94206.8,3
TPWEB_00698,Charity Abuse; Third-Party Payment Web,3,94206.8,3
TPWEB_00215,Third-Party Payment Web,4,94197.91,4
TPWEB_00155,Third-Party Payment Web,1,94189.35,1
CHARITY_01603,Charity Abuse; Third-Party Payment Web,1,94188.61,1
TPWEB_01260,Funnel Account Network; Third-Party Payment Web,4,94056.34,4
FUNNEL_00219,Funnel Account Network; Third-Party Payment Web,4,94056.34,4
CHARITY_00156,Charity Abuse; Third-Party Payment Web,4,93844.6,3
TPWEB_00967,Third-Party Payment Web,1,93799.0,1
TPWEB_00263,Third-Party Payment Web,1,93709.77,1
TPWEB_00673,Charity Abuse; Funnel Account Network; Third-Party Payment Web,1,93645.13,1
TPWEB_01463,Charity Abuse; Third-Party Payment Web,2,93639.38,1
TPWEB_00344,Third-Party Payment Web,1,93555.41,1
TPWEB_00440,Third-Party Payment Web,3,93550.18,2
TPWEB_00624,Third-Party Payment Web,3,93544.86,2
TPWEB_00311,Charity Abuse; Third-Party Payment Web,4,93528.94,3
TPWEB_01086,Third-Party Payment Web,4,93469.49,4
TPWEB_01268,Third-Party Payment Web,2,93463.19,2
TPWEB_01597,Third-Party Payment Web,3,93400.05,3
CHARITY_02178,Charity Abuse,16,93376.69,10
TPWEB_01166,Charity Abuse; Third-Party Payment Web,3,93359.78,2
CHARITY_02604,Charity Abuse; High-Risk Corridor Transfer,1,93205.26,1
HRCORR_00311,Charity Abuse; High-Risk Corridor Transfer,1,93205.26,1
TPWEB_00659,Third-Party Payment Web,3,93141.06,3
CHARITY_00745,Charity Abuse; Third-Party Payment Web,1,93070.03,1
HRCORR_00476,High-Risk Corridor Transfer; Third-Party Payment Web,1,93055.39,1
TPWEB_00206,High-Risk Corridor Transfer; Third-Party Payment Web,1,93055.39,1
TPWEB_00167,Third-Party Payment Web,4,93003.22,4
TPWEB_01307,Charity Abuse; Funnel Account Network; Third-Party Payment Web,5,92960.76,5
TPWEB_00569,Third-Party Payment Web,1,92956.0,1
CHARITY_02688,Charity Abuse,15,92921.19,12
TPWEB_01036,Charity Abuse; Third-Party Payment Web,2,92901.66,2
TPWEB_01183,Charity Abuse; Third-Party Payment Web,3,92843.21,3
CHARITY_02165,Charity Abuse; Third-Party Payment Web,1,92814.52,1
TPWEB_01249,Money Mule Network; Third-Party Payment Web,1,92755.41,1
TPWEB_00377,Third-Party Payment Web,1,92558.41,1
MULE_00045,Money Mule Network; Third-Party Payment Web,1,92478.63,1
TPWEB_01544,Money Mule Network; Third-Party Payment Web,1,92478.63,1
CHARITY_00473,Charity Abuse; Third-Party Payment Web,2,92415.89,1
CHARITY_02661,Charity Abuse,4,92408.85,3
TPWEB_00450,Third-Party Payment Web,1,92370.75,1
TPWEB_00199,Third-Party Payment Web,3,92064.33,3
TPWEB_00790,Charity Abuse; Third-Party Payment Web,3,92016.36,3
TPWEB_01240,Charity Abuse; Third-Party Payment Web,3,91840.02,3
STRUCT_00036,Structuring (Smurfing),10,91794.57,5
TPWEB_00022,Third-Party Payment Web,1,91690.51,1
CHARITY_01078,Charity Abuse,11,91580.62,9
CHARITY_00733,Charity Abuse; Third-Party Payment Web,4,91562.34,3
TPWEB_00344,Charity Abuse; Third-Party Payment Web,4,91562.34,3
FUNNEL_00220,Charity Abuse; Funnel Account Network,11,91541.35,8
TPWEB_00038,Charity Abuse; Third-Party Payment Web,2,91456.02,1
CHARITY_00110,Charity Abuse,10,91435.89,6
CHARITY_00456,Charity Abuse; Third-Party Payment Web,4,91329.95,3
CHARITY_00223,Charity Abuse; Money Mule Network; Third-Party Payment Web,1,91270.12,1
TPWEB_00115,Third-Party Payment Web,4,91219.35,4
TPWEB_01221,Charity Abuse; Third-Party Payment Web,3,91183.72,3
CHARITY_00132,Charity Abuse; Third-Party Payment Web,5,91174.20000000001,5
TPWEB_00065,Charity Abuse; Third-Party Payment Web,5,91174.20000000001,5
TPWEB_01565,Third-Party Payment Web,1,91048.27,1
TPWEB_00654,Third-Party Payment Web,3,91005.15,3
TPWEB_00063,Charity Abuse; Third-Party Payment Web,1,91004.87,1
TPWEB_01048,Third-Party Payment Web,1,90836.12,1
CHARITY_02541,Charity Abuse; Third-Party Payment Web,1,90764.85,1
CHARITY_01380,Charity Abuse,3,90712.81,3
CHARITY_00171,Charity Abuse; Third-Party Payment Web,5,90616.68,5
TPWEB_00916,Funnel Account Network; Third-Party Payment Web,1,90523.1,1
FUNNEL_00159,Funnel Account Network; Third-Party Payment Web,1,90523.1,1
STRUCT_00002,Structuring (Smurfing),10,90383.01,5
CHARITY_00636,Charity Abuse; Third-Party Payment Web,5,90339.53,2
TPWEB_01075,Third-Party Payment Web,3,90319.3,3
TPWEB_00827,Third-Party Payment Web,2,90161.15,2
TPWEB_00836,Third-Party Payment Web,3,90066.74,3
TPWEB_00954,Third-Party Payment Web,4,89982.75,4
HRCORR_00331,High-Risk Corridor Transfer,1,89958.36,1
TPWEB_00064,Charity Abuse; Third-Party Payment Web,4,89918.23,3
CHARITY_00130,Charity Abuse; Third-Party Payment Web,4,89918.23,3
CHARITY_00820,Charity Abuse,7,89896.88,6
CHARITY_01168,Charity Abuse; Third-Party Payment Web,1,89851.47,1
TPWEB_00425,Third-Party Payment Web,1,89758.17,1
TPWEB_01257,Third-Party Payment Web,1,89696.7,1
FUNNEL_00017,Funnel Account Network; Third-Party Payment Web,1,89674.2,1
TPWEB_00100,Funnel Account Network; Third-Party Payment Web,1,89674.2,1
TPWEB_00227,Funnel Account Network; Third-Party Payment Web,4,89646.59,4
FUNNEL_00034,Funnel Account Network; Third-Party Payment Web,4,89646.59,4
TPWEB_00578,Charity Abuse; Third-Party Payment Web,3,89583.25,2
TPWEB_01347,Charity Abuse; Third-Party Payment Web,2,89537.68,1
TPWEB_01615,Third-Party Payment Web,1,89528.75,1
CHARITY_01372,Charity Abuse; Third-Party Payment Web,1,89513.51,1
CHARITY_00614,Charity Abuse; Third-Party Payment Web,3,89475.96,3
CHARITY_02098,Charity Abuse; Third-Party Payment Web,1,89458.66,1
FUNNEL_00254,Charity Abuse; Funnel Account Network; Third-Party Payment Web,3,89418.65000000001,3
TPWEB_01484,Charity Abuse; Funnel Account Network; Third-Party Payment Web,3,89418.65000000001,3
TPWEB_00234,Charity Abuse; Third-Party Payment Web,2,89417.26,2
CHARITY_00480,Charity Abuse; Third-Party Payment Web,2,89417.26,2
FUNNEL_00011,Funnel Account Network; Third-Party Payment Web,2,89409.44,1
CHARITY_02899,Charity Abuse; Third-Party Payment Web,2,89346.6,2
TPWEB_00072,Charity Abuse; Third-Party Payment Web,2,89342.31,2
CHARITY_02396,Charity Abuse; Third-Party Payment Web,1,89282.8,1
TPWEB_01120,Charity Abuse; Third-Party Payment Web,2,89196.67,1
CHARITY_02289,Charity Abuse; Third-Party Payment Web,2,89196.67,1
CHARITY_00333,Charity Abuse; Money Mule Network; Third-Party Payment Web,3,89128.75,3
MULE_00038,Money Mule Network; Third-Party Payment Web,2,89113.01000000001,2
TPWEB_00331,Money Mule Network; Third-Party Payment Web,2,89113.01000000001,2
TPWEB_00506,Money Mule Network; Third-Party Payment Web,1,89018.35,1
MULE_00002,Money Mule Network; Third-Party Payment Web,1,89018.35,1
CHARITY_00693,Charity Abuse; Third-Party Payment Web,1,88908.06,1
CHARITY_02150,Charity Abuse; Third-Party Payment Web,4,88892.63,4
TPWEB_01037,Charity Abuse; Third-Party Payment Web,4,88892.63,4
STRUCT_00052,Structuring (Smurfing),10,88817.24,5
CHARITY_01745,Charity Abuse; Third-Party Payment Web,1,88772.71,1
CHARITY_02791,Charity Abuse; Third-Party Payment Web,1,88741.41,1
TPWEB_00052,Charity Abuse; Third-Party Payment Web,1,88741.41,1
TPWEB_01239,Third-Party Payment Web,1,88738.02,1
TPWEB_00832,Third-Party Payment Web,2,88668.72,2
TPWEB_01550,Charity Abuse; Third-Party Payment Web,4,88664.26,4
CHARITY_00192,Charity Abuse; Third-Party Payment Web,2,88657.89,1
CHARITY_01439,Charity Abuse; Third-Party Payment Web,1,88596.27,1
TPWEB_01441,Charity Abuse; Third-Party Payment Web,3,88543.63,2
TPWEB_00322,High-Risk Corridor Transfer; Third-Party Payment Web,1,88527.03,1
HRCORR_00125,High-Risk Corridor Transfer; Third-Party Payment Web,1,88527.03,1
TPWEB_00251,Charity Abuse; Funnel Account Network; Third-Party Payment Web,4,88506.26000000001,4
TPWEB_01423,Charity Abuse; Third-Party Payment Web,3,88414.08,3
CHARITY_02898,Charity Abuse; Third-Party Payment Web,3,88414.08,3
CHARITY_00117,Charity Abuse; Third-Party Payment Web,1,88321.5,1
TPWEB_01095,Third-Party Payment Web,4,88313.86,2
TPWEB_01217,Third-Party Payment Web,4,88309.38,2
TPWEB_01127,Third-Party Payment Web,1,88284.34,1
CHARITY_01789,Charity Abuse; Third-Party Payment Web,3,88262.95,3
TPWEB_00858,Charity Abuse; Third-Party Payment Web,3,88262.95,3
TPWEB_00021,Charity Abuse; Third-Party Payment Web,4,88196.92,2
TPWEB_00771,Charity Abuse; Third-Party Payment Web,1,88193.23,1
CHARITY_00154,Charity Abuse; Third-Party Payment Web,1,88193.23,1
CHARITY_02306,Charity Abuse; Money Mule Network,1,88190.95,1
TPWEB_00990,Third-Party Payment Web,4,88124.36,4
CHARITY_01022,Charity Abuse; Third-Party Payment Web,1,88083.12,1
TPWEB_01245,Charity Abuse; Third-Party Payment Web,2,88071.06,2
CHARITY_00977,Charity Abuse; Third-Party Payment Web,1,87903.27,1
TPWEB_01100,Third-Party Payment Web,2,87758.76999999999,2
TPWEB_00738,Third-Party Payment Web,1,87736.53,1
TPWEB_01247,Third-Party Payment Web,1,87719.09,1
CHARITY_03286,Charity Abuse; Third-Party Payment Web,4,87678.33,4
CHARITY_00745,Charity Abuse,17,87645.93,9
TPWEB_00552,Charity Abuse; Third-Party Payment Web,3,87623.47,3
TPWEB_01101,Charity Abuse; Third-Party Payment Web,2,87585.91,2
TPWEB_00282,Third-Party Payment Web,3,87447.32,3
CHARITY_02443,Charity Abuse; Third-Party Payment Web,2,87418.91,2
TPWEB_00536,Charity Abuse; Third-Party Payment Web,4,87370.68,4
TPWEB_01126,Charity Abuse; Third-Party Payment Web,1,87319.5,1
TPWEB_00531,Third-Party Payment Web,3,87242.38,2
TPWEB_00209,Charity Abuse; High-Risk Corridor Transfer; Third-Party Payment Web,1,87238.22,1
HRCORR_00324,Charity Abuse; High-Risk Corridor Transfer; Third-Party Payment Web,1,87238.22,1
CHARITY_02207,Charity Abuse; High-Risk Corridor Transfer; Third-Party Payment Web,1,87238.22,1
TPWEB_00186,Third-Party Payment Web,1,87154.93,1
CHARITY_02667,Charity Abuse; Funnel Account Network; Third-Party Payment Web,3,87101.0,1
CHARITY_02223,Charity Abuse; Third-Party Payment Web,3,87087.79000000001,3
TPWEB_01082,Charity Abuse; Third-Party Payment Web,3,87087.79000000001,3
TPWEB_00388,Charity Abuse; Third-Party Payment Web,2,86969.09,2
STRUCT_00111,Structuring (Smurfing),10,86828.62,5
TPWEB_01180,Charity Abuse; Third-Party Payment Web,1,86783.71,1
CHARITY_01962,Charity Abuse,8,86767.05,7
CHARITY_00199,Charity Abuse,15,86739.22,10
TPWEB_00207,Charity Abuse; Third-Party Payment Web,2,86702.62,1
CHARITY_01940,Charity Abuse,6,86701.45,6
TPWEB_00077,Third-Party Payment Web,1,86652.15,1
TPWEB_00126,Third-Party Payment Web,1,86638.02,1
TPWEB_00571,Charity Abuse; Third-Party Payment Web,3,86491.45000000001,2
CHARITY_01191,Charity Abuse; Third-Party Payment Web,3,86491.45000000001,2
TPWEB_01070,Third-Party Payment Web,1,86463.28,1
TPWEB_00817,Charity Abuse; Third-Party Payment Web,2,86447.85,2
CHARITY_01377,Charity Abuse; Funnel Account Network; Third-Party Payment Web,2,86397.35,2
FUNNEL_00105,Charity Abuse; Funnel Account Network; Third-Party Payment Web,2,86397.35,2
TPWEB_00661,Charity Abuse; Funnel Account Network; Third-Party Payment Web,2,86397.35,2
MULE_00074,Charity Abuse; Money Mule Network,1,86297.9,1
CHARITY_02871,Charity Abuse; Money Mule Network,1,86297.9,1
CHARITY_01737,Charity Abuse; Third-Party Payment Web,2,86277.70000000001,2
TPWEB_00671,Charity Abuse; Funnel Account Network; Third-Party Payment Web,1,86050.59,1
TPWEB_01117,Third-Party Payment Web,1,86012.43,1
CHARITY_00592,Charity Abuse; Third-Party Payment Web,1,85928.72,1
TPWEB_00718,Charity Abuse; Third-Party Payment Web,2,85923.57,2
TPWEB_00198,Third-Party Payment Web,1,85785.29,1
TPWEB_00122,Charity Abuse; Third-Party Payment Web,4,85641.7,1
CHARITY_01222,Charity Abuse; Third-Party Payment Web,1,85578.86,1
TPWEB_01345,Charity Abuse; Third-Party Payment Web,2,85523.6,2
CHARITY_02275,Charity Abuse,7,85506.69,4
CHARITY_02848,Charity Abuse; Third-Party Payment Web,4,85488.98999999999,4
TPWEB_00507,Third-Party Payment Web,1,85384.55,1
TPWEB_01261,Third-Party Payment Web,1,85324.15,1
TPWEB_01352,Charity Abuse; Third-Party Payment Web,3,85273.02,3
CHARITY_00861,Charity Abuse; Third-Party Payment Web,1,85204.15,1
CHARITY_00123,Charity Abuse; Third-Party Payment Web,4,85164.68,2
TPWEB_00453,Third-Party Payment Web,1,85150.95,1
CHARITY_01766,Charity Abuse; Third-Party Payment Web,1,85143.63,1
CHARITY_01774,Charity Abuse; Third-Party Payment Web,1,85105.23,1
CHARITY_00567,Charity Abuse; Third-Party Payment Web,2,84977.72,2
CHARITY_00652,Charity Abuse,5,84890.01,5
FUNNEL_00035,Funnel Account Network; Third-Party Payment Web,4,84770.29000000001,4
TPWEB_00229,Funnel Account Network; Third-Party Payment Web,4,84770.29000000001,4
CHARITY_01761,Charity Abuse; Money Mule Network; Third-Party Payment Web,1,84746.38,1
CHARITY_02172,Charity Abuse; Third-Party Payment Web,3,84618.3,3
TPWEB_01285,Charity Abuse; Third-Party Payment Web,3,84449.82,2
TPWEB_00569,Charity Abuse; Third-Party Payment Web,4,84371.09,4
CHARITY_01188,Charity Abuse; Third-Party Payment Web,4,84371.09,4
FUNNEL_00168,Charity Abuse; Funnel Account Network; Third-Party Payment Web,4,84323.06,4
TPWEB_00964,Charity Abuse; Funnel Account Network; Third-Party Payment Web,4,84323.06,4
TPWEB_00465,Third-Party Payment Web,2,84291.23,1
CHARITY_01475,Charity Abuse; Third-Party Payment Web,2,84288.45999999999,2
CHARITY_03251,Charity Abuse; Third-Party Payment Web,3,84258.84,2
CHARITY_01754,Charity Abuse; High-Risk Corridor Transfer,1,84173.03,1
HRCORR_00475,Charity Abuse; High-Risk Corridor Transfer,1,84173.03,1
CHARITY_00989,Charity Abuse; Third-Party Payment Web,3,84167.76000000001,3
TPWEB_01455,Charity Abuse; Third-Party Payment Web,1,84023.05,1
CHARITY_03199,Charity Abuse; Third-Party Payment Web,1,84023.05,1
TPWEB_00749,Third-Party Payment Web,1,83963.6,1
TPWEB_00937,Third-Party Payment Web,1,83948.32,1
TPWEB_00759,Third-Party Payment Web,3,83921.48999999999,2
TPWEB_01365,Third-Party Payment Web,3,83910.94,1
CHARITY_03004,Charity Abuse; Third-Party Payment Web,1,83870.41,1
TPWEB_01253,Charity Abuse; Third-Party Payment Web,2,83849.35,1
CHARITY_00010,Charity Abuse; Third-Party Payment Web,2,83661.56,2
TPWEB_01491,Charity Abuse; Third-Party Payment Web,3,83545.19,3
CHARITY_03025,Charity Abuse; Third-Party Payment Web,3,83545.19,3
CHARITY_00369,Charity Abuse; Funnel Account Network; Third-Party Payment Web,2,83496.6,2
TPWEB_01254,Charity Abuse; Third-Party Payment Web,3,83312.43,3
CHARITY_02738,Charity Abuse; Funnel Account Network; Third-Party Payment Web,1,83282.8,1
MULE_00065,Money Mule Network; Third-Party Payment Web,2,83218.05,2
TPWEB_00213,Money Mule Network; Third-Party Payment Web,2,83218.05,2
CHARITY_02658,Charity Abuse; Third-Party Payment Web,1,83099.23,1
CHARITY_01588,Charity Abuse; Third-Party Payment Web,1,83060.21,1
TPWEB_01242,Charity Abuse; Third-Party Payment Web,1,83060.21,1
TPWEB_00159,Third-Party Payment Web,1,83049.5,1
TPWEB_00744,Charity Abuse; Money Mule Network; Third-Party Payment Web,1,83040.48,1
MULE_00057,Charity Abuse; Money Mule Network; Third-Party Payment Web,1,83040.48,1
CHARITY_02289,Charity Abuse; Money Mule Network; Third-Party Payment Web,1,83040.48,1
TPWEB_01041,Charity Abuse; Third-Party Payment Web,2,83020.86,2
FUNNEL_00276,Funnel Account Network; Third-Party Payment Web,2,82987.75,2
TPWEB_01595,Funnel Account Network; Third-Party Payment Web,2,82987.75,2
CHARITY_00164,Charity Abuse; Third-Party Payment Web,3,82897.20999999999,1
TPWEB_00541,Third-Party Payment Web,4,82885.41,3
TPWEB_00500,Third-Party Payment Web,1,82861.72,1
CHARITY_02787,Charity Abuse; Third-Party Payment Web,3,82788.39,2
TPWEB_01368,Charity Abuse; Third-Party Payment Web,3,82788.39,2
TPWEB_00795,Charity Abuse; Third-Party Payment Web,3,82721.79,2
CHARITY_01927,Charity Abuse; Third-Party Payment Web,1,82566.36,1
TPWEB_01200,Charity Abuse; Third-Party Payment Web,2,82476.19,2
CHARITY_00711,Charity Abuse; Third-Party Payment Web,3,82346.64,2
TPWEB_00083,Third-Party Payment Web,4,82337.22,2
TPWEB_00425,Charity Abuse; Third-Party Payment Web,4,82300.99,2
CHARITY_00901,Charity Abuse; Third-Party Payment Web,4,82300.99,2
TPWEB_01328,Third-Party Payment Web,1,82256.41,1
CHARITY_00270,Charity Abuse; Third-Party Payment Web,3,82216.53,3
TPWEB_01370,Third-Party Payment Web,1,82186.38,1
TPWEB_00933,Third-Party Payment Web,3,82186.37,2
CHARITY_02613,Charity Abuse; Third-Party Payment Web,2,81869.86,2
TPWEB_00165,Third-Party Payment Web,1,81825.33,1
CHARITY_00492,Charity Abuse; Third-Party Payment Web,1,81811.1,1
MULE_00044,Charity Abuse; Money Mule Network; Third-Party Payment Web,2,81738.52,2
TPWEB_00730,Charity Abuse; Money Mule Network; Third-Party Payment Web,2,81738.52,2
CHARITY_01532,Charity Abuse; Money Mule Network; Third-Party Payment Web,2,81738.52,2
TPWEB_00173,Third-Party Payment Web,1,81698.19,1
TPWEB_01289,Third-Party Payment Web,4,81682.23999999999,4
CHARITY_01136,Charity Abuse; Third-Party Payment Web,1,81573.47,1
CHARITY_00978,Charity Abuse; Third-Party Payment Web,2,81521.72,1
TPWEB_00108,Third-Party Payment Web,2,81517.51999999999,1
CHARITY_02788,Charity Abuse; Money Mule Network; Third-Party Payment Web,1,81485.66,1
TPWEB_00982,Charity Abuse; Money Mule Network; Third-Party Payment Web,1,81485.66,1
MULE_00011,Charity Abuse; Money Mule Network; Third-Party Payment Web,1,81485.66,1
TPWEB_00929,Funnel Account Network; Third-Party Payment Web,1,81423.09,1
FUNNEL_00161,Funnel Account Network; Third-Party Payment Web,1,81423.09,1
TPWEB_01016,Charity Abuse; Third-Party Payment Web,2,81332.94,2
CHARITY_03131,Charity Abuse; Third-Party Payment Web,3,81330.95999999999,3
MULE_00009,Charity Abuse; Money Mule Network; Third-Party Payment Web,2,81326.31,2
CHARITY_03093,Charity Abuse; Money Mule Network; Third-Party Payment Web,2,81326.31,2
TPWEB_01526,Charity Abuse; Money Mule Network; Third-Party Payment Web,2,81326.31,2
MULE_00029,Charity Abuse; Money Mule Network; Third-Party Payment Web,1,81319.4,1
TPWEB_01354,Charity Abuse; Money Mule Network; Third-Party Payment Web,1,81319.4,1
CHARITY_03252,Charity Abuse; Money Mule Network; Third-Party Payment Web,1,81319.4,1
TPWEB_00591,Funnel Account Network; Third-Party Payment Web,1,81266.84,1
TPWEB_01105,Charity Abuse; Third-Party Payment Web,2,81249.83,2
HRCORR_00222,Charity Abuse; High-Risk Corridor Transfer,1,81245.27,1
CHARITY_01660,Charity Abuse; High-Risk Corridor Transfer,1,81245.27,1
TPWEB_00723,Charity Abuse; Third-Party Payment Web,1,81202.15,1
CHARITY_02713,Charity Abuse; Third-Party Payment Web,1,81202.15,1
MULE_00015,Money Mule Network; Third-Party Payment Web,1,81155.61,1
TPWEB_00064,Money Mule Network; Third-Party Payment Web,1,81155.61,1
TPWEB_00554,Third-Party Payment Web,4,81143.33,4
TPWEB_00046,Third-Party Payment Web,1,81057.99,1
STRUCT_00075,Structuring (Smurfing),9,81012.47,5
TPWEB_00872,Third-Party Payment Web,5,80927.84,4
TPWEB_01509,Charity Abuse; Money Mule Network; Third-Party Payment Web,2,80893.10999999999,2
MULE_00055,Charity Abuse; Money Mule Network; Third-Party Payment Web,2,80893.10999999999,2
CHARITY_01105,Charity Abuse; Third-Party Payment Web,3,80861.74,2
TPWEB_00342,Third-Party Payment Web,1,80844.66,1
TPWEB_01290,Charity Abuse; Third-Party Payment Web,3,80831.39,3
CHARITY_02618,Charity Abuse; Third-Party Payment Web,3,80831.39,3
CHARITY_00827,Charity Abuse; Third-Party Payment Web,3,80799.88,3
TPWEB_01379,Third-Party Payment Web,1,80784.6,1
TPWEB_01456,Third-Party Payment Web,4,80706.44,4
TPWEB_00926,Third-Party Payment Web,1,80684.27,1
MULE_00067,Money Mule Network; Third-Party Payment Web,3,80557.98,3
TPWEB_01107,Money Mule Network; Third-Party Payment Web,3,80557.98,3
TPWEB_01516,Third-Party Payment Web,2,80545.98999999999,1
CHARITY_02013,Charity Abuse; Third-Party Payment Web,3,80485.78,1
CHARITY_00484,Charity Abuse; Third-Party Payment Web,2,80485.56,2
TPWEB_00515,Charity Abuse; Third-Party Payment Web,2,80318.22,2
CHARITY_01065,Charity Abuse; Third-Party Payment Web,2,80318.22,2
TPWEB_00325,Third-Party Payment Web,1,80287.08,1
TPWEB_00911,Third-Party Payment Web,1,80256.81,1
TPWEB_01217,Money Mule Network; Third-Party Payment Web,1,80201.28,1
TPWEB_00691,Third-Party Payment Web,1,80200.2,1
TPWEB_00139,Charity Abuse; Third-Party Payment Web,3,80183.22,3
CHARITY_00283,Charity Abuse; Third-Party Payment Web,3,80183.22,3
TPWEB_00047,Charity Abuse; Third-Party Payment Web,2,80174.03,2
CHARITY_00725,Charity Abuse,5,80099.09,4
TPWEB_01125,Charity Abuse; Third-Party Payment Web,2,79985.5,2
TPWEB_00724,Charity Abuse; Third-Party Payment Web,2,79953.87,2
CHARITY_01273,Charity Abuse; Third-Party Payment Web,3,79952.88,1
TPWEB_00613,Charity Abuse; Third-Party Payment Web,3,79952.88,1
CHARITY_00211,Charity Abuse,5,79938.94,5
CHARITY_00632,Charity Abuse; Third-Party Payment Web,2,79855.42,1
TPWEB_00104,Charity Abuse; Third-Party Payment Web,3,79843.28,2
CHARITY_00215,Charity Abuse; Third-Party Payment Web,3,79843.28,2
CHARITY_00108,Charity Abuse; Third-Party Payment Web,1,79779.07,1
STRUCT_00028,Structuring (Smurfing),9,79691.84,5
TPWEB_01311,Charity Abuse; Funnel Account Network; Third-Party Payment Web,3,79683.81,2
TPWEB_00966,Third-Party Payment Web,2,79631.5,2
CHARITY_02419,Charity Abuse,5,79532.26000000001,4
CHARITY_00587,Charity Abuse; Third-Party Payment Web,1,79527.21,1
TPWEB_00306,Third-Party Payment Web,1,79401.3,1
TPWEB_01198,Third-Party Payment Web,4,79393.93,2
TPWEB_01370,Charity Abuse; Third-Party Payment Web,3,79295.58,3
TPWEB_00756,Third-Party Payment Web,2,79276.73,2
CHARITY_02189,Charity Abuse; Third-Party Payment Web,2,79211.70000000001,1
TPWEB_01066,Charity Abuse; Third-Party Payment Web,2,79211.70000000001,1
TPWEB_00068,Third-Party Payment Web,3,79078.55,3
TPWEB_00587,Third-Party Payment Web,3,79013.0,2
CHARITY_02677,Charity Abuse; Third-Party Payment Web,2,78988.75,2
CHARITY_01231,Charity Abuse; Money Mule Network; Third-Party Payment Web,1,78971.9,1
TPWEB_01064,Third-Party Payment Web,1,78899.28,1
TPWEB_00981,Charity Abuse; Third-Party Payment Web,2,78851.04000000001,2
CHARITY_02044,Charity Abuse; Third-Party Payment Web,2,78851.04000000001,2
CHARITY_01139,Charity Abuse; Third-Party Payment Web,1,78838.97,1
TPWEB_00866,Charity Abuse; Third-Party Payment Web,4,78766.23,4
TPWEB_00734,Charity Abuse; Third-Party Payment Web,2,78739.89,2
TPWEB_00180,Third-Party Payment Web,2,78619.79000000001,2
TPWEB_00169,Charity Abuse; Third-Party Payment Web,1,78616.22,1
TPWEB_00009,Charity Abuse; Third-Party Payment Web,4,78405.84,3
CHARITY_00013,Charity Abuse; Third-Party Payment Web,4,78405.84,3
CHARITY_01987,Charity Abuse; Third-Party Payment Web,3,78387.75,3
FUNNEL_00043,Charity Abuse; Funnel Account Network,11,78205.25,10
TPWEB_00503,Third-Party Payment Web,4,78165.25,2
TPWEB_00689,Charity Abuse; Third-Party Payment Web,2,78102.57,2
CHARITY_01433,Charity Abuse; Third-Party Payment Web,2,78102.57,2
TPWEB_00869,Charity Abuse; Third-Party Payment Web,2,78004.73000000001,1
CHARITY_01545,Charity Abuse,7,77984.06,6
TPWEB_00068,Charity Abuse; Third-Party Payment Web,2,77940.11,2
CHARITY_03203,Charity Abuse; Third-Party Payment Web,3,77920.85,3
TPWEB_01577,Charity Abuse; Third-Party Payment Web,3,77920.85,3
MULE_00030,Money Mule Network; Third-Party Payment Web,1,77691.47,1
TPWEB_01244,Money Mule Network; Third-Party Payment Web,1,77691.47,1
TPWEB_00715,Charity Abuse; Third-Party Payment Web,1,77688.94,1
CHARITY_01898,Charity Abuse; Third-Party Payment Web,1,77688.94,1
MULE_00005,Money Mule Network; Third-Party Payment Web,1,77497.0,1
TPWEB_01423,Money Mule Network; Third-Party Payment Web,1,77497.0,1
CHARITY_00953,Charity Abuse; Third-Party Payment Web,1,77477.49,1
HRCORR_00515,High-Risk Corridor Transfer; Third-Party Payment Web,1,77447.32,1
TPWEB_01370,High-Risk Corridor Transfer; Third-Party Payment Web,1,77447.32,1
CHARITY_00487,Charity Abuse; Third-Party Payment Web,3,77414.0,3
TPWEB_00237,Charity Abuse; Third-Party Payment Web,3,77414.0,3
TPWEB_01584,Third-Party Payment Web,1,77384.34,1
CHARITY_00436,Charity Abuse; Third-Party Payment Web,3,77328.05,1
TPWEB_00218,Charity Abuse; Third-Party Payment Web,3,77328.05,1
TPWEB_00342,Charity Abuse; Third-Party Payment Web,5,77300.25,4
TPWEB_00090,Charity Abuse; Third-Party Payment Web,1,77130.85,1
CHARITY_00948,Charity Abuse; Third-Party Payment Web,1,77130.85,1
CHARITY_02037,Charity Abuse; Third-Party Payment Web,1,77057.02,1
TPWEB_01416,Charity Abuse; Third-Party Payment Web,2,76994.97,2
TPWEB_00478,Third-Party Payment Web,1,76832.78,1
CHARITY_02264,Charity Abuse; Third-Party Payment Web,3,76831.65,2
TPWEB_01100,Charity Abuse; Third-Party Payment Web,3,76831.65,2
CHARITY_00342,Charity Abuse; Third-Party Payment Web,2,76777.6,2
TPWEB_00856,Charity Abuse; Third-Party Payment Web,4,76694.33,3
CHARITY_01783,Charity Abuse; Third-Party Payment Web,4,76694.33,3
CHARITY_01199,Charity Abuse; Money Mule Network; Third-Party Payment Web,1,76539.41,1
TPWEB_00997,Charity Abuse; Money Mule Network; Third-Party Payment Web,1,76539.41,1
MULE_00042,Charity Abuse; Money Mule Network; Third-Party Payment Web,1,76539.41,1
CHARITY_01596,Charity Abuse; Third-Party Payment Web,3,76473.23,2
CHARITY_03229,Charity Abuse; Third-Party Payment Web,4,76460.49,4
CHARITY_02441,Charity Abuse; Third-Party Payment Web,2,76398.78,1
TPWEB_01102,High-Risk Corridor Transfer; Third-Party Payment Web,1,76386.86,1
HRCORR_00074,High-Risk Corridor Transfer; Third-Party Payment Web,1,76386.86,1
TPWEB_00728,Third-Party Payment Web,3,76378.98000000001,3
CHARITY_01819,Charity Abuse; Third-Party Payment Web,4,76011.5,1
TPWEB_00874,Charity Abuse; Third-Party Payment Web,4,76011.5,1
TPWEB_01148,Charity Abuse; Funnel Account Network; Third-Party Payment Web,2,75980.13,2
CHARITY_02335,Charity Abuse; Funnel Account Network; Third-Party Payment Web,2,75980.13,2
TPWEB_00177,Third-Party Payment Web,3,75961.23999999999,3
TPWEB_00042,Third-Party Payment Web,1,75912.16,1
CHARITY_01286,Charity Abuse; Third-Party Payment Web,5,75896.56,5
TPWEB_00621,Charity Abuse; Third-Party Payment Web,5,75896.56,5
MULE_00078,Charity Abuse; Money Mule Network,1,75742.15,1
CHARITY_01468,Charity Abuse; Money Mule Network,1,75742.15,1
CHARITY_01519,Charity Abuse; Third-Party Payment Web,3,75724.22,2
TPWEB_01451,Third-Party Payment Web,1,75674.51,1
CHARITY_02466,Charity Abuse; Money Mule Network; Third-Party Payment Web,1,75493.44,1
TPWEB_01607,Third-Party Payment Web,1,75473.61,1
CHARITY_01674,Charity Abuse; Funnel Account Network; Third-Party Payment Web,2,75220.76,1
TPWEB_00161,Charity Abuse; Third-Party Payment Web,2,75105.75,2
TPWEB_01513,Third-Party Payment Web,1,75098.63,1
CHARITY_03166,Charity Abuse; Third-Party Payment Web,1,75041.57,1
TPWEB_00016,Charity Abuse; Funnel Account Network; Third-Party Payment Web,1,75013.81,1
CHARITY_01567,Charity Abuse; Third-Party Payment Web,2,74922.76000000001,1
CHARITY_01212,Charity Abuse; Third-Party Payment Web,3,74887.46,3
FUNNEL_00115,Funnel Account Network; Third-Party Payment Web,1,74731.39,1
TPWEB_00692,Funnel Account Network; Third-Party Payment Web,1,74731.39,1
CHARITY_02430,Charity Abuse,3,74669.66,2
TPWEB_01307,Funnel Account Network; Third-Party Payment Web,4,74661.25,4
TPWEB_01364,Third-Party Payment Web,3,74644.73,1
FUNNEL_00042,Charity Abuse; Funnel Account Network,3,74583.28,3
TPWEB_01012,High-Risk Corridor Transfer; Third-Party Payment Web,1,74571.06,1
HRCORR_00047,High-Risk Corridor Transfer; Third-Party Payment Web,1,74571.06,1
TPWEB_01475,Third-Party Payment Web,1,74431.65,1
FUNNEL_00166,Funnel Account Network; Third-Party Payment Web,1,74429.15,1
TPWEB_00952,Funnel Account Network; Third-Party Payment Web,1,74429.15,1
CHARITY_02684,Charity Abuse; Third-Party Payment Web,1,74428.54,1
TPWEB_00835,Charity Abuse; Third-Party Payment Web,1,74428.54,1
CHARITY_00538,Charity Abuse; Third-Party Payment Web,1,74361.04,1
TPWEB_00226,Third-Party Payment Web,1,74360.36,1
TPWEB_00082,Charity Abuse; Third-Party Payment Web,3,74250.69,3
CHARITY_00157,Charity Abuse; Third-Party Payment Web,3,74250.69,3
TPWEB_00143,Third-Party Payment Web,1,74248.01,1
TPWEB_00238,Funnel Account Network; Third-Party Payment Web,1,74223.4,1
FUNNEL_00037,Funnel Account Network; Third-Party Payment Web,1,74223.4,1
CHARITY_00589,Charity Abuse; Money Mule Network; Third-Party Payment Web,1,74174.88,1
TPWEB_00208,Charity Abuse; Third-Party Payment Web,4,74157.95,4
TPWEB_00800,Charity Abuse; Third-Party Payment Web,1,74063.01,1
CHARITY_00846,Charity Abuse; Third-Party Payment Web,1,73993.39,1
TPWEB_00204,Charity Abuse; Third-Party Payment Web,3,73992.01,2
CHARITY_00414,Charity Abuse; Third-Party Payment Web,3,73992.01,2
TPWEB_01491,Third-Party Payment Web,4,73864.15,4
TPWEB_01150,Third-Party Payment Web,2,73744.74,2
TPWEB_00086,Third-Party Payment Web,2,73742.29000000001,1
CHARITY_00573,Charity Abuse; Third-Party Payment Web,1,73735.57,1
TPWEB_00779,Charity Abuse; Third-Party Payment Web,1,73731.9,1
CHARITY_01249,Charity Abuse; Money Mule Network; Third-Party Payment Web,1,73722.68,1
FUNNEL_00025,Funnel Account Network,1,73597.78,1
TPWEB_00381,Third-Party Payment Web,1,73577.03,1
CHARITY_00640,Charity Abuse; Third-Party Payment Web,3,73518.36,3
TPWEB_00306,Charity Abuse; Third-Party Payment Web,3,73518.36,3
TPWEB_00197,Funnel Account Network; Third-Party Payment Web,1,73478.1,1
TPWEB_00959,Third-Party Payment Web,1,73430.69,1
TPWEB_00048,Charity Abuse; Third-Party Payment Web,2,73429.79000000001,2
TPWEB_01114,Charity Abuse; Third-Party Payment Web,2,73357.34,2
CHARITY_02280,Charity Abuse; Third-Party Payment Web,2,73357.34,2
TPWEB_00822,Third-Party Payment Web,1,73331.91,1
CHARITY_00815,Charity Abuse; Money Mule Network,2,73329.92,2
CHARITY_00204,Charity Abuse; Third-Party Payment Web,3,73250.03,3
TPWEB_00100,Charity Abuse; Third-Party Payment Web,3,73250.03,3
CHARITY_00461,Charity Abuse; Third-Party Payment Web,2,72895.17,1
CHARITY_01145,Charity Abuse; Third-Party Payment Web,3,72894.63,3
TPWEB_00551,Charity Abuse; Third-Party Payment Web,3,72894.63,3
TPWEB_01511,Third-Party Payment Web,2,72892.99,2
CHARITY_00664,Charity Abuse; Third-Party Payment Web,3,72885.81999999999,3
TPWEB_00315,Charity Abuse; Third-Party Payment Web,3,72885.81999999999,3
CHARITY_00119,Charity Abuse; Third-Party Payment Web,2,72880.83,2
CHARITY_00446,Charity Abuse; Third-Party Payment Web,1,72812.58,1
STRUCT_00093,Structuring (Smurfing),8,72800.36,4
STRUCT_00041,Structuring (Smurfing),8,72736.22,4
STRUCT_00104,Structuring (Smurfing),8,72722.75,4
STRUCT_00073,Structuring (Smurfing),8,72569.09,4
STRUCT_00007,Structuring (Smurfing),8,72459.38,4
TPWEB_00483,Third-Party Payment Web,1,72421.32,1
TPWEB_00669,Third-Party Payment Web,1,72350.22,1
CHARITY_00282,Charity Abuse; Third-Party Payment Web,4,72228.33,4
TPWEB_01466,Third-Party Payment Web,1,72205.48,1
CHARITY_01951,Charity Abuse; Third-Party Payment Web,1,72179.03,1
HRCORR_00389,High-Risk Corridor Transfer; Third-Party Payment Web,1,72167.83,1
TPWEB_00836,High-Risk Corridor Transfer; Third-Party Payment Web,1,72167.83,1
TPWEB_00104,Third-Party Payment Web,2,72145.59,2
TPWEB_01579,Third-Party Payment Web,1,72131.0,1
CHARITY_02546,Charity Abuse,12,72097.66,12
STRUCT_00031,Structuring (Smurfing),8,72083.26,4
CHARITY_02428,Charity Abuse; Third-Party Payment Web,4,72047.16,4
TPWEB_00904,Third-Party Payment Web,3,72045.76,3
TPWEB_00801,Third-Party Payment Web,1,72028.57,1
STRUCT_00087,Structuring (Smurfing),8,71811.95,4
TPWEB_00617,Funnel Account Network; Third-Party Payment Web,1,71787.52,1
FUNNEL_00100,Funnel Account Network; Third-Party Payment Web,1,71787.52,1
CHARITY_02723,Charity Abuse; Third-Party Payment Web,1,71761.8,1
CHARITY_01841,Charity Abuse,5,71731.59,5
STRUCT_00015,Structuring (Smurfing),8,71641.29,4
TPWEB_01221,Third-Party Payment Web,2,71554.41,2
TPWEB_01308,Third-Party Payment Web,3,71553.56,3
TPWEB_00941,Third-Party Payment Web,1,71550.76,1
TPWEB_00915,Third-Party Payment Web,2,71465.22,2
TPWEB_01182,Charity Abuse; Third-Party Payment Web,3,71436.01,3
TPWEB_00652,Third-Party Payment Web,1,71321.07,1
STRUCT_00058,Structuring (Smurfing),8,71305.21,4
STRUCT_00110,Structuring (Smurfing),8,71234.68,4
TPWEB_00737,Charity Abuse; Third-Party Payment Web,2,71195.67,1
TPWEB_00168,Third-Party Payment Web,3,71123.29000000001,1
TPWEB_01163,Funnel Account Network; Third-Party Payment Web,4,71114.47,4
FUNNEL_00196,Funnel Account Network; Third-Party Payment Web,4,71114.47,4
STRUCT_00090,Structuring (Smurfing),8,71094.07,4
TPWEB_01102,Charity Abuse; Funnel Account Network; Third-Party Payment Web,1,70987.95,1
TPWEB_01037,Third-Party Payment Web,1,70931.62,1
CHARITY_00221,Charity Abuse; Third-Party Payment Web,4,70898.98,3
TPWEB_00108,Charity Abuse; Third-Party Payment Web,4,70898.98,3
HRCORR_00341,Charity Abuse; High-Risk Corridor Transfer,1,70884.67,1
CHARITY_02009,Charity Abuse; High-Risk Corridor Transfer,1,70884.67,1
CHARITY_02711,Charity Abuse; Third-Party Payment Web,2,70880.39,2
STRUCT_00021,Structuring (Smurfing),8,70823.31,4
STRUCT_00018,Structuring (Smurfing),8,70806.27,4
FUNNEL_00183,Charity Abuse; Funnel Account Network; Third-Party Payment Web,1,70781.83,1
CHARITY_02237,Charity Abuse; Funnel Account Network; Third-Party Payment Web,1,70781.83,1
TPWEB_01511,Charity Abuse; Funnel Account Network; Third-Party Payment Web,1,70781.83,1
CHARITY_00124,Charity Abuse; Third-Party Payment Web,3,70772.64,3
FUNNEL_00057,Funnel Account Network; Third-Party Payment Web,3,70769.19,3
TPWEB_00351,Funnel Account Network; Third-Party Payment Web,3,70769.19,3
TPWEB_00061,Charity Abuse; Third-Party Payment Web,3,70765.23999999999,2
TPWEB_00131,Charity Abuse; Third-Party Payment Web,2,70716.31,2
CHARITY_01296,Charity Abuse; Third-Party Payment Web,1,70693.18,1
FUNNEL_00054,Funnel Account Network; Third-Party Payment Web,4,70562.04,4
TPWEB_00341,Funnel Account Network; Third-Party Payment Web,4,70562.04,4
TPWEB_00590,Charity Abuse; Third-Party Payment Web,3,70558.7,3
TPWEB_01585,Money Mule Network; Third-Party Payment Web,1,70502.12,1
TPWEB_01150,Charity Abuse; Third-Party Payment Web,3,70488.19,3
TPWEB_01406,Charity Abuse; Third-Party Payment Web,1,70433.89,1
TPWEB_00892,Third-Party Payment Web,1,70428.84,1
STRUCT_00063,Structuring (Smurfing),8,70416.2,4
TPWEB_00472,Third-Party Payment Web,1,70406.84,1
CHARITY_01957,Charity Abuse; Third-Party Payment Web,1,70342.22,1
TPWEB_00021,Third-Party Payment Web,1,70322.17,1
TPWEB_01506,Charity Abuse; Third-Party Payment Web,2,70303.26999999999,1
CHARITY_03049,Charity Abuse; Third-Party Payment Web,2,70303.26999999999,1
STRUCT_00069,Structuring (Smurfing),8,70231.91,4
CHARITY_01785,Charity Abuse; Third-Party Payment Web,1,70084.03,1
TPWEB_00075,Third-Party Payment Web,4,70083.66,4
TPWEB_01159,Third-Party Payment Web,1,70041.79,1
CHARITY_00265,Charity Abuse; Third-Party Payment Web,1,69979.99,1
CHARITY_02957,Charity Abuse; Third-Party Payment Web,1,69964.59,1
TPWEB_01298,Money Mule Network; Third-Party Payment Web,1,69912.72,1
MULE_00027,Money Mule Network; Third-Party Payment Web,1,69912.72,1
STRUCT_00126,Structuring (Smurfing),8,69860.38,4
TPWEB_00183,Charity Abuse; Funnel Account Network; Third-Party Payment Web,2,69759.07,2
TPWEB_01431,Funnel Account Network; Third-Party Payment Web,1,69704.25,1
CHARITY_00137,Charity Abuse; Third-Party Payment Web,2,69663.53,1
TPWEB_00694,Charity Abuse; Third-Party Payment Web,2,69643.8,2
CHARITY_02765,Charity Abuse; Third-Party Payment Web,2,69636.81999999999,1
TPWEB_01027,Third-Party Payment Web,1,69537.08,1
STRUCT_00016,Structuring (Smurfing),8,69492.59,4
CHARITY_01931,Charity Abuse; Third-Party Payment Web,2,69433.17,2
FUNNEL_00073,Funnel Account Network; Third-Party Payment Web,2,69346.79000000001,2
CHARITY_00592,Charity Abuse; Funnel Account Network,10,69341.82,10
STRUCT_00091,Structuring (Smurfing),8,69325.12,4
TPWEB_00329,Third-Party Payment Web,2,69158.92,1
CHARITY_02551,Charity Abuse,4,69108.89,4
TPWEB_00958,Third-Party Payment Web,1,69029.08,1
CHARITY_01095,Charity Abuse; Third-Party Payment Web,1,69010.71,1
TPWEB_00622,Charity Abuse; Third-Party Payment Web,1,69010.71,1
CHARITY_02068,Charity Abuse,7,68892.45,5
FUNNEL_00099,Charity Abuse; Funnel Account Network,2,68884.1,2
CHARITY_01280,Charity Abuse,7,68869.64,5
FUNNEL_00260,Charity Abuse; Funnel Account Network; Money Mule Network; Third-Party Payment Web,2,68800.5,2
MULE_00008,Charity Abuse; Funnel Account Network; Money Mule Network; Third-Party Payment Web,2,68800.5,2
TPWEB_01503,Charity Abuse; Funnel Account Network; Money Mule Network; Third-Party Payment Web,2,68800.5,2
CHARITY_03041,Charity Abuse; Funnel Account Network; Money Mule Network; Third-Party Payment Web,2,68800.5,2
TPWEB_01441,Third-Party Payment Web,2,68787.0,1
TPWEB_01202,Third-Party Payment Web,1,68757.2,1
TPWEB_00458,Charity Abuse; Third-Party Payment Web,3,68751.84,3
TPWEB_00661,Charity Abuse; Third-Party Payment Web,2,68624.76,2
CHARITY_01377,Charity Abuse; Third-Party Payment Web,2,68624.76,2
CHARITY_02119,Charity Abuse; Third-Party Payment Web,1,68579.32,1
CHARITY_00873,Charity Abuse,4,68559.17,3
CHARITY_01196,Charity Abuse; Third-Party Payment Web,3,68497.26,3
TPWEB_00573,Charity Abuse; Third-Party Payment Web,3,68497.26,3
TPWEB_00489,Third-Party Payment Web,1,68488.88,1
TPWEB_00860,Third-Party Payment Web,1,68231.39,1
CHARITY_02690,Charity Abuse,5,68208.12,5
CHARITY_01059,Charity Abuse; Third-Party Payment Web,1,68009.52,1
TPWEB_00549,Third-Party Payment Web,1,67964.26,1
CHARITY_00424,Charity Abuse; Third-Party Payment Web,1,67935.82,1
TPWEB_01197,Third-Party Payment Web,1,67920.26,1
CHARITY_00047,Charity Abuse; Third-Party Payment Web,1,67840.31,1
CHARITY_02485,Charity Abuse; Third-Party Payment Web,2,67768.03,2
FUNNEL_00125,Charity Abuse; Funnel Account Network; Third-Party Payment Web,2,67765.99,2
TPWEB_00756,Charity Abuse; Funnel Account Network; Third-Party Payment Web,2,67765.99,2
TPWEB_00030,Third-Party Payment Web,1,67679.95,1
TPWEB_01463,Third-Party Payment Web,3,67642.84,3
TPWEB_00579,Third-Party Payment Web,1,67487.58,1
TPWEB_00469,Funnel Account Network; Third-Party Payment Web,3,67458.8,3
FUNNEL_00075,Funnel Account Network; Third-Party Payment Web,3,67458.8,3
TPWEB_00334,Charity Abuse; Third-Party Payment Web,2,67441.34,2
CHARITY_00704,Charity Abuse; Third-Party Payment Web,2,67441.34,2
CHARITY_01758,Charity Abuse; Third-Party Payment Web,2,67344.39,2
TPWEB_00842,Charity Abuse; Third-Party Payment Web,2,67344.39,2
TPWEB_00656,Third-Party Payment Web,1,67316.54,1
CHARITY_00227,Charity Abuse; Third-Party Payment Web,1,67268.93,1
TPWEB_00836,Charity Abuse; Funnel Account Network; Third-Party Payment Web,1,67262.36,1
CHARITY_01427,Charity Abuse,6,67098.11,6
TPWEB_01225,Charity Abuse; Third-Party Payment Web,1,67032.22,1
TPWEB_01607,Funnel Account Network; Third-Party Payment Web,1,66912.4,1
FUNNEL_00278,Funnel Account Network; Third-Party Payment Web,1,66912.4,1
CHARITY_02033,Charity Abuse; Third-Party Payment Web,1,66889.67,1
TPWEB_00201,Charity Abuse; Third-Party Payment Web,1,66889.67,1
TPWEB_01069,Third-Party Payment Web,1,66837.58,1
TPWEB_00445,Third-Party Payment Web,1,66796.73,1
TPWEB_01499,Charity Abuse; Third-Party Payment Web,1,66788.47,1
TPWEB_00676,Charity Abuse; Third-Party Payment Web,2,66762.58,2
TPWEB_01339,Third-Party Payment Web,4,66755.62,4
CHARITY_00204,Charity Abuse,4,66738.95999999999,4
TPWEB_00164,Charity Abuse; Third-Party Payment Web,2,66735.54,2
CHARITY_00333,Charity Abuse; Third-Party Payment Web,2,66735.54,2
TPWEB_00022,Funnel Account Network; Third-Party Payment Web,1,66704.16,1
FUNNEL_00002,Funnel Account Network; Third-Party Payment Web,1,66704.16,1
TPWEB_01351,Charity Abuse; Third-Party Payment Web,3,66542.45999999999,3
CHARITY_02748,Charity Abuse; Third-Party Payment Web,3,66542.45999999999,3
CHARITY_00219,Charity Abuse; Funnel Account Network,1,66464.42,1
TPWEB_01033,Charity Abuse; Third-Party Payment Web,1,66416.66,1
CHARITY_03240,Charity Abuse; Third-Party Payment Web,1,66416.66,1
TPWEB_01038,Charity Abuse; Third-Party Payment Web,2,66337.84,2
CHARITY_02151,Charity Abuse; Third-Party Payment Web,2,66337.84,2
TPWEB_01589,Charity Abuse; Third-Party Payment Web,3,66247.23,3
TPWEB_00140,Charity Abuse; Third-Party Payment Web,2,66193.62,1
CHARITY_00285,Charity Abuse; Third-Party Payment Web,2,66193.62,1
CHARITY_00233,Charity Abuse,4,66151.18,2
TPWEB_00087,Charity Abuse; Third-Party Payment Web,1,66085.21,1
CHARITY_00121,Charity Abuse; Third-Party Payment Web,1,66069.49,1
TPWEB_00943,Third-Party Payment Web,1,66066.41,1
TPWEB_01589,Third-Party Payment Web,1,66064.83,1
TPWEB_00920,Third-Party Payment Web,1,66021.45,1
TPWEB_00527,Third-Party Payment Web,3,65854.97,3
FUNNEL_00137,Charity Abuse; Funnel Account Network; Third-Party Payment Web,3,65829.04,3
TPWEB_00818,Charity Abuse; Funnel Account Network; Third-Party Payment Web,3,65829.04,3
TPWEB_01124,Charity Abuse; Third-Party Payment Web,3,65827.35,3
TPWEB_01531,Charity Abuse; Third-Party Payment Web,1,65759.28,1
CHARITY_00655,Charity Abuse; Third-Party Payment Web,1,65759.28,1
CHARITY_01102,Charity Abuse,6,65743.12,5
CHARITY_02719,Charity Abuse; Third-Party Payment Web,1,65217.2,1
FUNNEL_00157,Charity Abuse; Funnel Account Network; Third-Party Payment Web,3,65192.61,3
CHARITY_02001,Charity Abuse,4,65008.14,2
CHARITY_01863,Charity Abuse; Third-Party Payment Web,2,64963.0,1
TPWEB_00891,Charity Abuse; Third-Party Payment Web,2,64963.0,1
CHARITY_03185,Charity Abuse; Third-Party Payment Web,1,64941.48,1
CHARITY_01820,Charity Abuse; Third-Party Payment Web,2,64914.11,2
CHARITY_01276,Charity Abuse; Third-Party Payment Web,2,64909.16,2
TPWEB_00712,Charity Abuse; Third-Party Payment Web,2,64871.15,2
TPWEB_00558,Charity Abuse; Third-Party Payment Web,1,64817.5,1
CHARITY_02111,Charity Abuse; Third-Party Payment Web,1,64805.48,1
CHARITY_00299,Charity Abuse; Third-Party Payment Web,2,64798.729999999996,1
FUNNEL_00250,Funnel Account Network,4,64791.740000000005,3
TPWEB_00039,Charity Abuse; Third-Party Payment Web,3,64666.31,3
CHARITY_00080,Charity Abuse; Third-Party Payment Web,3,64666.31,3
TPWEB_00363,Third-Party Payment Web,3,64621.93,3
TPWEB_00420,Third-Party Payment Web,1,64428.37,1
TPWEB_00210,Funnel Account Network; Third-Party Payment Web,1,64416.21,1
FUNNEL_00032,Funnel Account Network; Third-Party Payment Web,1,64416.21,1
TPWEB_00827,Charity Abuse; Third-Party Payment Web,3,64380.920000000006,2
CHARITY_01730,Charity Abuse; Third-Party Payment Web,3,64380.920000000006,2
TPWEB_01316,Charity Abuse; Funnel Account Network; Third-Party Payment Web,1,64342.47,1
TPWEB_00531,Charity Abuse; Third-Party Payment Web,2,64338.31,2
STRUCT_00035,Structuring (Smurfing),7,64309.12,3
TPWEB_01303,Third-Party Payment Web,1,64304.85,1
FUNNEL_00135,Charity Abuse; Funnel Account Network; Third-Party Payment Web,1,64301.71,1
CHARITY_02974,Charity Abuse; Funnel Account Network; Third-Party Payment Web,1,64301.71,1
TPWEB_00804,Charity Abuse; Funnel Account Network; Third-Party Payment Web,1,64301.71,1
CHARITY_01382,Charity Abuse,3,64288.869999999995,2
STRUCT_00030,Structuring (Smurfing),7,64287.88,4
CHARITY_01585,Charity Abuse; Third-Party Payment Web,1,64283.31,1
TPWEB_01006,Charity Abuse; Third-Party Payment Web,1,64283.31,1
CHARITY_01213,Charity Abuse; Third-Party Payment Web,1,64244.98,1
TPWEB_00783,Third-Party Payment Web,1,64142.11,1
TPWEB_01580,Charity Abuse; Funnel Account Network; Third-Party Payment Web,4,64124.49,4
FUNNEL_00274,Charity Abuse; Funnel Account Network; Third-Party Payment Web,4,64124.49,4
TPWEB_01607,Charity Abuse; Funnel Account Network; Third-Party Payment Web,2,64103.33,2
FUNNEL_00278,Charity Abuse; Funnel Account Network; Third-Party Payment Web,2,64103.33,2
CHARITY_03275,Charity Abuse; Funnel Account Network; Third-Party Payment Web,2,64103.33,2
TPWEB_00233,Charity Abuse; Third-Party Payment Web,1,63998.13,1
CHARITY_00779,Charity Abuse; Third-Party Payment Web,1,63998.13,1
TPWEB_00856,Third-Party Payment Web,1,63812.28,1
CHARITY_02434,Charity Abuse; Third-Party Payment Web,2,63794.15,2
CHARITY_00399,Charity Abuse; Third-Party Payment Web,4,63643.369999999995,2
TPWEB_00198,Charity Abuse; Third-Party Payment Web,4,63643.369999999995,2
TPWEB_00625,Money Mule Network; Third-Party Payment Web,1,63571.42,1
MULE_00056,Money Mule Network; Third-Party Payment Web,1,63571.42,1
CHARITY_00590,Charity Abuse; Third-Party Payment Web,1,63554.38,1
TPWEB_00385,Third-Party Payment Web,2,63465.08,2
STRUCT_00060,Structuring (Smurfing),7,63351.09,4
CHARITY_01377,Charity Abuse,5,63317.55,3
TPWEB_00139,Third-Party Payment Web,2,63287.73,1
FUNNEL_00104,Funnel Account Network; Third-Party Payment Web,3,63004.57,3
TPWEB_00650,Funnel Account Network; Third-Party Payment Web,3,63004.57,3
TPWEB_00326,Third-Party Payment Web,1,62992.82,1
CHARITY_02480,Charity Abuse; Third-Party Payment Web,1,62894.7,1
TPWEB_01493,Charity Abuse; Third-Party Payment Web,1,62894.7,1
TPWEB_00394,Charity Abuse; Third-Party Payment Web,2,62861.94,2
CHARITY_00764,Charity Abuse,6,62854.39,6
CHARITY_01899,Charity Abuse; Third-Party Payment Web,1,62848.86,1
STRUCT_00012,Structuring (Smurfing),7,62698.490000000005,4
TPWEB_00424,Third-Party Payment Web,1,62584.29,1
TPWEB_00830,Money Mule Network; Third-Party Payment Web,1,62423.37,1
STRUCT_00085,Structuring (Smurfing),7,62354.99,3
TPWEB_01075,Charity Abuse; Third-Party Payment Web,2,62235.89,2
CHARITY_02860,Charity Abuse,3,62228.72,2
CHARITY_03275,Charity Abuse,3,62221.29,3
TPWEB_01554,Charity Abuse; Third-Party Payment Web,3,62212.86,3
CHARITY_03159,Charity Abuse; Third-Party Payment Web,3,62212.86,3
TPWEB_00093,Charity Abuse; Third-Party Payment Web,1,62210.54,1
CHARITY_01479,Charity Abuse; Third-Party Payment Web,1,62210.54,1
CHARITY_00683,Charity Abuse; Funnel Account Network,1,62159.9,1
CHARITY_00852,Charity Abuse; Third-Party Payment Web,1,62040.42,1
TPWEB_00746,Third-Party Payment Web,1,62013.46,1
CHARITY_01071,Charity Abuse,4,61994.270000000004,4
TPWEB_01620,Charity Abuse; Third-Party Payment Web,2,61965.45,1
CHARITY_03297,Charity Abuse; Third-Party Payment Web,2,61965.45,1
TPWEB_00727,Charity Abuse; Third-Party Payment Web,2,61670.19,2
CHARITY_02035,Charity Abuse; Third-Party Payment Web,2,61631.619999999995,2
TPWEB_01181,Charity Abuse; Third-Party Payment Web,2,61594.03,1
CHARITY_00113,Charity Abuse,6,61468.770000000004,3
CHARITY_00002,Charity Abuse; Third-Party Payment Web,1,61358.44,1
CHARITY_01114,Charity Abuse; Third-Party Payment Web,3,61250.73,2
TPWEB_00539,Charity Abuse; Third-Party Payment Web,3,61250.73,2
CHARITY_00118,Charity Abuse; Third-Party Payment Web,2,61235.13,2
TPWEB_00059,Charity Abuse; Third-Party Payment Web,2,61235.13,2
TPWEB_00388,Third-Party Payment Web,3,61196.630000000005,3
TPWEB_00584,Charity Abuse; Third-Party Payment Web,1,61154.18,1
CHARITY_01410,Charity Abuse; Third-Party Payment Web,1,61154.18,1
TPWEB_01032,Charity Abuse; Third-Party Payment Web,2,61089.36,2
TPWEB_00657,Third-Party Payment Web,1,61038.12,1
CHARITY_02558,Charity Abuse; Funnel Account Network,2,61033.0,2
TPWEB_00167,Money Mule Network; Third-Party Payment Web,1,61030.03,1
CHARITY_01419,Charity Abuse; Third-Party Payment Web,3,61004.090000000004,2
TPWEB_00682,Charity Abuse; Third-Party Payment Web,3,61004.090000000004,2
CHARITY_02420,Charity Abuse; Third-Party Payment Web,3,60990.060000000005,3
TPWEB_01026,Third-Party Payment Web,1,60922.34,1
CHARITY_01910,Charity Abuse; Third-Party Payment Web,1,60905.64,1
TPWEB_01317,Third-Party Payment Web,2,60880.42,2
TPWEB_01089,Third-Party Payment Web,2,60877.49,2
CHARITY_01591,Charity Abuse; Third-Party Payment Web,2,60860.43,2
CHARITY_01422,Charity Abuse; Money Mule Network,1,60829.63,1
MULE_00059,Charity Abuse; Money Mule Network,1,60829.63,1
CHARITY_00724,Charity Abuse; Third-Party Payment Web,1,60810.48,1
TPWEB_01537,Charity Abuse; Third-Party Payment Web,1,60810.48,1
TPWEB_00705,Charity Abuse; Third-Party Payment Web,2,60810.22,2
CHARITY_01474,Charity Abuse; Third-Party Payment Web,2,60810.22,2
TPWEB_01175,Charity Abuse; Third-Party Payment Web,1,60795.45,1
CHARITY_01575,Charity Abuse; Third-Party Payment Web,1,60795.45,1
CHARITY_01597,Charity Abuse; Third-Party Payment Web,1,60766.62,1
CHARITY_01145,Charity Abuse,7,60738.36,3
TPWEB_00194,Third-Party Payment Web,1,60538.16,1
TPWEB_00526,Charity Abuse; Third-Party Payment Web,1,60474.66,1
TPWEB_01419,Third-Party Payment Web,1,60391.29,1
TPWEB_01148,Charity Abuse; Third-Party Payment Web,2,60360.11,2
CHARITY_02335,Charity Abuse; Third-Party Payment Web,2,60360.11,2
MULE_00082,Money Mule Network; Third-Party Payment Web,1,60311.64,1
TPWEB_00357,Money Mule Network; Third-Party Payment Web,1,60311.64,1
CHARITY_02727,Charity Abuse; Third-Party Payment Web,2,60305.86,1
TPWEB_01596,Third-Party Payment Web,1,60301.82,1
TPWEB_01129,Third-Party Payment Web,1,60256.7,1
TPWEB_00679,Third-Party Payment Web,2,60226.69,2
TPWEB_01287,Third-Party Payment Web,1,60203.68,1
TPWEB_01077,Third-Party Payment Web,1,60144.41,1
CHARITY_00277,Charity Abuse,4,60017.81,4
CHARITY_01983,Charity Abuse; Third-Party Payment Web,2,59987.26,2
TPWEB_01324,Third-Party Payment Web,1,59948.17,1
CHARITY_01757,Charity Abuse; Third-Party Payment Web,2,59902.36,2
TPWEB_00841,Charity Abuse; Third-Party Payment Web,2,59902.36,2
CHARITY_02948,Charity Abuse; Third-Party Payment Web,1,59792.37,1
TPWEB_00012,Third-Party Payment Web,1,59747.72,1
TPWEB_00682,Third-Party Payment Web,2,59697.22,2
TPWEB_01412,Funnel Account Network; Third-Party Payment Web,1,59617.71,1
TPWEB_00346,Funnel Account Network; Third-Party Payment Web,1,59545.22,1
TPWEB_00113,Charity Abuse; Third-Party Payment Web,1,59536.41,1
TPWEB_01440,Third-Party Payment Web,1,59520.36,1
TPWEB_01184,Third-Party Payment Web,1,59451.81,1
TPWEB_00969,Third-Party Payment Web,1,59440.74,1
TPWEB_00624,Charity Abuse; Third-Party Payment Web,2,59397.409999999996,2
TPWEB_00880,Third-Party Payment Web,3,59382.06,3
CHARITY_02448,Charity Abuse,5,59362.64,5
CHARITY_02402,Charity Abuse; Third-Party Payment Web,2,59362.11,2
CHARITY_02964,Charity Abuse,2,59314.41,2
FUNNEL_00116,Charity Abuse; Funnel Account Network,7,59295.75,5
CHARITY_00209,Charity Abuse; Third-Party Payment Web,2,59287.11,1
TPWEB_00888,Charity Abuse; Third-Party Payment Web,1,59118.42,1
CHARITY_02306,Charity Abuse; Third-Party Payment Web,1,59118.42,1
TPWEB_00674,Charity Abuse; Third-Party Payment Web,2,59078.33,2
CHARITY_01404,Charity Abuse; Third-Party Payment Web,2,59078.33,2
CHARITY_02586,Charity Abuse,5,59074.74,5
CHARITY_00838,Charity Abuse; Third-Party Payment Web,3,59052.28,2
TPWEB_00400,Charity Abuse; Third-Party Payment Web,3,59052.28,2
TPWEB_00369,Third-Party Payment Web,1,59048.31,1
MULE_00025,Money Mule Network; Third-Party Payment Web,2,59033.619999999995,2
TPWEB_00985,Money Mule Network; Third-Party Payment Web,2,59033.619999999995,2
CHARITY_01291,Charity Abuse; Third-Party Payment Web,1,59021.4,1
CHARITY_02206,Charity Abuse; Funnel Account Network,2,58854.020000000004,2
TPWEB_01480,Charity Abuse; Third-Party Payment Web,2,58823.96000000001,2
HRCORR_00489,High-Risk Corridor Transfer; Third-Party Payment Web,1,58763.17,1
TPWEB_01605,High-Risk Corridor Transfer; Third-Party Payment Web,1,58763.17,1
TPWEB_01357,Charity Abuse; Third-Party Payment Web,3,58732.67,1
CHARITY_02761,Charity Abuse; Third-Party Payment Web,3,58732.67,1
TPWEB_00308,Third-Party Payment Web,1,58621.12,1
TPWEB_00469,Third-Party Payment Web,2,58609.61,2
TPWEB_00290,Third-Party Payment Web,1,58532.27,1
TPWEB_01148,Third-Party Payment Web,1,58502.9,1
TPWEB_00142,Third-Party Payment Web,1,58492.77,1
TPWEB_00616,Charity Abuse; Third-Party Payment Web,2,58400.11,2
CHARITY_03014,Charity Abuse; Third-Party Payment Web,2,58235.11,1
TPWEB_01484,Charity Abuse; Third-Party Payment Web,2,58235.11,1
TPWEB_00204,Third-Party Payment Web,1,58106.36,1
TPWEB_00271,Charity Abuse; Third-Party Payment Web,2,58020.24,2
CHARITY_00572,Charity Abuse; Third-Party Payment Web,2,58020.24,2
CHARITY_02316,Charity Abuse; Third-Party Payment Web,1,57997.51,1
TPWEB_00303,Charity Abuse; Third-Party Payment Web,1,57997.51,1
CHARITY_00451,Charity Abuse; Third-Party Payment Web,1,57993.87,1
TPWEB_01021,Third-Party Payment Web,1,57915.56,1
TPWEB_00168,Charity Abuse; Third-Party Payment Web,2,57887.2,2
TPWEB_00828,Charity Abuse; Third-Party Payment Web,2,57817.28,2
CHARITY_01731,Charity Abuse; Third-Party Payment Web,2,57817.28,2
CHARITY_02560,Charity Abuse,5,57751.92,4
TPWEB_00808,Charity Abuse; Third-Party Payment Web,2,57641.26,1
CHARITY_00142,Charity Abuse; Third-Party Payment Web,2,57633.08,2
CHARITY_01382,Charity Abuse; Funnel Account Network; Third-Party Payment Web,2,57580.369999999995,2
FUNNEL_00107,Charity Abuse; Funnel Account Network; Third-Party Payment Web,2,57580.369999999995,2
CHARITY_01755,Charity Abuse; Third-Party Payment Web,1,57475.23,1
CHARITY_02373,Charity Abuse; Third-Party Payment Web,2,57470.56,2
TPWEB_00156,Third-Party Payment Web,1,57394.01,1
TPWEB_00044,Third-Party Payment Web,3,57277.73,3
TPWEB_00610,Charity Abuse; Third-Party Payment Web,2,57198.46000000001,2
CHARITY_00803,Charity Abuse; Third-Party Payment Web,2,57180.08,2
TPWEB_00379,Charity Abuse; Third-Party Payment Web,2,57180.08,2
CHARITY_01713,Charity Abuse; Third-Party Payment Web,2,57146.99,2
TPWEB_00609,Funnel Account Network; Third-Party Payment Web,1,57113.59,1
CHARITY_02439,Charity Abuse; Third-Party Payment Web,3,56986.15,3
CHARITY_00683,Charity Abuse,12,56876.57,9
TPWEB_00303,Money Mule Network; Third-Party Payment Web,1,56848.49,1
MULE_00022,Money Mule Network; Third-Party Payment Web,1,56848.49,1
TPWEB_00661,Funnel Account Network; Third-Party Payment Web,1,56765.17,1
FUNNEL_00105,Funnel Account Network; Third-Party Payment Web,1,56765.17,1
MULE_00070,Charity Abuse; Money Mule Network,2,56762.53,1
TPWEB_00791,Third-Party Payment Web,1,56635.86,1
STRUCT_00013,Structuring (Smurfing),6,56599.11,3
CHARITY_03275,Charity Abuse; Third-Party Payment Web,2,56555.31,2
TPWEB_01607,Charity Abuse; Third-Party Payment Web,2,56555.31,2
TPWEB_01526,Third-Party Payment Web,1,56387.48,1
FUNNEL_00024,Charity Abuse; Funnel Account Network; Third-Party Payment Web,3,56234.46,3
CHARITY_00267,Charity Abuse; Funnel Account Network; Third-Party Payment Web,3,56234.46,3
CHARITY_01954,Charity Abuse; Funnel Account Network; Third-Party Payment Web,2,56212.47,1
TPWEB_00759,Charity Abuse; Third-Party Payment Web,2,56137.770000000004,2
TPWEB_01402,Third-Party Payment Web,1,56117.04,1
TPWEB_00413,Third-Party Payment Web,1,56017.66,1
CHARITY_01981,Charity Abuse; Third-Party Payment Web,2,55989.75,2
TPWEB_00225,Charity Abuse; Third-Party Payment Web,1,55762.37,1
CHARITY_00642,Charity Abuse; Third-Party Payment Web,1,55762.37,1
CHARITY_03130,Charity Abuse; Third-Party Payment Web,1,55680.62,1
CHARITY_03076,Charity Abuse; Third-Party Payment Web,2,55658.56999999999,2
TPWEB_01516,Charity Abuse; Third-Party Payment Web,2,55658.56999999999,2
STRUCT_00009,Structuring (Smurfing),6,55598.31,3
CHARITY_03155,Charity Abuse; Third-Party Payment Web,2,55597.16,2
FUNNEL_00235,Funnel Account Network; Third-Party Payment Web,1,55470.8,1
TPWEB_01321,Funnel Account Network; Third-Party Payment Web,1,55470.8,1
TPWEB_01319,Third-Party Payment Web,1,55433.39,1
CHARITY_02632,Charity Abuse,4,55425.59,1
CHARITY_02105,Charity Abuse; Third-Party Payment Web,1,55376.77,1
FUNNEL_00256,Charity Abuse; Funnel Account Network; Third-Party Payment Web,2,55370.12,1
FUNNEL_00099,Charity Abuse; Funnel Account Network; Third-Party Payment Web,2,55324.22,2
TPWEB_00608,Charity Abuse; Funnel Account Network; Third-Party Payment Web,2,55324.22,2
TPWEB_00935,Third-Party Payment Web,1,55235.25,1
STRUCT_00044,Structuring (Smurfing),6,55230.29,3
TPWEB_00066,Third-Party Payment Web,1,55213.38,1
TPWEB_01259,Charity Abuse; Third-Party Payment Web,2,55187.64,2
CHARITY_02559,Charity Abuse; Third-Party Payment Web,2,55187.64,2
STRUCT_00003,Structuring (Smurfing),6,55139.43,3
STRUCT_00027,Structuring (Smurfing),6,55058.41,4
TPWEB_00761,Funnel Account Network; Third-Party Payment Web,3,55056.16,3
FUNNEL_00128,Funnel Account Network; Third-Party Payment Web,3,55056.16,3
FUNNEL_00239,Charity Abuse; Funnel Account Network,3,55015.74,2
CHARITY_02380,Charity Abuse; Third-Party Payment Web,1,54995.35,1
CHARITY_03068,Charity Abuse; Third-Party Payment Web,2,54958.619999999995,2
TPWEB_00997,Money Mule Network; Third-Party Payment Web,1,54946.55,1
MULE_00042,Money Mule Network; Third-Party Payment Web,1,54946.55,1
CHARITY_00469,Charity Abuse; Third-Party Payment Web,1,54921.7,1
STRUCT_00077,Structuring (Smurfing),6,54845.399999999994,3
CHARITY_02001,Charity Abuse; Funnel Account Network; Third-Party Payment Web,3,54815.909999999996,3
CHARITY_03033,Charity Abuse,7,54783.22,4
CHARITY_00294,Charity Abuse; Third-Party Payment Web,4,54708.4,3
TPWEB_00143,Charity Abuse; Third-Party Payment Web,4,54708.4,3
STRUCT_00039,Structuring (Smurfing),6,54702.1,3
TPWEB_01470,Third-Party Payment Web,3,54678.22,3
FUNNEL_00095,Charity Abuse; Funnel Account Network; Third-Party Payment Web,2,54634.3,2
TPWEB_00568,Charity Abuse; Funnel Account Network; Third-Party Payment Web,2,54634.3,2
FUNNEL_00151,Charity Abuse; Funnel Account Network; Third-Party Payment Web,2,54623.759999999995,2
CHARITY_01841,Charity Abuse; Funnel Account Network; Third-Party Payment Web,2,54623.759999999995,2
TPWEB_00078,Third-Party Payment Web,1,54582.91,1
CHARITY_01673,Charity Abuse; Third-Party Payment Web,2,54393.630000000005,2
TPWEB_01470,Charity Abuse; Third-Party Payment Web,3,54306.57000000001,3
TPWEB_01393,Charity Abuse; Money Mule Network; Third-Party Payment Web,1,54271.54,1
CHARITY_01663,Charity Abuse; Money Mule Network; Third-Party Payment Web,1,54271.54,1
TPWEB_00570,Charity Abuse; Third-Party Payment Web,2,54215.95,2
CHARITY_02917,Charity Abuse; Funnel Account Network,2,54210.51,2
STRUCT_00115,Structuring (Smurfing),6,54207.18,3
STRUCT_00130,Structuring (Smurfing),6,54112.68,3
CHARITY_01461,Charity Abuse; Funnel Account Network,5,54108.659999999996,4
CHARITY_01854,Charity Abuse; Third-Party Payment Web,2,54063.22,2
STRUCT_00055,Structuring (Smurfing),6,54041.07,3
STRUCT_00070,Structuring (Smurfing),6,53998.1,3
TPWEB_00796,Third-Party Payment Web,2,53988.27,1
CHARITY_00474,Charity Abuse,6,53974.840000000004,6
CHARITY_03049,Charity Abuse; Funnel Account Network,3,53938.56,1
STRUCT_00136,Structuring (Smurfing),6,53888.76,3
STRUCT_00097,Structuring (Smurfing),6,53874.3,3
TPWEB_01562,Charity Abuse; Third-Party Payment Web,3,53861.71,3
TPWEB_01614,Charity Abuse; Third-Party Payment Web,1,53777.32,1
CHARITY_02411,Charity Abuse; Third-Party Payment Web,1,53777.32,1
STRUCT_00014,Structuring (Smurfing),6,53775.09,3
CHARITY_01693,Charity Abuse; Third-Party Payment Web,1,53690.35,1
STRUCT_00101,Structuring (Smurfing),6,53651.72,3
CHARITY_01600,Charity Abuse; Third-Party Payment Web,2,53648.12,1
TPWEB_01385,Charity Abuse; Third-Party Payment Web,1,53636.6,1
FUNNEL_00201,Charity Abuse; Funnel Account Network; Third-Party Payment Web,2,53618.32,2
TPWEB_01177,Charity Abuse; Funnel Account Network; Third-Party Payment Web,2,53618.32,2
STRUCT_00108,Structuring (Smurfing),6,53605.33,3
STRUCT_00022,Structuring (Smurfing),6,53565.11,3
STRUCT_00023,Structuring (Smurfing),6,53553.55,3
STRUCT_00128,Structuring (Smurfing),6,53519.03,3
CHARITY_00638,Charity Abuse; Third-Party Payment Web,3,53491.93,3
TPWEB_00305,Charity Abuse; Third-Party Payment Web,3,53491.93,3
STRUCT_00092,Structuring (Smurfing),6,53441.53,3
STRUCT_00068,Structuring (Smurfing),6,53392.33,3
CHARITY_02843,Charity Abuse; Third-Party Payment Web,1,53372.43,1
TPWEB_00511,Charity Abuse; Third-Party Payment Web,1,53372.43,1
CHARITY_03095,Charity Abuse; Money Mule Network; Third-Party Payment Web,1,53324.93,1
CHARITY_02502,Charity Abuse; Money Mule Network; Third-Party Payment Web,1,53318.09,1
TPWEB_00031,Third-Party Payment Web,1,53298.95,1
STRUCT_00040,Structuring (Smurfing),6,53279.45,3
STRUCT_00056,Structuring (Smurfing),6,53229.61,3
TPWEB_00660,Charity Abuse; Third-Party Payment Web,2,53184.96000000001,2
TPWEB_00761,Third-Party Payment Web,2,53057.05,2
STRUCT_00076,Structuring (Smurfing),6,53041.36,3
TPWEB_00659,Money Mule Network; Third-Party Payment Web,1,53033.45,1
MULE_00044,Money Mule Network; Third-Party Payment Web,1,53033.45,1
FUNNEL_00128,Charity Abuse; Funnel Account Network,2,53033.130000000005,2
STRUCT_00081,Structuring (Smurfing),6,53030.71,3
CHARITY_03282,Charity Abuse; Third-Party Payment Web,1,52978.76,1
TPWEB_00527,Charity Abuse; Third-Party Payment Web,1,52978.76,1
TPWEB_01619,Third-Party Payment Web,1,52897.95,1
STRUCT_00125,Structuring (Smurfing),6,52865.86,3
STRUCT_00051,Structuring (Smurfing),6,52819.6,3
STRUCT_00122,Structuring (Smurfing),6,52817.67,3
MULE_00070,Charity Abuse; Money Mule Network; Third-Party Payment Web,2,52788.83,2
TPWEB_01232,Charity Abuse; Money Mule Network; Third-Party Payment Web,2,52788.83,2
CHARITY_02509,Charity Abuse; Money Mule Network; Third-Party Payment Web,2,52788.83,2
STRUCT_00010,Structuring (Smurfing),6,52776.83,3
TPWEB_00122,Third-Party Payment Web,1,52749.62,1
TPWEB_00484,Charity Abuse; Third-Party Payment Web,1,52682.05,1
STRUCT_00114,Structuring (Smurfing),6,52651.58,3
STRUCT_00019,Structuring (Smurfing),6,52579.21,3
CHARITY_02583,Charity Abuse; Third-Party Payment Web,2,52544.36,1
STRUCT_00026,Structuring (Smurfing),6,52539.34,3
CHARITY_02573,Charity Abuse; Funnel Account Network,7,52420.5,7
STRUCT_00103,Structuring (Smurfing),6,52404.090000000004,3
TPWEB_00795,Third-Party Payment Web,2,52373.84999999999,2
STRUCT_00120,Structuring (Smurfing),6,52340.37,3
CHARITY_01180,Charity Abuse; Third-Party Payment Web,1,52252.34,1
STRUCT_00066,Structuring (Smurfing),6,52086.18,3
STRUCT_00008,Structuring (Smurfing),6,52066.51,3
TPWEB_00608,Third-Party Payment Web,2,51917.54,2
TPWEB_00914,High-Risk Corridor Transfer; Third-Party Payment Web,1,51891.32,1
HRCORR_00466,High-Risk Corridor Transfer; Third-Party Payment Web,1,51891.32,1
TPWEB_01280,Third-Party Payment Web,1,51759.59,1
CHARITY_02654,Charity Abuse; Third-Party Payment Web,1,51500.79,1
STRUCT_00099,Structuring (Smurfing),6,51450.2,3
TPWEB_00285,Third-Party Payment Web,3,51438.42,3
CHARITY_02575,Charity Abuse; Third-Party Payment Web,1,51386.92,1
TPWEB_01597,Charity Abuse; Third-Party Payment Web,1,51386.92,1
TPWEB_00518,Funnel Account Network; Third-Party Payment Web,1,51337.3,1
FUNNEL_00086,Funnel Account Network; Third-Party Payment Web,1,51337.3,1
TPWEB_00904,Charity Abuse; Funnel Account Network; Third-Party Payment Web,3,51327.7,3
FUNNEL_00156,Charity Abuse; Funnel Account Network; Third-Party Payment Web,3,51327.7,3
TPWEB_00274,Charity Abuse; Funnel Account Network; Third-Party Payment Web,1,51116.81,1
TPWEB_01494,Third-Party Payment Web,1,51029.41,1
CHARITY_02365,Charity Abuse,11,50902.33,8
STRUCT_00109,Structuring (Smurfing),6,50900.81,3
CHARITY_01782,Charity Abuse,4,50777.049999999996,4
STRUCT_00024,Structuring (Smurfing),6,50725.020000000004,3
TPWEB_00522,Third-Party Payment Web,1,50722.66,1
TPWEB_01192,Funnel Account Network; Third-Party Payment Web,2,50611.51,2
FUNNEL_00205,Funnel Account Network; Third-Party Payment Web,2,50611.51,2
TPWEB_00933,Money Mule Network; Third-Party Payment Web,1,50591.08,1
TPWEB_00400,Third-Party Payment Web,2,50588.43,2
TPWEB_01052,Charity Abuse; Third-Party Payment Web,2,50525.86,2
HRCORR_00130,Charity Abuse; High-Risk Corridor Transfer,1,50399.28,1
CHARITY_01447,Charity Abuse; High-Risk Corridor Transfer,1,50399.28,1
CHARITY_02059,Charity Abuse; Money Mule Network; Third-Party Payment Web,2,50137.2,2
MULE_00046,Charity Abuse; Money Mule Network; Third-Party Payment Web,2,50137.2,2
TPWEB_00989,Charity Abuse; Money Mule Network; Third-Party Payment Web,2,50137.2,2
CHARITY_02897,Charity Abuse; Third-Party Payment Web,2,50086.39,2
TPWEB_01422,Charity Abuse; Third-Party Payment Web,2,50086.39,2
TPWEB_00868,Charity Abuse; Third-Party Payment Web,2,50074.17,1
FUNNEL_00118,Charity Abuse; Funnel Account Network,4,50071.17,1
TPWEB_01448,Charity Abuse; Third-Party Payment Web,1,50058.23,1
CHARITY_00162,Charity Abuse; Funnel Account Network,1,49966.25,1
CHARITY_02477,Charity Abuse; Funnel Account Network,1,49860.37,1
CHARITY_03137,Charity Abuse; Third-Party Payment Web,2,49845.16,2
TPWEB_01542,Charity Abuse; Third-Party Payment Web,2,49845.16,2
CHARITY_02832,Charity Abuse; Third-Party Payment Web,1,49825.02,1
MULE_00058,Charity Abuse; Funnel Account Network; Money Mule Network,1,49813.22,1
FUNNEL_00258,Charity Abuse; Funnel Account Network; Money Mule Network,1,49813.22,1
CHARITY_03033,Charity Abuse; Funnel Account Network; Money Mule Network,1,49813.22,1
MULE_00039,Charity Abuse; Money Mule Network; Third-Party Payment Web,1,49774.66,1
TPWEB_01062,Charity Abuse; Money Mule Network; Third-Party Payment Web,1,49774.66,1
CHARITY_02184,Charity Abuse; Money Mule Network; Third-Party Payment Web,1,49774.66,1
CHARITY_02504,Charity Abuse; Third-Party Payment Web,2,49702.94,2
TPWEB_01230,Charity Abuse; Third-Party Payment Web,2,49702.94,2
CHARITY_00159,Charity Abuse; Funnel Account Network,2,49635.0,1
TPWEB_00463,Charity Abuse; Third-Party Payment Web,1,49621.42,1
TPWEB_00585,Charity Abuse; Third-Party Payment Web,2,49610.56,2
TPWEB_00857,Charity Abuse; Funnel Account Network; Third-Party Payment Web,2,49581.009999999995,2
FUNNEL_00144,Charity Abuse; Funnel Account Network; Third-Party Payment Web,2,49581.009999999995,2
CHARITY_00212,Charity Abuse; Third-Party Payment Web,1,49403.64,1
TPWEB_00825,Charity Abuse; Third-Party Payment Web,1,49401.14,1
CHARITY_01515,Charity Abuse; Third-Party Payment Web,1,49401.14,1
CHARITY_00224,Charity Abuse; Third-Party Payment Web,1,49366.75,1
TPWEB_01014,Charity Abuse; Third-Party Payment Web,1,49366.75,1
TPWEB_00797,Charity Abuse; Funnel Account Network; Third-Party Payment Web,1,49359.59,1
CHARITY_01572,Charity Abuse; Third-Party Payment Web,2,49306.78,1
TPWEB_00938,Charity Abuse; Third-Party Payment Web,1,49298.28,1
CHARITY_03291,Charity Abuse,4,49267.42,4
TPWEB_00288,Charity Abuse; Funnel Account Network; Third-Party Payment Web,2,49254.97,2
FUNNEL_00046,Charity Abuse; Funnel Account Network; Third-Party Payment Web,2,49254.97,2
CHARITY_02234,Charity Abuse; Third-Party Payment Web,2,49181.83,1
CHARITY_01251,Charity Abuse; Third-Party Payment Web,1,49181.55,1
CHARITY_01185,Charity Abuse; Third-Party Payment Web,1,49134.29,1
FUNNEL_00020,Funnel Account Network; Third-Party Payment Web,2,49086.58,2
TPWEB_00115,Funnel Account Network; Third-Party Payment Web,2,49086.58,2
CHARITY_00087,Charity Abuse,4,49052.31,4
CHARITY_03169,Charity Abuse; Third-Party Payment Web,1,49018.8,1
TPWEB_00973,Charity Abuse; Third-Party Payment Web,2,48909.14,2
CHARITY_00703,Charity Abuse; Funnel Account Network,1,48880.07,1
CHARITY_02935,Charity Abuse; Third-Party Payment Web,1,48875.95,1
TPWEB_01096,Charity Abuse; Third-Party Payment Web,1,48875.95,1
TPWEB_01407,Charity Abuse; Third-Party Payment Web,1,48853.58,1
CHARITY_00388,Charity Abuse; Funnel Account Network; Third-Party Payment Web,2,48849.88,2
FUNNEL_00031,Charity Abuse; Funnel Account Network; Third-Party Payment Web,2,48849.88,2
TPWEB_00194,Charity Abuse; Funnel Account Network; Third-Party Payment Web,2,48849.88,2
CHARITY_02096,Charity Abuse; Third-Party Payment Web,1,48790.17,1
CHARITY_03090,Charity Abuse; Funnel Account Network,1,48780.52,1
CHARITY_01762,Charity Abuse; Third-Party Payment Web,1,48711.06,1
TPWEB_00383,Charity Abuse; Third-Party Payment Web,1,48710.6,1
CHARITY_00045,Charity Abuse; Third-Party Payment Web,1,48710.6,1
CHARITY_02881,Charity Abuse; Third-Party Payment Web,1,48645.37,1
CHARITY_02012,Charity Abuse; Funnel Account Network,1,48565.73,1
FUNNEL_00044,Charity Abuse; Funnel Account Network,4,48527.19,4
TPWEB_00908,Charity Abuse; Third-Party Payment Web,1,48510.29,1
CHARITY_01236,Charity Abuse; Third-Party Payment Web,1,48510.29,1
CHARITY_01066,Charity Abuse; Third-Party Payment Web,1,48434.57,1
CHARITY_00316,Charity Abuse; Funnel Account Network; Third-Party Payment Web,1,48413.75,1
CHARITY_00737,Charity Abuse; Third-Party Payment Web,1,48394.98,1
CHARITY_01243,Charity Abuse; Third-Party Payment Web,1,48261.11,1
CHARITY_01059,Charity Abuse; Funnel Account Network,1,48251.2,1
TPWEB_00461,Charity Abuse; Third-Party Payment Web,1,48235.88,1
CHARITY_01581,Charity Abuse; Third-Party Payment Web,1,48235.88,1
CHARITY_02733,Charity Abuse; Third-Party Payment Web,1,48218.6,1
TPWEB_01457,Charity Abuse; Third-Party Payment Web,1,48218.6,1
CHARITY_02939,Charity Abuse,5,48150.88,5
CHARITY_01899,Charity Abuse; Funnel Account Network,2,48110.100000000006,2
CHARITY_01742,Charity Abuse; Third-Party Payment Web,1,48071.9,1
CHARITY_00455,Charity Abuse; Money Mule Network,1,48036.5,1
MULE_00017,Charity Abuse; Money Mule Network,1,48036.5,1
CHARITY_00865,Charity Abuse; Third-Party Payment Web,1,47946.8,1
CHARITY_00182,Charity Abuse; Funnel Account Network,1,47919.1,1
FUNNEL_00246,Charity Abuse; Funnel Account Network; Third-Party Payment Web,2,47907.84,2
TPWEB_01415,Charity Abuse; Funnel Account Network; Third-Party Payment Web,2,47907.84,2
CHARITY_02185,Charity Abuse; Third-Party Payment Web,1,47615.03,1
TPWEB_00069,Charity Abuse; Third-Party Payment Web,1,47615.03,1
CHARITY_00533,Charity Abuse; Third-Party Payment Web,1,47611.05,1
CHARITY_01247,Charity Abuse; Funnel Account Network,1,47600.36,1
TPWEB_00862,Third-Party Payment Web,2,47560.88,2
CHARITY_02705,Charity Abuse; Third-Party Payment Web,1,47355.64,1
TPWEB_01382,Charity Abuse; Third-Party Payment Web,1,47355.64,1
CHARITY_00303,Charity Abuse; Funnel Account Network; Third-Party Payment Web,1,47255.5,1
TPWEB_00347,Third-Party Payment Web,1,47253.68,1
TPWEB_01596,Charity Abuse; Funnel Account Network; Third-Party Payment Web,1,47238.47,1
CHARITY_03251,Charity Abuse; Funnel Account Network; Third-Party Payment Web,1,47238.47,1
CHARITY_00242,Charity Abuse; Third-Party Payment Web,1,47194.57,1
TPWEB_01339,Charity Abuse; Third-Party Payment Web,1,47194.57,1
CHARITY_02845,Charity Abuse; Money Mule Network; Third-Party Payment Web,1,47157.79,1
CHARITY_02693,Charity Abuse; Third-Party Payment Web,2,47126.28999999999,1
TPWEB_01323,Charity Abuse; Third-Party Payment Web,2,47126.28999999999,1
CHARITY_00514,Charity Abuse; Funnel Account Network; Third-Party Payment Web,2,47032.24,1
TPWEB_00978,Charity Abuse; Third-Party Payment Web,1,47029.6,1
MULE_00041,Charity Abuse; Funnel Account Network; Money Mule Network; Third-Party Payment Web,1,47026.63,1
FUNNEL_00154,Charity Abuse; Funnel Account Network; Money Mule Network; Third-Party Payment Web,1,47026.63,1
TPWEB_00899,Charity Abuse; Funnel Account Network; Money Mule Network; Third-Party Payment Web,1,47026.63,1
CHARITY_01881,Charity Abuse; Funnel Account Network; Money Mule Network; Third-Party Payment Web,1,47026.63,1
FUNNEL_00197,Charity Abuse; Funnel Account Network,3,47007.4,3
CHARITY_02144,Charity Abuse; Third-Party Payment Web,1,46959.67,1
FUNNEL_00094,Funnel Account Network,2,46956.689999999995,1
CHARITY_00734,Charity Abuse; Third-Party Payment Web,1,46948.43,1
TPWEB_00345,Charity Abuse; Third-Party Payment Web,1,46948.43,1
TPWEB_01076,Third-Party Payment Web,2,46933.5,2
TPWEB_00239,Funnel Account Network; Third-Party Payment Web,1,46927.42,1
FUNNEL_00005,Funnel Account Network,4,46895.22,4
CHARITY_03013,Charity Abuse; Third-Party Payment Web,1,46835.82,1
TPWEB_01332,Third-Party Payment Web,2,46797.48,1
TPWEB_00150,Charity Abuse; Third-Party Payment Web,1,46785.91,1
TPWEB_00810,Charity Abuse; Third-Party Payment Web,1,46736.32,1
TPWEB_00426,Charity Abuse; Third-Party Payment Web,1,46687.59,1
CHARITY_02216,Charity Abuse; Third-Party Payment Web,1,46687.59,1
CHARITY_02270,Charity Abuse; Funnel Account Network,1,46668.21,1
TPWEB_00618,Charity Abuse; Funnel Account Network; Third-Party Payment Web,1,46647.2,1
CHARITY_03198,Charity Abuse; Funnel Account Network,1,46640.33,1
CHARITY_00761,Charity Abuse; Third-Party Payment Web,1,46543.45,1
TPWEB_00763,Charity Abuse; Third-Party Payment Web,1,46391.71,1
CHARITY_02091,Charity Abuse; Third-Party Payment Web,1,46391.71,1
CHARITY_02146,Charity Abuse; Third-Party Payment Web,2,46340.66,2
CHARITY_01173,Charity Abuse; Third-Party Payment Web,1,46323.7,1
TPWEB_01461,Third-Party Payment Web,2,46290.6,2
CHARITY_01636,Charity Abuse; Third-Party Payment Web,1,46282.71,1
CHARITY_02855,Charity Abuse; Third-Party Payment Web,1,46197.49,1
CHARITY_02388,Charity Abuse; Third-Party Payment Web,1,46130.45,1
TPWEB_01171,Charity Abuse; Third-Party Payment Web,1,46130.45,1
CHARITY_03215,Charity Abuse; Funnel Account Network,1,46112.43,1
TPWEB_00799,Charity Abuse; Third-Party Payment Web,2,46065.84,2
CHARITY_00400,Charity Abuse; Third-Party Payment Web,1,46062.73,1
STRUCT_00127,Structuring (Smurfing),5,46004.53,5
CHARITY_02233,Charity Abuse; Funnel Account Network; Third-Party Payment Web,2,45987.34,1
CHARITY_02968,Charity Abuse; Third-Party Payment Web,1,45968.33,1
TPWEB_00488,Charity Abuse; Third-Party Payment Web,1,45950.21,1
CHARITY_00116,Charity Abuse; Third-Party Payment Web,1,45950.21,1
FUNNEL_00178,Funnel Account Network; Third-Party Payment Web,3,45869.51,3
CHARITY_01235,Charity Abuse; Third-Party Payment Web,1,45845.39,1
TPWEB_00230,Charity Abuse; Third-Party Payment Web,1,45845.39,1
TPWEB_01589,Charity Abuse; Funnel Account Network; Third-Party Payment Web,1,45832.59,1
CHARITY_03229,Charity Abuse; Funnel Account Network; Third-Party Payment Web,1,45832.59,1
CHARITY_02909,Charity Abuse; Funnel Account Network,1,45831.21,1
CHARITY_01233,Charity Abuse,3,45819.79,3
STRUCT_00137,Structuring (Smurfing),5,45807.74,3
CHARITY_00134,Charity Abuse; Third-Party Payment Web,2,45806.520000000004,2
TPWEB_00067,Charity Abuse; Third-Party Payment Web,2,45806.520000000004,2
CHARITY_02787,Charity Abuse; Funnel Account Network; Third-Party Payment Web,1,45688.35,1
TPWEB_01368,Charity Abuse; Funnel Account Network; Third-Party Payment Web,1,45688.35,1
FUNNEL_00056,Charity Abuse; Funnel Account Network; Third-Party Payment Web,1,45688.35,1
CHARITY_02712,Charity Abuse; Third-Party Payment Web,1,45651.33,1
CHARITY_02528,Charity Abuse; Third-Party Payment Web,1,45651.33,1
CHARITY_02932,Charity Abuse; Third-Party Payment Web,1,45590.15,1
TPWEB_01586,Charity Abuse; Money Mule Network; Third-Party Payment Web,1,45556.29,1
MULE_00001,Charity Abuse; Money Mule Network; Third-Party Payment Web,1,45556.29,1
CHARITY_01938,Charity Abuse; Money Mule Network; Third-Party Payment Web,1,45556.29,1
TPWEB_00319,Funnel Account Network; Third-Party Payment Web,2,45521.67,2
FUNNEL_00052,Funnel Account Network; Third-Party Payment Web,2,45521.67,2
STRUCT_00006,Structuring (Smurfing),5,45490.61,3
CHARITY_01863,Charity Abuse; Funnel Account Network; Third-Party Payment Web,1,45461.93,1
CHARITY_00321,Charity Abuse; Third-Party Payment Web,1,45437.88,1
TPWEB_00663,Third-Party Payment Web,2,45368.34,2
STRUCT_00095,Structuring (Smurfing),5,45326.26,5
TPWEB_01365,Charity Abuse; Third-Party Payment Web,1,45307.04,1
CHARITY_00769,Charity Abuse; Third-Party Payment Web,1,45307.04,1
FUNNEL_00176,Charity Abuse; Funnel Account Network,2,45301.270000000004,2
STRUCT_00118,Structuring (Smurfing),5,45296.76,3
TPWEB_01312,Charity Abuse; Third-Party Payment Web,1,45147.18,1
CHARITY_01913,Charity Abuse; Third-Party Payment Web,1,45147.18,1
CHARITY_02804,Charity Abuse; Third-Party Payment Web,1,45057.05,1
CHARITY_01688,Charity Abuse; Third-Party Payment Web,1,45044.26,1
STRUCT_00112,Structuring (Smurfing),5,45013.84,3
STRUCT_00049,Structuring (Smurfing),5,44993.19,3
STRUCT_00106,Structuring (Smurfing),5,44957.4,3
CHARITY_01447,Charity Abuse; Money Mule Network,1,44944.46,1
CHARITY_01894,Charity Abuse; Third-Party Payment Web,2,44933.71,2
TPWEB_00910,Charity Abuse; Third-Party Payment Web,2,44933.71,2
STRUCT_00025,Structuring (Smurfing),5,44818.09,3
CHARITY_00686,Charity Abuse; Third-Party Payment Web,2,44788.75,1
STRUCT_00050,Structuring (Smurfing),5,44784.63,3
CHARITY_00427,Charity Abuse; Third-Party Payment Web,3,44748.83,2
CHARITY_03044,Charity Abuse; Funnel Account Network; Third-Party Payment Web,1,44746.33,1
CHARITY_03115,Charity Abuse,5,44710.82,4
TPWEB_01602,Third-Party Payment Web,2,44696.3,2
CHARITY_01503,Charity Abuse; Third-Party Payment Web,1,44686.86,1
TPWEB_00653,Charity Abuse; Third-Party Payment Web,1,44686.86,1
TPWEB_00603,Charity Abuse; Third-Party Payment Web,1,44661.19,1
CHARITY_01250,Charity Abuse; Third-Party Payment Web,1,44661.19,1
CHARITY_02973,Charity Abuse; Funnel Account Network,1,44601.81,1
TPWEB_00988,Charity Abuse; Third-Party Payment Web,2,44561.020000000004,2
CHARITY_01995,Charity Abuse; Third-Party Payment Web,1,44544.61,1
TPWEB_00389,Charity Abuse; Third-Party Payment Web,2,44542.479999999996,2
CHARITY_02743,Charity Abuse; Third-Party Payment Web,1,44482.08,1
CHARITY_02701,Charity Abuse; Funnel Account Network,1,44470.32,1
FUNNEL_00236,Charity Abuse; Funnel Account Network,1,44470.32,1
CHARITY_00270,Charity Abuse; Funnel Account Network,1,44464.86,1
TPWEB_00758,Charity Abuse; Third-Party Payment Web,2,44413.56,2
TPWEB_00887,Charity Abuse; Third-Party Payment Web,1,44378.31,1
CHARITY_02609,Charity Abuse; Third-Party Payment Web,1,44378.31,1
CHARITY_00455,Charity Abuse; Third-Party Payment Web,2,44347.4,2
TPWEB_01314,Charity Abuse; Third-Party Payment Web,1,44233.62,1
CHARITY_00527,Charity Abuse; Third-Party Payment Web,1,44233.62,1
STRUCT_00102,Structuring (Smurfing),5,44211.91,3
TPWEB_00956,Charity Abuse; Third-Party Payment Web,1,44190.99,1
CHARITY_02286,Charity Abuse; Third-Party Payment Web,1,44190.99,1
CHARITY_00191,Charity Abuse; Third-Party Payment Web,1,44160.27,1
CHARITY_01653,Charity Abuse; Structuring (Smurfing),5,44147.1,5
STRUCT_00095,Charity Abuse; Structuring (Smurfing),5,44147.1,5
CHARITY_01848,Charity Abuse; Third-Party Payment Web,1,44134.97,1
CHARITY_00145,Charity Abuse; Funnel Account Network,1,44097.67,1
CHARITY_01757,Charity Abuse; Funnel Account Network,1,44053.37,1
TPWEB_01118,Charity Abuse; Third-Party Payment Web,1,44039.3,1
CHARITY_00185,Charity Abuse; Third-Party Payment Web,2,44029.369999999995,2
CHARITY_01744,Charity Abuse; Third-Party Payment Web,1,44000.58,1
CHARITY_01733,Charity Abuse; Third-Party Payment Web,1,43884.62,1
TPWEB_01582,Charity Abuse; Third-Party Payment Web,1,43884.62,1
TPWEB_01256,Charity Abuse; Funnel Account Network; Third-Party Payment Web,1,43868.58,1
CHARITY_02064,Charity Abuse; Third-Party Payment Web,2,43857.19,2
TPWEB_01503,Charity Abuse; Third-Party Payment Web,2,43853.24,2
CHARITY_03041,Charity Abuse; Third-Party Payment Web,2,43853.24,2
TPWEB_01489,Third-Party Payment Web,1,43843.69,1
CHARITY_03139,Charity Abuse; Funnel Account Network; Third-Party Payment Web,2,43781.43,1
CHARITY_01227,Charity Abuse; Third-Party Payment Web,1,43699.03,1
TPWEB_01025,Third-Party Payment Web,1,43691.64,1
CHARITY_01426,Charity Abuse; Third-Party Payment Web,2,43679.520000000004,2
TPWEB_00685,Charity Abuse; Third-Party Payment Web,2,43679.520000000004,2
CHARITY_02505,Charity Abuse; Third-Party Payment Web,1,43542.84,1
CHARITY_00442,Charity Abuse; Money Mule Network; Third-Party Payment Web,1,43527.34,1
TPWEB_00027,Charity Abuse; Third-Party Payment Web,1,43518.9,1
CHARITY_01928,Charity Abuse; Third-Party Payment Web,1,43518.9,1
CHARITY_02709,Charity Abuse; Funnel Account Network,1,43497.8,1
CHARITY_02841,Charity Abuse; Funnel Account Network; Third-Party Payment Web,1,43477.09,1
CHARITY_00220,Charity Abuse; Third-Party Payment Web,1,43455.3,1
TPWEB_00283,Third-Party Payment Web,2,43454.54,2
CHARITY_02519,Charity Abuse; Third-Party Payment Web,1,43426.25,1
CHARITY_02007,Charity Abuse; Money Mule Network; Third-Party Payment Web,1,43358.39,1
CHARITY_00928,Charity Abuse; Third-Party Payment Web,1,43331.82,1
CHARITY_01440,Charity Abuse; Third-Party Payment Web,1,43325.69,1
TPWEB_01193,Third-Party Payment Web,1,43320.67,1
CHARITY_00003,Charity Abuse; Funnel Account Network,1,43309.56,1
CHARITY_01697,Charity Abuse; Third-Party Payment Web,1,43227.61,1
TPWEB_00212,Charity Abuse; Third-Party Payment Web,3,43185.67,2
CHARITY_01878,Charity Abuse; Third-Party Payment Web,1,43180.22,1
TPWEB_01276,Charity Abuse; Third-Party Payment Web,1,43180.22,1
CHARITY_02499,Charity Abuse; Third-Party Payment Web,2,43136.28,2
TPWEB_01173,Charity Abuse; Third-Party Payment Web,1,43130.81,1
CHARITY_00709,Charity Abuse; Third-Party Payment Web,1,43070.01,1
TPWEB_00340,Charity Abuse; Third-Party Payment Web,1,43070.01,1
FUNNEL_00133,Charity Abuse; Funnel Account Network,2,43062.11,2
TPWEB_01245,Charity Abuse; Funnel Account Network; Third-Party Payment Web,1,43037.51,1
CHARITY_00507,Charity Abuse; Third-Party Payment Web,1,43000.48,1
MULE_00073,Charity Abuse; Money Mule Network,1,42996.41,1
CHARITY_01951,Charity Abuse; Money Mule Network,1,42996.41,1
TPWEB_00702,Charity Abuse; Third-Party Payment Web,1,42991.48,1
TPWEB_00637,Third-Party Payment Web,2,42878.28,2
TPWEB_00084,Charity Abuse; Third-Party Payment Web,1,42851.64,1
TPWEB_00151,Charity Abuse; Third-Party Payment Web,1,42841.81,1
CHARITY_00562,Charity Abuse; Third-Party Payment Web,1,42841.81,1
CHARITY_02901,Charity Abuse; Money Mule Network,1,42771.26,1
STRUCT_00061,Structuring (Smurfing),5,42758.66,3
CHARITY_01671,Charity Abuse; Third-Party Payment Web,2,42753.97,1
TPWEB_00115,Charity Abuse; Third-Party Payment Web,2,42722.9,2
TPWEB_01200,Charity Abuse; Funnel Account Network; Third-Party Payment Web,1,42673.19,1
CHARITY_01470,Charity Abuse; Third-Party Payment Web,1,42658.04,1
CHARITY_00756,Charity Abuse; Funnel Account Network,1,42642.96,1
CHARITY_00706,Charity Abuse; Funnel Account Network,1,42637.54,1
CHARITY_03300,Charity Abuse; Funnel Account Network; Third-Party Payment Web,2,42589.21000000001,1
TPWEB_00376,Charity Abuse; Funnel Account Network; Third-Party Payment Web,2,42573.77,2
FUNNEL_00061,Charity Abuse; Funnel Account Network; Third-Party Payment Web,2,42573.77,2
CHARITY_03170,Charity Abuse; Third-Party Payment Web,1,42570.78,1
CHARITY_03141,Charity Abuse; Third-Party Payment Web,1,42542.35,1
CHARITY_02809,Charity Abuse; Funnel Account Network,1,42528.32,1
CHARITY_01964,Charity Abuse; Funnel Account Network,1,42519.26,1
CHARITY_03279,Charity Abuse; Third-Party Payment Web,1,42471.16,1
CHARITY_01461,Charity Abuse; Third-Party Payment Web,2,42469.92,2
TPWEB_00700,Charity Abuse; Third-Party Payment Web,2,42469.92,2
CHARITY_00785,Charity Abuse; Third-Party Payment Web,2,42433.81,2
FUNNEL_00073,Charity Abuse; Funnel Account Network,1,42432.64,1
CHARITY_02317,Charity Abuse; Funnel Account Network,1,42432.64,1
CHARITY_02065,Charity Abuse,2,42392.03,2
TPWEB_00939,Third-Party Payment Web,1,42381.73,1
FUNNEL_00059,Funnel Account Network; Third-Party Payment Web,1,42345.85,1
TPWEB_01035,Funnel Account Network; Third-Party Payment Web,1,42345.85,1
TPWEB_00699,Charity Abuse; Third-Party Payment Web,1,42341.65,1
CHARITY_02226,Charity Abuse; Third-Party Payment Web,1,42341.65,1
CHARITY_02513,Charity Abuse,3,42314.520000000004,2
CHARITY_01178,Charity Abuse; Third-Party Payment Web,1,42273.45,1
TPWEB_01156,Third-Party Payment Web,2,42238.32,2
CHARITY_02379,Charity Abuse; Third-Party Payment Web,1,42230.22,1
TPWEB_00659,Charity Abuse; Third-Party Payment Web,1,42216.9,1
CHARITY_01459,Charity Abuse; Third-Party Payment Web,1,42207.15,1
TPWEB_00223,Charity Abuse; Third-Party Payment Web,2,41994.590000000004,1
CHARITY_00448,Charity Abuse; Third-Party Payment Web,2,41994.590000000004,1
FUNNEL_00125,Charity Abuse; Funnel Account Network,1,41985.39,1
CHARITY_00226,Charity Abuse; Funnel Account Network,1,41985.39,1
TPWEB_01108,Third-Party Payment Web,1,41962.03,1
CHARITY_00835,Charity Abuse; Third-Party Payment Web,1,41946.28,1
TPWEB_00309,Third-Party Payment Web,2,41942.74,2
CHARITY_00925,Charity Abuse; Third-Party Payment Web,1,41923.98,1
TPWEB_01600,Charity Abuse; Third-Party Payment Web,1,41923.98,1
CHARITY_01282,Charity Abuse; Third-Party Payment Web,1,41848.36,1
TPWEB_00871,Charity Abuse; Third-Party Payment Web,1,41843.37,1
CHARITY_02255,Charity Abuse; Third-Party Payment Web,1,41843.37,1
STRUCT_00127,Charity Abuse; Structuring (Smurfing),5,41816.600000000006,5
CHARITY_03204,Charity Abuse; Structuring (Smurfing),5,41816.600000000006,5
TPWEB_01588,Third-Party Payment Web,1,41761.28,1
FUNNEL_00078,Charity Abuse; Funnel Account Network,2,41760.880000000005,2
CHARITY_00450,Charity Abuse; Third-Party Payment Web,1,41562.88,1
CHARITY_00028,Charity Abuse; Money Mule Network,1,41557.92,1
TPWEB_00774,Charity Abuse; Third-Party Payment Web,1,41515.03,1
TPWEB_00264,Charity Abuse; Third-Party Payment Web,2,41505.86,2
CHARITY_03055,Charity Abuse; Third-Party Payment Web,1,41485.25,1
CHARITY_00267,Charity Abuse; Third-Party Payment Web,1,41479.53,1
TPWEB_00129,Charity Abuse; Third-Party Payment Web,1,41479.53,1
CHARITY_01478,Charity Abuse; Third-Party Payment Web,1,41429.32,1
CHARITY_02616,Charity Abuse; Funnel Account Network,1,41350.52,1
CHARITY_02419,Charity Abuse; Third-Party Payment Web,2,41342.42,2
TPWEB_00246,Third-Party Payment Web,1,41312.59,1
CHARITY_02248,Charity Abuse; Third-Party Payment Web,1,41203.67,1
CHARITY_02598,Charity Abuse; Funnel Account Network; Third-Party Payment Web,2,41179.82,1
TPWEB_01462,Charity Abuse; Third-Party Payment Web,1,41108.26,1
CHARITY_02292,Charity Abuse; Third-Party Payment Web,1,41108.26,1
TPWEB_00412,Third-Party Payment Web,1,41090.3,1
CHARITY_02032,Charity Abuse; Funnel Account Network,2,41081.82,2
TPWEB_00913,Charity Abuse; Funnel Account Network; Third-Party Payment Web,2,41041.79,2
TPWEB_01147,Funnel Account Network; Third-Party Payment Web,1,41013.97,1
TPWEB_01320,Charity Abuse; Third-Party Payment Web,1,41013.7,1
CHARITY_02626,Charity Abuse; Third-Party Payment Web,1,41003.79,1
CHARITY_01050,Charity Abuse; Funnel Account Network,2,40969.45,2
CHARITY_01127,Charity Abuse; Third-Party Payment Web,1,40936.42,1
TPWEB_00029,Charity Abuse; Third-Party Payment Web,1,40922.08,1
FUNNEL_00140,Funnel Account Network,1,40893.38,1
TPWEB_00458,Funnel Account Network; Third-Party Payment Web,1,40729.9,1
TPWEB_00317,Third-Party Payment Web,1,40729.14,1
CHARITY_00631,Charity Abuse; Funnel Account Network; Third-Party Payment Web,1,40727.79,1
CHARITY_02427,Charity Abuse,1,40705.6,1
FUNNEL_00132,Charity Abuse; Funnel Account Network,5,40638.87,2
TPWEB_00062,Charity Abuse; Third-Party Payment Web,2,40612.259999999995,2
FUNNEL_00267,Funnel Account Network,8,40458.49,8
CHARITY_00907,Charity Abuse; Funnel Account Network; Third-Party Payment Web,1,40434.73,1
CHARITY_01797,Charity Abuse; Third-Party Payment Web,2,40413.78,2
CHARITY_02070,Charity Abuse,4,40393.990000000005,2
CHARITY_01130,Charity Abuse; Money Mule Network,1,40383.07,1
TPWEB_01238,Charity Abuse; Third-Party Payment Web,1,40373.33,1
TPWEB_01425,Charity Abuse; Third-Party Payment Web,1,40355.94,1
CHARITY_01549,Charity Abuse; Third-Party Payment Web,1,40355.94,1
CHARITY_01119,Charity Abuse; Third-Party Payment Web,1,40269.45,1
CHARITY_00416,Charity Abuse; Third-Party Payment Web,1,40254.36,1
TPWEB_00994,Third-Party Payment Web,3,40209.85,3
TPWEB_00392,Charity Abuse; Third-Party Payment Web,1,40191.6,1
CHARITY_01984,Charity Abuse; Third-Party Payment Web,1,40152.54,1
CHARITY_02790,Charity Abuse; Third-Party Payment Web,2,40136.42,1
FUNNEL_00092,Charity Abuse; Funnel Account Network; Third-Party Payment Web,2,40089.46,2
TPWEB_00556,Charity Abuse; Funnel Account Network; Third-Party Payment Web,2,40089.46,2
CHARITY_02785,Charity Abuse; Third-Party Payment Web,1,40066.03,1
TPWEB_01007,Charity Abuse; Third-Party Payment Web,1,40066.03,1
CHARITY_02356,Charity Abuse; Third-Party Payment Web,1,40038.26,1
TPWEB_00875,Charity Abuse; Funnel Account Network; Third-Party Payment Web,1,40019.13,1
CHARITY_00488,Charity Abuse; Third-Party Payment Web,1,39993.26,1
TPWEB_01559,Charity Abuse; Third-Party Payment Web,1,39836.38,1
CHARITY_02496,Charity Abuse; Third-Party Payment Web,1,39836.38,1
CHARITY_01533,Charity Abuse; Third-Party Payment Web,1,39785.18,1
TPWEB_01160,Charity Abuse; Funnel Account Network; Third-Party Payment Web,2,39749.600000000006,2
FUNNEL_00195,Charity Abuse; Funnel Account Network; Third-Party Payment Web,2,39749.600000000006,2
TPWEB_01218,Charity Abuse; Third-Party Payment Web,1,39679.02,1
CHARITY_03253,Charity Abuse; Third-Party Payment Web,1,39679.02,1
CHARITY_02341,Charity Abuse; Third-Party Payment Web,2,39675.46,2
CHARITY_00054,Charity Abuse; Third-Party Payment Web,1,39675.39,1
TPWEB_00337,Third-Party Payment Web,1,39667.55,1
TPWEB_01593,Charity Abuse; Third-Party Payment Web,1,39644.23,1
CHARITY_02906,Charity Abuse; Third-Party Payment Web,1,39644.23,1
CHARITY_01472,Charity Abuse; Third-Party Payment Web,1,39603.85,1
FUNNEL_00205,Funnel Account Network,4,39540.62,4
CHARITY_00055,Charity Abuse; Third-Party Payment Web,1,39537.53,1
TPWEB_01088,Third-Party Payment Web,1,39498.78,1
TPWEB_00259,Charity Abuse; Third-Party Payment Web,1,39456.19,1
TPWEB_01095,Charity Abuse; Third-Party Payment Web,1,39445.25,1
TPWEB_00482,Money Mule Network; Third-Party Payment Web,1,39404.97,1
MULE_00036,Money Mule Network; Third-Party Payment Web,1,39404.97,1
TPWEB_01418,Charity Abuse; Third-Party Payment Web,1,39227.95,1
CHARITY_00406,Charity Abuse; Third-Party Payment Web,1,39227.95,1
FUNNEL_00178,Charity Abuse; Funnel Account Network; Third-Party Payment Web,2,38966.009999999995,2
TPWEB_01038,Charity Abuse; Funnel Account Network; Third-Party Payment Web,2,38966.009999999995,2
CHARITY_01764,Charity Abuse; Funnel Account Network,2,38931.060000000005,2
CHARITY_02385,Charity Abuse; Funnel Account Network,1,38901.42,1
FUNNEL_00106,Funnel Account Network; Third-Party Payment Web,2,38779.72,2
TPWEB_00663,Funnel Account Network; Third-Party Payment Web,2,38779.72,2
TPWEB_00233,Funnel Account Network; Third-Party Payment Web,2,38754.2,2
FUNNEL_00036,Funnel Account Network; Third-Party Payment Web,2,38754.2,2
TPWEB_01344,Third-Party Payment Web,2,38753.79,2
CHARITY_01937,Charity Abuse; Third-Party Payment Web,1,38728.57,1
FUNNEL_00151,Charity Abuse; Funnel Account Network; Money Mule Network; Third-Party Payment Web,1,38712.78,1
MULE_00048,Charity Abuse; Funnel Account Network; Money Mule Network; Third-Party Payment Web,1,38712.78,1
TPWEB_00885,Charity Abuse; Funnel Account Network; Money Mule Network; Third-Party Payment Web,1,38712.78,1
CHARITY_01841,Charity Abuse; Funnel Account Network; Money Mule Network; Third-Party Payment Web,1,38712.78,1
CHARITY_01207,Charity Abuse; Third-Party Payment Web,1,38683.0,1
CHARITY_02357,Charity Abuse; Funnel Account Network,1,38652.92,1
TPWEB_00989,Charity Abuse; Third-Party Payment Web,2,38620.84,2
CHARITY_02059,Charity Abuse; Third-Party Payment Web,2,38620.84,2
CHARITY_03167,Charity Abuse; Third-Party Payment Web,1,38593.89,1
FUNNEL_00149,Charity Abuse; Funnel Account Network; Third-Party Payment Web,1,38545.47,1
CHARITY_01827,Charity Abuse; Funnel Account Network; Third-Party Payment Web,1,38545.47,1
CHARITY_01999,Charity Abuse; Third-Party Payment Web,1,38532.12,1
CHARITY_01784,Charity Abuse; Funnel Account Network; Third-Party Payment Web,1,38506.35,1
CHARITY_00104,Charity Abuse; Money Mule Network,1,38375.66,1
CHARITY_01953,Charity Abuse; Funnel Account Network,1,38365.01,1
CHARITY_02852,Charity Abuse; Funnel Account Network,1,38319.02,1
STRUCT_00124,Structuring (Smurfing),4,38318.75,4
TPWEB_00954,Funnel Account Network; Third-Party Payment Web,2,38290.8,2
FUNNEL_00167,Funnel Account Network; Third-Party Payment Web,2,38290.8,2
CHARITY_02661,Charity Abuse; Third-Party Payment Web,1,38274.22,1
STRUCT_00011,Structuring (Smurfing),4,38234.45,4
TPWEB_00999,Charity Abuse; Third-Party Payment Web,1,38191.24,1
CHARITY_01862,Charity Abuse; Third-Party Payment Web,1,38191.24,1
MULE_00050,Charity Abuse; Money Mule Network,1,38138.09,1
CHARITY_00561,Charity Abuse; Money Mule Network,1,38138.09,1
FUNNEL_00280,Funnel Account Network,1,38137.46,1
CHARITY_02155,Charity Abuse; Third-Party Payment Web,2,38012.880000000005,2
TPWEB_01040,Charity Abuse; Third-Party Payment Web,2,38012.880000000005,2
STRUCT_00080,Structuring (Smurfing),4,38007.39,4
CHARITY_03305,Charity Abuse; Funnel Account Network; Third-Party Payment Web,1,37920.05,1
FUNNEL_00022,Charity Abuse; Funnel Account Network; Third-Party Payment Web,1,37920.05,1
TPWEB_00120,Charity Abuse; Funnel Account Network; Third-Party Payment Web,1,37920.05,1
CHARITY_03087,Charity Abuse; Third-Party Payment Web,2,37900.94,1
FUNNEL_00081,Charity Abuse; Funnel Account Network; Third-Party Payment Web,2,37882.94,2
TPWEB_00496,Charity Abuse; Funnel Account Network; Third-Party Payment Web,2,37882.94,2
CHARITY_01546,Charity Abuse,3,37832.5,3
TPWEB_00950,Charity Abuse; Third-Party Payment Web,1,37769.93,1
CHARITY_03093,Charity Abuse; Third-Party Payment Web,1,37769.93,1
CHARITY_00284,Charity Abuse; Funnel Account Network; Third-Party Payment Web,1,37723.55,1
TPWEB_01014,Funnel Account Network; Third-Party Payment Web,1,37707.01,1
STRUCT_00038,Structuring (Smurfing),4,37659.229999999996,4
TPWEB_01459,Funnel Account Network; Third-Party Payment Web,1,37646.86,1
FUNNEL_00162,Funnel Account Network; Third-Party Payment Web,1,37646.86,1
CHARITY_02454,Charity Abuse; Third-Party Payment Web,2,37631.47,2
TPWEB_00311,Third-Party Payment Web,1,37599.2,1
FUNNEL_00242,Charity Abuse; Funnel Account Network,2,37535.91,2
TPWEB_01165,Charity Abuse; Third-Party Payment Web,1,37524.71,1
CHARITY_01256,Charity Abuse; Third-Party Payment Web,1,37524.71,1
CHARITY_02321,Charity Abuse; Third-Party Payment Web,1,37478.76,1
TPWEB_00074,Charity Abuse; Third-Party Payment Web,1,37478.76,1
CHARITY_01991,Charity Abuse; Third-Party Payment Web,1,37455.18,1
CHARITY_00449,Charity Abuse; Structuring (Smurfing),4,37447.19,4
STRUCT_00011,Charity Abuse; Structuring (Smurfing),4,37447.19,4
FUNNEL_00128,Charity Abuse; Funnel Account Network; Third-Party Payment Web,1,37434.66,1
FUNNEL_00043,Funnel Account Network; Third-Party Payment Web,2,37382.66,2
TPWEB_00281,Funnel Account Network; Third-Party Payment Web,2,37382.66,2
CHARITY_02406,Charity Abuse; Money Mule Network; Third-Party Payment Web,1,37365.77,1
CHARITY_03037,Charity Abuse; Third-Party Payment Web,1,37314.13,1
CHARITY_03142,Charity Abuse; Third-Party Payment Web,1,37267.41,1
CHARITY_02422,Charity Abuse; Funnel Account Network; Third-Party Payment Web,1,37261.29,1
CHARITY_01403,Charity Abuse; Third-Party Payment Web,1,37252.51,1
TPWEB_00946,Charity Abuse; Third-Party Payment Web,1,37252.51,1
CHARITY_00105,Charity Abuse; Funnel Account Network,1,37183.88,1
TPWEB_00604,Charity Abuse; Third-Party Payment Web,1,37173.15,1
CHARITY_01437,Charity Abuse; Third-Party Payment Web,1,37173.15,1
CHARITY_00915,Charity Abuse; Funnel Account Network,1,37145.47,1
CHARITY_02984,Charity Abuse; Funnel Account Network,2,37124.67,1
CHARITY_02177,Charity Abuse; Third-Party Payment Web,1,37103.77,1
CHARITY_02482,Charity Abuse; Third-Party Payment Web,1,37008.5,1
CHARITY_02540,Charity Abuse; Funnel Account Network,1,37001.67,1
CHARITY_00458,Charity Abuse; Structuring (Smurfing),4,36963.369999999995,4
STRUCT_00038,Charity Abuse; Structuring (Smurfing),4,36963.369999999995,4
CHARITY_01452,Charity Abuse; Third-Party Payment Web,1,36961.33,1
TPWEB_00545,Charity Abuse; Third-Party Payment Web,1,36961.33,1
CHARITY_02997,Charity Abuse; Third-Party Payment Web,1,36957.41,1
TPWEB_01609,Charity Abuse; Third-Party Payment Web,1,36957.41,1
CHARITY_00685,Charity Abuse; Funnel Account Network,1,36926.86,1
TPWEB_00942,Third-Party Payment Web,1,36802.74,1
TPWEB_00825,Money Mule Network; Third-Party Payment Web,1,36786.4,1
MULE_00047,Money Mule Network; Third-Party Payment Web,1,36786.4,1
CHARITY_01918,Charity Abuse; Third-Party Payment Web,1,36734.07,1
CHARITY_00040,Charity Abuse; Structuring (Smurfing),4,36662.69,4
STRUCT_00046,Charity Abuse; Structuring (Smurfing),4,36662.69,4
CHARITY_03255,Charity Abuse; Third-Party Payment Web,1,36650.34,1
TPWEB_00963,Charity Abuse; Third-Party Payment Web,1,36650.34,1
STRUCT_00100,Structuring (Smurfing),4,36646.1,4
CHARITY_00794,Charity Abuse; Funnel Account Network; Third-Party Payment Web,1,36608.57,1
CHARITY_00232,Charity Abuse,6,36559.52,6
STRUCT_00046,Structuring (Smurfing),4,36518.14,4
CHARITY_01869,Charity Abuse,5,36391.32,5
CHARITY_01556,Charity Abuse; Third-Party Payment Web,1,36377.15,1
CHARITY_00263,Charity Abuse; Third-Party Payment Web,1,36296.37,1
CHARITY_03074,Charity Abuse; Third-Party Payment Web,1,36262.55,1
CHARITY_00209,Charity Abuse; Structuring (Smurfing),4,36173.5,4
STRUCT_00124,Charity Abuse; Structuring (Smurfing),4,36173.5,4
CHARITY_02416,Charity Abuse; Third-Party Payment Web,1,36124.51,1
CHARITY_01001,Charity Abuse; Money Mule Network,1,36092.4,1
CHARITY_01153,Charity Abuse; Funnel Account Network,1,36079.92,1
CHARITY_00730,Charity Abuse; Funnel Account Network,2,36060.44,2
FUNNEL_00225,Funnel Account Network,5,36009.47,3
TPWEB_00083,Charity Abuse; Third-Party Payment Web,2,35977.87,2
STRUCT_00098,Structuring (Smurfing),4,35971.66,4
CHARITY_02375,Charity Abuse; Third-Party Payment Web,1,35961.89,1
FUNNEL_00027,Charity Abuse; Funnel Account Network,2,35884.14000000001,2
CHARITY_01023,Charity Abuse; Third-Party Payment Web,1,35878.73,1
TPWEB_00772,Charity Abuse; Third-Party Payment Web,1,35878.73,1
CHARITY_00383,Charity Abuse; Funnel Account Network,1,35878.48,1
CHARITY_01088,Charity Abuse; Funnel Account Network; Third-Party Payment Web,2,35862.09,1
TPWEB_00677,Charity Abuse; Third-Party Payment Web,1,35838.8,1
CHARITY_01412,Charity Abuse; Third-Party Payment Web,1,35838.8,1
STRUCT_00133,Structuring (Smurfing),4,35813.229999999996,3
CHARITY_03003,Charity Abuse; Third-Party Payment Web,1,35765.26,1
CHARITY_00750,Charity Abuse; Third-Party Payment Web,1,35763.89,1
CHARITY_02761,Charity Abuse; Funnel Account Network; Third-Party Payment Web,1,35758.08,1
TPWEB_00470,Charity Abuse; Third-Party Payment Web,1,35757.73,1
CHARITY_00193,Charity Abuse; Third-Party Payment Web,1,35757.73,1
STRUCT_00117,Structuring (Smurfing),4,35741.479999999996,4
TPWEB_00038,Third-Party Payment Web,3,35736.93,2
CHARITY_01450,Charity Abuse; Third-Party Payment Web,1,35688.75,1
TPWEB_01044,Third-Party Payment Web,3,35532.61,3
TPWEB_01437,Charity Abuse; Third-Party Payment Web,1,35521.81,1
CHARITY_01321,Charity Abuse; Third-Party Payment Web,1,35521.81,1
STRUCT_00116,Structuring (Smurfing),4,35486.78,4
TPWEB_01358,Funnel Account Network; Third-Party Payment Web,2,35461.18,2
FUNNEL_00238,Funnel Account Network; Third-Party Payment Web,2,35461.18,2
CHARITY_03140,Charity Abuse; Third-Party Payment Web,1,35447.41,1
STRUCT_00033,Charity Abuse; Structuring (Smurfing),4,35439.69,3
STRUCT_00079,Structuring (Smurfing),4,35416.39,4
CHARITY_01021,Charity Abuse; Third-Party Payment Web,1,35402.87,1
CHARITY_02380,Charity Abuse; Funnel Account Network,1,35356.55,1
CHARITY_00716,Charity Abuse; Third-Party Payment Web,1,35331.38,1
TPWEB_00204,Charity Abuse; Funnel Account Network; Third-Party Payment Web,1,35301.68,1
CHARITY_00414,Charity Abuse; Funnel Account Network; Third-Party Payment Web,1,35301.68,1
TPWEB_00116,Charity Abuse; Third-Party Payment Web,1,35288.76,1
CHARITY_00233,Charity Abuse; Third-Party Payment Web,1,35288.76,1
CHARITY_01624,Charity Abuse; Funnel Account Network; Third-Party Payment Web,2,35234.48,1
CHARITY_00624,Charity Abuse; Third-Party Payment Web,1,35209.9,1
MULE_00008,Charity Abuse; Money Mule Network,1,35206.8,1
CHARITY_02844,Charity Abuse; Money Mule Network,1,35206.8,1
FUNNEL_00046,Charity Abuse; Funnel Account Network,3,35159.05,3
STRUCT_00117,Charity Abuse; Structuring (Smurfing),4,35151.2,4
CHARITY_02801,Charity Abuse; Structuring (Smurfing),4,35151.2,4
STRUCT_00094,Structuring (Smurfing),4,35144.29,4
CHARITY_01524,Charity Abuse; Third-Party Payment Web,1,35100.95,1
CHARITY_00243,Charity Abuse; Money Mule Network,1,35095.39,1
FUNNEL_00201,Charity Abuse; Funnel Account Network,5,35052.59,5
CHARITY_01300,Charity Abuse; Third-Party Payment Web,1,35046.01,1
FUNNEL_00055,Charity Abuse; Funnel Account Network,3,35033.15,3
CHARITY_02157,Charity Abuse; Funnel Account Network; Third-Party Payment Web,1,35008.83,1
TPWEB_01042,Charity Abuse; Funnel Account Network; Third-Party Payment Web,1,35008.83,1
CHARITY_00879,Charity Abuse; Third-Party Payment Web,1,34987.34,1
TPWEB_00418,Charity Abuse; Third-Party Payment Web,1,34987.34,1
CHARITY_00959,Charity Abuse; Structuring (Smurfing),4,34973.01,4
STRUCT_00116,Charity Abuse; Structuring (Smurfing),4,34973.01,4
TPWEB_01277,Charity Abuse; Funnel Account Network; Third-Party Payment Web,1,34950.3,1
FUNNEL_00223,Charity Abuse; Funnel Account Network; Third-Party Payment Web,1,34950.3,1
CHARITY_02209,Charity Abuse; Third-Party Payment Web,1,34907.02,1
TPWEB_01410,Charity Abuse; Third-Party Payment Web,1,34907.02,1
MULE_00079,Money Mule Network; Third-Party Payment Web,1,34870.33,1
TPWEB_00353,Money Mule Network; Third-Party Payment Web,1,34870.33,1
STRUCT_00100,Charity Abuse; Structuring (Smurfing),4,34854.67,4
CHARITY_01942,Charity Abuse; Structuring (Smurfing),4,34854.67,4
TPWEB_00722,Third-Party Payment Web,1,34838.94,1
CHARITY_02094,Charity Abuse; Money Mule Network,1,34745.64,1
MULE_00049,Charity Abuse; Money Mule Network,1,34745.64,1
CHARITY_01710,Charity Abuse; Structuring (Smurfing),4,34684.19,4
STRUCT_00094,Charity Abuse; Structuring (Smurfing),4,34684.19,4
CHARITY_01143,Charity Abuse; Third-Party Payment Web,1,34617.98,1
TPWEB_01193,Charity Abuse; Funnel Account Network; Third-Party Payment Web,1,34525.9,1
CHARITY_01514,Charity Abuse; Funnel Account Network; Third-Party Payment Web,1,34525.9,1
FUNNEL_00206,Charity Abuse; Funnel Account Network; Third-Party Payment Web,1,34525.9,1
CHARITY_00836,Charity Abuse; Third-Party Payment Web,1,34505.82,1
CHARITY_01810,Charity Abuse; Third-Party Payment Web,1,34455.77,1
FUNNEL_00269,Charity Abuse; Funnel Account Network,5,34378.770000000004,5
CHARITY_03158,Charity Abuse; Funnel Account Network,5,34378.770000000004,5
CHARITY_00180,Charity Abuse,3,34345.43,3
STRUCT_00079,Charity Abuse; Structuring (Smurfing),4,34309.76,4
CHARITY_02175,Charity Abuse; Structuring (Smurfing),4,34309.76,4
CHARITY_01224,Charity Abuse; Third-Party Payment Web,1,34309.7,1
CHARITY_01181,Charity Abuse; Funnel Account Network,1,34299.79,1
CHARITY_01096,Charity Abuse; Third-Party Payment Web,1,34245.46,1
CHARITY_02805,Charity Abuse; Third-Party Payment Web,2,34218.18,1
CHARITY_00104,Charity Abuse; Money Mule Network; Third-Party Payment Web,1,34116.29,1
TPWEB_01244,Charity Abuse; Money Mule Network; Third-Party Payment Web,1,34116.29,1
MULE_00030,Charity Abuse; Money Mule Network; Third-Party Payment Web,1,34116.29,1
TPWEB_00174,Funnel Account Network; Third-Party Payment Web,1,34070.92,1
CHARITY_01318,Charity Abuse; Funnel Account Network; Third-Party Payment Web,1,34062.16,1
FUNNEL_00169,Charity Abuse; Funnel Account Network,1,34032.66,1
CHARITY_01386,Charity Abuse; Funnel Account Network,1,34032.66,1
TPWEB_01136,Charity Abuse; Third-Party Payment Web,1,34027.86,1
CHARITY_02910,Charity Abuse; Third-Party Payment Web,1,34027.86,1
CHARITY_03226,Charity Abuse; Money Mule Network,1,33948.81,1
MULE_00027,Charity Abuse; Money Mule Network,1,33948.81,1
TPWEB_00503,Funnel Account Network; Third-Party Payment Web,1,33941.6,1
FUNNEL_00228,Funnel Account Network; Third-Party Payment Web,1,33941.6,1
FUNNEL_00217,Charity Abuse; Funnel Account Network,2,33854.27,2
FUNNEL_00281,Funnel Account Network,1,33843.87,1
CHARITY_00308,Charity Abuse; Structuring (Smurfing),4,33838.479999999996,4
STRUCT_00098,Charity Abuse; Structuring (Smurfing),4,33838.479999999996,4
CHARITY_01814,Charity Abuse; Third-Party Payment Web,1,33760.18,1
CHARITY_03048,Charity Abuse; Third-Party Payment Web,1,33750.48,1
CHARITY_00643,Charity Abuse; Third-Party Payment Web,1,33694.84,1
TPWEB_01524,Charity Abuse; Third-Party Payment Web,1,33694.84,1
CHARITY_01589,Charity Abuse; Third-Party Payment Web,1,33610.71,1
CHARITY_00172,Charity Abuse; Structuring (Smurfing),4,33602.119999999995,4
STRUCT_00080,Charity Abuse; Structuring (Smurfing),4,33602.119999999995,4
CHARITY_02924,Charity Abuse; Third-Party Payment Web,1,33533.83,1
FUNNEL_00185,Charity Abuse; Funnel Account Network,2,33527.82,2
TPWEB_00750,Charity Abuse; Third-Party Payment Web,1,33443.23,1
CHARITY_00150,Charity Abuse; Third-Party Payment Web,1,33354.56,1
CHARITY_02272,Charity Abuse; Funnel Account Network; Third-Party Payment Web,1,33259.95,1
CHARITY_00207,Charity Abuse; Funnel Account Network,1,33245.71,1
CHARITY_00249,Charity Abuse; Funnel Account Network,2,33237.37,2
CHARITY_00306,Charity Abuse; Funnel Account Network,1,33231.41,1
CHARITY_02967,Charity Abuse; Funnel Account Network; Third-Party Payment Web,1,33060.71,1
CHARITY_00735,Charity Abuse; Funnel Account Network,1,33041.27,1
TPWEB_00833,Charity Abuse; Third-Party Payment Web,1,33035.37,1
TPWEB_00096,Charity Abuse; Funnel Account Network; Third-Party Payment Web,2,33021.01,2
FUNNEL_00016,Charity Abuse; Funnel Account Network; Third-Party Payment Web,2,33021.01,2
CHARITY_02639,Charity Abuse; Third-Party Payment Web,1,32800.12,1
TPWEB_00982,Charity Abuse; Third-Party Payment Web,1,32738.3,1
TPWEB_00092,Charity Abuse; Third-Party Payment Web,1,32712.34,1
CHARITY_00180,Charity Abuse; Third-Party Payment Web,1,32712.34,1
TPWEB_01284,Charity Abuse; Third-Party Payment Web,1,32686.53,1
CHARITY_01148,Charity Abuse; Third-Party Payment Web,1,32639.15,1
TPWEB_00940,Charity Abuse; Third-Party Payment Web,1,32638.73,1
CHARITY_02902,Charity Abuse; Third-Party Payment Web,1,32638.73,1
CHARITY_01147,Charity Abuse; Third-Party Payment Web,2,32628.120000000003,2
CHARITY_00507,Charity Abuse; Funnel Account Network,1,32607.36,1
CHARITY_00062,Charity Abuse; Third-Party Payment Web,1,32478.93,1
CHARITY_00597,Charity Abuse; Third-Party Payment Web,1,32455.07,1
CHARITY_02080,Charity Abuse,3,32393.1,3
TPWEB_01203,Charity Abuse; Third-Party Payment Web,2,32318.39,2
TPWEB_01365,Funnel Account Network; Third-Party Payment Web,1,32295.85,1
CHARITY_02820,Charity Abuse; Third-Party Payment Web,1,32232.58,1
TPWEB_01306,Charity Abuse; Third-Party Payment Web,1,32100.29,1
CHARITY_01041,Charity Abuse; Third-Party Payment Web,1,32100.29,1
CHARITY_00621,Charity Abuse; Third-Party Payment Web,1,32091.95,1
CHARITY_02213,Charity Abuse; Funnel Account Network,1,32069.87,1
FUNNEL_00191,Charity Abuse; Funnel Account Network; Third-Party Payment Web,2,32061.17,2
TPWEB_01152,Charity Abuse; Funnel Account Network; Third-Party Payment Web,2,32061.17,2
CHARITY_00079,Charity Abuse; Third-Party Payment Web,1,32056.11,1
CHARITY_01683,Charity Abuse,7,32055.62,7
CHARITY_02085,Charity Abuse; Third-Party Payment Web,1,32048.18,1
CHARITY_01640,Charity Abuse; Third-Party Payment Web,1,32032.29,1
CHARITY_02277,Charity Abuse; Third-Party Payment Web,1,32032.29,1
FUNNEL_00041,Funnel Account Network; Third-Party Payment Web,1,32030.83,1
TPWEB_00220,Funnel Account Network; Third-Party Payment Web,1,32030.83,1
TPWEB_00513,Charity Abuse; Third-Party Payment Web,1,32018.49,1
CHARITY_01062,Charity Abuse; Third-Party Payment Web,1,32018.49,1
TPWEB_01515,Charity Abuse; Third-Party Payment Web,2,31993.51,2
TPWEB_00781,Charity Abuse; Third-Party Payment Web,1,31958.75,1
TPWEB_01493,Charity Abuse; Funnel Account Network; Third-Party Payment Web,1,31946.8,1
CHARITY_00759,Charity Abuse; Money Mule Network; Third-Party Payment Web,1,31907.11,1
CHARITY_02238,Charity Abuse; Funnel Account Network,1,31853.62,1
CHARITY_01303,Charity Abuse; Funnel Account Network,1,31851.31,1
FUNNEL_00200,Funnel Account Network; Third-Party Payment Web,2,31784.97,2
TPWEB_01174,Funnel Account Network; Third-Party Payment Web,2,31784.97,2
FUNNEL_00048,Charity Abuse; Funnel Account Network,2,31771.0,2
TPWEB_00018,Charity Abuse; Third-Party Payment Web,1,31749.48,1
CHARITY_00044,Charity Abuse; Third-Party Payment Web,1,31749.48,1
CHARITY_00014,Charity Abuse; Funnel Account Network,1,31723.07,1
CHARITY_00800,Charity Abuse; Third-Party Payment Web,1,31710.56,1
TPWEB_00935,Charity Abuse; Third-Party Payment Web,2,31682.05,2
CHARITY_01940,Charity Abuse; Third-Party Payment Web,2,31682.05,2
TPWEB_00033,Funnel Account Network; Third-Party Payment Web,1,31596.22,1
CHARITY_00698,Charity Abuse; Third-Party Payment Web,1,31570.99,1
TPWEB_00331,Charity Abuse; Third-Party Payment Web,1,31570.99,1
CHARITY_01438,Charity Abuse; Third-Party Payment Web,1,31569.12,1
TPWEB_00692,Charity Abuse; Third-Party Payment Web,1,31569.12,1
MULE_00027,Charity Abuse; Money Mule Network; Third-Party Payment Web,1,31566.86,1
CHARITY_02636,Charity Abuse; Money Mule Network; Third-Party Payment Web,1,31566.86,1
TPWEB_01298,Charity Abuse; Money Mule Network; Third-Party Payment Web,1,31566.86,1
CHARITY_01799,Charity Abuse; Third-Party Payment Web,1,31538.19,1
TPWEB_00793,Charity Abuse; Funnel Account Network; Third-Party Payment Web,2,31529.149999999998,2
FUNNEL_00131,Charity Abuse; Funnel Account Network; Third-Party Payment Web,2,31529.149999999998,2
CHARITY_01837,Charity Abuse; Third-Party Payment Web,1,31497.68,1
CHARITY_01328,Charity Abuse; Third-Party Payment Web,1,31431.63,1
CHARITY_02702,Charity Abuse; Funnel Account Network; Third-Party Payment Web,1,31411.79,1
FUNNEL_00057,Charity Abuse; Funnel Account Network,1,31354.17,1
CHARITY_00457,Charity Abuse; Third-Party Payment Web,1,31350.17,1
TPWEB_00227,Charity Abuse; Third-Party Payment Web,1,31350.17,1
CHARITY_01786,Charity Abuse; Third-Party Payment Web,1,31298.4,1
CHARITY_00223,Charity Abuse; Funnel Account Network,1,31281.65,1
CHARITY_02740,Charity Abuse; Money Mule Network,1,31256.04,1
CHARITY_02759,Charity Abuse; Money Mule Network,1,31256.04,1
TPWEB_00189,Charity Abuse; Third-Party Payment Web,2,31254.25,1
CHARITY_02024,Charity Abuse; Funnel Account Network; Third-Party Payment Web,1,31236.14,1
CHARITY_00796,Charity Abuse; Funnel Account Network; Third-Party Payment Web,1,31174.54,1
TPWEB_01550,Third-Party Payment Web,1,31125.01,1
CHARITY_00675,Charity Abuse; Funnel Account Network,1,31116.34,1
TPWEB_00248,Charity Abuse; Third-Party Payment Web,1,31115.88,1
CHARITY_01982,Charity Abuse; Third-Party Payment Web,1,31115.88,1
TPWEB_00145,Funnel Account Network; Third-Party Payment Web,1,31112.69,1
CHARITY_01301,Charity Abuse; Funnel Account Network,1,31023.7,1
CHARITY_01361,Charity Abuse; Third-Party Payment Web,2,31023.07,1
TPWEB_00654,Charity Abuse; Third-Party Payment Web,2,31023.07,1
CHARITY_03196,Charity Abuse; Third-Party Payment Web,1,30927.2,1
CHARITY_03143,Charity Abuse; Third-Party Payment Web,1,30884.2,1
CHARITY_01647,Charity Abuse; Third-Party Payment Web,1,30843.24,1
CHARITY_02943,Charity Abuse; Third-Party Payment Web,1,30843.02,1
CHARITY_01121,Charity Abuse; Third-Party Payment Web,1,30812.73,1
TPWEB_01308,Charity Abuse; Third-Party Payment Web,2,30778.590000000004,2
CHARITY_02663,Charity Abuse; Third-Party Payment Web,2,30778.590000000004,2
CHARITY_02536,Charity Abuse; Funnel Account Network,1,30766.81,1
TPWEB_01368,Third-Party Payment Web,1,30712.64,1
CHARITY_00848,Charity Abuse; Third-Party Payment Web,1,30666.07,1
TPWEB_00806,Charity Abuse; Third-Party Payment Web,1,30666.07,1
TPWEB_00005,Charity Abuse; Funnel Account Network; Third-Party Payment Web,1,30647.37,1
TPWEB_00875,Third-Party Payment Web,2,30618.300000000003,2
FUNNEL_00227,Charity Abuse; Funnel Account Network,2,30607.28,2
CHARITY_02653,Charity Abuse; Third-Party Payment Web,1,30500.03,1
CHARITY_00680,Charity Abuse; Third-Party Payment Web,1,30440.05,1
PASS_00316,Charity Abuse; Pass-Through Transit Hub; Third-Party Payment Web,1,30398.89,1
TPWEB_00109,Charity Abuse; Pass-Through Transit Hub; Third-Party Payment Web,1,30398.89,1
CHARITY_00222,Charity Abuse; Pass-Through Transit Hub; Third-Party Payment Web,1,30398.89,1
FUNNEL_00088,Funnel Account Network,5,30393.07,4
TPWEB_01016,Third-Party Payment Web,2,30343.43,2
TPWEB_00807,Charity Abuse; Third-Party Payment Web,1,30336.93,1
CHARITY_00297,Charity Abuse; Third-Party Payment Web,1,30336.93,1
CHARITY_01956,Charity Abuse; Funnel Account Network,1,30058.83,1
CHARITY_00434,Charity Abuse; Third-Party Payment Web,1,30004.59,1
CHARITY_01107,Charity Abuse; Funnel Account Network,1,29987.29,1
CHARITY_02171,Charity Abuse; Funnel Account Network; Third-Party Payment Web,1,29934.47,1
CHARITY_00460,Charity Abuse; Funnel Account Network,1,29890.79,1
CHARITY_02288,Charity Abuse; Funnel Account Network; Third-Party Payment Web,1,29867.35,1
TPWEB_01038,Funnel Account Network; Third-Party Payment Web,2,29837.13,2
FUNNEL_00146,Charity Abuse; Funnel Account Network,3,29825.49,3
CHARITY_00699,Charity Abuse; Funnel Account Network; Third-Party Payment Web,1,29739.63,1
CHARITY_00205,Charity Abuse; Funnel Account Network,1,29719.1,1
CHARITY_01302,Charity Abuse; Third-Party Payment Web,1,29696.82,1
FUNNEL_00068,Funnel Account Network; Third-Party Payment Web,1,29669.01,1
TPWEB_00766,Charity Abuse; Third-Party Payment Web,1,29649.22,1
CHARITY_01605,Charity Abuse; Third-Party Payment Web,1,29649.22,1
CHARITY_01557,Charity Abuse; Third-Party Payment Web,1,29628.84,1
TPWEB_00490,Charity Abuse; Third-Party Payment Web,1,29623.61,1
CHARITY_02669,Charity Abuse; Third-Party Payment Web,1,29605.6,1
CHARITY_00181,Charity Abuse; Funnel Account Network; Third-Party Payment Web,1,29587.34,1
TPWEB_00865,Charity Abuse; Third-Party Payment Web,1,29579.4,1
CHARITY_00600,Charity Abuse; Third-Party Payment Web,1,29579.4,1
CHARITY_02708,Charity Abuse; Third-Party Payment Web,1,29551.56,1
TPWEB_01373,Charity Abuse; Third-Party Payment Web,1,29551.56,1
CHARITY_00236,Charity Abuse; Third-Party Payment Web,1,29535.24,1
CHARITY_02462,Charity Abuse; Funnel Account Network; Third-Party Payment Web,1,29507.15,1
CHARITY_02893,Charity Abuse; Third-Party Payment Web,1,29410.12,1
CHARITY_02960,Charity Abuse; Third-Party Payment Web,1,29348.57,1
CHARITY_00350,Charity Abuse; Funnel Account Network,1,29322.4,1
MULE_00064,Charity Abuse; Money Mule Network,1,29289.02,1
CHARITY_02978,Charity Abuse; Money Mule Network,1,29289.02,1
TPWEB_01016,Charity Abuse; Funnel Account Network; Third-Party Payment Web,1,29281.94,1
CHARITY_02630,Charity Abuse; Funnel Account Network; Third-Party Payment Web,1,29277.33,1
CHARITY_01794,Charity Abuse; Funnel Account Network; Third-Party Payment Web,1,29258.67,1
CHARITY_02155,Charity Abuse; Funnel Account Network; Third-Party Payment Web,1,29250.38,1
TPWEB_01040,Charity Abuse; Funnel Account Network; Third-Party Payment Web,1,29250.38,1
TPWEB_01544,Charity Abuse; Third-Party Payment Web,1,29241.98,1
CHARITY_01207,Charity Abuse; Funnel Account Network; Third-Party Payment Web,1,29241.42,1
CHARITY_01951,Charity Abuse; Funnel Account Network; Third-Party Payment Web,1,29162.61,1
CHARITY_01467,Charity Abuse; Third-Party Payment Web,1,29153.55,1
CHARITY_00668,Charity Abuse; Funnel Account Network; Third-Party Payment Web,1,29132.56,1
TPWEB_01388,Third-Party Payment Web,1,29121.36,1
CHARITY_01832,Charity Abuse; Funnel Account Network,1,29101.18,1
TPWEB_01601,Third-Party Payment Web,1,29093.87,1
MULE_00018,Money Mule Network; Third-Party Payment Web,1,29080.99,1
TPWEB_00634,Money Mule Network; Third-Party Payment Web,1,29080.99,1
TPWEB_01456,Funnel Account Network; Third-Party Payment Web,2,29064.980000000003,2
FUNNEL_00251,Funnel Account Network; Third-Party Payment Web,2,29064.980000000003,2
CHARITY_01912,Charity Abuse; Money Mule Network,1,29046.35,1
TPWEB_01516,Funnel Account Network; Third-Party Payment Web,1,29032.09,1
CHARITY_01092,Charity Abuse; Third-Party Payment Web,1,28968.78,1
TPWEB_01371,Third-Party Payment Web,1,28922.65,1
TPWEB_01326,Charity Abuse; Third-Party Payment Web,1,28896.76,1
CHARITY_00043,Charity Abuse; Third-Party Payment Web,1,28896.76,1
STRUCT_00037,Structuring (Smurfing),3,28824.11,3
STRUCT_00057,Charity Abuse; Structuring (Smurfing),3,28787.34,3
CHARITY_01804,Charity Abuse; Structuring (Smurfing),3,28787.34,3
CHARITY_01990,Charity Abuse; Third-Party Payment Web,1,28787.12,1
STRUCT_00134,Structuring (Smurfing),3,28752.04,3
CHARITY_03286,Charity Abuse,3,28740.79,3
CHARITY_02606,Charity Abuse; Funnel Account Network; Third-Party Payment Web,1,28736.63,1
TPWEB_00163,Charity Abuse; Third-Party Payment Web,1,28717.47,1
CHARITY_01885,Charity Abuse; Third-Party Payment Web,1,28717.47,1
STRUCT_00043,Structuring (Smurfing),3,28697.510000000002,3
STRUCT_00001,Structuring (Smurfing),3,28682.690000000002,3
TPWEB_01259,Charity Abuse; Funnel Account Network; Third-Party Payment Web,1,28656.88,1
TPWEB_00564,Third-Party Payment Web,1,28637.25,1
STRUCT_00032,Structuring (Smurfing),3,28636.56,3
CHARITY_01783,Charity Abuse; Funnel Account Network,1,28625.44,1
CHARITY_01325,Charity Abuse; Third-Party Payment Web,1,28607.16,1
STRUCT_00089,Structuring (Smurfing),3,28541.37,3
FUNNEL_00044,Charity Abuse; Funnel Account Network; Third-Party Payment Web,2,28494.839999999997,2
STRUCT_00082,Structuring (Smurfing),3,28468.230000000003,3
FUNNEL_00216,Charity Abuse; Funnel Account Network,2,28461.300000000003,2
STRUCT_00138,Structuring (Smurfing),3,28450.85,3
TPWEB_01062,Charity Abuse; Third-Party Payment Web,1,28421.85,1
CHARITY_02184,Charity Abuse; Third-Party Payment Web,1,28421.85,1
STRUCT_00054,Structuring (Smurfing),3,28417.42,3
CHARITY_00231,Charity Abuse; Third-Party Payment Web,1,28390.9,1
CHARITY_01383,Charity Abuse; Funnel Account Network; Third-Party Payment Web,1,28384.92,1
CHARITY_02750,Charity Abuse; Funnel Account Network,1,28351.4,1
CHARITY_03033,Charity Abuse; Third-Party Payment Web,1,28343.78,1
TPWEB_01498,Charity Abuse; Third-Party Payment Web,1,28343.78,1
CHARITY_02933,Charity Abuse; Funnel Account Network,1,28330.24,1
TPWEB_00903,Funnel Account Network; Third-Party Payment Web,1,28304.95,1
FUNNEL_00030,Funnel Account Network; Third-Party Payment Web,1,28304.95,1
CHARITY_00139,Charity Abuse; Money Mule Network,1,28261.0,1
TPWEB_01252,Third-Party Payment Web,1,28224.2,1
CHARITY_02238,Charity Abuse; Funnel Account Network; Third-Party Payment Web,1,28208.81,1
CHARITY_01698,Charity Abuse; Third-Party Payment Web,1,28201.08,1
STRUCT_00004,Structuring (Smurfing),3,28189.64,3
TPWEB_00306,Charity Abuse; Funnel Account Network; Third-Party Payment Web,1,28173.53,1
CHARITY_00640,Charity Abuse; Funnel Account Network; Third-Party Payment Web,1,28173.53,1
TPWEB_00596,Charity Abuse; Third-Party Payment Web,2,28160.300000000003,2
CHARITY_00512,Charity Abuse; Funnel Account Network,1,28155.31,1
STRUCT_00071,Structuring (Smurfing),3,28152.67,3
STRUCT_00107,Structuring (Smurfing),3,28144.239999999998,3
CHARITY_02547,Charity Abuse; Funnel Account Network,1,28135.39,1
TPWEB_01009,Charity Abuse; Third-Party Payment Web,1,28120.1,1
CHARITY_01067,Charity Abuse; Third-Party Payment Web,1,28120.1,1
CHARITY_00151,Charity Abuse; Funnel Account Network,1,28085.54,1
CHARITY_01540,Charity Abuse; Structuring (Smurfing),3,28065.440000000002,3
STRUCT_00071,Charity Abuse; Structuring (Smurfing),3,28065.440000000002,3
CHARITY_02877,Charity Abuse; Funnel Account Network; Third-Party Payment Web,1,28062.86,1
STRUCT_00020,Structuring (Smurfing),3,28060.22,3
CHARITY_02882,Charity Abuse; Funnel Account Network; Third-Party Payment Web,1,28056.95,1
STRUCT_00067,Structuring (Smurfing),3,28046.489999999998,3
CHARITY_00625,Charity Abuse; Money Mule Network,1,28043.8,1
MULE_00046,Charity Abuse; Money Mule Network,1,28043.8,1
TPWEB_00330,Charity Abuse; Third-Party Payment Web,1,28032.72,1
CHARITY_01365,Charity Abuse; Third-Party Payment Web,1,28032.72,1
TPWEB_00473,Charity Abuse; Third-Party Payment Web,1,27990.91,1
CHARITY_00200,Charity Abuse; Third-Party Payment Web,1,27990.91,1
STRUCT_00045,Structuring (Smurfing),3,27990.21,3
FUNNEL_00029,Funnel Account Network,5,27987.18,5
CHARITY_00820,Charity Abuse; Third-Party Payment Web,2,27979.61,2
TPWEB_00390,Charity Abuse; Third-Party Payment Web,2,27979.61,2
STRUCT_00113,Structuring (Smurfing),3,27971.67,3
CHARITY_00049,Charity Abuse; Third-Party Payment Web,1,27960.18,1
CHARITY_02558,Charity Abuse; Funnel Account Network; Third-Party Payment Web,1,27869.67,1
CHARITY_03126,Charity Abuse; Third-Party Payment Web,1,27828.46,1
STRUCT_00131,Structuring (Smurfing),3,27821.61,3
CHARITY_01400,Charity Abuse; Structuring (Smurfing),3,27816.46,3
STRUCT_00082,Charity Abuse; Structuring (Smurfing),3,27816.46,3
STRUCT_00053,Structuring (Smurfing),3,27758.24,3
STRUCT_00048,Structuring (Smurfing),3,27755.21,3
MULE_00043,Charity Abuse; Money Mule Network,1,27709.81,1
CHARITY_01366,Charity Abuse; Money Mule Network,1,27709.81,1
STRUCT_00084,Structuring (Smurfing),3,27703.77,3
STRUCT_00123,Structuring (Smurfing),3,27655.309999999998,3
FUNNEL_00224,Funnel Account Network,7,27644.1,5
STRUCT_00121,Structuring (Smurfing),3,27641.91,3
CHARITY_02272,Charity Abuse; Structuring (Smurfing),3,27623.61,3
STRUCT_00064,Charity Abuse; Structuring (Smurfing),3,27623.61,3
CHARITY_01256,Charity Abuse; Funnel Account Network,1,27606.53,1
TPWEB_00798,Third-Party Payment Web,2,27606.04,1
FUNNEL_00234,Charity Abuse; Funnel Account Network,2,27603.550000000003,2
TPWEB_01282,Funnel Account Network; Third-Party Payment Web,1,27602.22,1
STRUCT_00078,Structuring (Smurfing),3,27596.85,3
CHARITY_03247,Charity Abuse; Third-Party Payment Web,1,27588.4,1
CHARITY_02505,Charity Abuse; Funnel Account Network; Third-Party Payment Web,1,27579.1,1
CHARITY_02552,Charity Abuse; Third-Party Payment Web,1,27566.87,1
CHARITY_02172,Charity Abuse; Funnel Account Network,1,27540.03,1
CHARITY_01581,Charity Abuse; Funnel Account Network; Third-Party Payment Web,1,27533.11,1
CHARITY_02278,Charity Abuse; Funnel Account Network; Third-Party Payment Web,1,27517.1,1
CHARITY_01943,Charity Abuse; Third-Party Payment Web,1,27482.13,1
STRUCT_00017,Structuring (Smurfing),3,27428.29,3
CHARITY_00599,Charity Abuse; Funnel Account Network; Third-Party Payment Web,1,27409.55,1
CHARITY_01055,Charity Abuse; Funnel Account Network,2,27402.879999999997,2
STRUCT_00059,Structuring (Smurfing),3,27372.3,3
TPWEB_00538,Charity Abuse; Third-Party Payment Web,1,27357.07,1
CHARITY_00328,Charity Abuse; Third-Party Payment Web,1,27357.07,1
STRUCT_00129,Structuring (Smurfing),3,27355.38,3
STRUCT_00057,Structuring (Smurfing),3,27354.85,3
STRUCT_00131,Charity Abuse; Structuring (Smurfing),3,27303.81,3
CHARITY_01356,Charity Abuse; Structuring (Smurfing),3,27303.81,3
TPWEB_00968,Charity Abuse; Funnel Account Network; Third-Party Payment Web,1,27300.77,1
FUNNEL_00169,Charity Abuse; Funnel Account Network; Third-Party Payment Web,1,27300.77,1
CHARITY_02686,Charity Abuse; Funnel Account Network; Third-Party Payment Web,1,27300.77,1
STRUCT_00065,Structuring (Smurfing),3,27298.800000000003,3
STRUCT_00105,Structuring (Smurfing),3,27283.989999999998,3
CHARITY_02302,Charity Abuse; Funnel Account Network; Third-Party Payment Web,1,27281.52,1
TPWEB_00482,Charity Abuse; Third-Party Payment Web,1,27273.19,1
STRUCT_00096,Structuring (Smurfing),3,27252.91,3
CHARITY_02259,Charity Abuse; Funnel Account Network; Third-Party Payment Web,1,27219.44,1
TPWEB_00288,Third-Party Payment Web,1,27216.84,1
STRUCT_00048,Charity Abuse; Structuring (Smurfing),3,27203.949999999997,3
CHARITY_00313,Charity Abuse; Structuring (Smurfing),3,27203.949999999997,3
TPWEB_00813,Third-Party Payment Web,1,27200.51,1
TPWEB_00025,Charity Abuse; Third-Party Payment Web,1,27189.52,1
CHARITY_03182,Charity Abuse; Third-Party Payment Web,1,27189.52,1
CHARITY_00349,Charity Abuse; Funnel Account Network; Third-Party Payment Web,1,27176.54,1
TPWEB_00175,Charity Abuse; Funnel Account Network; Third-Party Payment Web,1,27176.54,1
STRUCT_00042,Structuring (Smurfing),3,27172.0,3
CHARITY_03296,Charity Abuse; Funnel Account Network,1,27164.29,1
TPWEB_01415,Third-Party Payment Web,1,27159.93,1
STRUCT_00029,Structuring (Smurfing),3,27140.949999999997,3
STRUCT_00034,Structuring (Smurfing),3,27134.28,3
CHARITY_02316,Charity Abuse; Funnel Account Network,1,27095.13,1
STRUCT_00005,Structuring (Smurfing),3,27087.04,3
CHARITY_00184,Charity Abuse; Third-Party Payment Web,1,27076.92,1
STRUCT_00064,Structuring (Smurfing),3,27030.739999999998,3
CHARITY_00381,Charity Abuse; Funnel Account Network; Third-Party Payment Web,1,27030.47,1
CHARITY_00284,Charity Abuse; Third-Party Payment Web,1,27018.79,1
TPWEB_00129,Charity Abuse; Funnel Account Network; Third-Party Payment Web,2,26984.08,2
STRUCT_00119,Structuring (Smurfing),3,26953.1,3
TPWEB_01385,Charity Abuse; Funnel Account Network; Third-Party Payment Web,1,26933.0,1
CHARITY_02082,Charity Abuse; Third-Party Payment Web,1,26914.83,1
TPWEB_00242,Charity Abuse; Third-Party Payment Web,1,26914.83,1
CHARITY_01014,Charity Abuse; Third-Party Payment Web,1,26906.77,1
CHARITY_01836,Charity Abuse; Structuring (Smurfing),3,26882.03,3
STRUCT_00062,Charity Abuse; Structuring (Smurfing),3,26882.03,3
STRUCT_00029,Charity Abuse; Structuring (Smurfing),3,26830.48,3
CHARITY_02252,Charity Abuse; Structuring (Smurfing),3,26830.48,3
STRUCT_00132,Structuring (Smurfing),3,26817.78,3
CHARITY_02648,Charity Abuse; Funnel Account Network; Third-Party Payment Web,1,26813.1,1
STRUCT_00037,Charity Abuse; Structuring (Smurfing),3,26769.34,3
CHARITY_02654,Charity Abuse; Structuring (Smurfing),3,26769.34,3
CHARITY_02762,Charity Abuse,4,26758.54,3
CHARITY_00060,Charity Abuse; Funnel Account Network,1,26745.04,1
TPWEB_01289,Charity Abuse; Third-Party Payment Web,1,26741.29,1
TPWEB_00285,Funnel Account Network; Third-Party Payment Web,1,26728.52,1
FUNNEL_00044,Funnel Account Network; Third-Party Payment Web,1,26728.52,1
STRUCT_00135,Structuring (Smurfing),3,26725.72,3
STRUCT_00072,Structuring (Smurfing),3,26724.04,3
STRUCT_00054,Charity Abuse; Structuring (Smurfing),3,26694.52,3
CHARITY_02693,Charity Abuse; Structuring (Smurfing),3,26694.52,3
CHARITY_03078,Charity Abuse; Funnel Account Network; Third-Party Payment Web,1,26658.53,1
TPWEB_00451,Third-Party Payment Web,1,26646.12,1
STRUCT_00062,Structuring (Smurfing),3,26636.41,3
CHARITY_01070,Charity Abuse; Funnel Account Network; Third-Party Payment Web,1,26631.81,1
TPWEB_00319,Third-Party Payment Web,2,26622.57,2
FUNNEL_00124,Charity Abuse; Funnel Account Network,5,26616.27,5
CHARITY_02745,Charity Abuse; Funnel Account Network,1,26611.95,1
STRUCT_00005,Charity Abuse; Structuring (Smurfing),3,26608.239999999998,3
CHARITY_02826,Charity Abuse; Structuring (Smurfing),3,26608.239999999998,3
TPWEB_01450,Charity Abuse; Third-Party Payment Web,1,26607.4,1
CHARITY_02706,Charity Abuse; Third-Party Payment Web,1,26607.4,1
CHARITY_00585,Charity Abuse; Funnel Account Network; Third-Party Payment Web,1,26598.87,1
STRUCT_00096,Charity Abuse; Structuring (Smurfing),3,26583.04,3
CHARITY_02718,Charity Abuse; Structuring (Smurfing),3,26583.04,3
CHARITY_00653,Charity Abuse; Funnel Account Network; Third-Party Payment Web,1,26574.36,1
CHARITY_01835,Charity Abuse; Structuring (Smurfing),3,26571.300000000003,3
STRUCT_00053,Charity Abuse; Structuring (Smurfing),3,26571.300000000003,3
CHARITY_00635,Charity Abuse; Structuring (Smurfing),3,26557.309999999998,3
STRUCT_00083,Charity Abuse; Structuring (Smurfing),3,26557.309999999998,3
CHARITY_02473,Charity Abuse; Structuring (Smurfing),3,26536.61,3
STRUCT_00072,Charity Abuse; Structuring (Smurfing),3,26536.61,3
CHARITY_00999,Charity Abuse; Structuring (Smurfing),3,26509.96,3
STRUCT_00065,Charity Abuse; Structuring (Smurfing),3,26509.96,3
CHARITY_01354,Charity Abuse; Third-Party Payment Web,1,26469.71,1
TPWEB_01099,Third-Party Payment Web,1,26443.22,1
CHARITY_02586,Charity Abuse; Third-Party Payment Web,1,26441.15,1
TPWEB_01274,Charity Abuse; Third-Party Payment Web,1,26441.15,1
CHARITY_00235,Charity Abuse; Structuring (Smurfing),3,26438.34,3
STRUCT_00134,Charity Abuse; Structuring (Smurfing),3,26438.34,3
CHARITY_01154,Charity Abuse; Funnel Account Network; Third-Party Payment Web,1,26421.15,1
TPWEB_00147,Charity Abuse; Third-Party Payment Web,1,26417.31,1
CHARITY_00561,Charity Abuse; Third-Party Payment Web,1,26417.31,1
CHARITY_01084,Charity Abuse; Structuring (Smurfing),3,26402.4,3
STRUCT_00107,Charity Abuse; Structuring (Smurfing),3,26402.4,3
CHARITY_03171,Charity Abuse; Third-Party Payment Web,1,26385.01,1
TPWEB_01229,Charity Abuse; Third-Party Payment Web,1,26355.18,1
CHARITY_01292,Charity Abuse; Third-Party Payment Web,1,26353.92,1
FUNNEL_00170,Charity Abuse; Funnel Account Network; Third-Party Payment Web,2,26331.769999999997,2
TPWEB_00971,Charity Abuse; Funnel Account Network; Third-Party Payment Web,2,26331.769999999997,2
CHARITY_03129,Charity Abuse; Structuring (Smurfing),3,26314.42,3
STRUCT_00121,Charity Abuse; Structuring (Smurfing),3,26314.42,3
TPWEB_00387,Charity Abuse; Third-Party Payment Web,1,26230.41,1
CHARITY_00815,Charity Abuse; Third-Party Payment Web,1,26230.41,1
FUNNEL_00040,Funnel Account Network; Structuring (Smurfing),3,26212.53,3
STRUCT_00113,Funnel Account Network; Structuring (Smurfing),3,26212.53,3
STRUCT_00067,Charity Abuse; Structuring (Smurfing),3,26208.6,3
CHARITY_00217,Charity Abuse; Structuring (Smurfing),3,26208.6,3
STRUCT_00083,Structuring (Smurfing),3,26199.46,3
STRUCT_00047,Structuring (Smurfing),3,26184.379999999997,3
CHARITY_02857,Charity Abuse,5,26183.62,5
CHARITY_00961,Charity Abuse; Funnel Account Network; Third-Party Payment Web,1,26182.34,1
CHARITY_02602,Charity Abuse; Funnel Account Network; Third-Party Payment Web,1,26152.8,1
CHARITY_02625,Charity Abuse; Third-Party Payment Web,2,26137.449999999997,1
TPWEB_01292,Charity Abuse; Third-Party Payment Web,2,26137.449999999997,1
CHARITY_01819,Charity Abuse; Funnel Account Network,1,26111.41,1
CHARITY_00218,Charity Abuse; Structuring (Smurfing),3,26081.629999999997,3
STRUCT_00045,Charity Abuse; Structuring (Smurfing),3,26081.629999999997,3
CHARITY_03136,Charity Abuse; Third-Party Payment Web,1,26064.29,1
CHARITY_03036,Charity Abuse; Funnel Account Network; Third-Party Payment Web,1,26044.11,1
STRUCT_00001,Charity Abuse; Structuring (Smurfing),3,26010.42,3
CHARITY_00029,Charity Abuse; Structuring (Smurfing),3,26010.42,3
CHARITY_02151,Charity Abuse; Funnel Account Network; Third-Party Payment Web,1,25979.22,1
CHARITY_01916,Charity Abuse; Funnel Account Network,1,25964.99,1
CHARITY_01220,Charity Abuse; Third-Party Payment Web,1,25962.51,1
CHARITY_02991,Charity Abuse; Third-Party Payment Web,1,25954.93,1
TPWEB_01393,Charity Abuse; Third-Party Payment Web,1,25910.16,1
CHARITY_02497,Charity Abuse; Third-Party Payment Web,1,25907.71,1
TPWEB_00907,Charity Abuse; Third-Party Payment Web,1,25907.71,1
CHARITY_00983,Charity Abuse; Structuring (Smurfing),3,25835.94,3
CHARITY_01438,Charity Abuse,5,25833.309999999998,3
CHARITY_01193,Charity Abuse; Third-Party Payment Web,1,25795.74,1
CHARITY_00393,Charity Abuse; Funnel Account Network; Third-Party Payment Web,1,25790.22,1
CHARITY_00927,Charity Abuse; Funnel Account Network; Third-Party Payment Web,1,25779.11,1
CHARITY_02070,Charity Abuse; Funnel Account Network; Structuring (Smurfing),3,25776.71,3
FUNNEL_00174,Charity Abuse; Funnel Account Network; Structuring (Smurfing),3,25776.71,3
STRUCT_00138,Charity Abuse; Funnel Account Network; Structuring (Smurfing),3,25776.71,3
CHARITY_01673,Charity Abuse; Funnel Account Network,3,25733.840000000004,2
FUNNEL_00071,Funnel Account Network,5,25674.92,5
STRUCT_00043,Charity Abuse; Structuring (Smurfing),3,25632.98,3
CHARITY_02933,Charity Abuse; Structuring (Smurfing),3,25632.98,3
CHARITY_02403,Charity Abuse; Funnel Account Network,1,25626.59,1
CHARITY_01281,Charity Abuse; Funnel Account Network; Third-Party Payment Web,1,25619.1,1
FUNNEL_00127,Charity Abuse; Funnel Account Network; Third-Party Payment Web,1,25615.71,1
CHARITY_02362,Charity Abuse; Funnel Account Network; Third-Party Payment Web,1,25615.71,1
TPWEB_00758,Charity Abuse; Funnel Account Network; Third-Party Payment Web,1,25615.71,1
CHARITY_01563,Charity Abuse; Third-Party Payment Web,1,25606.96,1
TPWEB_01617,Funnel Account Network; Third-Party Payment Web,1,25517.42,1
CHARITY_00749,Charity Abuse; Funnel Account Network; Third-Party Payment Web,1,25501.74,1
CHARITY_01721,Charity Abuse; Funnel Account Network; Structuring (Smurfing),3,25466.739999999998,3
STRUCT_00105,Charity Abuse; Funnel Account Network; Structuring (Smurfing),3,25466.739999999998,3
FUNNEL_00139,Charity Abuse; Funnel Account Network; Structuring (Smurfing),3,25466.739999999998,3
STRUCT_00129,Charity Abuse; Structuring (Smurfing),3,25426.35,3
CHARITY_03288,Charity Abuse; Structuring (Smurfing),3,25426.35,3
CHARITY_00678,Charity Abuse; Funnel Account Network,1,25417.0,1
CHARITY_00052,Charity Abuse; Third-Party Payment Web,1,25397.19,1
TPWEB_00839,Charity Abuse; Third-Party Payment Web,1,25397.19,1
TPWEB_01081,Funnel Account Network; Third-Party Payment Web,1,25386.49,1
STRUCT_00123,Charity Abuse; Structuring (Smurfing),3,25373.09,3
CHARITY_03132,Charity Abuse; Structuring (Smurfing),3,25373.09,3
CHARITY_02352,Charity Abuse; Funnel Account Network,1,25362.09,1
CHARITY_01599,Charity Abuse; Third-Party Payment Web,1,25357.49,1
CHARITY_01237,Charity Abuse; Funnel Account Network; Third-Party Payment Web,1,25357.28,1
TPWEB_01539,Charity Abuse; Third-Party Payment Web,1,25344.3,1
CHARITY_02023,Charity Abuse; Third-Party Payment Web,1,25344.3,1
TPWEB_00053,Charity Abuse; Third-Party Payment Web,1,25272.37,1
TPWEB_00475,Third-Party Payment Web,1,25268.04,1
CHARITY_00643,Charity Abuse; Funnel Account Network,1,25249.19,1
STRUCT_00034,Funnel Account Network; Structuring (Smurfing),3,25213.72,3
FUNNEL_00059,Funnel Account Network; Structuring (Smurfing),3,25213.72,3
CHARITY_01476,Charity Abuse; Third-Party Payment Web,1,25210.57,1
FUNNEL_00053,Charity Abuse; Funnel Account Network; Structuring (Smurfing),3,25088.08,3
CHARITY_00695,Charity Abuse; Funnel Account Network; Structuring (Smurfing),3,25088.08,3
STRUCT_00032,Charity Abuse; Funnel Account Network; Structuring (Smurfing),3,25088.08,3
STRUCT_00004,Charity Abuse; Structuring (Smurfing),3,25023.53,3
CHARITY_01762,Charity Abuse; Structuring (Smurfing),3,25023.53,3
STRUCT_00047,Charity Abuse; Structuring (Smurfing),3,25021.32,3
CHARITY_02032,Charity Abuse; Structuring (Smurfing),3,25021.32,3
CHARITY_02191,Charity Abuse; Third-Party Payment Web,1,25017.06,1
CHARITY_01699,Charity Abuse; Third-Party Payment Web,1,25016.48,1
TPWEB_00964,Charity Abuse; Third-Party Payment Web,1,25016.48,1
CHARITY_01437,Charity Abuse; Funnel Account Network; Third-Party Payment Web,1,25006.95,1
CHARITY_00773,Charity Abuse; Structuring (Smurfing),3,24892.010000000002,3
STRUCT_00089,Charity Abuse; Structuring (Smurfing),3,24892.010000000002,3
CHARITY_00489,Charity Abuse; Third-Party Payment Web,1,24890.71,1
TPWEB_00238,Charity Abuse; Third-Party Payment Web,1,24890.71,1
TPWEB_00665,Third-Party Payment Web,1,24849.53,1
CHARITY_00756,Charity Abuse; Third-Party Payment Web,1,24846.67,1
CHARITY_02228,Charity Abuse; Third-Party Payment Web,1,24785.01,1
TPWEB_01403,Charity Abuse; Third-Party Payment Web,1,24785.01,1
CHARITY_01955,Charity Abuse; Funnel Account Network; Third-Party Payment Web,1,24772.83,1
TPWEB_00944,Charity Abuse; Funnel Account Network; Third-Party Payment Web,1,24772.83,1
TPWEB_00153,Charity Abuse; Third-Party Payment Web,1,24764.27,1
FUNNEL_00229,Charity Abuse; Funnel Account Network,1,24755.94,1
CHARITY_02740,Charity Abuse; Funnel Account Network; Third-Party Payment Web,1,24749.39,1
STRUCT_00119,Charity Abuse; Structuring (Smurfing),3,24711.12,3
CHARITY_03141,Charity Abuse; Structuring (Smurfing),3,24711.12,3
CHARITY_02703,Charity Abuse; Structuring (Smurfing),3,24703.440000000002,3
STRUCT_00078,Charity Abuse; Structuring (Smurfing),3,24703.440000000002,3
TPWEB_00486,Charity Abuse; Funnel Account Network; Third-Party Payment Web,1,24694.0,1
CHARITY_02447,Charity Abuse; Funnel Account Network; Third-Party Payment Web,1,24694.0,1
FUNNEL_00077,Charity Abuse; Funnel Account Network; Third-Party Payment Web,1,24694.0,1
CHARITY_02649,Charity Abuse; Third-Party Payment Web,1,24679.71,1
CHARITY_00326,Charity Abuse; Third-Party Payment Web,1,24665.2,1
TPWEB_00195,Charity Abuse; Third-Party Payment Web,1,24665.2,1
FUNNEL_00145,Charity Abuse; Funnel Account Network,3,24648.47,3
CHARITY_01453,Charity Abuse; Third-Party Payment Web,1,24628.94,1
CHARITY_03176,Charity Abuse; Third-Party Payment Web,1,24600.75,1
TPWEB_01299,Charity Abuse; Third-Party Payment Web,1,24600.75,1
CHARITY_01719,Charity Abuse; Funnel Account Network; Third-Party Payment Web,1,24574.45,1
CHARITY_00179,Charity Abuse; Third-Party Payment Web,1,24532.64,1
CHARITY_03069,Charity Abuse; Funnel Account Network,1,24519.62,1
CHARITY_00803,Charity Abuse; Funnel Account Network; Third-Party Payment Web,1,24493.78,1
CHARITY_01178,Charity Abuse; Funnel Account Network,2,24470.44,2
CHARITY_02582,Charity Abuse; Third-Party Payment Web,1,24467.21,1
STRUCT_00059,Charity Abuse; Structuring (Smurfing),3,24399.12,3
CHARITY_03252,Charity Abuse; Structuring (Smurfing),3,24399.12,3
CHARITY_01871,Charity Abuse; Third-Party Payment Web,1,24398.76,1
CHARITY_00359,Charity Abuse; Third-Party Payment Web,1,24372.05,1
MULE_00069,Charity Abuse; Money Mule Network; Third-Party Payment Web,1,24352.51,1
CHARITY_02146,Charity Abuse; Money Mule Network; Third-Party Payment Web,1,24352.51,1
TPWEB_01034,Charity Abuse; Money Mule Network; Third-Party Payment Web,1,24352.51,1
CHARITY_00932,Charity Abuse; Funnel Account Network; Third-Party Payment Web,1,24331.21,1
CHARITY_00687,Charity Abuse; Funnel Account Network; Third-Party Payment Web,1,24280.42,1
FUNNEL_00186,Charity Abuse; Funnel Account Network; Third-Party Payment Web,1,24280.42,1
TPWEB_01108,Charity Abuse; Funnel Account Network; Third-Party Payment Web,1,24280.42,1
CHARITY_00558,Charity Abuse; Third-Party Payment Web,1,24238.31,1
TPWEB_00481,Charity Abuse; Third-Party Payment Web,1,24238.31,1
CHARITY_00256,Charity Abuse; Third-Party Payment Web,1,24229.98,1
TPWEB_00667,Charity Abuse; Third-Party Payment Web,1,24219.0,1
CHARITY_01336,Charity Abuse; Third-Party Payment Web,1,24219.0,1
FUNNEL_00041,Funnel Account Network; Structuring (Smurfing),3,24204.15,3
STRUCT_00135,Funnel Account Network; Structuring (Smurfing),3,24204.15,3
TPWEB_01354,Funnel Account Network; Third-Party Payment Web,1,24203.61,1
FUNNEL_00028,Funnel Account Network; Third-Party Payment Web,1,24203.61,1
CHARITY_00729,Charity Abuse; Third-Party Payment Web,1,24200.61,1
CHARITY_02978,Charity Abuse; Funnel Account Network; Third-Party Payment Web,1,24181.57,1
FUNNEL_00138,Funnel Account Network,3,24166.84,3
CHARITY_02863,Charity Abuse; Funnel Account Network; Third-Party Payment Web,1,24124.44,1
CHARITY_01077,Charity Abuse; Funnel Account Network; Third-Party Payment Web,1,24121.69,1
FUNNEL_00041,Charity Abuse; Funnel Account Network,5,24117.9,4
FUNNEL_00174,Charity Abuse; Funnel Account Network; Third-Party Payment Web,1,24108.62,1
TPWEB_00427,Charity Abuse; Funnel Account Network; Third-Party Payment Web,1,24108.62,1
CHARITY_02070,Charity Abuse; Funnel Account Network; Third-Party Payment Web,1,24108.62,1
CHARITY_00773,Charity Abuse; Funnel Account Network,1,24086.07,1
STRUCT_00084,Charity Abuse; Structuring (Smurfing),3,24035.93,3
CHARITY_01032,Charity Abuse; Structuring (Smurfing),3,24035.93,3
CHARITY_02024,Charity Abuse; Third-Party Payment Web,1,23973.18,1
CHARITY_01851,Charity Abuse; Funnel Account Network,1,23962.69,1
CHARITY_02197,Charity Abuse; Structuring (Smurfing),3,23955.59,3
STRUCT_00017,Charity Abuse; Structuring (Smurfing),3,23955.59,3
CHARITY_02363,Charity Abuse; Funnel Account Network; Third-Party Payment Web,1,23947.01,1
CHARITY_02746,Charity Abuse; Funnel Account Network; Third-Party Payment Web,1,23917.95,1
TPWEB_00148,Charity Abuse; Funnel Account Network; Third-Party Payment Web,1,23917.95,1
FUNNEL_00027,Charity Abuse; Funnel Account Network; Third-Party Payment Web,1,23917.95,1
STRUCT_00132,Charity Abuse; Structuring (Smurfing),3,23913.57,3
CHARITY_00488,Charity Abuse; Structuring (Smurfing),3,23913.57,3
CHARITY_00398,Charity Abuse; Third-Party Payment Web,1,23913.15,1
CHARITY_01763,Charity Abuse; Funnel Account Network; Third-Party Payment Web,1,23878.69,1
CHARITY_01469,Charity Abuse; Third-Party Payment Web,1,23857.75,1
TPWEB_01580,Charity Abuse; Third-Party Payment Web,1,23857.75,1
TPWEB_01174,Charity Abuse; Third-Party Payment Web,1,23824.24,1
CHARITY_02986,Charity Abuse; Third-Party Payment Web,1,23824.24,1
CHARITY_02491,Charity Abuse; Third-Party Payment Web,1,23812.4,1
TPWEB_00253,Charity Abuse; Third-Party Payment Web,1,23812.4,1
CHARITY_02412,Charity Abuse; Third-Party Payment Web,1,23690.72,1
STRUCT_00042,Charity Abuse; Structuring (Smurfing),3,23646.36,3
CHARITY_02772,Charity Abuse; Structuring (Smurfing),3,23646.36,3
CHARITY_00828,Charity Abuse; Third-Party Payment Web,1,23644.55,1
FUNNEL_00175,Funnel Account Network,5,23630.6,5
FUNNEL_00268,Funnel Account Network; Third-Party Payment Web,1,23562.63,1
TPWEB_01552,Funnel Account Network; Third-Party Payment Web,1,23562.63,1
CHARITY_01510,Charity Abuse; Funnel Account Network,1,23561.77,1
TPWEB_01358,Third-Party Payment Web,2,23534.15,2
CHARITY_02596,Charity Abuse; Funnel Account Network; Third-Party Payment Web,1,23521.99,1
CHARITY_01000,Charity Abuse; Funnel Account Network,1,23504.88,1
CHARITY_00886,Charity Abuse; Funnel Account Network; Third-Party Payment Web,1,23464.75,1
CHARITY_02291,Charity Abuse; Funnel Account Network; Third-Party Payment Web,1,23460.25,1
CHARITY_00046,Charity Abuse; Funnel Account Network; Third-Party Payment Web,1,23458.47,1
CHARITY_00906,Charity Abuse; Funnel Account Network; Third-Party Payment Web,1,23457.42,1
TPWEB_00009,Third-Party Payment Web,1,23444.96,1
CHARITY_00006,Charity Abuse,5,23444.48,3
FUNNEL_00113,Funnel Account Network; Third-Party Payment Web,2,23336.55,2
CHARITY_02568,Charity Abuse; Third-Party Payment Web,1,23320.31,1
CHARITY_00739,Charity Abuse; Third-Party Payment Web,1,23312.74,1
CHARITY_01294,Charity Abuse; Third-Party Payment Web,1,23293.78,1
CHARITY_01565,Charity Abuse; Funnel Account Network; Third-Party Payment Web,1,23286.13,1
CHARITY_01793,Charity Abuse; Funnel Account Network; Third-Party Payment Web,1,23284.58,1
CHARITY_00225,Charity Abuse; Funnel Account Network; Third-Party Payment Web,1,23273.13,1
CHARITY_01359,Charity Abuse; Funnel Account Network; Third-Party Payment Web,1,23241.27,1
FUNNEL_00080,Charity Abuse; Funnel Account Network,4,23209.440000000002,4
TPWEB_00996,Funnel Account Network; Third-Party Payment Web,1,23183.11,1
FUNNEL_00173,Funnel Account Network; Third-Party Payment Web,1,23183.11,1
CHARITY_01808,Charity Abuse; Third-Party Payment Web,1,23162.78,1
TPWEB_01341,Charity Abuse; Third-Party Payment Web,1,23122.71,1
CHARITY_02913,Charity Abuse; Third-Party Payment Web,1,23106.02,1
FUNNEL_00116,Funnel Account Network; Third-Party Payment Web,1,23078.4,1
TPWEB_00199,Funnel Account Network; Third-Party Payment Web,1,23078.4,1
TPWEB_00608,Funnel Account Network; Third-Party Payment Web,1,23035.41,1
FUNNEL_00099,Funnel Account Network; Third-Party Payment Web,1,23035.41,1
CHARITY_00763,Charity Abuse; Third-Party Payment Web,1,23012.38,1
CHARITY_00874,Charity Abuse; Third-Party Payment Web,1,23010.76,1
TPWEB_00187,Charity Abuse; Third-Party Payment Web,1,23010.76,1
CHARITY_02026,Charity Abuse; Funnel Account Network; Third-Party Payment Web,1,22993.4,1
CHARITY_01420,Charity Abuse; Funnel Account Network; Third-Party Payment Web,1,22962.02,1
FUNNEL_00014,Charity Abuse; Funnel Account Network,1,22943.84,1
CHARITY_00708,Charity Abuse; Funnel Account Network,1,22943.84,1
TPWEB_01555,Charity Abuse; Third-Party Payment Web,1,22935.97,1
CHARITY_00504,Charity Abuse; Third-Party Payment Web,1,22935.97,1
CHARITY_01649,Charity Abuse; Third-Party Payment Web,1,22904.12,1
TPWEB_01262,Charity Abuse; Third-Party Payment Web,1,22904.12,1
CHARITY_00114,Charity Abuse; Third-Party Payment Web,1,22889.23,1
TPWEB_00057,Charity Abuse; Third-Party Payment Web,1,22889.23,1
TPWEB_00285,Charity Abuse; Third-Party Payment Web,1,22879.75,1
CHARITY_02873,Charity Abuse; Third-Party Payment Web,1,22879.75,1
CHARITY_00651,Charity Abuse; Money Mule Network,1,22879.26,1
CHARITY_01606,Charity Abuse; Funnel Account Network,2,22841.6,1
CHARITY_02660,Charity Abuse; Funnel Account Network; Third-Party Payment Web,1,22787.79,1
CHARITY_01231,Charity Abuse; Third-Party Payment Web,2,22774.699999999997,2
TPWEB_00594,Charity Abuse; Third-Party Payment Web,2,22774.699999999997,2
CHARITY_01766,Charity Abuse; Funnel Account Network; Third-Party Payment Web,1,22672.02,1
CHARITY_01262,Charity Abuse; Third-Party Payment Web,1,22666.64,1
TPWEB_00541,Charity Abuse; Third-Party Payment Web,1,22666.64,1
CHARITY_03062,Charity Abuse; Third-Party Payment Web,1,22610.07,1
CHARITY_02910,Charity Abuse; Funnel Account Network,1,22609.74,1
TPWEB_00368,Charity Abuse; Third-Party Payment Web,1,22592.28,1
CHARITY_01214,Charity Abuse; Third-Party Payment Web,1,22592.28,1
CHARITY_02308,Charity Abuse; Funnel Account Network,1,22582.9,1
TPWEB_00838,Charity Abuse; Third-Party Payment Web,1,22578.45,1
CHARITY_00042,Charity Abuse; Funnel Account Network,1,22558.43,1
TPWEB_00601,Pass-Through Transit Hub; Third-Party Payment Web,1,22510.68,1
PASS_00058,Pass-Through Transit Hub; Third-Party Payment Web,1,22510.68,1
CHARITY_00883,Charity Abuse; Third-Party Payment Web,1,22475.14,1
TPWEB_00857,Charity Abuse; Third-Party Payment Web,1,22473.21,1
CHARITY_02689,Charity Abuse; Third-Party Payment Web,1,22431.36,1
TPWEB_00785,Charity Abuse; Third-Party Payment Web,1,22425.62,1
CHARITY_01964,Charity Abuse; Third-Party Payment Web,1,22425.62,1
CHARITY_02172,Charity Abuse; Funnel Account Network; Third-Party Payment Web,1,22385.17,1
CHARITY_00044,Charity Abuse; Funnel Account Network,1,22369.76,1
TPWEB_00243,Funnel Account Network; Third-Party Payment Web,1,22361.67,1
CHARITY_00277,Charity Abuse; Third-Party Payment Web,1,22355.86,1
TPWEB_00133,Charity Abuse; Third-Party Payment Web,1,22355.86,1
CHARITY_03041,Charity Abuse,6,22325.58,5
CHARITY_00819,Charity Abuse; Funnel Account Network,1,22268.5,1
CHARITY_00127,Charity Abuse; Funnel Account Network; Third-Party Payment Web,1,22218.15,1
CHARITY_02681,Charity Abuse; Third-Party Payment Web,1,22158.32,1
CHARITY_01561,Charity Abuse; Funnel Account Network; Third-Party Payment Web,1,22143.49,1
CHARITY_00777,Charity Abuse; Funnel Account Network; Third-Party Payment Web,1,22105.44,1
CHARITY_01621,Charity Abuse; Funnel Account Network,2,22103.65,2
CHARITY_00415,Charity Abuse; Funnel Account Network; Third-Party Payment Web,1,22094.98,1
CHARITY_00603,Charity Abuse; Funnel Account Network; Third-Party Payment Web,1,22064.27,1
CHARITY_02370,Charity Abuse; Funnel Account Network,2,22059.82,2
TPWEB_01394,Charity Abuse; Third-Party Payment Web,1,22054.48,1
CHARITY_02847,Charity Abuse; Third-Party Payment Web,1,22054.48,1
CHARITY_00059,Charity Abuse; Funnel Account Network; Third-Party Payment Web,1,21993.2,1
CHARITY_00065,Charity Abuse; Money Mule Network,1,21878.98,1
TPWEB_00081,Charity Abuse; Funnel Account Network; Third-Party Payment Web,1,21876.55,1
CHARITY_00156,Charity Abuse; Funnel Account Network; Third-Party Payment Web,1,21876.55,1
TPWEB_01438,Charity Abuse; Funnel Account Network; Third-Party Payment Web,1,21785.19,1
CHARITY_02476,Charity Abuse; Funnel Account Network; Third-Party Payment Web,1,21785.19,1
FUNNEL_00249,Charity Abuse; Funnel Account Network; Third-Party Payment Web,1,21785.19,1
CHARITY_01320,Charity Abuse; Third-Party Payment Web,1,21746.39,1
CHARITY_00799,Charity Abuse; Funnel Account Network; Third-Party Payment Web,1,21705.63,1
CHARITY_00149,Charity Abuse; Money Mule Network,1,21667.14,1
TPWEB_00272,Charity Abuse; Third-Party Payment Web,1,21646.33,1
CHARITY_03269,Charity Abuse; Third-Party Payment Web,1,21635.13,1
CHARITY_03034,Charity Abuse; Third-Party Payment Web,1,21618.2,1
TPWEB_01152,Charity Abuse; Third-Party Payment Web,1,21609.67,1
CHARITY_00930,Charity Abuse; Funnel Account Network; Third-Party Payment Web,1,21587.84,1
CHARITY_01606,Charity Abuse; Third-Party Payment Web,1,21458.73,1
CHARITY_00487,Charity Abuse; Funnel Account Network; Third-Party Payment Web,1,21446.77,1
CHARITY_00417,Charity Abuse; Funnel Account Network; Third-Party Payment Web,1,21378.17,1
CHARITY_02507,Charity Abuse; Funnel Account Network,1,21351.87,1
CHARITY_02954,Charity Abuse; Funnel Account Network,2,21340.75,2
TPWEB_01237,Charity Abuse; Third-Party Payment Web,1,21312.76,1
CHARITY_02247,Charity Abuse; Third-Party Payment Web,1,21305.19,1
TPWEB_00933,Charity Abuse; Third-Party Payment Web,1,21281.83,1
CHARITY_01938,Charity Abuse; Third-Party Payment Web,1,21281.83,1
TPWEB_01211,Charity Abuse; Third-Party Payment Web,1,21249.65,1
CHARITY_02112,Charity Abuse; Third-Party Payment Web,1,21249.65,1
TPWEB_01432,Charity Abuse; Third-Party Payment Web,1,21215.95,1
CHARITY_00491,Charity Abuse; Third-Party Payment Web,1,21199.69,1
CHARITY_00040,Charity Abuse; Funnel Account Network; Third-Party Payment Web,1,21170.92,1
CHARITY_02638,Charity Abuse; Funnel Account Network; Third-Party Payment Web,1,21012.49,1
TPWEB_01198,Charity Abuse; Third-Party Payment Web,1,21009.33,1
CHARITY_02506,Charity Abuse; Third-Party Payment Web,1,21009.33,1
FUNNEL_00034,Charity Abuse; Funnel Account Network; Third-Party Payment Web,1,20972.55,1
CHARITY_00484,Charity Abuse; Funnel Account Network; Third-Party Payment Web,1,20972.55,1
TPWEB_00227,Charity Abuse; Funnel Account Network; Third-Party Payment Web,1,20972.55,1
CHARITY_01182,Charity Abuse; Third-Party Payment Web,1,20952.38,1
FUNNEL_00164,Charity Abuse; Funnel Account Network,2,20935.36,2
CHARITY_02884,Charity Abuse; Funnel Account Network,1,20914.9,1
CHARITY_00128,Charity Abuse; Funnel Account Network; Third-Party Payment Web,1,20887.9,1
CHARITY_03149,Charity Abuse; Funnel Account Network; Third-Party Payment Web,1,20838.22,1
CHARITY_01521,Charity Abuse; Funnel Account Network,1,20822.07,1
TPWEB_00257,Funnel Account Network; Third-Party Payment Web,1,20795.94,1
FUNNEL_00247,Funnel Account Network; Third-Party Payment Web,1,20795.94,1
CHARITY_01808,Charity Abuse; Funnel Account Network; Third-Party Payment Web,1,20782.68,1
TPWEB_01122,Charity Abuse; Funnel Account Network; Third-Party Payment Web,1,20782.68,1
FUNNEL_00188,Charity Abuse; Funnel Account Network; Third-Party Payment Web,1,20782.68,1
CHARITY_02039,Charity Abuse; Third-Party Payment Web,1,20767.54,1
CHARITY_01168,Charity Abuse; Funnel Account Network; Third-Party Payment Web,1,20715.02,1
TPWEB_00990,Charity Abuse; Third-Party Payment Web,1,20632.46,1
CHARITY_00246,Charity Abuse; Third-Party Payment Web,1,20632.46,1
CHARITY_01350,Charity Abuse; Funnel Account Network; Third-Party Payment Web,1,20629.2,1
CHARITY_02200,Charity Abuse; Money Mule Network,1,20618.97,1
MULE_00013,Charity Abuse; Money Mule Network,1,20618.97,1
CHARITY_02465,Charity Abuse; Third-Party Payment Web,1,20591.23,1
TPWEB_01212,Charity Abuse; Third-Party Payment Web,1,20591.23,1
CHARITY_00149,Charity Abuse; Money Mule Network; Third-Party Payment Web,1,20580.3,1
CHARITY_03062,Charity Abuse; Funnel Account Network; Third-Party Payment Web,1,20556.42,1
CHARITY_00053,Charity Abuse; Funnel Account Network; Third-Party Payment Web,1,20510.49,1
CHARITY_02798,Charity Abuse; Funnel Account Network,1,20506.29,1
CHARITY_00514,Charity Abuse; Third-Party Payment Web,1,20480.85,1
CHARITY_02945,Charity Abuse; Funnel Account Network; Third-Party Payment Web,1,20384.54,1
CHARITY_01133,Charity Abuse; Funnel Account Network; Third-Party Payment Web,1,20377.32,1
CHARITY_02856,Charity Abuse; Funnel Account Network; Third-Party Payment Web,1,20361.29,1
TPWEB_01486,Charity Abuse; Funnel Account Network; Third-Party Payment Web,1,20361.29,1
TPWEB_00703,Charity Abuse; Third-Party Payment Web,1,20301.9,1
CHARITY_00401,Charity Abuse; Third-Party Payment Web,1,20301.9,1
CHARITY_01718,Charity Abuse; Third-Party Payment Web,1,20250.06,1
CHARITY_01010,Charity Abuse; Third-Party Payment Web,1,20166.14,1
CHARITY_02702,Charity Abuse; Money Mule Network; Third-Party Payment Web,1,20140.73,1
TPWEB_00825,Charity Abuse; Money Mule Network; Third-Party Payment Web,1,20140.73,1
MULE_00047,Charity Abuse; Money Mule Network; Third-Party Payment Web,1,20140.73,1
CHARITY_02035,Charity Abuse; Funnel Account Network; Third-Party Payment Web,1,20102.95,1
CHARITY_02502,Charity Abuse; Third-Party Payment Web,1,20095.42,1
CHARITY_02646,Charity Abuse; Funnel Account Network; Third-Party Payment Web,1,20082.65,1
CHARITY_00998,Charity Abuse; Third-Party Payment Web,1,20071.99,1
CHARITY_00020,Charity Abuse; Funnel Account Network,1,19957.94,1
CHARITY_01239,Charity Abuse; Third-Party Payment Web,1,19957.65,1
CHARITY_00467,Charity Abuse; Funnel Account Network; Third-Party Payment Web,1,19886.23,1
CHARITY_01457,Charity Abuse; Funnel Account Network; Third-Party Payment Web,1,19840.17,1
CHARITY_00768,Charity Abuse; Third-Party Payment Web,1,19774.51,1
CHARITY_02175,Charity Abuse; Third-Party Payment Web,1,19766.61,1
CHARITY_02186,Charity Abuse; Funnel Account Network; Third-Party Payment Web,1,19758.9,1
CHARITY_02609,Charity Abuse; Funnel Account Network; Third-Party Payment Web,1,19755.88,1
CHARITY_02942,Charity Abuse; Funnel Account Network; Third-Party Payment Web,1,19733.34,1
TPWEB_00563,Charity Abuse; Third-Party Payment Web,1,19705.71,1
CHARITY_01174,Charity Abuse; Third-Party Payment Web,1,19705.71,1
CHARITY_03084,Charity Abuse; Funnel Account Network,1,19683.49,1
CHARITY_00186,Charity Abuse; Third-Party Payment Web,1,19647.75,1
CHARITY_01425,Charity Abuse; Third-Party Payment Web,1,19626.21,1
TPWEB_00971,Charity Abuse; Third-Party Payment Web,1,19626.21,1
CHARITY_00672,Charity Abuse; Funnel Account Network; Third-Party Payment Web,1,19624.0,1
CHARITY_00001,Charity Abuse; Funnel Account Network,1,19554.85,1
CHARITY_01381,Charity Abuse; Funnel Account Network,1,19492.21,1
FUNNEL_00186,Charity Abuse; Funnel Account Network,1,19492.21,1
CHARITY_00485,Charity Abuse; Funnel Account Network; Third-Party Payment Web,1,19469.13,1
TPWEB_00336,Charity Abuse; Third-Party Payment Web,1,19449.44,1
CHARITY_02996,Charity Abuse,7,19428.14,5
CHARITY_00771,Charity Abuse; Third-Party Payment Web,1,19417.57,1
CHARITY_02403,Charity Abuse; Third-Party Payment Web,1,19415.23,1
STRUCT_00133,Charity Abuse; Structuring (Smurfing),2,19391.73,2
CHARITY_02384,Charity Abuse; Third-Party Payment Web,1,19377.09,1
CHARITY_01291,Charity Abuse; Funnel Account Network; Third-Party Payment Web,1,19355.43,1
CHARITY_02455,Charity Abuse; Third-Party Payment Web,1,19351.74,1
FUNNEL_00228,Charity Abuse; Funnel Account Network,2,19340.03,2
STRUCT_00033,Structuring (Smurfing),2,19296.18,2
CHARITY_03234,Charity Abuse; Third-Party Payment Web,1,19292.78,1
TPWEB_01591,Charity Abuse; Third-Party Payment Web,1,19292.78,1
TPWEB_00630,Charity Abuse; Third-Party Payment Web,1,19237.82,1
CHARITY_01303,Charity Abuse; Third-Party Payment Web,1,19237.82,1
CHARITY_00669,Charity Abuse; Third-Party Payment Web,1,19233.69,1
TPWEB_00459,Charity Abuse; Third-Party Payment Web,1,19110.01,1
CHARITY_02383,Charity Abuse; Third-Party Payment Web,1,19110.01,1
TPWEB_00599,Funnel Account Network; Third-Party Payment Web,1,19108.14,1
CHARITY_01421,Charity Abuse; Funnel Account Network,1,19107.31,1
CHARITY_00064,Charity Abuse; Funnel Account Network,2,19068.39,1
CHARITY_01079,Charity Abuse; Funnel Account Network; Third-Party Payment Web,1,19049.41,1
CHARITY_02275,Charity Abuse; Third-Party Payment Web,1,19022.59,1
CHARITY_02564,Charity Abuse; Third-Party Payment Web,1,19022.59,1
TPWEB_01110,Charity Abuse; Third-Party Payment Web,1,19022.59,1
TPWEB_00527,Charity Abuse; Funnel Account Network; Third-Party Payment Web,1,19017.49,1
CHARITY_00183,Charity Abuse; Funnel Account Network; Third-Party Payment Web,1,18971.91,1
CHARITY_02034,Charity Abuse; Funnel Account Network; Third-Party Payment Web,1,18955.91,1
TPWEB_01194,Third-Party Payment Web,1,18947.5,1
TPWEB_01028,Charity Abuse; Third-Party Payment Web,1,18935.83,1
TPWEB_00870,Charity Abuse; Third-Party Payment Web,1,18838.54,1
CHARITY_02741,Charity Abuse; Third-Party Payment Web,1,18838.54,1
TPWEB_00944,Charity Abuse; Third-Party Payment Web,1,18836.81,1
TPWEB_00993,Charity Abuse; Third-Party Payment Web,1,18822.34,1
CHARITY_02065,Charity Abuse; Third-Party Payment Web,1,18822.34,1
CHARITY_00200,Charity Abuse; Funnel Account Network; Third-Party Payment Web,1,18820.81,1
CHARITY_02126,Charity Abuse; Funnel Account Network; Third-Party Payment Web,1,18813.04,1
CHARITY_00497,Charity Abuse; Third-Party Payment Web,1,18775.54,1
TPWEB_00497,Charity Abuse; Third-Party Payment Web,1,18775.54,1
TPWEB_00945,Charity Abuse; Third-Party Payment Web,1,18774.46,1
CHARITY_01616,Charity Abuse; Third-Party Payment Web,1,18774.46,1
CHARITY_00851,Charity Abuse; Third-Party Payment Web,1,18733.26,1
CHARITY_02410,Charity Abuse; Third-Party Payment Web,1,18731.85,1
TPWEB_00976,Charity Abuse; Third-Party Payment Web,1,18731.85,1
CHARITY_02089,Charity Abuse; Third-Party Payment Web,1,18663.96,1
CHARITY_01582,Charity Abuse; Funnel Account Network,1,18611.81,1
TPWEB_01300,Third-Party Payment Web,1,18589.06,1
CHARITY_02322,Charity Abuse; Third-Party Payment Web,1,18584.62,1
STRUCT_00027,Charity Abuse; Structuring (Smurfing),2,18576.79,2
CHARITY_00419,Charity Abuse; Third-Party Payment Web,1,18561.31,1
CHARITY_01127,Charity Abuse; Funnel Account Network; Third-Party Payment Web,1,18552.79,1
STRUCT_00074,Charity Abuse; Structuring (Smurfing),2,18536.03,2
CHARITY_00763,Charity Abuse; Structuring (Smurfing),2,18536.03,2
TPWEB_00060,Charity Abuse; Third-Party Payment Web,1,18508.36,1
CHARITY_02203,Charity Abuse; Third-Party Payment Web,1,18508.36,1
CHARITY_01277,Charity Abuse; Third-Party Payment Web,1,18499.19,1
CHARITY_00932,Charity Abuse; Third-Party Payment Web,1,18443.3,1
CHARITY_03240,Charity Abuse; Funnel Account Network; Third-Party Payment Web,1,18442.8,1
TPWEB_00124,Charity Abuse; Third-Party Payment Web,1,18407.33,1
CHARITY_00254,Charity Abuse; Third-Party Payment Web,1,18407.33,1
CHARITY_01379,Charity Abuse; Third-Party Payment Web,1,18396.91,1
TPWEB_01598,Charity Abuse; Third-Party Payment Web,1,18350.53,1
CHARITY_01816,Charity Abuse; Third-Party Payment Web,1,18350.53,1
CHARITY_02920,Charity Abuse; Funnel Account Network,1,18328.9,1
CHARITY_00052,Charity Abuse; Funnel Account Network; Third-Party Payment Web,1,18312.44,1
CHARITY_02340,Charity Abuse; Funnel Account Network,1,18295.54,1
MULE_00013,Charity Abuse; Money Mule Network; Third-Party Payment Web,1,18289.87,1
TPWEB_01069,Charity Abuse; Money Mule Network; Third-Party Payment Web,1,18289.87,1
CHARITY_02201,Charity Abuse; Money Mule Network; Third-Party Payment Web,1,18289.87,1
CHARITY_02200,Charity Abuse; Money Mule Network; Third-Party Payment Web,1,18289.87,1
CHARITY_02531,Charity Abuse; Third-Party Payment Web,1,18289.75,1
TPWEB_01576,Charity Abuse; Third-Party Payment Web,1,18289.75,1
CHARITY_02572,Charity Abuse; Funnel Account Network,1,18270.34,1
TPWEB_00411,Funnel Account Network; Third-Party Payment Web,1,18255.29,1
TPWEB_00739,Third-Party Payment Web,1,18224.22,1
CHARITY_02203,Charity Abuse; Funnel Account Network; Third-Party Payment Web,1,18124.04,1
CHARITY_01161,Charity Abuse; Third-Party Payment Web,1,18009.24,1
TPWEB_00502,Charity Abuse; Third-Party Payment Web,1,17937.94,1
CHARITY_02047,Charity Abuse; Funnel Account Network; Third-Party Payment Web,1,17901.27,1
TPWEB_01561,Charity Abuse; Third-Party Payment Web,1,17894.08,1
TPWEB_00477,Charity Abuse; Third-Party Payment Web,1,17883.66,1
CHARITY_00129,Charity Abuse; Third-Party Payment Web,1,17883.66,1
CHARITY_02156,Charity Abuse; Third-Party Payment Web,1,17803.66,1
CHARITY_00322,Charity Abuse; Third-Party Payment Web,1,17803.66,1
CHARITY_02412,Charity Abuse; Funnel Account Network; Third-Party Payment Web,1,17763.63,1
CHARITY_01038,Charity Abuse; Funnel Account Network; Third-Party Payment Web,1,17760.19,1
CHARITY_02582,Charity Abuse; Funnel Account Network; Third-Party Payment Web,1,17758.54,1
CHARITY_02993,Charity Abuse; Funnel Account Network,2,17753.649999999998,2
FUNNEL_00147,Charity Abuse; Funnel Account Network,1,17678.36,1
CHARITY_02918,Charity Abuse; Funnel Account Network,1,17678.36,1
CHARITY_02825,Charity Abuse; Third-Party Payment Web,1,17656.63,1
TPWEB_00918,Charity Abuse; Third-Party Payment Web,1,17626.9,1
CHARITY_00601,Charity Abuse; Third-Party Payment Web,1,17617.26,1
CHARITY_01234,Charity Abuse; Third-Party Payment Web,1,17596.93,1
CHARITY_00882,Charity Abuse; Funnel Account Network; Third-Party Payment Web,1,17575.18,1
CHARITY_02403,Charity Abuse; Funnel Account Network; Third-Party Payment Web,1,17496.09,1
CHARITY_03272,Charity Abuse; Third-Party Payment Web,1,17493.23,1
CHARITY_02130,Charity Abuse; Funnel Account Network; Third-Party Payment Web,1,17376.14,1
CHARITY_02287,Charity Abuse; Funnel Account Network,2,17326.72,1
CHARITY_00554,Charity Abuse; Third-Party Payment Web,1,17269.79,1
CHARITY_02530,Charity Abuse; Funnel Account Network,1,17199.62,1
CHARITY_00358,Charity Abuse; Funnel Account Network,1,17145.8,1
CHARITY_01395,Charity Abuse; Funnel Account Network,1,17105.57,1
CHARITY_00425,Charity Abuse; Third-Party Payment Web,1,17070.11,1
CHARITY_01002,Charity Abuse; Funnel Account Network,1,17067.11,1
CHARITY_00176,Charity Abuse; Funnel Account Network; Third-Party Payment Web,1,17025.73,1
TPWEB_01226,Third-Party Payment Web,1,16987.42,1
CHARITY_00710,Charity Abuse; Funnel Account Network; Third-Party Payment Web,1,16973.14,1
CHARITY_03236,Charity Abuse; Third-Party Payment Web,1,16883.53,1
CHARITY_02704,Charity Abuse; Funnel Account Network; Third-Party Payment Web,1,16857.19,1
CHARITY_01352,Charity Abuse,5,16854.77,5
FUNNEL_00183,Funnel Account Network,1,16838.15,1
CHARITY_01005,Charity Abuse; Third-Party Payment Web,1,16806.24,1
CHARITY_02498,Charity Abuse; Funnel Account Network; Third-Party Payment Web,1,16799.09,1
CHARITY_02656,Charity Abuse; Funnel Account Network,1,16761.26,1
TPWEB_00476,Charity Abuse; Third-Party Payment Web,1,16751.12,1
CHARITY_03208,Charity Abuse; Funnel Account Network; Third-Party Payment Web,1,16746.91,1
TPWEB_00415,Third-Party Payment Web,1,16726.73,1
FUNNEL_00064,Charity Abuse; Funnel Account Network,2,16722.75,2
CHARITY_00159,Charity Abuse; Third-Party Payment Web,1,16712.0,1
CHARITY_01305,Charity Abuse; Funnel Account Network,1,16665.71,1
CHARITY_02523,Charity Abuse; Third-Party Payment Web,1,16659.09,1
TPWEB_00678,Charity Abuse; Third-Party Payment Web,1,16659.09,1
TPWEB_00030,Funnel Account Network; Third-Party Payment Web,1,16636.33,1
CHARITY_01702,Charity Abuse; Funnel Account Network; Third-Party Payment Web,1,16632.94,1
CHARITY_01491,Charity Abuse; Funnel Account Network; Third-Party Payment Web,1,16617.51,1
TPWEB_00285,Charity Abuse; Funnel Account Network; Third-Party Payment Web,1,16617.51,1
CHARITY_03040,Charity Abuse; Funnel Account Network; Third-Party Payment Web,1,16603.44,1
CHARITY_00936,Charity Abuse; Third-Party Payment Web,1,16558.53,1
FUNNEL_00123,Funnel Account Network; Third-Party Payment Web,1,16526.39,1
TPWEB_00739,Funnel Account Network; Third-Party Payment Web,1,16526.39,1
TPWEB_00005,Charity Abuse; Third-Party Payment Web,1,16516.87,1
TPWEB_01192,Charity Abuse; Third-Party Payment Web,1,16499.63,1
CHARITY_00540,Charity Abuse; Third-Party Payment Web,1,16478.74,1
TPWEB_00975,Charity Abuse; Third-Party Payment Web,1,16478.74,1
CHARITY_02831,Charity Abuse; Funnel Account Network; Third-Party Payment Web,1,16476.47,1
CHARITY_03138,Charity Abuse; Funnel Account Network,1,16476.45,1
CHARITY_00741,Charity Abuse; Funnel Account Network; Third-Party Payment Web,1,16436.81,1
TPWEB_00598,Charity Abuse; Third-Party Payment Web,1,16412.35,1
CHARITY_02699,Charity Abuse; Third-Party Payment Web,1,16412.35,1
STRUCT_00020,Charity Abuse; Structuring (Smurfing),2,16394.68,2
CHARITY_01617,Charity Abuse; Structuring (Smurfing),2,16394.68,2
CHARITY_02758,Charity Abuse; Funnel Account Network; Third-Party Payment Web,1,16391.72,1
CHARITY_00595,Charity Abuse; Funnel Account Network; Third-Party Payment Web,1,16365.11,1
TPWEB_01392,Funnel Account Network; Third-Party Payment Web,1,16351.44,1
FUNNEL_00145,Funnel Account Network; Third-Party Payment Web,1,16351.44,1
TPWEB_00663,Charity Abuse; Third-Party Payment Web,1,16339.87,1
CHARITY_01210,Charity Abuse; Third-Party Payment Web,1,16339.87,1
CHARITY_02854,Charity Abuse; Funnel Account Network,1,16311.4,1
CHARITY_03011,Charity Abuse; Third-Party Payment Web,1,16263.27,1
CHARITY_01638,Charity Abuse; Funnel Account Network; Third-Party Payment Web,1,16249.74,1
TPWEB_01300,Charity Abuse; Funnel Account Network; Third-Party Payment Web,1,16249.74,1
FUNNEL_00229,Charity Abuse; Funnel Account Network; Third-Party Payment Web,1,16249.74,1
CHARITY_03129,Charity Abuse; Funnel Account Network; Third-Party Payment Web,1,16237.06,1
CHARITY_00854,Charity Abuse; Funnel Account Network,1,16229.91,1
CHARITY_03094,Charity Abuse; Funnel Account Network,1,16227.51,1
CHARITY_01522,Charity Abuse; Third-Party Payment Web,1,16226.83,1
TPWEB_00428,Charity Abuse; Third-Party Payment Web,1,16218.98,1
CHARITY_02724,Charity Abuse; Third-Party Payment Web,1,16218.98,1
CHARITY_00476,Charity Abuse; Funnel Account Network; Third-Party Payment Web,1,16145.32,1
FUNNEL_00238,Funnel Account Network,3,16130.17,3
TPWEB_00733,Charity Abuse; Third-Party Payment Web,1,16069.93,1
CHARITY_01553,Charity Abuse; Third-Party Payment Web,1,16069.93,1
FUNNEL_00047,Charity Abuse; Funnel Account Network,4,16067.619999999999,2
TPWEB_00474,Third-Party Payment Web,1,16045.71,1
TPWEB_00091,Funnel Account Network; Third-Party Payment Web,1,16032.38,1
TPWEB_01243,Charity Abuse; Third-Party Payment Web,1,16013.82,1
CHARITY_02527,Charity Abuse; Third-Party Payment Web,1,16013.82,1
CHARITY_00024,Charity Abuse; Third-Party Payment Web,1,15908.55,1
TPWEB_00019,Charity Abuse; Third-Party Payment Web,1,15908.55,1
CHARITY_02097,Charity Abuse; Third-Party Payment Web,1,15837.25,1
TPWEB_01518,Charity Abuse; Third-Party Payment Web,1,15837.25,1
CHARITY_01826,Charity Abuse; Third-Party Payment Web,1,15818.94,1
CHARITY_02087,Charity Abuse; Funnel Account Network; Third-Party Payment Web,1,15785.56,1
FUNNEL_00082,Charity Abuse; Funnel Account Network; Third-Party Payment Web,1,15785.56,1
TPWEB_00501,Charity Abuse; Funnel Account Network; Third-Party Payment Web,1,15785.56,1
CHARITY_00185,Charity Abuse; Funnel Account Network; Third-Party Payment Web,1,15747.39,1
CHARITY_01215,Charity Abuse; Funnel Account Network; Third-Party Payment Web,1,15567.59,1
CHARITY_01400,Charity Abuse; Third-Party Payment Web,1,15535.09,1
CHARITY_00128,Charity Abuse; Third-Party Payment Web,1,15420.74,1
TPWEB_00361,Charity Abuse; Funnel Account Network; Third-Party Payment Web,1,15390.57,1
TPWEB_01167,Charity Abuse; Third-Party Payment Web,1,15365.95,1
CHARITY_00226,Charity Abuse; Funnel Account Network; Third-Party Payment Web,1,15362.27,1
FUNNEL_00180,Charity Abuse; Funnel Account Network,4,15341.69,2
TPWEB_01121,Charity Abuse; Third-Party Payment Web,1,15300.05,1
CHARITY_02589,Charity Abuse; Funnel Account Network; Third-Party Payment Web,1,15283.24,1
TPWEB_00391,Charity Abuse; Third-Party Payment Web,1,15264.45,1
CHARITY_03300,Charity Abuse; Third-Party Payment Web,1,15264.45,1
CHARITY_00423,Charity Abuse; Third-Party Payment Web,1,15226.9,1
TPWEB_00210,Charity Abuse; Third-Party Payment Web,1,15226.9,1
CHARITY_00655,Charity Abuse; Funnel Account Network; Third-Party Payment Web,1,15217.61,1
CHARITY_00338,Charity Abuse; Funnel Account Network; Third-Party Payment Web,1,15208.43,1
FUNNEL_00049,Charity Abuse; Funnel Account Network,1,15175.78,1
CHARITY_02328,Charity Abuse; Funnel Account Network; Third-Party Payment Web,1,15102.35,1
TPWEB_00174,Charity Abuse; Funnel Account Network; Third-Party Payment Web,1,15102.04,1
CHARITY_00192,Charity Abuse; Funnel Account Network; Third-Party Payment Web,1,15093.94,1
CHARITY_01048,Charity Abuse; Funnel Account Network; Third-Party Payment Web,1,15092.62,1
TPWEB_00163,Charity Abuse; Funnel Account Network; Third-Party Payment Web,1,14947.14,1
CHARITY_03306,Charity Abuse; Third-Party Payment Web,1,14895.83,1
TPWEB_01624,Charity Abuse; Third-Party Payment Web,1,14895.83,1
CHARITY_02775,Charity Abuse; Third-Party Payment Web,1,14864.77,1
FUNNEL_00196,Funnel Account Network,2,14853.82,2
CHARITY_02587,Charity Abuse; Funnel Account Network,1,14770.39,1
CHARITY_00834,Charity Abuse; Third-Party Payment Web,1,14747.83,1
CHARITY_01531,Charity Abuse; Third-Party Payment Web,1,14741.7,1
CHARITY_00593,Charity Abuse; Funnel Account Network; Third-Party Payment Web,1,14703.68,1
FUNNEL_00166,Charity Abuse; Funnel Account Network,2,14674.33,2
CHARITY_00818,Charity Abuse; Funnel Account Network; Third-Party Payment Web,1,14606.59,1
TPWEB_00885,Charity Abuse; Funnel Account Network; Third-Party Payment Web,1,14604.63,1
TPWEB_01517,Third-Party Payment Web,1,14576.44,1
CHARITY_02795,Charity Abuse; Funnel Account Network; Third-Party Payment Web,1,14570.42,1
TPWEB_00501,Charity Abuse; Third-Party Payment Web,1,14568.74,1
TPWEB_00360,Charity Abuse; Third-Party Payment Web,1,14559.72,1
CHARITY_00764,Charity Abuse; Third-Party Payment Web,1,14559.72,1
CHARITY_00789,Charity Abuse; Third-Party Payment Web,1,14554.67,1
CHARITY_02114,Charity Abuse; Funnel Account Network; Third-Party Payment Web,1,14529.35,1
CHARITY_00945,Charity Abuse; Funnel Account Network; Third-Party Payment Web,1,14524.06,1
CHARITY_02785,Charity Abuse; Funnel Account Network; Third-Party Payment Web,1,14519.88,1
CHARITY_02488,Charity Abuse; Funnel Account Network,1,14479.88,1
CHARITY_01450,Charity Abuse; Funnel Account Network; Third-Party Payment Web,1,14448.45,1
CHARITY_01242,Charity Abuse; Third-Party Payment Web,1,14446.1,1
CHARITY_01482,Charity Abuse; Funnel Account Network; Third-Party Payment Web,1,14442.92,1
FUNNEL_00108,Charity Abuse; Funnel Account Network; Third-Party Payment Web,1,14414.4,1
TPWEB_00665,Charity Abuse; Funnel Account Network; Third-Party Payment Web,1,14414.4,1
TPWEB_00313,Charity Abuse; Third-Party Payment Web,1,14323.26,1
CHARITY_00661,Charity Abuse; Third-Party Payment Web,1,14323.26,1
TPWEB_01017,Charity Abuse; Third-Party Payment Web,1,14314.11,1
CHARITY_01129,Charity Abuse; Third-Party Payment Web,1,14294.65,1
TPWEB_00544,Charity Abuse; Third-Party Payment Web,1,14294.65,1
CHARITY_01895,Charity Abuse; Funnel Account Network; Third-Party Payment Web,1,14254.16,1
CHARITY_00773,Charity Abuse; Funnel Account Network; Third-Party Payment Web,1,14244.84,1
TPWEB_00845,Charity Abuse; Third-Party Payment Web,1,14171.07,1
CHARITY_02115,Charity Abuse; Funnel Account Network; Third-Party Payment Web,1,14154.96,1
CHARITY_02158,Charity Abuse; Funnel Account Network; Third-Party Payment Web,1,14044.0,1
FUNNEL_00165,Funnel Account Network,2,14038.35,2
TPWEB_01610,Charity Abuse; Third-Party Payment Web,1,14033.66,1
CHARITY_02464,Charity Abuse; Third-Party Payment Web,1,13988.06,1
TPWEB_01295,Charity Abuse; Third-Party Payment Web,1,13935.66,1
CHARITY_02632,Charity Abuse; Third-Party Payment Web,1,13935.66,1
TPWEB_00484,Funnel Account Network; Third-Party Payment Web,1,13919.88,1
CHARITY_01395,Charity Abuse; Third-Party Payment Web,1,13909.0,1
CHARITY_03132,Charity Abuse; Funnel Account Network; Third-Party Payment Web,1,13907.32,1
TPWEB_00079,Charity Abuse; Third-Party Payment Web,1,13894.04,1
CHARITY_01275,Charity Abuse; Third-Party Payment Web,1,13894.04,1
CHARITY_01221,Charity Abuse; Funnel Account Network; Third-Party Payment Web,1,13881.8,1
CHARITY_00839,Charity Abuse; Funnel Account Network,1,13848.27,1
CHARITY_02766,Charity Abuse; Funnel Account Network,1,13846.95,1
FUNNEL_00180,Charity Abuse; Funnel Account Network; Third-Party Payment Web,1,13842.73,1
TPWEB_01478,Charity Abuse; Third-Party Payment Web,1,13838.98,1
CHARITY_00462,Charity Abuse; Funnel Account Network; Third-Party Payment Web,1,13819.2,1
CHARITY_00917,Charity Abuse; Funnel Account Network; Third-Party Payment Web,1,13753.74,1
CHARITY_03161,Charity Abuse; Third-Party Payment Web,1,13721.14,1
TPWEB_00148,Charity Abuse; Third-Party Payment Web,1,13721.14,1
CHARITY_01617,Charity Abuse; Funnel Account Network; Third-Party Payment Web,1,13720.91,1
FUNNEL_00049,Charity Abuse; Funnel Account Network; Third-Party Payment Web,1,13720.91,1
TPWEB_00300,Charity Abuse; Funnel Account Network; Third-Party Payment Web,1,13720.91,1
CHARITY_02058,Charity Abuse; Third-Party Payment Web,1,13718.0,1
CHARITY_00759,Charity Abuse; Funnel Account Network; Third-Party Payment Web,1,13668.31,1
CHARITY_01788,Charity Abuse; Funnel Account Network,1,13630.15,1
CHARITY_00431,Charity Abuse; Third-Party Payment Web,1,13603.47,1
TPWEB_01300,Charity Abuse; Third-Party Payment Web,1,13603.47,1
CHARITY_00850,Charity Abuse; Third-Party Payment Web,1,13599.15,1
CHARITY_00216,Charity Abuse; Third-Party Payment Web,1,13572.32,1
TPWEB_01552,Third-Party Payment Web,1,13532.13,1
CHARITY_01089,Charity Abuse; Funnel Account Network,1,13409.48,1
CHARITY_01993,Charity Abuse; Funnel Account Network; Third-Party Payment Web,1,13351.89,1
CHARITY_00595,Charity Abuse; Third-Party Payment Web,1,13340.01,1
CHARITY_01177,Charity Abuse; Funnel Account Network; Third-Party Payment Web,1,13332.35,1
CHARITY_01428,Charity Abuse; Third-Party Payment Web,1,13236.64,1
TPWEB_00183,Third-Party Payment Web,1,13231.69,1
CHARITY_00731,Charity Abuse; Funnel Account Network; Third-Party Payment Web,1,13216.71,1
CHARITY_00529,Charity Abuse; Funnel Account Network,1,13203.11,1
FUNNEL_00243,Funnel Account Network,3,13170.17,3
CHARITY_02916,Charity Abuse,4,13145.15,3
TPWEB_00882,Charity Abuse; Funnel Account Network; Third-Party Payment Web,1,13110.17,1
CHARITY_02668,Charity Abuse; Funnel Account Network; Third-Party Payment Web,1,13096.75,1
CHARITY_02343,Charity Abuse; Funnel Account Network; Third-Party Payment Web,1,13089.26,1
TPWEB_00434,Charity Abuse; Funnel Account Network; Third-Party Payment Web,1,13088.96,1
FUNNEL_00070,Charity Abuse; Funnel Account Network; Third-Party Payment Web,1,13088.96,1
CHARITY_02919,Charity Abuse; Funnel Account Network; Third-Party Payment Web,1,13088.96,1
CHARITY_02303,Charity Abuse; Funnel Account Network; Third-Party Payment Web,1,13088.63,1
CHARITY_00518,Charity Abuse; Third-Party Payment Web,1,12975.46,1
CHARITY_01861,Charity Abuse; Funnel Account Network,1,12966.94,1
CHARITY_02647,Charity Abuse; Third-Party Payment Web,1,12966.65,1
CHARITY_00161,Charity Abuse; Third-Party Payment Web,1,12937.39,1
TPWEB_00936,Charity Abuse; Third-Party Payment Web,1,12937.39,1
CHARITY_00940,Charity Abuse; Funnel Account Network,1,12932.43,1
CHARITY_02494,Charity Abuse; Third-Party Payment Web,1,12914.2,1
TPWEB_00215,Charity Abuse; Third-Party Payment Web,1,12914.2,1
CHARITY_02000,Charity Abuse; Third-Party Payment Web,1,12898.56,1
TPWEB_01485,Third-Party Payment Web,1,12891.57,1
CHARITY_01315,Charity Abuse; Funnel Account Network; Third-Party Payment Web,1,12890.98,1
CHARITY_01782,Charity Abuse; Funnel Account Network; Third-Party Payment Web,1,12890.98,1
TPWEB_00637,Charity Abuse; Funnel Account Network; Third-Party Payment Web,1,12890.98,1
FUNNEL_00143,Charity Abuse; Funnel Account Network; Third-Party Payment Web,1,12890.98,1
TPWEB_00825,Charity Abuse; Funnel Account Network; Third-Party Payment Web,1,12886.27,1
CHARITY_00216,Charity Abuse; Funnel Account Network,1,12865.98,1
CHARITY_01392,Charity Abuse; Third-Party Payment Web,1,12853.96,1
TPWEB_00630,Funnel Account Network; Third-Party Payment Web,1,12840.4,1
CHARITY_00860,Charity Abuse; Funnel Account Network; Third-Party Payment Web,1,12821.28,1
CHARITY_01572,Charity Abuse; Funnel Account Network; Third-Party Payment Web,1,12791.58,1
TPWEB_00391,Charity Abuse; Funnel Account Network; Third-Party Payment Web,1,12791.58,1
FUNNEL_00064,Charity Abuse; Funnel Account Network; Third-Party Payment Web,1,12791.58,1
CHARITY_01576,Charity Abuse; Funnel Account Network; Third-Party Payment Web,1,12785.45,1
TPWEB_01486,Third-Party Payment Web,1,12772.95,1
CHARITY_01264,Charity Abuse; Third-Party Payment Web,1,12765.03,1
CHARITY_02159,Charity Abuse,5,12749.93,5
CHARITY_02693,Charity Abuse; Funnel Account Network,1,12730.59,1
CHARITY_03208,Charity Abuse; Third-Party Payment Web,1,12683.61,1
CHARITY_03064,Charity Abuse; Third-Party Payment Web,1,12668.27,1
CHARITY_00572,Charity Abuse; Funnel Account Network; Third-Party Payment Web,1,12643.69,1
FUNNEL_00095,Charity Abuse; Funnel Account Network,2,12576.66,2
CHARITY_03278,Charity Abuse; Funnel Account Network; Third-Party Payment Web,1,12537.88,1
CHARITY_03139,Charity Abuse; Third-Party Payment Web,1,12477.84,1
CHARITY_01654,Charity Abuse; Funnel Account Network; Third-Party Payment Web,1,12392.3,1
TPWEB_00575,Charity Abuse; Third-Party Payment Web,1,12283.06,1
CHARITY_01200,Charity Abuse; Third-Party Payment Web,1,12283.06,1
CHARITY_00921,Charity Abuse; Third-Party Payment Web,1,12250.51,1
TPWEB_00436,Charity Abuse; Third-Party Payment Web,1,12250.51,1
CHARITY_00264,Charity Abuse; Funnel Account Network; Third-Party Payment Web,1,12176.81,1
TPWEB_01043,Charity Abuse; Third-Party Payment Web,1,12106.98,1
CHARITY_02365,Charity Abuse; Third-Party Payment Web,1,12104.39,1
TPWEB_01163,Charity Abuse; Third-Party Payment Web,1,12104.39,1
TPWEB_00510,Third-Party Payment Web,1,12091.57,1
CHARITY_01441,Charity Abuse; Funnel Account Network; Third-Party Payment Web,1,12048.31,1
CHARITY_02728,Charity Abuse; Funnel Account Network,1,12029.67,1
CHARITY_01451,Charity Abuse; Third-Party Payment Web,1,11994.46,1
CHARITY_01156,Charity Abuse; Funnel Account Network,1,11935.34,1
CHARITY_01006,Charity Abuse; Funnel Account Network; Third-Party Payment Web,1,11896.84,1
FUNNEL_00092,Funnel Account Network,4,11827.75,4
CHARITY_02081,Charity Abuse; Funnel Account Network; Third-Party Payment Web,1,11817.72,1
CHARITY_02336,Charity Abuse; Third-Party Payment Web,1,11795.4,1
TPWEB_01400,Charity Abuse; Third-Party Payment Web,1,11783.26,1
CHARITY_02786,Charity Abuse; Funnel Account Network,1,11761.89,1
TPWEB_01558,Charity Abuse; Third-Party Payment Web,1,11720.93,1
CHARITY_01672,Charity Abuse; Third-Party Payment Web,1,11720.93,1
CHARITY_01459,Charity Abuse; Funnel Account Network; Third-Party Payment Web,1,11671.58,1
CHARITY_01661,Charity Abuse; Funnel Account Network; Third-Party Payment Web,1,11669.31,1
CHARITY_01883,Charity Abuse,2,11558.05,1
CHARITY_01170,Charity Abuse; Third-Party Payment Web,1,11549.26,1
CHARITY_00654,Charity Abuse; Third-Party Payment Web,1,11501.27,1
TPWEB_00496,Third-Party Payment Web,1,11491.45,1
FUNNEL_00142,Charity Abuse; Funnel Account Network; Third-Party Payment Web,1,11489.64,1
TPWEB_00839,Charity Abuse; Funnel Account Network; Third-Party Payment Web,1,11489.64,1
CHARITY_02708,Charity Abuse; Funnel Account Network; Third-Party Payment Web,1,11489.64,1
TPWEB_01078,Charity Abuse; Third-Party Payment Web,1,11471.18,1
CHARITY_01053,Charity Abuse; Third-Party Payment Web,1,11432.48,1
FUNNEL_00193,Charity Abuse; Funnel Account Network,2,11392.89,2
CHARITY_02415,Charity Abuse; Funnel Account Network,1,11389.47,1
CHARITY_02783,Charity Abuse; Third-Party Payment Web,1,11352.11,1
TPWEB_00251,Charity Abuse; Third-Party Payment Web,1,11352.11,1
CHARITY_02784,Charity Abuse; Funnel Account Network,1,11308.69,1
CHARITY_01892,Charity Abuse; Third-Party Payment Web,1,11264.34,1
CHARITY_03115,Charity Abuse; Third-Party Payment Web,1,11241.08,1
TPWEB_01532,Charity Abuse; Third-Party Payment Web,1,11241.08,1
CHARITY_01520,Charity Abuse; Third-Party Payment Web,1,11194.93,1
TPWEB_00708,Charity Abuse; Third-Party Payment Web,1,11194.93,1
TPWEB_01482,Charity Abuse; Third-Party Payment Web,1,11173.2,1
CHARITY_01675,Charity Abuse; Third-Party Payment Web,1,11173.2,1
CHARITY_00769,Charity Abuse; Funnel Account Network; Third-Party Payment Web,1,11141.08,1
TPWEB_00880,Charity Abuse; Funnel Account Network; Third-Party Payment Web,1,11141.08,1
FUNNEL_00150,Charity Abuse; Funnel Account Network; Third-Party Payment Web,1,11141.08,1
CHARITY_01580,Charity Abuse; Third-Party Payment Web,1,11138.59,1
CHARITY_02771,Charity Abuse; Third-Party Payment Web,1,11136.92,1
TPWEB_00978,Funnel Account Network; Third-Party Payment Web,1,11134.88,1
TPWEB_00951,Charity Abuse; Third-Party Payment Web,1,11133.68,1
CHARITY_01099,Charity Abuse; Funnel Account Network; Third-Party Payment Web,1,11130.58,1
CHARITY_01154,Charity Abuse; Third-Party Payment Web,1,11099.24,1
CHARITY_01582,Charity Abuse; Funnel Account Network; Third-Party Payment Web,1,11074.66,1
TPWEB_00924,Charity Abuse; Third-Party Payment Web,1,10989.31,1
CHARITY_00515,Charity Abuse; Third-Party Payment Web,1,10989.31,1
CHARITY_00305,Charity Abuse; Third-Party Payment Web,1,10974.91,1
CHARITY_01015,Charity Abuse; Funnel Account Network,2,10965.150000000001,2
CHARITY_00526,Charity Abuse; Funnel Account Network,1,10948.4,1
CHARITY_01347,Charity Abuse; Third-Party Payment Web,1,10931.95,1
CHARITY_03212,Charity Abuse,2,10929.83,2
CHARITY_02592,Charity Abuse; Funnel Account Network; Third-Party Payment Web,1,10881.55,1
CHARITY_00645,Charity Abuse; Funnel Account Network; Third-Party Payment Web,1,10845.92,1
TPWEB_00245,Charity Abuse; Third-Party Payment Web,1,10842.3,1
CHARITY_01482,Charity Abuse; Third-Party Payment Web,1,10842.3,1
FUNNEL_00040,Charity Abuse; Funnel Account Network,2,10815.03,2
CHARITY_01518,Charity Abuse; Funnel Account Network; Third-Party Payment Web,1,10811.54,1
TPWEB_00274,Charity Abuse; Third-Party Payment Web,1,10804.05,1
CHARITY_02493,Charity Abuse; Funnel Account Network,1,10754.24,1
CHARITY_00050,Charity Abuse; Funnel Account Network; Third-Party Payment Web,1,10714.73,1
CHARITY_00031,Charity Abuse; Funnel Account Network; Third-Party Payment Web,1,10714.25,1
CHARITY_00585,Charity Abuse; Funnel Account Network,1,10588.36,1
TPWEB_00689,Funnel Account Network; Third-Party Payment Web,1,10496.15,1
TPWEB_00256,Third-Party Payment Web,1,10433.05,1
CHARITY_00506,Charity Abuse; Third-Party Payment Web,1,10401.25,1
CHARITY_00137,Charity Abuse; Funnel Account Network,1,10397.04,1
CHARITY_02145,Charity Abuse; Funnel Account Network,1,10371.62,1
CHARITY_01285,Charity Abuse; Funnel Account Network; Third-Party Payment Web,1,10276.91,1
TPWEB_00596,Funnel Account Network; Third-Party Payment Web,1,10219.12,1
FUNNEL_00097,Funnel Account Network; Third-Party Payment Web,1,10219.12,1
CHARITY_00935,Charity Abuse; Third-Party Payment Web,1,10207.85,1
CHARITY_01194,Charity Abuse; Funnel Account Network,1,10194.5,1
CHARITY_02694,Charity Abuse; Funnel Account Network,1,10132.4,1
CHARITY_00015,Charity Abuse; Funnel Account Network; Third-Party Payment Web,1,10052.44,1
CHARITY_02469,Charity Abuse; Funnel Account Network,1,10020.84,1
CHARITY_00650,Charity Abuse; Funnel Account Network,1,9997.86,1
CHARITY_02699,Charity Abuse; Funnel Account Network,1,9858.43,1
CHARITY_02426,Charity Abuse; Funnel Account Network,1,9811.33,1
CHARITY_00625,Charity Abuse; Funnel Account Network,1,9781.43,1
CHARITY_02849,Charity Abuse,3,9772.35,3
CHARITY_00823,Charity Abuse; Structuring (Smurfing),1,9736.09,1
CHARITY_02580,Charity Abuse,3,9726.539999999999,3
FUNNEL_00127,Charity Abuse; Funnel Account Network,1,9719.64,1
CHARITY_01616,Charity Abuse; Funnel Account Network,1,9718.76,1
FUNNEL_00081,Charity Abuse; Funnel Account Network,1,9718.76,1
CHARITY_02806,Charity Abuse; Structuring (Smurfing),1,9655.64,1
CHARITY_00878,Charity Abuse; Structuring (Smurfing),1,9642.92,1
STRUCT_00102,Charity Abuse; Structuring (Smurfing),1,9642.92,1
CHARITY_02811,Charity Abuse; Structuring (Smurfing),1,9630.98,1
STRUCT_00060,Charity Abuse; Structuring (Smurfing),1,9630.98,1
CHARITY_02991,Charity Abuse; Funnel Account Network,1,9607.61,1
FUNNEL_00015,Charity Abuse; Funnel Account Network; Structuring (Smurfing),1,9603.86,1
CHARITY_01617,Charity Abuse; Funnel Account Network; Structuring (Smurfing),1,9603.86,1
CHARITY_00180,Charity Abuse; Funnel Account Network; Structuring (Smurfing),1,9603.86,1
STRUCT_00020,Charity Abuse; Funnel Account Network; Structuring (Smurfing),1,9603.86,1
CHARITY_03127,Charity Abuse; Structuring (Smurfing),1,9603.75,1
CHARITY_00463,Charity Abuse; Structuring (Smurfing),1,9550.75,1
CHARITY_02417,Charity Abuse; Funnel Account Network,1,9538.93,1
CHARITY_02720,Charity Abuse; Funnel Account Network,1,9518.69,1
FUNNEL_00006,Charity Abuse; Funnel Account Network,2,9490.79,2
CHARITY_03100,Charity Abuse; Structuring (Smurfing),1,9472.41,1
STRUCT_00118,Charity Abuse; Structuring (Smurfing),1,9472.41,1
CHARITY_02047,Charity Abuse; Funnel Account Network,1,9470.72,1
CHARITY_01300,Charity Abuse; Funnel Account Network,1,9445.48,1
CHARITY_02953,Charity Abuse; Structuring (Smurfing),1,9433.6,1
CHARITY_02861,Charity Abuse; Funnel Account Network,1,9405.53,1
FUNNEL_00059,Charity Abuse; Funnel Account Network,1,9402.18,1
CHARITY_02952,Charity Abuse; Funnel Account Network,1,9402.18,1
CHARITY_02926,Charity Abuse; Funnel Account Network,1,9401.24,1
CHARITY_00868,Charity Abuse; Funnel Account Network,1,9399.01,1
FUNNEL_00170,Charity Abuse; Funnel Account Network,1,9399.01,1
STRUCT_00012,Charity Abuse; Structuring (Smurfing),1,9361.38,1
CHARITY_00100,Charity Abuse; Structuring (Smurfing),1,9361.38,1
CHARITY_01571,Charity Abuse; Funnel Account Network,1,9347.71,1
CHARITY_00001,Charity Abuse; Structuring (Smurfing),1,9297.8,1
CHARITY_02767,Charity Abuse; Structuring (Smurfing),1,9160.8,1
STRUCT_00106,Charity Abuse; Structuring (Smurfing),1,9160.8,1
CHARITY_02547,Charity Abuse; Structuring (Smurfing),1,9143.19,1
CHARITY_00718,Charity Abuse; Funnel Account Network,1,9089.2,1
CHARITY_02309,Charity Abuse; Structuring (Smurfing),1,9084.62,1
FUNNEL_00184,Charity Abuse; Funnel Account Network,1,9032.36,1
CHARITY_02906,Charity Abuse; Structuring (Smurfing),1,8969.12,1
STRUCT_00137,Charity Abuse; Structuring (Smurfing),1,8969.12,1
STRUCT_00006,Charity Abuse; Structuring (Smurfing),1,8958.42,1
CHARITY_01898,Charity Abuse; Structuring (Smurfing),1,8958.42,1
CHARITY_02241,Charity Abuse; Funnel Account Network,1,8879.29,1
CHARITY_02158,Charity Abuse; Funnel Account Network,1,8863.43,1
CHARITY_02315,Charity Abuse; Funnel Account Network,1,8827.74,1
CHARITY_00611,Charity Abuse; Funnel Account Network,2,8797.86,2
CHARITY_02311,Charity Abuse; Funnel Account Network,1,8784.86,1
FUNNEL_00211,Charity Abuse; Funnel Account Network,1,8784.86,1
CHARITY_01003,Charity Abuse; Funnel Account Network,1,8721.94,1
STRUCT_00049,Charity Abuse; Structuring (Smurfing),1,8718.51,1
CHARITY_01861,Charity Abuse; Structuring (Smurfing),1,8718.51,1
FUNNEL_00162,Funnel Account Network,2,8672.57,2
CHARITY_03022,Charity Abuse; Structuring (Smurfing),1,8662.83,1
CHARITY_03183,Charity Abuse; Funnel Account Network,1,8621.01,1
CHARITY_00158,Charity Abuse; Funnel Account Network,1,8601.31,1
CHARITY_00069,Charity Abuse; Funnel Account Network,2,8548.28,2
CHARITY_00146,Charity Abuse; Funnel Account Network,1,8542.02,1
CHARITY_00510,Charity Abuse; Funnel Account Network,1,8533.09,1
FUNNEL_00056,Charity Abuse; Funnel Account Network,3,8457.69,3
FUNNEL_00065,Charity Abuse; Funnel Account Network,2,8308.98,2
CHARITY_01827,Charity Abuse,2,8271.25,2
CHARITY_00420,Charity Abuse; Funnel Account Network,1,8264.56,1
CHARITY_03238,Charity Abuse; Structuring (Smurfing),1,8258.06,1
CHARITY_03234,Charity Abuse; Funnel Account Network,2,8241.939999999999,2
CHARITY_01622,Charity Abuse; Funnel Account Network,1,8236.29,1
CHARITY_00520,Charity Abuse; Funnel Account Network,1,8221.72,1
CHARITY_01371,Charity Abuse; Structuring (Smurfing),1,8219.43,1
CHARITY_00971,Charity Abuse; Funnel Account Network,1,8213.68,1
FUNNEL_00084,Charity Abuse; Funnel Account Network,1,8213.68,1
CHARITY_01907,Charity Abuse; Funnel Account Network,1,8208.51,1
FUNNEL_00096,Funnel Account Network; Structuring (Smurfing),1,8190.7,1
STRUCT_00025,Funnel Account Network; Structuring (Smurfing),1,8190.7,1
CHARITY_02801,Charity Abuse; Funnel Account Network,1,8112.05,1
CHARITY_02252,Charity Abuse; Funnel Account Network,1,8098.79,1
CHARITY_02190,Charity Abuse; Funnel Account Network,1,8093.53,1
CHARITY_01948,Charity Abuse; Structuring (Smurfing),1,8084.94,1
STRUCT_00075,Charity Abuse; Structuring (Smurfing),1,8084.94,1
STRUCT_00076,Charity Abuse; Structuring (Smurfing),1,8058.11,1
CHARITY_03122,Charity Abuse; Structuring (Smurfing),1,8058.11,1
CHARITY_01236,Charity Abuse; Funnel Account Network,1,8043.8,1
CHARITY_01961,Charity Abuse; Structuring (Smurfing),1,8034.47,1
STRUCT_00086,Funnel Account Network; Structuring (Smurfing),1,8004.02,1
FUNNEL_00082,Funnel Account Network; Structuring (Smurfing),1,8004.02,1
STRUCT_00028,Charity Abuse; Structuring (Smurfing),1,7976.0,1
CHARITY_00131,Charity Abuse; Structuring (Smurfing),1,7976.0,1
CHARITY_00732,Charity Abuse; Funnel Account Network,1,7939.1,1
CHARITY_00899,Charity Abuse; Funnel Account Network,1,7914.71,1
CHARITY_02096,Charity Abuse; Funnel Account Network,1,7890.87,1
CHARITY_00799,Charity Abuse; Funnel Account Network,1,7777.25,1
FUNNEL_00172,Charity Abuse; Funnel Account Network,1,7777.25,1
STRUCT_00112,Charity Abuse; Structuring (Smurfing),1,7766.27,1
CHARITY_02213,Charity Abuse; Structuring (Smurfing),1,7766.27,1
CHARITY_01077,Charity Abuse; Structuring (Smurfing),1,7697.25,1
CHARITY_00412,Charity Abuse; Funnel Account Network,1,7693.22,1
CHARITY_01886,Charity Abuse; Funnel Account Network,1,7678.81,1
STRUCT_00050,Charity Abuse; Structuring (Smurfing),1,7658.65,1
CHARITY_00633,Charity Abuse; Structuring (Smurfing),1,7658.65,1
CHARITY_01503,Charity Abuse; Funnel Account Network,1,7552.06,1
CHARITY_01261,Charity Abuse; Funnel Account Network,1,7502.68,1
CHARITY_00317,Charity Abuse; Funnel Account Network,1,7495.46,1
CHARITY_02968,Charity Abuse; Funnel Account Network,1,7482.29,1
CHARITY_01218,Charity Abuse; Funnel Account Network,1,7464.35,1
FUNNEL_00077,Charity Abuse; Funnel Account Network,1,7464.35,1
CHARITY_02057,Charity Abuse; Funnel Account Network,1,7384.65,1
FUNNEL_00156,Charity Abuse; Funnel Account Network,1,7384.65,1
CHARITY_01515,Charity Abuse; Funnel Account Network,1,7297.49,1
CHARITY_03188,Charity Abuse; Funnel Account Network,1,7230.8,1
CHARITY_01714,Charity Abuse; Funnel Account Network,1,7224.13,1
CHARITY_02023,Charity Abuse; Funnel Account Network,1,7159.83,1
CHARITY_01293,Charity Abuse; Funnel Account Network,1,7159.46,1
CHARITY_02627,Charity Abuse; Funnel Account Network,1,7131.67,1
CHARITY_00596,Charity Abuse; Funnel Account Network,1,7105.85,1
CHARITY_01977,Charity Abuse,2,7071.9,2
CHARITY_02457,Charity Abuse; Funnel Account Network,2,7034.83,1
CHARITY_01762,Charity Abuse; Funnel Account Network,1,7024.6,1
CHARITY_02519,Charity Abuse; Funnel Account Network,1,7020.9,1
FUNNEL_00103,Charity Abuse; Funnel Account Network,3,6978.84,2
CHARITY_00318,Charity Abuse; Funnel Account Network,1,6795.07,1
CHARITY_00809,Charity Abuse; Funnel Account Network,1,6666.22,1
CHARITY_00881,Charity Abuse; Funnel Account Network,1,6639.55,1
CHARITY_01541,Charity Abuse; Funnel Account Network,1,6608.01,1
FUNNEL_00030,Charity Abuse; Funnel Account Network,1,6585.91,1
CHARITY_02473,Charity Abuse; Funnel Account Network,1,6585.91,1
FUNNEL_00272,Charity Abuse; Funnel Account Network,1,6509.34,1
CHARITY_02297,Charity Abuse; Funnel Account Network,1,6509.34,1
CHARITY_02475,Charity Abuse; Funnel Account Network,1,6497.12,1
CHARITY_01129,Charity Abuse; Funnel Account Network,1,6496.1,1
CHARITY_00943,Charity Abuse; Funnel Account Network,1,6474.05,1
CHARITY_01825,Charity Abuse; Funnel Account Network,2,6468.4,2
CHARITY_01548,Charity Abuse; Funnel Account Network,1,6422.53,1
CHARITY_01472,Charity Abuse; Funnel Account Network,1,6318.11,1
CHARITY_00600,Charity Abuse; Funnel Account Network,1,6313.25,1
CHARITY_02663,Charity Abuse; Funnel Account Network,1,6291.0,1
CHARITY_02151,Charity Abuse; Funnel Account Network,2,6115.13,2
CHARITY_00370,Charity Abuse; Funnel Account Network,1,6082.28,1
CHARITY_00865,Charity Abuse; Funnel Account Network,1,5985.85,1
CHARITY_00791,Charity Abuse; Funnel Account Network,1,5980.12,1
CHARITY_02033,Charity Abuse; Funnel Account Network,1,5971.02,1
CHARITY_02955,Charity Abuse; Funnel Account Network,1,5952.35,1
CHARITY_02142,Charity Abuse; Funnel Account Network,1,5933.79,1
FUNNEL_00104,Funnel Account Network,1,5791.14,1
CHARITY_01598,Charity Abuse; Funnel Account Network,1,5720.87,1
CHARITY_01336,Charity Abuse; Funnel Account Network,1,5698.62,1
CHARITY_01756,Charity Abuse; Funnel Account Network,1,5670.68,1
CHARITY_00769,Charity Abuse; Funnel Account Network,1,5464.59,1
CHARITY_01193,Charity Abuse; Funnel Account Network,1,5432.77,1
CHARITY_01489,Charity Abuse; Funnel Account Network,1,5432.16,1
CHARITY_03021,Charity Abuse; Funnel Account Network,1,5394.46,1
CHARITY_00200,Charity Abuse; Funnel Account Network,1,5363.42,1
CHARITY_00089,Charity Abuse; Funnel Account Network,1,5317.31,1
CHARITY_00778,Charity Abuse; Funnel Account Network,2,5314.12,2
CHARITY_01312,Charity Abuse; Funnel Account Network,1,5312.58,1
CHARITY_02835,Charity Abuse; Funnel Account Network,1,5308.79,1
CHARITY_00426,Charity Abuse; Funnel Account Network,1,5114.66,1
CHARITY_01425,Charity Abuse; Funnel Account Network,1,5108.13,1
CHARITY_02433,Charity Abuse; Funnel Account Network,1,5096.22,1
CHARITY_00472,Charity Abuse; Funnel Account Network,1,4986.64,1
CHARITY_00246,Charity Abuse; Funnel Account Network,1,4963.73,1
CHARITY_01007,Charity Abuse; Funnel Account Network,1,4908.89,1
FUNNEL_00022,Charity Abuse; Funnel Account Network,2,4858.87,1
CHARITY_01835,Charity Abuse; Funnel Account Network,1,4783.33,1
FUNNEL_00188,Charity Abuse; Funnel Account Network,1,4783.33,1
CHARITY_00787,Charity Abuse; Funnel Account Network,1,4757.9,1
CHARITY_01871,Charity Abuse; Funnel Account Network,1,4755.06,1
CHARITY_02071,Charity Abuse; Funnel Account Network,1,4745.09,1
CHARITY_00294,Charity Abuse; Funnel Account Network,1,4722.42,1
CHARITY_02942,Charity Abuse; Funnel Account Network,1,4714.46,1
CHARITY_00569,Charity Abuse; Funnel Account Network,1,4710.04,1
FUNNEL_00232,Funnel Account Network,1,4704.62,1
CHARITY_01814,Charity Abuse; Funnel Account Network,1,4699.61,1
CHARITY_00396,Charity Abuse; Funnel Account Network,1,4675.05,1
CHARITY_03157,Charity Abuse,2,4637.04,2
CHARITY_01776,Charity Abuse; Funnel Account Network,1,4602.72,1
CHARITY_02100,Charity Abuse; Funnel Account Network,1,4601.19,1
CHARITY_01031,Charity Abuse; Funnel Account Network,1,4600.48,1
CHARITY_01775,Charity Abuse; Funnel Account Network,1,4579.11,1
CHARITY_01262,Charity Abuse; Funnel Account Network,1,4547.52,1
CHARITY_02102,Charity Abuse; Funnel Account Network,1,4521.13,1
CHARITY_01944,Charity Abuse; Funnel Account Network,1,4517.26,1
CHARITY_02265,Charity Abuse; Funnel Account Network,1,4504.87,1
CHARITY_01203,Charity Abuse; Funnel Account Network,1,4442.56,1
CHARITY_01661,Charity Abuse; Funnel Account Network,1,4401.2,1
CHARITY_03232,Charity Abuse; Funnel Account Network,1,4401.16,1
CHARITY_03079,Charity Abuse; Funnel Account Network,1,4394.57,1
CHARITY_02928,Charity Abuse; Funnel Account Network,1,4335.31,1
CHARITY_01542,Charity Abuse; Funnel Account Network,1,4334.43,1
CHARITY_02247,Charity Abuse; Funnel Account Network,1,4320.13,1
CHARITY_02874,Charity Abuse; Funnel Account Network,1,4267.03,1
CHARITY_02188,Charity Abuse; Funnel Account Network,1,4247.06,1
CHARITY_01738,Charity Abuse; Funnel Account Network,1,4233.06,1
STRUCT_00030,Charity Abuse; Structuring (Smurfing),1,4189.11,1
CHARITY_01621,Charity Abuse; Structuring (Smurfing),1,4189.11,1
CHARITY_03095,Charity Abuse; Funnel Account Network,1,4180.85,1
CHARITY_02481,Charity Abuse; Funnel Account Network,1,4150.79,1
CHARITY_00562,Charity Abuse; Funnel Account Network,1,4119.3,1
CHARITY_00864,Charity Abuse; Funnel Account Network,1,4083.16,1
CHARITY_00977,Charity Abuse; Funnel Account Network,1,4062.87,1
CHARITY_02386,Charity Abuse; Funnel Account Network,1,4023.81,1
CHARITY_02456,Charity Abuse,1,4019.19,1
CHARITY_00301,Charity Abuse; Funnel Account Network,1,3985.88,1
CHARITY_02983,Charity Abuse; Funnel Account Network,1,3973.9,1
CHARITY_03199,Charity Abuse; Funnel Account Network,1,3972.47,1
CHARITY_01005,Charity Abuse; Funnel Account Network,1,3874.38,1
CHARITY_03011,Charity Abuse; Funnel Account Network,1,3859.39,1
FUNNEL_00120,Charity Abuse; Funnel Account Network,1,3856.17,1
CHARITY_00858,Charity Abuse; Funnel Account Network,1,3854.88,1
CHARITY_00543,Charity Abuse; Funnel Account Network,1,3806.91,1
CHARITY_02851,Charity Abuse; Funnel Account Network,1,3799.19,1
CHARITY_01941,Charity Abuse; Funnel Account Network,1,3791.66,1
CHARITY_03265,Charity Abuse; Funnel Account Network,1,3788.24,1
CHARITY_03169,Charity Abuse; Funnel Account Network,1,3750.19,1
PASS_00291,Charity Abuse; Pass-Through Transit Hub,1,3702.66,1
CHARITY_02554,Charity Abuse; Pass-Through Transit Hub,1,3702.66,1
CHARITY_01406,Charity Abuse; Funnel Account Network,1,3677.87,1
FUNNEL_00083,Charity Abuse; Funnel Account Network,1,3677.87,1
CHARITY_00904,Charity Abuse; Funnel Account Network,1,3620.74,1
CHARITY_00921,Charity Abuse; Funnel Account Network,1,3573.3,1
CHARITY_01222,Charity Abuse; Funnel Account Network,1,3563.86,1
CHARITY_00228,Charity Abuse; Funnel Account Network,1,3558.72,1
CHARITY_02041,Charity Abuse; Funnel Account Network,1,3546.68,1
CHARITY_00379,Charity Abuse; Funnel Account Network,1,3488.84,1
CHARITY_01983,Charity Abuse; Funnel Account Network,1,3487.46,1
CHARITY_02200,Charity Abuse; Funnel Account Network,1,3482.71,1
CHARITY_01958,Charity Abuse; Funnel Account Network,1,3479.4,1
CHARITY_00623,Charity Abuse; Funnel Account Network,1,3465.31,1
CHARITY_03139,Charity Abuse; Funnel Account Network,1,3461.75,1
CHARITY_00004,Charity Abuse; Funnel Account Network,1,3458.04,1
CHARITY_02375,Charity Abuse; Funnel Account Network,1,3423.78,1
CHARITY_03046,Charity Abuse; Funnel Account Network,1,3376.58,1
CHARITY_02856,Charity Abuse; Funnel Account Network,1,3364.81,1
CHARITY_01355,Charity Abuse; Funnel Account Network,1,3351.6,1
CHARITY_02328,Charity Abuse; Funnel Account Network,1,3345.42,1
CHARITY_00403,Charity Abuse; Funnel Account Network,1,3343.89,1
CHARITY_02144,Charity Abuse; Funnel Account Network,1,3295.86,1
CHARITY_01285,Charity Abuse; Funnel Account Network,1,3277.44,1
CHARITY_00646,Charity Abuse; Funnel Account Network,1,3272.79,1
CHARITY_01701,Charity Abuse; Funnel Account Network,1,3231.37,1
CHARITY_00422,Charity Abuse; Funnel Account Network,1,3226.6,1
CHARITY_00994,Charity Abuse; Funnel Account Network,1,3217.05,1
CHARITY_02254,Charity Abuse; Funnel Account Network,1,3200.77,1
CHARITY_02076,Charity Abuse; Funnel Account Network,1,3175.1,1
CHARITY_02966,Charity Abuse; Funnel Account Network,1,3145.66,1
CHARITY_01504,Charity Abuse; Funnel Account Network,1,3025.57,1
CHARITY_00322,Charity Abuse; Funnel Account Network,1,3012.2,1
FUNNEL_00221,Funnel Account Network,1,2920.9,1
CHARITY_02271,Charity Abuse; Funnel Account Network,1,2917.66,1
CHARITY_00822,Charity Abuse; Funnel Account Network,1,2863.22,1
CHARITY_00573,Charity Abuse; Funnel Account Network,1,2856.38,1
FUNNEL_00100,Funnel Account Network,2,2785.2799999999997,2
FUNNEL_00259,Funnel Account Network,1,2772.14,1
CHARITY_01325,Charity Abuse; Funnel Account Network,1,2741.75,1
CHARITY_02167,Charity Abuse; Funnel Account Network,1,2705.03,1
CHARITY_00699,Charity Abuse; Funnel Account Network,1,2698.95,1
FUNNEL_00174,Funnel Account Network,4,2687.02,2
CHARITY_00640,Charity Abuse; Funnel Account Network,1,2652.73,1
FUNNEL_00198,Charity Abuse; Funnel Account Network,1,2646.94,1
CHARITY_00178,Charity Abuse; Funnel Account Network,1,2645.13,1
CHARITY_02243,Charity Abuse; Funnel Account Network,1,2615.68,1
CHARITY_00250,Charity Abuse; Funnel Account Network,1,2503.54,1
CHARITY_01812,Charity Abuse; Funnel Account Network,1,2502.35,1
CHARITY_01505,Charity Abuse; Funnel Account Network,1,2489.7,1
CHARITY_01447,Charity Abuse; Funnel Account Network,1,2484.98,1
CHARITY_01662,Charity Abuse; Funnel Account Network,1,2470.7,1
CHARITY_03209,Charity Abuse; Funnel Account Network,1,2434.84,1
FUNNEL_00207,Charity Abuse; Funnel Account Network,1,2420.1,1
FUNNEL_00150,Charity Abuse; Funnel Account Network,1,2416.1,1
CHARITY_01271,Charity Abuse; Funnel Account Network,1,2416.1,1
CHARITY_00400,Charity Abuse; Funnel Account Network,1,2390.11,1
CHARITY_01959,Charity Abuse; Funnel Account Network,1,2378.7,1
CHARITY_00684,Charity Abuse; Funnel Account Network,1,2345.44,1
CHARITY_00104,Charity Abuse; Funnel Account Network,1,2199.89,1
CHARITY_00742,Charity Abuse; Funnel Account Network,1,2190.21,1
FUNNEL_00255,Charity Abuse; Funnel Account Network,1,2190.21,1
CHARITY_02118,Charity Abuse; Funnel Account Network,1,2157.88,1
CHARITY_03012,Charity Abuse; Funnel Account Network,1,2131.2,1
CHARITY_01488,Charity Abuse; Funnel Account Network,1,2099.46,1
CHARITY_02402,Charity Abuse; Funnel Account Network,1,2097.7,1
CHARITY_02620,Charity Abuse; Funnel Account Network,1,2082.85,1
CHARITY_01052,Charity Abuse; Funnel Account Network,1,2046.57,1
CHARITY_01024,Charity Abuse; Funnel Account Network,1,2040.85,1
CHARITY_02574,Charity Abuse; Funnel Account Network,1,2036.57,1
CHARITY_00170,Charity Abuse; Funnel Account Network,1,2036.12,1
CHARITY_00882,Charity Abuse; Funnel Account Network,1,1981.84,1
CHARITY_02061,Charity Abuse; Funnel Account Network,1,1975.32,1
CHARITY_01297,Charity Abuse; Funnel Account Network,1,1965.38,1
CHARITY_03189,Charity Abuse; Funnel Account Network,1,1935.04,1
CHARITY_01081,Charity Abuse; Funnel Account Network,1,1913.95,1
CHARITY_01614,Charity Abuse; Funnel Account Network,1,1910.01,1
FUNNEL_00121,Charity Abuse; Funnel Account Network,1,1910.01,1
CHARITY_02175,Charity Abuse; Funnel Account Network,1,1848.97,1
CHARITY_00908,Charity Abuse; Funnel Account Network,1,1832.42,1
CHARITY_02489,Charity Abuse; Funnel Account Network,1,1805.96,1
CHARITY_00038,Charity Abuse; Funnel Account Network,1,1780.35,1
CHARITY_00536,Charity Abuse; Funnel Account Network,1,1765.03,1
CHARITY_02999,Charity Abuse; Funnel Account Network,1,1726.48,1
CHARITY_03255,Charity Abuse; Funnel Account Network,1,1700.43,1
FUNNEL_00155,Funnel Account Network,2,1699.4,2
CHARITY_02011,Charity Abuse; Funnel Account Network,1,1640.41,1
CHARITY_03065,Charity Abuse; Funnel Account Network,1,1598.8,1
CHARITY_02785,Charity Abuse; Funnel Account Network,1,1594.78,1
CHARITY_02195,Charity Abuse; Funnel Account Network,1,1583.8,1
CHARITY_01992,Charity Abuse; Funnel Account Network,1,1582.36,1
CHARITY_00961,Charity Abuse; Funnel Account Network,1,1578.42,1
CHARITY_02969,Charity Abuse; Funnel Account Network,1,1563.53,1
FUNNEL_00033,Charity Abuse; Funnel Account Network,1,1525.25,1
CHARITY_03007,Charity Abuse; Funnel Account Network,1,1525.25,1
CHARITY_01920,Charity Abuse; Funnel Account Network,1,1503.16,1
CHARITY_00221,Charity Abuse; Funnel Account Network,1,1502.02,1
CHARITY_01697,Charity Abuse; Funnel Account Network,1,1428.28,1
CHARITY_02114,Charity Abuse; Funnel Account Network,1,1376.16,1
CHARITY_00680,Charity Abuse; Funnel Account Network,1,1347.21,1
CHARITY_01742,Charity Abuse; Funnel Account Network,1,1322.83,1
CHARITY_01597,Charity Abuse; Funnel Account Network,1,1279.67,1
CHARITY_01029,Charity Abuse; Funnel Account Network,1,1276.1,1
CHARITY_01054,Charity Abuse; Funnel Account Network,1,1145.49,1
CHARITY_02929,Charity Abuse; Funnel Account Network,1,1141.32,1
CHARITY_00731,Charity Abuse; Funnel Account Network,1,1085.23,1
CHARITY_00709,Charity Abuse; Funnel Account Network,1,1044.18,1
CHARITY_00620,Charity Abuse; Funnel Account Network,1,1034.55,1
FUNNEL_00160,Funnel Account Network,1,942.79,1
CHARITY_00978,Charity Abuse; Funnel Account Network,1,899.39,1
CHARITY_02384,Charity Abuse; Funnel Account Network,1,654.09,1
FUNNEL_00105,Funnel Account Network,1,578.13,1
CHARITY_01115,Charity Abuse; Funnel Account Network,1,527.02,1
FUNNEL_00237,Funnel Account Network,1,523.67,1
FUNNEL_00177,Charity Abuse; Funnel Account Network,1,491.05,1
CHARITY_01755,Charity Abuse; Funnel Account Network,1,491.05,1
FUNNEL_00262,Funnel Account Network,1,349.24,1
STRUCT_00061,Charity Abuse; Structuring (Smurfing),1,208.52,1
CHARITY_02022,Charity Abuse; Structuring (Smurfing),1,208.52,1
FUNNEL_00202,Funnel Account Network,1,186.46,1
FUNNEL_00268,Funnel Account Network,1,153.29,1
FUNNEL_00098,Funnel Account Network,1,150.42,1
CHARITY_00357,Charity Abuse; Funnel Account Network,1,122.63,1
CHARITY_02708,Charity Abuse; Funnel Account Network,1,119.38,1
FUNNEL_00069,Charity Abuse; Funnel Account Network,1,119.38,1
CHARITY_02652,Charity Abuse; Funnel Account Network,1,92.28,1
