account_number,customer_cif,customer_branch_ifsc,account_category,account_type,account_status,account_opening_date,inoperative_status_date,credit_summation_period,debit_summation_period
21955574410087,794695104831,HDFC041754,Savings,Premium,Active,08-08-2019,,0,0
21383267247965,794695104831,HDFC041754,Savings,Premium,Active,22-06-2018,,0,0
242560291266,742395798557,KKBK061223,Salary,BSBD,Active,05-05-2022,,0,0
48953286670777,292085902906,HDFC053164,Fixed Deposit,Regular,Active,15-10-2021,,0,0
9357986825181815,538445601393,PUNB089871,Salary,BSBD,Closed,26-02-2018,,0,0
34227665050,128904137467,SBIN037912,Savings,Basic,Active,02-01-2024,,0,0
83486093989151,975567584922,BARB030617,Salary,Premium,Active,30-04-2024,,0,0
951649230434,973001796990,CNRB038918,Salary,Regular,Active,06-07-2024,,0,0
5914859512113,973001796990,CNRB038918,Savings,BSBD,Active,19-11-2024,,0,0
9299838634927,199943049672,UTIB020594,Recurring Deposit,Basic,Active,15-02-2023,,0,0
9235408796159,199943049672,UTIB020594,Savings,Regular,Active,11-04-2020,,0,0
31160491711664,933786795023,HDFC045599,Salary,Regular,Active,27-03-2023,,0,0
56489275152630,933786795023,HDFC045599,Savings,Premium,Active,11-06-2019,,0,0
936002118571,524834551942,ICIC080542,Savings,Premium,Active,24-04-2022,,0,0
98399881134,898734675667,CNRB018710,Savings,Basic,Active,03-04-2024,,0,0
9164181889378,493049218308,UTIB075235,Savings,Regular,Active,26-10-2019,,0,0
10579615508,325099757838,SBIN019785,Savings,Premium,Active,16-04-2021,,0,0
57309344665,618610719387,SBIN025990,Salary,BSBD,Active,30-06-2022,,0,0
369734407593,924750859951,IOBA026768,Current,Corporate,Active,20-11-2019,,0,0
7823107521141,924750859951,IOBA026768,Current,Regular,Active,04-03-2016,,0,0
60762683067,420142077431,KKBK019356,Recurring Deposit,Regular,Active,01-04-2023,,0,0
27247338186553,420142077431,KKBK019356,Savings,Regular,Active,08-02-2021,,0,0
1086506198253,580030035342,CNRB049587,Savings,BSBD,Active,12-12-2016,,0,0
6684460792172,580030035342,CNRB049587,Savings,Basic,Active,14-04-2024,,0,0
39958152903283,342253202781,HDFC041951,Savings,BSBD,Active,22-04-2020,,0,0
66402238694874,342253202781,HDFC041951,Fixed Deposit,Basic,Active,03-11-2020,,0,0
69273047994918,118212024877,HDFC021973,Fixed Deposit,BSBD,Active,07-07-2024,,0,0
57652807119544,118212024877,HDFC021973,Current,BSBD,Active,21-02-2024,,0,0
27600947373,773350518711,SBIN055441,Salary,Regular,Active,01-09-2022,,0,0
8716100705114496,472907235387,PUNB012217,Fixed Deposit,Corporate,Active,31-01-2018,,0,0
5417153708732455,472907235387,PUNB012217,Current,Corporate,Active,22-07-2017,,0,0
239999619897,882985460655,KKBK066176,Savings,BSBD,Active,21-06-2020,,0,0
9281769540817,698870655646,UTIB062255,Savings,Premium,Active,19-12-2020,,0,0
9185248508606,698870655646,UTIB062255,Salary,Basic,Active,17-08-2021,,0,0
68984937650149,175178937402,HDFC049384,Current,Basic,Active,23-07-2023,,0,0
471043264524,239397949975,KKBK050603,Savings,Premium,Active,13-06-2021,,0,0
62465765292,239397949975,KKBK050603,Recurring Deposit,Basic,Active,15-12-2019,,0,0
9188888688749,962253449747,UTIB079160,Savings,Basic,Active,22-09-2021,,0,0
88285580211254,349635520956,KKBK027264,Current,Premium,Dormant,20-12-2024,26-12-2024,0,0
3906724442931,552126147876,CNRB031788,Salary,Regular,Active,29-03-2023,,0,0
9199365012022,957989786003,UTIB019710,Recurring Deposit,BSBD,Active,13-05-2022,,0,0
272804251846,427979789165,ICIC072700,Current,Regular,Active,24-01-2020,,0,0
9269624957809,961825242710,UTIB060765,Current,Basic,Active,30-10-2023,,0,0
9133416244173,961825242710,UTIB060765,Savings,Premium,Active,12-10-2016,,0,0
46005929096,356175208746,BKID011037,Fixed Deposit,Basic,Active,22-09-2017,,0,0
58740079642534,286757508076,HDFC017458,Current,Basic,Active,23-12-2023,,0,0
65786857705135,286757508076,HDFC017458,Savings,Premium,Active,14-01-2022,,0,0
29554442418723,202802468872,IOBA080373,Savings,BSBD,Active,01-08-2023,,0,0
978206059747,563718601548,IOBA057743,Current,Premium,Active,27-11-2024,,0,0
1633670555567073,966862384610,PUNB038799,Salary,Premium,Active,14-09-2024,,0,0
4046052892309707,966862384610,PUNB038799,Savings,Basic,Active,19-12-2023,,0,0
96706579775056,397109192186,KKBK093008,NRE,Regular,Active,16-09-2019,,0,0
5146006476605,397109192186,KKBK093008,NRE,Premium,Active,23-03-2019,,0,0
83052427791,871428545290,SBIN037672,Savings,Regular,Active,02-03-2024,,0,0
1238732866194229,448535696130,PUNB015196,Savings,Premium,Active,25-04-2023,,0,0
751094094727,384616220940,BARB071604,Recurring Deposit,BSBD,Dormant,21-09-2018,16-12-2018,0,0
460623490328,362494979597,IOBA054419,Current,Regular,Active,09-04-2022,,0,0
6729863541888,821500873854,KKBK037063,Salary,Premium,Active,21-10-2024,,0,0
88454932149477,821500873854,KKBK037063,Current,Basic,Active,18-03-2024,,0,0
6769299792984975,471023581202,PUNB071527,Savings,Basic,Active,05-10-2021,,0,0
22926079916,197267014080,IOBA014272,Savings,Regular,Active,05-03-2020,,0,0
768993745602,188137560389,ICIC056721,Fixed Deposit,Corporate,Active,10-12-2024,,0,0
392483169418,188137560389,ICIC056721,Fixed Deposit,Regular,Active,02-07-2023,,0,0
78600790035603,780458408943,BKID094897,Salary,Basic,Active,07-03-2023,,0,0
7153568841199,780458408943,BKID094897,Savings,BSBD,Active,04-06-2024,,0,0
22153594587532,628409369928,BKID081931,Recurring Deposit,BSBD,Dormant,22-02-2024,27-02-2025,0,0
6321044762707,875670521927,CNRB027632,Recurring Deposit,Basic,Active,30-04-2023,,0,0
61267342551,312933912166,KKBK043605,Fixed Deposit,Regular,Active,16-01-2020,,0,0
422230148380,312933912166,KKBK043605,Savings,Basic,Active,13-05-2020,,0,0
9227673378272,826858616540,UTIB052252,Salary,BSBD,Dormant,20-12-2021,30-01-2022,0,0
33325868943,830077101394,IOBA010561,Current,Premium,Active,30-10-2024,,0,0
4581274123188,830077101394,IOBA010561,Salary,Basic,Active,19-10-2024,,0,0
28798486623,207157358355,KKBK019786,Salary,Premium,Active,28-08-2024,,0,0
7189343515634,962218814920,CNRB067292,Current,Regular,Active,18-07-2024,,0,0
677937834888,388335837406,BKID055762,Savings,Basic,Active,14-08-2024,,0,0
48924737298,388335837406,BKID055762,Savings,BSBD,Active,17-06-2023,,0,0
9201371749583,918213250911,UTIB053229,Salary,Regular,Active,24-04-2017,,0,0
36103930558339,280981065296,IOBA028508,Savings,BSBD,Active,18-06-2024,,0,0
635597339478,280981065296,IOBA028508,Fixed Deposit,Regular,Active,02-02-2023,,0,0
85757583030264,598818299877,HDFC023907,Recurring Deposit,BSBD,Active,29-06-2024,,0,0
3946345057708,155661467965,CNRB028009,Recurring Deposit,Basic,Active,13-01-2022,,0,0
81618706844624,232899555128,HDFC058623,Savings,Regular,Active,09-08-2017,,0,0
69819775509061,232899555128,HDFC058623,Salary,Regular,Active,19-06-2020,,0,0
57470514140262,407474850174,BKID036781,Recurring Deposit,Premium,Active,20-05-2024,,0,0
43219407187474,909330639711,CNRB041225,Fixed Deposit,BSBD,Active,22-09-2024,,0,0
45360996530490,909330639711,CNRB041225,Current,BSBD,Active,04-04-2019,,0,0
3730362791596297,455566797129,PUNB048499,Current,Basic,Active,21-03-2020,,0,0
2683980988719077,455566797129,PUNB048499,Savings,BSBD,Dormant,26-05-2023,29-05-2024,0,0
10166343361421,809408551281,CNRB013613,Fixed Deposit,Corporate,Active,20-07-2024,,0,0
8321404249131,809408551281,CNRB013613,Current,Regular,Active,24-11-2020,,0,0
827484110756,332805120469,KKBK056367,Salary,Premium,Active,03-12-2024,,0,0
184963358714,156673114300,ICIC073397,Fixed Deposit,Basic,Active,24-09-2018,,0,0
9983736639473,717024468395,CNRB042320,Savings,Premium,Active,07-04-2023,,0,0
83439247916268,164933822742,HDFC099202,NRO,Regular,Active,05-02-2019,,0,0
505050637883,445662465609,KKBK020301,Fixed Deposit,Premium,Active,26-07-2023,,0,0
68825877750,445662465609,KKBK020301,Fixed Deposit,Regular,Active,16-10-2024,,0,0
323868878327,306894921590,ICIC095009,Recurring Deposit,Regular,Active,29-03-2021,,0,0
11548511978,503796039124,BKID044999,Current,Regular,Active,06-02-2023,,0,0
77200651560,503796039124,BKID044999,Current,Corporate,Active,24-12-2022,,0,0
5438347906809,716435337980,BKID033469,Savings,Basic,Active,29-11-2022,,0,0
35712892516509,716435337980,BKID033469,Savings,Regular,Active,13-11-2022,,0,0
9135539462664,163579691953,UTIB044990,Fixed Deposit,Basic,Active,29-08-2016,,0,0
3893978163026817,688437321284,PUNB067574,Salary,BSBD,Active,01-07-2022,,0,0
8788264365112697,688437321284,PUNB067574,Salary,Premium,Active,04-09-2020,,0,0
5653899979641588,304020802247,PUNB098114,Current,BSBD,Active,01-02-2020,,0,0
9184807514791,319890230252,UTIB082100,Savings,BSBD,Active,30-03-2022,,0,0
982325040241,968191536603,KKBK077490,Savings,Regular,Active,19-02-2023,,0,0
59026690275,839125901369,SBIN035456,Savings,BSBD,Active,30-09-2023,,0,0
90933305578,839125901369,SBIN035456,Recurring Deposit,Regular,Active,30-12-2023,,0,0
717129954501,843617747862,ICIC072079,Savings,Regular,Active,09-08-2021,,0,0
48624008753,419209226548,CNRB075981,Savings,Premium,Active,24-02-2024,,0,0
9187453509695,191643902853,UTIB021186,Savings,Regular,Active,24-08-2023,,0,0
73193777418743,797316678077,IOBA019770,Current,BSBD,Active,19-04-2018,,0,0
26964398906958,797316678077,IOBA019770,Fixed Deposit,Premium,Active,02-02-2022,,0,0
9259031344033,834537927308,UTIB025678,Savings,BSBD,Active,31-05-2017,,0,0
67248798298,622013735179,SBIN049977,Salary,Regular,Active,13-03-2023,,0,0
65454409387138,774156275925,HDFC012304,Savings,BSBD,Dormant,04-03-2024,27-09-2024,0,0
8845622898974958,114266795994,PUNB090389,Savings,Basic,Active,29-12-2021,,0,0
2800495091867,837460061583,BARB020030,Salary,Regular,Active,21-11-2024,,0,0
925329044909,960640379677,ICIC060993,Current,Basic,Active,13-10-2023,,0,0
3081965616104,331909387454,BARB095684,Salary,Regular,Active,19-10-2020,,0,0
16820338815,306117726762,IOBA088677,Savings,Regular,Frozen,22-01-2019,,0,0
51435005595881,263560809632,BARB015392,Current,Corporate,Active,10-08-2024,,0,0
70893609033016,263560809632,BARB015392,Fixed Deposit,Regular,Active,14-10-2020,,0,0
51549318504855,151882308245,KKBK012360,Salary,Premium,Active,23-05-2023,,0,0
3558898663707,105696953180,KKBK014780,Salary,Regular,Active,12-07-2024,,0,0
13119289677,105696953180,KKBK014780,Savings,Basic,Active,26-08-2022,,0,0
765718654917,718982651235,KKBK025942,Salary,Basic,Active,13-05-2024,,0,0
14906487711,486885076516,KKBK099383,Fixed Deposit,Basic,Active,23-04-2022,,0,0
8670844875243,486885076516,KKBK099383,Current,Basic,Active,09-07-2020,,0,0
1102130472157948,680481307586,PUNB044004,Salary,Premium,Active,03-11-2024,,0,0
4289424025720757,680481307586,PUNB044004,Savings,BSBD,Active,26-11-2022,,0,0
28726746730,608801262290,SBIN037313,Fixed Deposit,Regular,Active,01-05-2022,,0,0
39475152267,608801262290,SBIN037313,Fixed Deposit,Regular,Active,04-03-2019,,0,0
9266288235089,869810579519,UTIB085693,Savings,Basic,Active,09-11-2022,,0,0
9226122501116,869810579519,UTIB085693,Current,Regular,Active,05-06-2022,,0,0
435149574233,896859805308,BKID071340,Fixed Deposit,Corporate,Active,14-08-2024,,0,0
296674776090,306447784470,IOBA079291,Savings,Basic,Active,01-01-2024,,0,0
93068787626,306447784470,IOBA079291,Fixed Deposit,BSBD,Active,05-07-2024,,0,0
2141874169902442,624465348864,PUNB046095,Savings,Basic,Active,12-01-2019,,0,0
9142673589933950,624465348864,PUNB046095,Recurring Deposit,Regular,Active,12-05-2021,,0,0
34527625518300,771274781663,IOBA098226,Savings,BSBD,Active,19-09-2020,,0,0
4894005011709,157564993656,BARB069431,Savings,Basic,Active,07-07-2022,,0,0
183203029153,711083679372,ICIC092653,Savings,Regular,Active,29-12-2022,,0,0
545380767942,678949556763,IOBA071309,Salary,Basic,Active,15-11-2024,,0,0
79970230616,678949556763,IOBA071309,Recurring Deposit,Premium,Active,04-02-2024,,0,0
92457981517,583816330039,CNRB045869,Current,Basic,Active,13-11-2024,,0,0
1025058851340,583816330039,CNRB045869,Fixed Deposit,Regular,Active,14-09-2022,,0,0
46908346089738,555121677421,CNRB063454,NRE,Premium,Active,09-11-2019,,0,0
94909583801,555121677421,CNRB063454,NRE,Premium,Active,28-02-2022,,0,0
312207200414,103783496133,BKID079958,Current,Basic,Active,19-11-2017,,0,0
9226754182553,390533986340,UTIB037180,Fixed Deposit,Corporate,Dormant,19-12-2021,27-05-2022,0,0
679576113997,487302694608,ICIC043526,Savings,Regular,Active,27-10-2021,,0,0
954080463035,738067783030,KKBK046609,Savings,Premium,Active,18-02-2024,,0,0
58009832051,738067783030,KKBK046609,Savings,Regular,Active,22-09-2019,,0,0
71961712758,448111749947,IOBA066886,Current,BSBD,Frozen,03-03-2024,,0,0
764440358260,261566223535,IOBA041555,Savings,Premium,Active,11-01-2019,,0,0
227857710140,261566223535,IOBA041555,Salary,Premium,Active,06-03-2024,,0,0
7341007561132,172260486129,CNRB076499,Salary,BSBD,Active,30-01-2020,,0,0
42888540479,172260486129,CNRB076499,Recurring Deposit,Premium,Active,20-08-2024,,0,0
195144946919,656832040779,ICIC085652,Current,Premium,Active,20-08-2024,,0,0
9129584428688,356644880281,UTIB076640,Savings,Basic,Active,10-01-2024,,0,0
238628354029,426675585182,IOBA077457,Current,Premium,Dormant,08-10-2024,01-12-2024,0,0
8268790543556201,542914720298,PUNB039342,Fixed Deposit,Regular,Active,27-03-2019,,0,0
4585674549628028,542914720298,PUNB039342,Fixed Deposit,Regular,Active,17-05-2017,,0,0
5616354288963,216196967742,IOBA023867,Fixed Deposit,Regular,Active,18-01-2020,,0,0
1370970009014,561434334566,KKBK038990,Savings,Regular,Dormant,24-12-2021,31-08-2022,0,0
717710063881,832565995353,BKID011726,Savings,Basic,Dormant,13-10-2021,09-11-2022,0,0
2194995554988270,820041939748,PUNB030927,Savings,Regular,Active,22-02-2017,,0,0
86609194132,343568404501,SBIN093780,NRE,Regular,Active,20-11-2019,,0,0
29929345011,343568404501,SBIN093780,NRE,Premium,Active,29-10-2018,,0,0
2399153491705,494188509102,BARB010029,Savings,Premium,Active,19-09-2022,,0,0
2801950003914310,494689487638,PUNB076986,Current,Regular,Active,14-09-2022,,0,0
77537662444120,341647391801,BKID054220,Salary,Regular,Active,08-05-2023,,0,0
9305498866867,341647391801,BKID054220,Current,Premium,Active,04-07-2018,,0,0
318767561610,231476568357,ICIC053513,Recurring Deposit,Basic,Active,22-12-2024,,0,0
39368785601,898977259383,CNRB063351,Recurring Deposit,BSBD,Active,24-12-2022,,0,0
13963447908192,898977259383,CNRB063351,Salary,Basic,Closed,25-04-2023,,0,0
82934900573400,110131052544,HDFC077520,Current,Corporate,Active,11-01-2020,,0,0
49727350016232,280614211864,HDFC039410,NRO,Regular,Active,15-04-2022,,0,0
83268008583550,280614211864,HDFC039410,NRO,Premium,Active,08-10-2022,,0,0
34482102356707,883958426631,HDFC075203,Fixed Deposit,Regular,Active,19-03-2024,,0,0
202307262417,959094952073,BARB027505,Fixed Deposit,Premium,Active,25-05-2020,,0,0
54168243971,864927650579,SBIN082293,Fixed Deposit,Regular,Active,30-03-2024,,0,0
41250117088,702406349098,KKBK087370,Recurring Deposit,Basic,Active,06-02-2018,,0,0
4694339412420747,852593299483,PUNB051955,Salary,BSBD,Active,28-05-2020,,0,0
3813640743295321,852593299483,PUNB051955,Current,Basic,Frozen,07-06-2022,,0,0
9028559777912,231792650241,BARB057853,Savings,Basic,Active,15-08-2019,,0,0
1267484241945,911103412327,BKID058252,Current,Regular,Active,24-12-2017,,0,0
84710702174,911103412327,BKID058252,Savings,Basic,Closed,06-11-2019,,0,0
9205079392905,596198389708,UTIB056147,Salary,Basic,Active,17-09-2022,,0,0
9387754050332844,516263402233,PUNB093243,Recurring Deposit,BSBD,Active,14-06-2020,,0,0
3785842675359150,516263402233,PUNB093243,Savings,Premium,Active,24-08-2019,,0,0
9153446077416,288922835965,UTIB046735,Salary,Premium,Frozen,24-02-2018,,0,0
783580031794,129648098055,CNRB070527,Salary,Regular,Active,23-07-2023,,0,0
1529697002396967,546255045499,PUNB030466,Savings,Basic,Active,29-05-2024,,0,0
3527245118193,537990129966,BARB026446,Current,Regular,Active,12-12-2017,,0,0
38907379975764,405421460024,HDFC090160,Savings,Basic,Active,10-10-2022,,0,0
69887088222666,405421460024,HDFC090160,Salary,Regular,Active,31-07-2024,,0,0
944465683829,368999165042,ICIC027976,Salary,Basic,Active,08-08-2023,,0,0
134285671615,368999165042,ICIC027976,Savings,Premium,Active,23-04-2024,,0,0
35862786732575,176473637954,HDFC015978,Savings,Regular,Active,24-11-2019,,0,0
62657681304702,176473637954,HDFC015978,Savings,Basic,Active,08-05-2022,,0,0
49994040027663,943088704409,BKID058366,Savings,BSBD,Closed,29-09-2023,,0,0
99465046058932,943088704409,BKID058366,Salary,Regular,Active,22-12-2024,,0,0
431119291182,607896451530,IOBA030890,Current,Corporate,Active,30-12-2024,,0,0
88519876480,607896451530,IOBA030890,Fixed Deposit,Corporate,Active,12-09-2020,,0,0
16392809992,180952081341,SBIN045367,Salary,BSBD,Dormant,30-08-2023,21-12-2024,0,0
5801054066129,965924286520,BKID084326,Current,BSBD,Active,16-04-2024,,0,0
964274174882,510442328249,ICIC072936,NRE,Premium,Active,29-04-2024,,0,0
4031245872065,739731722160,BARB089441,Fixed Deposit,Regular,Active,04-08-2023,,0,0
470714412569,739731722160,BARB089441,Current,Regular,Active,16-02-2024,,0,0
8668408333110289,560982681681,PUNB014538,Fixed Deposit,Regular,Active,26-02-2023,,0,0
2380927646157574,560982681681,PUNB014538,Current,Regular,Active,12-12-2015,,0,0
41484215954789,880236046047,BARB026468,Savings,BSBD,Active,31-05-2022,,0,0
9627519333520,880236046047,BARB026468,Savings,Basic,Active,27-12-2021,,0,0
58052252385,678410532051,SBIN053017,Recurring Deposit,BSBD,Active,06-02-2022,,0,0
1828544464250,700451817129,BKID076839,Fixed Deposit,Corporate,Active,05-03-2024,,0,0
4480022359812,700451817129,BKID076839,Current,Corporate,Frozen,04-09-2024,,0,0
595955273300,269913854980,ICIC056694,Fixed Deposit,Corporate,Active,06-08-2021,,0,0
954528814471,314584911838,KKBK072615,Savings,BSBD,Active,14-05-2024,,0,0
687608754624,314584911838,KKBK072615,Salary,Regular,Dormant,14-11-2024,13-02-2025,0,0
97481591561145,768468576114,IOBA089956,Current,Basic,Active,10-10-2022,,0,0
42729107747332,987458106619,HDFC097606,NRE,Regular,Active,15-08-2016,,0,0
85305655765288,987458106619,HDFC097606,NRE,Premium,Frozen,30-08-2017,,0,0
74582483087644,139810852683,HDFC019575,Salary,Basic,Active,22-09-2022,,0,0
79798651955211,139810852683,HDFC019575,Current,Premium,Active,20-08-2023,,0,0
59858459277417,280047382886,CNRB048513,Savings,Premium,Active,28-02-2024,,0,0
1775774854788116,734121477113,PUNB079719,Recurring Deposit,Basic,Active,13-09-2018,,0,0
67459108310855,393032660729,HDFC015896,Savings,Basic,Active,02-08-2016,,0,0
72932329760071,988189244194,HDFC066234,Current,BSBD,Active,15-02-2020,,0,0
96486084822021,988189244194,HDFC066234,Salary,BSBD,Active,27-07-2024,,0,0
305847611923,895088604457,ICIC090111,Current,Regular,Active,19-01-2023,,0,0
24803833803,257845050772,SBIN069997,Fixed Deposit,Premium,Active,13-10-2019,,0,0
31577337007,257845050772,SBIN069997,Savings,Premium,Frozen,29-12-2023,,0,0
20818662934847,120253489120,BARB094441,Savings,Premium,Active,27-05-2021,,0,0
93414091371,120253489120,BARB094441,Current,Premium,Active,28-01-2021,,0,0
368016699772,139479548475,BARB056542,Savings,Regular,Active,31-12-2022,,0,0
3056508405809,139479548475,BARB056542,Fixed Deposit,BSBD,Active,25-10-2022,,0,0
82524399054,626109766845,CNRB057933,Salary,BSBD,Active,23-11-2020,,0,0
37934718162,563021875144,SBIN057084,Fixed Deposit,Basic,Active,15-04-2024,,0,0
9219875719279,926676050206,UTIB096509,Current,BSBD,Dormant,19-04-2015,15-01-2025,0,0
62328932634916,101413793163,HDFC059588,Fixed Deposit,Corporate,Active,09-03-2024,,0,0
92146912535202,101413793163,HDFC059588,Fixed Deposit,Regular,Active,05-05-2019,,0,0
57365291954285,780781824496,HDFC029750,Fixed Deposit,Corporate,Active,29-09-2022,,0,0
91054272934877,834028609737,BARB061650,Fixed Deposit,Regular,Active,29-10-2024,,0,0
57612647867,983731765246,IOBA041187,Current,BSBD,Active,03-06-2020,,0,0
793019924767,983731765246,IOBA041187,Savings,BSBD,Active,03-03-2023,,0,0
9184683303628,321439837926,UTIB023030,Savings,Premium,Active,21-12-2021,,0,0
7855315152466853,946577102028,PUNB047356,Salary,Regular,Active,26-07-2021,,0,0
58251809953472,156541629111,CNRB026063,Current,Regular,Active,25-11-2022,,0,0
7495916018481,107121082878,KKBK046145,Fixed Deposit,Basic,Active,31-07-2024,,0,0
26382323536,107121082878,KKBK046145,Savings,Premium,Active,12-07-2024,,0,0
27177541439348,166831163112,IOBA070250,Savings,Basic,Active,01-01-2022,,0,0
369144699958,906708930443,ICIC035961,Fixed Deposit,Regular,Active,15-08-2022,,0,0
3828325160345403,191717661692,PUNB087365,Savings,BSBD,Active,01-12-2021,,0,0
62476029525,654137072292,KKBK053996,Current,Regular,Active,09-06-2020,,0,0
72116963364,198740690766,BARB073864,Savings,Basic,Active,05-07-2023,,0,0
97067960591487,198740690766,BARB073864,Salary,BSBD,Active,07-09-2024,,0,0
92635903358172,127829040931,HDFC054293,Salary,BSBD,Active,14-04-2023,,0,0
48726821235234,266976253307,KKBK063968,Fixed Deposit,BSBD,Active,15-07-2019,,0,0
24670363528039,305601643064,KKBK078748,Savings,Basic,Active,20-08-2024,,0,0
96500934950298,870525456224,HDFC021265,Savings,Premium,Active,16-02-2023,,0,0
83545060986543,568215749677,BARB084022,Recurring Deposit,BSBD,Closed,29-08-2024,,0,0
4530209762253,860237839457,BKID048126,Savings,BSBD,Active,25-03-2016,,0,0
43591145538,860237839457,BKID048126,Savings,Regular,Active,20-11-2019,,0,0
5778383511081,140823838429,BARB035843,Salary,Regular,Closed,20-05-2023,,0,0
26927016163929,608806038339,CNRB020546,Fixed Deposit,Corporate,Active,15-06-2018,,0,0
40623488445151,498976169855,HDFC026784,Salary,BSBD,Active,02-06-2024,,0,0
95015887853269,498976169855,HDFC026784,Salary,BSBD,Active,13-07-2024,,0,0
386652041556,439066057330,CNRB031269,Savings,BSBD,Active,17-10-2024,,0,0
27334614656,439066057330,CNRB031269,Fixed Deposit,Premium,Closed,03-06-2024,,0,0
562360004003,495405079763,ICIC057030,Current,Premium,Frozen,26-05-2024,,0,0
73015863410815,651433617990,CNRB063045,Fixed Deposit,Basic,Dormant,15-06-2020,30-06-2023,0,0
72950270901957,651433617990,CNRB063045,Fixed Deposit,BSBD,Active,29-08-2024,,0,0
825023182749,489335378464,ICIC035982,Savings,BSBD,Active,06-05-2021,,0,0
7317044441122102,865396323001,PUNB099123,Savings,Premium,Active,25-10-2023,,0,0
9279268134587,924156878512,UTIB022932,Fixed Deposit,Regular,Active,30-09-2023,,0,0
69454590175714,508657715365,HDFC026342,Current,BSBD,Active,08-03-2024,,0,0
17105149331202,508657715365,HDFC026342,Fixed Deposit,BSBD,Active,17-10-2024,,0,0
9831368728302,966457666667,BARB053887,Savings,BSBD,Active,30-06-2020,,0,0
6484085002326,739367474432,BKID027632,Salary,Regular,Active,24-12-2024,,0,0
9201618342096,639986704357,UTIB076432,Current,Regular,Active,09-07-2022,,0,0
6915383093764,246071933564,KKBK035631,Salary,BSBD,Active,09-04-2021,,0,0
9100145354599,842179568774,UTIB077530,Fixed Deposit,BSBD,Active,28-02-2022,,0,0
9109289808532,842179568774,UTIB077530,Salary,Regular,Active,04-10-2021,,0,0
243009141963,709699106351,ICIC019603,Savings,Regular,Active,13-11-2019,,0,0
249366231986,709699106351,ICIC019603,Savings,Premium,Frozen,05-12-2019,,0,0
11651789107869,333450306167,IOBA054269,Savings,Regular,Active,25-02-2020,,0,0
86561695477,333450306167,IOBA054269,Salary,Premium,Active,12-05-2021,,0,0
2414266976656,274581034328,CNRB011235,Savings,Premium,Active,08-07-2022,,0,0
557954647501,485175598451,ICIC098558,Fixed Deposit,Regular,Active,02-04-2024,,0,0
620895087934,485175598451,ICIC098558,Current,Corporate,Active,13-12-2024,,0,0
88791814052,576817403428,CNRB026917,Salary,BSBD,Active,16-01-2021,,0,0
15147070606,576817403428,CNRB026917,Salary,Regular,Active,09-09-2022,,0,0
9113823920475,869494655725,UTIB052135,Current,Basic,Active,04-07-2019,,0,0
9144577942333,660481758234,UTIB062722,Fixed Deposit,Regular,Active,11-05-2022,,0,0
9183423578036,660481758234,UTIB062722,Current,Regular,Active,30-08-2020,,0,0
9223865377149,198368197539,UTIB061218,Savings,Basic,Active,23-02-2024,,0,0
9283438486361,198368197539,UTIB061218,Recurring Deposit,Basic,Active,06-09-2024,,0,0
2665437522747551,452394641800,PUNB010657,Savings,BSBD,Active,04-03-2024,,0,0
23696247367945,637849233310,KKBK084167,Fixed Deposit,Premium,Active,08-12-2016,,0,0
96916171065383,637849233310,KKBK084167,Savings,Basic,Active,07-07-2022,,0,0
17138437503615,313194663827,IOBA043167,Salary,Basic,Active,11-02-2021,,0,0
1211588889941,313194663827,IOBA043167,Savings,Basic,Active,13-04-2024,,0,0
3164010945369450,877768627959,PUNB043513,Savings,Regular,Active,02-02-2024,,0,0
783750694800,563347141352,ICIC057500,Savings,Premium,Active,23-10-2024,,0,0
664302047719,563347141352,ICIC057500,Savings,Premium,Dormant,09-05-2024,18-05-2024,0,0
9549632269148217,862443524129,PUNB045536,Savings,BSBD,Active,16-11-2024,,0,0
1905918577760934,862443524129,PUNB045536,Savings,Regular,Active,12-08-2024,,0,0
93165274221957,978715596274,HDFC035646,Savings,BSBD,Active,20-12-2023,,0,0
9102365429134,217533516791,UTIB073226,Current,Regular,Active,02-04-2024,,0,0
1308430388669741,789876568849,PUNB077074,Salary,Premium,Active,15-08-2020,,0,0
9651805506119374,789876568849,PUNB077074,Salary,BSBD,Active,03-03-2024,,0,0
9485054984284,638674793872,IOBA084239,Current,Basic,Active,29-07-2022,,0,0
72381948761,638674793872,IOBA084239,Recurring Deposit,Regular,Active,04-08-2021,,0,0
82915101225,320110009446,SBIN094660,Current,BSBD,Active,23-11-2019,,0,0
9113961457823,250302876088,UTIB089638,Salary,Premium,Active,03-08-2020,,0,0
9219691662477,250302876088,UTIB089638,Savings,Premium,Active,21-07-2022,,0,0
7030268069141925,386475154485,PUNB066875,Current,Basic,Active,23-08-2024,,0,0
955465576252,985303411102,ICIC083636,Recurring Deposit,Regular,Frozen,21-03-2020,,0,0
47052272849354,597809957580,KKBK053317,Savings,BSBD,Active,26-12-2023,,0,0
7858384734530279,447021476644,PUNB025542,Fixed Deposit,Regular,Active,02-02-2024,,0,0
51695266323,248787059938,CNRB039702,Savings,BSBD,Active,24-08-2020,,0,0
8229277832060,248787059938,CNRB039702,Fixed Deposit,Regular,Active,09-02-2022,,0,0
35482143493038,802538158000,CNRB072116,Salary,BSBD,Frozen,25-11-2023,,0,0
5796175297814,560735247750,BARB064172,Savings,Regular,Active,03-06-2021,,0,0
5902325989105,560735247750,BARB064172,Savings,Regular,Active,29-09-2024,,0,0
347021765035,923885428827,ICIC074773,Current,BSBD,Closed,03-08-2024,,0,0
10791769274,219510800127,KKBK077295,Fixed Deposit,Regular,Active,17-05-2023,,0,0
50477757831,785024901777,SBIN076357,Fixed Deposit,Premium,Active,21-10-2024,,0,0
92443369839278,431818184320,CNRB094474,Recurring Deposit,Premium,Active,05-07-2023,,0,0
60720895893,431818184320,CNRB094474,Current,Premium,Active,06-07-2023,,0,0
5296431524900247,247627726932,PUNB042230,Fixed Deposit,Premium,Active,02-11-2021,,0,0
2553885425012362,247627726932,PUNB042230,Current,Basic,Active,30-12-2023,,0,0
60276152123,648304703429,IOBA060797,Fixed Deposit,BSBD,Active,27-03-2024,,0,0
1741616053220,648304703429,IOBA060797,Savings,BSBD,Active,10-12-2024,,0,0
84036323253,455405182830,IOBA054984,Fixed Deposit,Regular,Active,16-04-2024,,0,0
33680548813353,455405182830,IOBA054984,Fixed Deposit,Corporate,Active,14-09-2022,,0,0
9112022093547,817802872290,UTIB023021,Savings,Premium,Active,16-05-2020,,0,0
64649923363663,797266620951,HDFC028404,Savings,BSBD,Active,22-07-2021,,0,0
81837166724729,797266620951,HDFC028404,Fixed Deposit,BSBD,Active,01-06-2020,,0,0
9389700433612285,572344074010,PUNB058216,Current,Regular,Active,03-01-2018,,0,0
51501038560700,515075353684,BARB062571,Current,Premium,Active,27-07-2018,,0,0
3238266438534196,694569883180,PUNB021062,Savings,BSBD,Active,07-10-2024,,0,0
87645029612077,188888852510,HDFC051756,Current,Premium,Active,09-08-2019,,0,0
301865400230,992202655201,ICIC092004,Current,BSBD,Frozen,09-09-2024,,0,0
71211488681,255832156573,IOBA023566,Savings,BSBD,Active,30-08-2023,,0,0
996405786700,420059899450,BARB017514,Current,Premium,Active,06-06-2020,,0,0
200742265695,420059899450,BARB017514,Current,BSBD,Active,17-04-2022,,0,0
6534182063692353,523905329395,PUNB028903,Current,Basic,Active,11-06-2024,,0,0
249131104330,815047513711,ICIC075023,Savings,Regular,Active,11-08-2024,,0,0
258724033552,815047513711,ICIC075023,Current,Basic,Active,01-08-2023,,0,0
97043965543040,282962415305,BKID036164,Salary,Regular,Active,08-10-2024,,0,0
6099612287418,282962415305,BKID036164,Fixed Deposit,Regular,Active,28-04-2022,,0,0
23341702466969,579990950412,IOBA018385,Savings,Premium,Active,24-06-2022,,0,0
733732353338,329524337013,IOBA012733,Fixed Deposit,Premium,Active,17-07-2024,,0,0
9550763083647,971667661846,KKBK011860,Current,Corporate,Active,30-07-2023,,0,0
78327884427,971667661846,KKBK011860,Current,Corporate,Frozen,10-03-2019,,0,0
97824090598,903397977645,SBIN010310,Recurring Deposit,Premium,Active,12-11-2022,,0,0
78235489739734,108250599576,HDFC080869,Salary,Regular,Active,23-11-2016,,0,0
3724447235330809,332344952809,PUNB096735,Savings,Regular,Active,08-03-2021,,0,0
7681171661065137,332344952809,PUNB096735,Savings,Basic,Active,26-01-2023,,0,0
316914365431,121097412612,BKID083414,Current,BSBD,Active,18-11-2021,,0,0
86131037341627,831546246704,HDFC089068,Savings,BSBD,Active,14-04-2017,,0,0
63940601659191,397088447238,HDFC020605,Fixed Deposit,Corporate,Active,20-09-2024,,0,0
85743583242,702181008293,BKID064548,Savings,Regular,Active,06-10-2021,,0,0
9289281856125,986401075748,UTIB096355,Savings,Premium,Active,16-07-2018,,0,0
3197787973994,369346843977,BKID085198,Savings,Basic,Active,01-04-2019,,0,0
6782040265635,369346843977,BKID085198,Salary,BSBD,Active,28-03-2021,,0,0
554923722414,905863738571,BARB042798,Salary,Basic,Active,08-11-2019,,0,0
30077412036597,118120415174,IOBA029683,Savings,Basic,Active,29-03-2023,,0,0
34362985348,118120415174,IOBA029683,Fixed Deposit,Basic,Active,17-08-2022,,0,0
4152620324931014,274705032997,PUNB023484,Fixed Deposit,Regular,Active,12-07-2016,,0,0
19433251459,720511001957,SBIN055194,Salary,Regular,Active,23-03-2019,,0,0
355317274968,377106999811,CNRB013583,Savings,BSBD,Active,14-02-2022,,0,0
3342711513352,752807674652,BARB096996,Current,Premium,Active,25-08-2024,,0,0
9256318681821,339447246547,UTIB084649,Savings,BSBD,Active,05-10-2023,,0,0
9270298286432,339447246547,UTIB084649,Fixed Deposit,Basic,Frozen,25-10-2022,,0,0
988843006985,322275628554,ICIC015431,Savings,Regular,Active,20-12-2024,,0,0
727401863204,322275628554,ICIC015431,Savings,BSBD,Active,05-06-2024,,0,0
279643535771,625735745614,BARB079095,Salary,BSBD,Active,01-10-2022,,0,0
185683563698,645373019279,KKBK038506,Salary,BSBD,Active,25-11-2018,,0,0
4096024395787,645373019279,KKBK038506,Savings,Regular,Active,13-01-2023,,0,0
36000544434,741327766625,SBIN064814,Fixed Deposit,Basic,Active,30-06-2022,,0,0
13612299706773,938253404314,HDFC073622,Current,Regular,Active,29-01-2022,,0,0
20185197683835,938253404314,HDFC073622,Salary,Premium,Active,18-06-2022,,0,0
834643499966,575786301287,ICIC096647,Salary,Premium,Active,14-04-2022,,0,0
96278138621929,482329891654,KKBK040250,Fixed Deposit,Basic,Active,14-12-2021,,0,0
9470530085775,482329891654,KKBK040250,Current,BSBD,Active,26-05-2023,,0,0
62173834562174,770790381948,BARB092330,Salary,Regular,Active,09-08-2021,,0,0
9403888122292,770790381948,BARB092330,Fixed Deposit,Regular,Active,07-01-2016,,0,0
210257391820,624982694072,ICIC026691,Fixed Deposit,Basic,Active,22-08-2020,,0,0
9142685299339,686346979606,UTIB017156,Recurring Deposit,Premium,Dormant,29-08-2024,22-09-2024,0,0
116427973211,310621981445,ICIC095071,Current,Regular,Frozen,11-02-2024,,0,0
411108704826,310621981445,ICIC095071,Fixed Deposit,Regular,Active,16-11-2023,,0,0
307799282672,266948330751,ICIC018202,Recurring Deposit,Basic,Active,22-12-2021,,0,0
16521442416,445402635337,SBIN067898,Fixed Deposit,Premium,Active,15-11-2024,,0,0
57950474469,804290573788,KKBK010957,Current,Regular,Active,26-04-2020,,0,0
1993228826226,281754158955,IOBA035813,Fixed Deposit,Regular,Active,28-07-2023,,0,0
9116685726873,582149202067,UTIB053941,Current,Corporate,Dormant,19-12-2015,07-07-2017,0,0
9140609750980,732454704960,UTIB061637,Fixed Deposit,BSBD,Active,06-03-2024,,0,0
9131055728081,732454704960,UTIB061637,Current,Premium,Dormant,26-08-2022,08-12-2022,0,0
364977502934,561593640501,ICIC091770,Savings,Regular,Active,18-09-2020,,0,0
48341691809,915991081812,CNRB033255,Savings,Premium,Active,05-09-2024,,0,0
25470621980700,830078221354,CNRB028203,Savings,Premium,Active,26-03-2021,,0,0
69917920992758,830078221354,CNRB028203,Fixed Deposit,Basic,Active,20-03-2017,,0,0
9147468036697,204291901485,UTIB020757,Savings,BSBD,Active,09-03-2022,,0,0
9249974407580,204291901485,UTIB020757,Salary,BSBD,Active,23-02-2023,,0,0
26510821650,260637644143,SBIN035538,Savings,Basic,Active,10-08-2016,,0,0
58031133711016,235372501964,CNRB085066,Fixed Deposit,Premium,Active,06-06-2022,,0,0
46569179060053,235372501964,CNRB085066,Fixed Deposit,BSBD,Active,17-08-2024,,0,0
615246523218,211342338292,IOBA026973,Salary,BSBD,Active,08-12-2016,,0,0
14492933195713,107066142350,HDFC071526,Salary,Regular,Active,31-12-2023,,0,0
50099235198999,107066142350,HDFC071526,Fixed Deposit,Basic,Active,02-11-2024,,0,0
181161985532,101128442852,KKBK026367,Savings,Basic,Active,10-11-2024,,0,0
76461066609724,101128442852,KKBK026367,Savings,Basic,Active,15-02-2024,,0,0
835113098716,444405396501,ICIC082720,Fixed Deposit,Premium,Active,19-09-2022,,0,0
57661284495,425916674396,SBIN017537,Fixed Deposit,Regular,Active,26-01-2024,,0,0
360242222541,484595887883,BKID078882,Savings,BSBD,Active,19-11-2024,,0,0
666505661578,520482862419,ICIC075586,Recurring Deposit,Basic,Active,11-10-2020,,0,0
57838975664213,373805972912,HDFC075141,Salary,Premium,Dormant,27-08-2021,04-12-2024,0,0
26860311169041,373805972912,HDFC075141,Salary,Basic,Active,20-03-2022,,0,0
28399262053187,636870780234,CNRB068583,Salary,Basic,Active,11-09-2019,,0,0
208833331949,636870780234,CNRB068583,Current,BSBD,Active,22-02-2021,,0,0
26258407039,903405498856,SBIN073361,Salary,Regular,Active,10-11-2021,,0,0
546300049710,893544484411,CNRB093293,Savings,BSBD,Active,19-06-2022,,0,0
7639126976992,927971848889,BKID039586,Recurring Deposit,Premium,Active,21-08-2024,,0,0
904999429977,247386685994,ICIC035998,Savings,Regular,Active,22-05-2022,,0,0
868549809502,247386685994,ICIC035998,Current,BSBD,Active,01-10-2022,,0,0
9272834040559,266086422369,UTIB077477,Salary,Premium,Active,15-07-2024,,0,0
9170425364060,266086422369,UTIB077477,Salary,BSBD,Active,10-04-2024,,0,0
93165062850576,997830709294,BARB027132,Recurring Deposit,Basic,Active,15-03-2024,,0,0
45433145471,997830709294,BARB027132,Salary,Basic,Active,12-10-2022,,0,0
9240694682023,728396645004,UTIB098749,Salary,Premium,Active,25-09-2021,,0,0
83218627837832,238604083638,CNRB074217,Salary,Regular,Active,20-10-2023,,0,0
8166120042970,238604083638,CNRB074217,Recurring Deposit,BSBD,Active,09-04-2017,,0,0
9262033830189,190837032767,UTIB070836,Current,Regular,Active,29-05-2021,,0,0
9214485698881,190837032767,UTIB070836,Fixed Deposit,Corporate,Active,19-09-2022,,0,0
9104809715065,304191363626,UTIB052087,Salary,Basic,Active,09-03-2022,,0,0
9131996784899,304191363626,UTIB052087,Savings,Regular,Active,19-09-2021,,0,0
9259180980970,484932343890,UTIB073940,Current,Regular,Active,05-06-2021,,0,0
25888629644,472158707702,KKBK088152,Current,Premium,Active,04-02-2024,,0,0
904801233879,472158707702,KKBK088152,Salary,Regular,Dormant,31-07-2023,09-01-2024,0,0
502833075159,730049935180,BARB070561,Current,Corporate,Active,10-04-2017,,0,0
233944850451,730049935180,BARB070561,Current,Corporate,Active,14-07-2017,,0,0
19984508399389,960670610701,CNRB024670,Salary,Premium,Active,14-04-2017,,0,0
427840026320,544084480371,ICIC047298,NRO,Regular,Active,28-08-2024,,0,0
7939935836383823,926465338272,PUNB016992,Salary,BSBD,Active,01-12-2019,,0,0
9232808566709088,926465338272,PUNB016992,Salary,Basic,Active,06-08-2024,,0,0
9226446675809,600411884517,UTIB025485,Fixed Deposit,Basic,Active,07-11-2022,,0,0
575920248045,673055546576,ICIC051400,Savings,BSBD,Active,26-02-2024,,0,0
926473941320,673055546576,ICIC051400,Savings,BSBD,Active,19-10-2024,,0,0
9102663569726,841568852020,UTIB059143,Savings,Premium,Active,27-01-2017,,0,0
9154777593955,373368259976,UTIB015293,Savings,BSBD,Dormant,25-04-2023,15-03-2024,0,0
9285963736627,373368259976,UTIB015293,Salary,Premium,Dormant,08-02-2023,04-12-2024,0,0
24779931601645,774977567107,CNRB053239,Savings,Premium,Active,04-08-2023,,0,0
67125672253609,438507558592,HDFC022507,Fixed Deposit,Basic,Active,18-10-2022,,0,0
51517435987361,438507558592,HDFC022507,Savings,BSBD,Dormant,11-03-2024,14-05-2024,0,0
604618915099,791087796625,CNRB098049,Recurring Deposit,BSBD,Dormant,08-04-2024,15-04-2024,0,0
95365431466,791087796625,CNRB098049,Salary,Premium,Active,14-05-2024,,0,0
779218848972,926546045524,ICIC026164,Recurring Deposit,BSBD,Active,06-01-2018,,0,0
22076519761534,286446892405,KKBK046135,Savings,Regular,Active,01-06-2022,,0,0
62738819664,282720124616,SBIN088179,Savings,Regular,Active,10-02-2018,,0,0
65042263825,514936037989,CNRB082053,Savings,BSBD,Active,09-11-2024,,0,0
66457940060,514936037989,CNRB082053,Fixed Deposit,BSBD,Active,25-06-2022,,0,0
4063087998558778,831323251000,PUNB014928,Recurring Deposit,BSBD,Active,16-01-2022,,0,0
9195894679953,350354695648,UTIB088048,Recurring Deposit,Basic,Active,15-01-2024,,0,0
77811051593896,928539556810,IOBA031471,Current,Regular,Active,01-03-2021,,0,0
1712090200430,928539556810,IOBA031471,Salary,Basic,Dormant,13-09-2020,27-08-2023,0,0
43039739616679,504008014898,HDFC091196,Fixed Deposit,Corporate,Active,02-12-2023,,0,0
53663095889,561484725075,BARB085578,Current,Regular,Active,19-11-2024,,0,0
55772312642,561484725075,BARB085578,Savings,BSBD,Active,19-11-2024,,0,0
61931418445,741320671622,KKBK010601,Current,Corporate,Active,06-08-2022,,0,0
79962388851,976743631597,CNRB081813,Fixed Deposit,Regular,Closed,08-09-2022,,0,0
1410204299332,976743631597,CNRB081813,Fixed Deposit,Regular,Active,21-04-2018,,0,0
80663984694365,611684979737,HDFC069161,Recurring Deposit,BSBD,Dormant,25-01-2023,19-06-2023,0,0
12131614815,193188816399,SBIN088414,Savings,Basic,Active,20-02-2024,,0,0
35270308574413,777333294204,HDFC022954,Current,Regular,Active,04-05-2024,,0,0
9208800401127,654006499557,UTIB067686,Fixed Deposit,Corporate,Closed,22-04-2022,,0,0
5756887460716,777203535982,IOBA064272,Salary,Premium,Active,22-04-2023,,0,0
73694240687280,777203535982,IOBA064272,Current,Premium,Active,13-03-2024,,0,0
221656185991,229142956773,ICIC066881,Current,BSBD,Active,05-01-2024,,0,0
381067373941,879715593227,BKID032439,Current,Basic,Active,23-04-2017,,0,0
3656525715236,879715593227,BKID032439,Salary,Premium,Active,16-03-2022,,0,0
871602385320,329878400750,ICIC021084,Salary,Regular,Active,07-12-2023,,0,0
72352746336832,840332177211,HDFC030672,Savings,BSBD,Active,15-02-2021,,0,0
58850300904,967100742908,CNRB090194,NRE,Regular,Active,08-12-2024,,0,0
91628340239108,248162346505,IOBA084080,Fixed Deposit,Corporate,Active,10-02-2019,,0,0
5464282875852573,859922198186,PUNB083419,Savings,BSBD,Active,31-07-2023,,0,0
79563156781,302701031484,SBIN080884,Salary,Premium,Active,16-03-2021,,0,0
23029030984,302701031484,SBIN080884,Savings,BSBD,Active,06-11-2020,,0,0
206014422048,694160359326,ICIC046691,Savings,Basic,Active,06-12-2023,,0,0
306360158723,694160359326,ICIC046691,Current,Premium,Active,30-05-2023,,0,0
84427985279407,984895263648,BARB014485,Savings,Premium,Active,05-09-2021,,0,0
40996660372122,984895263648,BARB014485,Salary,Regular,Active,27-12-2021,,0,0
222974341197,867686802846,KKBK046905,Current,BSBD,Active,01-08-2022,,0,0
4984514209634,867686802846,KKBK046905,Salary,Premium,Active,29-07-2023,,0,0
84153415923676,587974708317,BARB062669,Savings,Regular,Active,18-07-2024,,0,0
8841724584722,815890270344,IOBA091478,Recurring Deposit,Regular,Active,16-01-2024,,0,0
91155393678,815890270344,IOBA091478,Savings,Regular,Active,09-06-2021,,0,0
5392280008205,197535538570,CNRB081720,Savings,Premium,Active,12-01-2024,,0,0
5070196544375106,476295330686,PUNB074312,Recurring Deposit,Basic,Active,08-02-2024,,0,0
9276632279774,399704146908,UTIB051778,Savings,Premium,Active,08-01-2023,,0,0
9235496605425,399704146908,UTIB051778,Savings,Basic,Active,06-08-2024,,0,0
667447457337,427106911533,IOBA089873,Savings,Regular,Active,27-08-2022,,0,0
84522552208,648219240552,SBIN042472,Savings,Regular,Active,19-06-2024,,0,0
2904727583110,717898479639,CNRB060036,Savings,Basic,Active,06-01-2022,,0,0
9200276643606,756329182161,UTIB077327,Fixed Deposit,Corporate,Active,24-09-2023,,0,0
9221348342418,756329182161,UTIB077327,Fixed Deposit,Corporate,Active,01-03-2022,,0,0
3813618543063855,519665700227,PUNB026307,Savings,Regular,Active,25-05-2018,,0,0
3207795836867655,519665700227,PUNB026307,Current,BSBD,Active,04-08-2017,,0,0
35370026179,383797641018,SBIN017246,Savings,Basic,Active,02-01-2019,,0,0
84332959240,383797641018,SBIN017246,Current,Premium,Active,07-07-2019,,0,0
3217968402284,918337960025,KKBK021916,Savings,Premium,Active,22-07-2023,,0,0
9239417183498,622951386074,UTIB068652,Current,Regular,Active,24-12-2022,,0,0
9286420907656,622951386074,UTIB068652,Current,Corporate,Active,29-09-2022,,0,0
41210213916966,825676758661,HDFC035023,Salary,Premium,Active,05-10-2022,,0,0
110979442844,590816983060,ICIC059505,Savings,Premium,Active,30-08-2022,,0,0
203868035445,590816983060,ICIC059505,Current,Regular,Active,05-09-2023,,0,0
7295835450480,726612959287,BKID038338,Current,Premium,Active,09-01-2023,,0,0
623905909506,448607518272,CNRB071836,Savings,BSBD,Active,05-08-2022,,0,0
85952530397,448607518272,CNRB071836,Recurring Deposit,BSBD,Active,02-09-2023,,0,0
274313762802,715383760194,BKID047897,Salary,BSBD,Active,17-12-2019,,0,0
255056737190,715383760194,BKID047897,Current,BSBD,Active,17-10-2023,,0,0
68707446300356,343148190307,KKBK029770,Current,Regular,Active,24-12-2024,,0,0
9329162683332,343148190307,KKBK029770,Salary,BSBD,Active,12-06-2023,,0,0
6393785584731088,847344214231,PUNB089638,Fixed Deposit,Corporate,Active,18-11-2024,,0,0
2758848895041738,847344214231,PUNB089638,Current,Regular,Active,10-10-2024,,0,0
9119568404086,501476044199,UTIB030550,Fixed Deposit,Basic,Closed,10-04-2018,,0,0
96343121653,963016946555,BARB042475,Salary,Premium,Active,11-05-2019,,0,0
536435156840,963016946555,BARB042475,Savings,Regular,Dormant,20-06-2022,23-09-2022,0,0
9278202412293,486182046649,UTIB076774,Salary,BSBD,Active,07-11-2022,,0,0
9117175945939,486182046649,UTIB076774,Recurring Deposit,Regular,Active,05-11-2022,,0,0
42674486396,248336129278,BKID076206,Savings,Regular,Active,18-12-2024,,0,0
785625617336,248336129278,BKID076206,Salary,BSBD,Active,08-07-2024,,0,0
18445874463,330545881555,CNRB099195,Fixed Deposit,Regular,Active,20-05-2022,,0,0
6692430963387,330545881555,CNRB099195,Current,Regular,Active,12-11-2021,,0,0
950262585961,244180222599,BARB066773,Salary,Regular,Active,02-02-2024,,0,0
188119912227,134688696311,IOBA081712,Fixed Deposit,Regular,Active,18-03-2016,,0,0
616028996563,134688696311,IOBA081712,Fixed Deposit,Corporate,Active,14-10-2017,,0,0
58395594291,815161726426,CNRB041338,Salary,Premium,Active,31-10-2023,,0,0
68938154151756,815161726426,CNRB041338,Savings,BSBD,Active,29-09-2021,,0,0
134536131225,550132956352,KKBK081458,Savings,Regular,Active,27-10-2023,,0,0
6716759710958730,755846677473,PUNB024178,Current,Premium,Active,24-12-2024,,0,0
1115202079563,890350960795,IOBA050264,Salary,Premium,Active,28-12-2024,,0,0
61264469726462,728050300559,IOBA083942,Savings,Premium,Active,02-04-2020,,0,0
634024537580,886828831822,KKBK054004,Salary,Regular,Active,01-02-2023,,0,0
96697249559,886828831822,KKBK054004,Savings,Basic,Dormant,12-09-2020,20-10-2022,0,0
283382630643,101220133291,CNRB064231,Current,BSBD,Dormant,23-04-2023,17-01-2025,0,0
65020452558957,597660852611,HDFC023001,Fixed Deposit,Corporate,Active,03-04-2021,,0,0
33150993030483,597660852611,HDFC023001,Current,Regular,Active,04-02-2024,,0,0
84280691477,231035467877,SBIN018256,Salary,Premium,Active,10-05-2023,,0,0
72752336666,231035467877,SBIN018256,Savings,Basic,Active,20-11-2017,,0,0
649692858894,506594396638,IOBA096564,Current,Regular,Active,30-12-2023,,0,0
15948443184050,506594396638,IOBA096564,Fixed Deposit,Corporate,Active,08-08-2023,,0,0
92810696390788,292381371502,HDFC063151,Current,Corporate,Active,16-04-2020,,0,0
37874147284659,292381371502,HDFC063151,Fixed Deposit,Regular,Active,29-06-2024,,0,0
9253934884708,330054368803,UTIB099417,Savings,Regular,Active,18-01-2021,,0,0
31748675342,985065826878,SBIN094779,Recurring Deposit,Premium,Dormant,03-10-2024,27-12-2024,0,0
74688743574,985065826878,SBIN094779,Savings,Regular,Active,06-02-2024,,0,0
50740419557155,646396866740,KKBK089643,Savings,Basic,Active,24-01-2024,,0,0
63459042182,718764977704,SBIN064360,Savings,Premium,Active,25-09-2021,,0,0
9250555124462,762872690580,UTIB050792,Savings,Regular,Active,06-07-2024,,0,0
9104427041342,762872690580,UTIB050792,Current,BSBD,Active,27-10-2017,,0,0
257335884313,363291678793,CNRB028503,Current,Regular,Active,02-02-2020,,0,0
960446953213,296353480349,BKID039591,Savings,Basic,Active,21-05-2019,,0,0
46291334677,296353480349,BKID039591,Salary,Regular,Active,20-03-2019,,0,0
754553101352,814604059355,CNRB097706,Fixed Deposit,Regular,Active,11-10-2024,,0,0
41467565872,814604059355,CNRB097706,Savings,Basic,Active,17-05-2023,,0,0
755496119762,532238315545,IOBA085442,Salary,BSBD,Active,02-06-2021,,0,0
42566978373397,793893645179,KKBK095967,Current,Basic,Active,25-11-2022,,0,0
9497541976693,793893645179,KKBK095967,Savings,Premium,Dormant,22-11-2024,04-02-2025,0,0
82126204341519,178983763802,HDFC028366,Salary,Basic,Active,16-06-2024,,0,0
970983184773,638699371779,KKBK018671,Fixed Deposit,BSBD,Active,18-10-2019,,0,0
9272832646335,492060605772,UTIB080270,Recurring Deposit,Basic,Active,24-06-2024,,0,0
4771850138965155,302110069834,PUNB068125,Savings,BSBD,Active,22-03-2024,,0,0
1794685233391564,302110069834,PUNB068125,Savings,Premium,Active,09-09-2023,,0,0
63501159007,618955190071,IOBA054876,Current,BSBD,Active,23-09-2022,,0,0
167321348374,487644390607,CNRB037200,Salary,Premium,Active,20-04-2024,,0,0
86458294438271,416235745348,BKID050306,Salary,Premium,Active,31-10-2022,,0,0
26672184803,717727909254,SBIN032014,Salary,Regular,Closed,19-06-2023,,0,0
85150679602,717727909254,SBIN032014,Savings,Basic,Closed,28-09-2022,,0,0
7531110121895,558770368077,BKID060313,Salary,Premium,Active,06-04-2022,,0,0
16428467222870,413061972867,IOBA087620,Current,Regular,Active,30-03-2019,,0,0
65499469382814,413061972867,IOBA087620,Fixed Deposit,Corporate,Dormant,26-04-2019,24-07-2019,0,0
96395644763,890333682002,SBIN075754,Fixed Deposit,BSBD,Active,26-07-2021,,0,0
21925242339,890333682002,SBIN075754,Savings,Regular,Active,11-03-2019,,0,0
3609709668326,841825412161,CNRB033175,Fixed Deposit,Corporate,Active,24-06-2022,,0,0
5160969210641,397772970116,BARB062083,Fixed Deposit,Premium,Active,19-11-2020,,0,0
9347781699223,397772970116,BARB062083,Current,Basic,Active,16-04-2019,,0,0
53257442319,171701969103,BARB090923,Savings,Premium,Active,26-11-2022,,0,0
150831736593,171701969103,BARB090923,Current,Premium,Active,06-05-2021,,0,0
2265500275256618,425130161770,PUNB072081,Savings,Regular,Active,09-09-2020,,0,0
7649675749704637,425130161770,PUNB072081,Savings,Premium,Dormant,31-01-2024,07-02-2024,0,0
378148404303,250087204842,BARB043249,Savings,BSBD,Active,09-07-2022,,0,0
700590061581,749477720019,ICIC052531,Salary,Regular,Frozen,14-07-2023,,0,0
60506599741615,232323054880,HDFC048591,Current,Basic,Active,15-11-2024,,0,0
3826435049192388,338227323756,PUNB044812,Recurring Deposit,Regular,Active,22-03-2020,,0,0
1689868832363219,338227323756,PUNB044812,Recurring Deposit,BSBD,Closed,20-07-2020,,0,0
96397241264,559658587310,KKBK092652,Current,Premium,Active,11-10-2024,,0,0
99230256233,410141247702,SBIN073181,Savings,Basic,Active,22-02-2022,,0,0
62200099673,410141247702,SBIN073181,Fixed Deposit,Premium,Active,25-12-2020,,0,0
62474746310,592805642556,SBIN098888,Salary,BSBD,Active,30-11-2024,,0,0
98752102405,592805642556,SBIN098888,Salary,Basic,Active,21-09-2024,,0,0
138982872937,637275396344,BKID013900,Savings,BSBD,Active,23-11-2020,,0,0
7188248250998,637275396344,BKID013900,Fixed Deposit,BSBD,Active,12-11-2022,,0,0
69711332753584,331049176907,HDFC060194,Recurring Deposit,BSBD,Dormant,17-12-2024,16-02-2025,0,0
12376467354654,331049176907,HDFC060194,Salary,Basic,Active,03-08-2024,,0,0
68185270527831,695489138277,KKBK015074,Current,BSBD,Active,05-05-2018,,0,0
750463769835,695489138277,KKBK015074,Salary,Premium,Active,03-05-2023,,0,0
818478325251,760764175514,BARB030254,Recurring Deposit,Basic,Active,07-06-2024,,0,0
199985192584,387116075806,CNRB036126,Salary,Basic,Active,02-10-2024,,0,0
304308247557,387116075806,CNRB036126,Savings,Premium,Active,07-11-2024,,0,0
51228276902,539788948844,BARB086715,Current,Regular,Active,15-09-2023,,0,0
70734235919,539788948844,BARB086715,Fixed Deposit,Regular,Active,10-11-2018,,0,0
939505764893,254573514821,ICIC027628,Savings,Basic,Frozen,24-06-2023,,0,0
474669427675,254573514821,ICIC027628,Salary,Regular,Active,01-12-2023,,0,0
11828603700,661535230565,KKBK033829,Savings,BSBD,Active,01-06-2024,,0,0
730040902577,661535230565,KKBK033829,Savings,Premium,Active,06-09-2024,,0,0
8161846716199,579971123001,BARB060868,Savings,Basic,Active,27-08-2024,,0,0
90682809906,444424172287,BARB030054,Salary,Premium,Active,01-05-2023,,0,0
356462934682,625074926834,ICIC038839,Fixed Deposit,Regular,Active,14-05-2020,,0,0
729585449280,625074926834,ICIC038839,Savings,BSBD,Active,24-04-2021,,0,0
12547650593659,361762873658,BARB024296,Current,Premium,Dormant,03-11-2023,09-09-2024,0,0
1478516287268,361762873658,BARB024296,Savings,Basic,Active,11-08-2024,,0,0
51655626991,442264401650,SBIN030076,Savings,Regular,Closed,27-08-2024,,0,0
38360969038,442264401650,SBIN030076,Fixed Deposit,Premium,Active,24-07-2021,,0,0
9117382518425036,118308472539,PUNB073925,Salary,Basic,Active,09-08-2024,,0,0
7741218733183,301927470105,IOBA024815,Salary,Premium,Active,18-04-2023,,0,0
1936790265984231,841213533351,PUNB010500,Fixed Deposit,BSBD,Active,22-10-2024,,0,0
792212840844,886482064579,ICIC028978,Fixed Deposit,Premium,Active,12-11-2024,,0,0
2641960022236094,517384972532,PUNB047528,Recurring Deposit,BSBD,Active,26-04-2023,,0,0
9237350369542,929787615163,UTIB064735,Current,Corporate,Active,30-03-2020,,0,0
6141025413248222,519918795305,PUNB017216,Recurring Deposit,Basic,Active,29-06-2021,,0,0
1704321360561717,519918795305,PUNB017216,Recurring Deposit,Regular,Active,13-10-2022,,0,0
9146375216673,728513499470,UTIB068015,Current,BSBD,Dormant,13-06-2023,21-01-2025,0,0
9202340816574,728513499470,UTIB068015,Savings,Regular,Active,08-05-2024,,0,0
943401690845,353334205154,BARB088783,Savings,Regular,Active,01-04-2023,,0,0
83918959802004,353334205154,BARB088783,Salary,BSBD,Active,15-11-2022,,0,0
6543577209699252,321115775290,PUNB012814,Salary,BSBD,Active,03-07-2021,,0,0
8900066912453,204770487468,CNRB034591,Salary,BSBD,Active,29-03-2024,,0,0
584943668020,204770487468,CNRB034591,Savings,Basic,Frozen,20-04-2023,,0,0
6566369424027748,272722502719,PUNB076256,Recurring Deposit,Premium,Active,21-03-2020,,0,0
47487222241438,573751487681,IOBA027606,Savings,Regular,Active,25-01-2024,,0,0
3369286208307,573751487681,IOBA027606,NRO,Premium,Active,18-05-2024,,0,0
869930044930,683094502901,ICIC017421,Recurring Deposit,Premium,Active,12-09-2021,,0,0
688494105116,683094502901,ICIC017421,Salary,Regular,Active,22-11-2024,,0,0
16767111772842,957920232513,CNRB038393,Current,Corporate,Active,07-03-2024,,0,0
91024462758201,201611553663,IOBA015906,Savings,Premium,Closed,17-03-2015,,0,0
28744090568,201611553663,IOBA015906,Savings,BSBD,Active,31-12-2017,,0,0
131669573034,207689898356,KKBK049240,Savings,Regular,Active,12-11-2021,,0,0
662458548650,207689898356,KKBK049240,Recurring Deposit,Basic,Active,17-01-2021,,0,0
73249539766470,402078150303,BKID016208,Recurring Deposit,Basic,Active,27-06-2023,,0,0
7032940572600,402078150303,BKID016208,Savings,Premium,Active,09-12-2021,,0,0
76108232473,993619706791,IOBA020461,Recurring Deposit,Basic,Frozen,03-04-2024,,0,0
96996602179048,993619706791,IOBA020461,Salary,BSBD,Closed,02-09-2024,,0,0
121527727893,456832274292,CNRB055275,Recurring Deposit,Basic,Active,22-05-2021,,0,0
82515936536,456832274292,CNRB055275,Salary,Premium,Active,30-12-2023,,0,0
44676891844999,858382267699,HDFC042447,Savings,Premium,Active,14-02-2022,,0,0
4946724211416,689303882381,CNRB087681,Fixed Deposit,Corporate,Active,29-08-2018,,0,0
471608685621,689303882381,CNRB087681,Fixed Deposit,Regular,Active,29-07-2023,,0,0
15866426936,237109533133,SBIN089498,Fixed Deposit,Corporate,Active,05-01-2020,,0,0
87862613284,237109533133,SBIN089498,Fixed Deposit,Corporate,Active,28-11-2022,,0,0
3761923789619,477406927813,BARB073918,Savings,BSBD,Active,18-09-2020,,0,0
9183959829086,769279404948,UTIB093819,Salary,Regular,Active,15-06-2024,,0,0
9165259950546,769279404948,UTIB093819,Recurring Deposit,Premium,Active,15-07-2023,,0,0
92184998369267,775276997679,HDFC090927,Recurring Deposit,Basic,Active,09-07-2021,,0,0
69209312248654,876196574988,HDFC034345,Recurring Deposit,Regular,Active,21-06-2024,,0,0
29795725938666,876196574988,HDFC034345,Salary,BSBD,Active,22-12-2024,,0,0
6739595780160,295419722651,BKID092587,Recurring Deposit,Regular,Active,28-11-2018,,0,0
863764332158,604462764955,ICIC011749,Fixed Deposit,Regular,Active,20-07-2024,,0,0
7546375267880781,619185836653,PUNB052899,Salary,BSBD,Frozen,15-06-2018,,0,0
7610490133152000,619185836653,PUNB052899,Salary,Regular,Active,30-05-2019,,0,0
9250923577768,979625100837,UTIB039336,Savings,Premium,Dormant,09-07-2024,30-10-2024,0,0
9194121299817,979625100837,UTIB039336,Salary,Premium,Active,10-06-2023,,0,0
129148190341,464347676514,BARB073166,Salary,BSBD,Active,24-05-2023,,0,0
76577550807537,464347676514,BARB073166,Current,Basic,Active,15-05-2023,,0,0
431624725997,565088443757,BARB065890,Current,Regular,Active,18-05-2022,,0,0
320645887973,240583276758,ICIC050709,Salary,Premium,Active,29-12-2021,,0,0
3426286687955,662738796925,BKID066932,Savings,Regular,Active,13-12-2024,,0,0
815635846066,662738796925,BKID066932,Salary,Basic,Active,27-10-2021,,0,0
53573943587,470613038781,CNRB095918,Savings,BSBD,Active,14-09-2022,,0,0
75730757633,470613038781,CNRB095918,Salary,Basic,Active,11-08-2019,,0,0
4941793402685,807214440587,IOBA034987,Savings,Premium,Active,26-12-2022,,0,0
7398825381025,807214440587,IOBA034987,Savings,Basic,Active,05-03-2023,,0,0
604141828633,570301956378,BARB017488,Fixed Deposit,Corporate,Active,27-09-2024,,0,0
67042235906794,546067228503,HDFC061612,Fixed Deposit,Basic,Dormant,24-12-2024,03-03-2025,0,0
18733196095,289630252295,KKBK045192,Savings,Regular,Active,04-07-2024,,0,0
6683226755109,289630252295,KKBK045192,Savings,Basic,Active,20-11-2024,,0,0
11362513492,689709850784,BKID048925,Fixed Deposit,Regular,Active,26-08-2021,,0,0
60452677853,689709850784,BKID048925,Current,Regular,Active,12-04-2022,,0,0
56737881562,556727534654,SBIN081132,Current,Corporate,Active,02-10-2021,,0,0
49284833477,556727534654,SBIN081132,Fixed Deposit,Regular,Active,07-10-2022,,0,0
606594390148,531477948092,ICIC048253,Salary,Premium,Active,25-03-2023,,0,0
61170150501,137350438272,KKBK065429,Current,Regular,Closed,08-10-2019,,0,0
58445893464,959838044855,SBIN063809,Savings,Regular,Active,29-05-2022,,0,0
19277046390,959838044855,SBIN063809,Salary,Premium,Dormant,07-02-2023,05-02-2025,0,0
73457046458,557076295152,KKBK016432,Savings,Regular,Active,11-01-2024,,0,0
7165224024490,557076295152,KKBK016432,Current,Basic,Active,20-03-2024,,0,0
4534137245998,255146656935,KKBK027937,NRE,Regular,Active,24-04-2024,,0,0
4806542555856,269821086158,BKID026267,Salary,BSBD,Closed,05-12-2024,,0,0
92801914502196,126763637481,HDFC035604,Savings,Basic,Active,07-11-2022,,0,0
64965721789,377358473337,SBIN053781,Fixed Deposit,Regular,Active,06-09-2022,,0,0
662793697111,176815087860,ICIC023672,Savings,BSBD,Active,10-09-2023,,0,0
21016500732193,903635332564,HDFC010416,Fixed Deposit,Corporate,Active,20-09-2023,,0,0
47965593973,543242777699,BKID040961,Salary,Premium,Active,29-02-2024,,0,0
346691129822,569886557459,ICIC091228,Current,BSBD,Active,08-11-2024,,0,0
386655081637,569886557459,ICIC091228,Recurring Deposit,Regular,Active,05-04-2024,,0,0
798597437731,555313311177,BARB071894,Current,Premium,Active,23-11-2021,,0,0
834982387639,555313311177,BARB071894,Savings,Regular,Active,13-05-2019,,0,0
506935937761,129921491850,BARB012905,Salary,Regular,Active,05-09-2017,,0,0
48296104735955,129921491850,BARB012905,Savings,Basic,Active,10-02-2017,,0,0
9946523113205,177419548221,CNRB034124,Fixed Deposit,Corporate,Active,18-07-2021,,0,0
39948472499,132406837340,SBIN072449,Fixed Deposit,Corporate,Active,27-02-2022,,0,0
95026751094,132406837340,SBIN072449,Fixed Deposit,Regular,Active,20-07-2023,,0,0
2482123705926,350930794072,BKID037599,Savings,BSBD,Active,10-01-2017,,0,0
1232039217941,195456905617,CNRB047058,Salary,BSBD,Active,30-09-2024,,0,0
6243831878093,195456905617,CNRB047058,Savings,Premium,Active,28-07-2024,,0,0
500921428714,858105618138,ICIC070576,Salary,BSBD,Active,19-08-2023,,0,0
489040687092,858105618138,ICIC070576,Current,BSBD,Active,01-09-2023,,0,0
5312544315080,613750547420,BARB012113,Savings,Basic,Active,03-10-2022,,0,0
40825572282619,859272655610,HDFC096685,Salary,Regular,Active,07-04-2019,,0,0
70901565642372,859272655610,HDFC096685,Savings,Basic,Active,28-11-2023,,0,0
27184820050,653200157716,KKBK041903,Savings,Basic,Active,11-05-2023,,0,0
622858750384,371033167148,ICIC021633,Current,BSBD,Dormant,09-10-2022,27-09-2023,0,0
723436993240,371033167148,ICIC021633,Fixed Deposit,Premium,Active,17-10-2017,,0,0
191536835732,816316001166,IOBA085682,Savings,Regular,Active,13-01-2024,,0,0
75121085643,816316001166,IOBA085682,Savings,Basic,Active,06-03-2023,,0,0
625353196322,852404530220,ICIC061897,Recurring Deposit,BSBD,Active,22-04-2022,,0,0
61887529082980,198736129218,CNRB067835,Salary,BSBD,Active,09-09-2022,,0,0
288936141530,198736129218,CNRB067835,Salary,Premium,Active,01-09-2017,,0,0
23699869789,878811357842,IOBA015046,Savings,Basic,Active,03-08-2020,,0,0
620739009644,878811357842,IOBA015046,Current,Regular,Dormant,31-01-2020,04-12-2023,0,0
323797442120,935083889805,ICIC012125,Savings,Basic,Active,14-08-2024,,0,0
79265288190,943028795749,BKID045527,Current,Regular,Active,07-02-2024,,0,0
17556171911,859875537289,IOBA050825,Savings,Basic,Active,08-12-2023,,0,0
24726737112537,108011990807,HDFC065005,Savings,Basic,Active,30-09-2019,,0,0
999323265088,578726045906,ICIC080766,Savings,Regular,Active,03-01-2023,,0,0
876082434551,578726045906,ICIC080766,Fixed Deposit,Regular,Active,09-12-2023,,0,0
42889134129656,251437733806,HDFC020388,NRO,Premium,Active,08-12-2016,,0,0
92154435783856,251437733806,HDFC020388,NRO,Regular,Active,17-07-2017,,0,0
9192572561359,665095557886,UTIB046929,Current,Premium,Active,24-08-2021,,0,0
9198568235835,104041351472,IOBA022300,Fixed Deposit,Premium,Active,23-10-2024,,0,0
985866227819,603204292325,KKBK088505,Salary,Premium,Frozen,18-09-2022,,0,0
6215750591294,593738563075,KKBK088302,Savings,Premium,Active,25-06-2023,,0,0
2916385328226,593738563075,KKBK088302,Recurring Deposit,Regular,Active,23-09-2018,,0,0
8318700797018,130216665391,CNRB072328,Savings,BSBD,Active,12-09-2018,,0,0
33337382682941,702806393667,KKBK017008,Savings,BSBD,Active,03-12-2024,,0,0
581541721626,702806393667,KKBK017008,Savings,Premium,Active,02-12-2024,,0,0
67164577595,618339207357,CNRB047760,Savings,Premium,Active,23-06-2022,,0,0
11876002225,700937572061,BARB099998,Fixed Deposit,Corporate,Active,24-12-2022,,0,0
972218282351,700937572061,BARB099998,Fixed Deposit,Regular,Active,20-02-2020,,0,0
704198924355,932853052373,ICIC098623,Savings,BSBD,Active,05-12-2024,,0,0
9136597106568,161125583059,UTIB050477,Current,Regular,Active,26-07-2017,,0,0
9175613069343,161125583059,UTIB050477,Current,Regular,Active,23-07-2022,,0,0
6627895389847610,608698492376,PUNB037020,Savings,BSBD,Active,19-06-2016,,0,0
59940892041779,980311948420,KKBK014603,Salary,Premium,Active,15-02-2019,,0,0
9278477993145,116382889061,UTIB074941,Savings,Regular,Active,28-05-2018,,0,0
9231505578526,116382889061,UTIB074941,Salary,Premium,Active,29-07-2023,,0,0
90116827332,454503252876,SBIN040706,Savings,BSBD,Active,28-05-2024,,0,0
14336527320,454503252876,SBIN040706,Salary,BSBD,Active,09-01-2022,,0,0
48712524518302,104341354955,HDFC065674,Savings,Regular,Dormant,22-01-2024,21-04-2024,0,0
73009158747011,104341354955,HDFC065674,Savings,Regular,Frozen,09-09-2023,,0,0
327775264744,894288134276,IOBA045170,Salary,Premium,Active,25-11-2023,,0,0
9060755308974,159815943136,BKID043494,Savings,Premium,Active,02-01-2020,,0,0
628662402162,159815943136,BKID043494,Fixed Deposit,Basic,Active,26-05-2016,,0,0
7534823405711931,843808301032,PUNB073870,Savings,BSBD,Active,04-09-2023,,0,0
85452153862,376892517964,BKID060930,Salary,Basic,Active,18-11-2022,,0,0
6567654611107,376892517964,BKID060930,Salary,Regular,Active,12-07-2024,,0,0
78829600047,773615639221,SBIN054467,Fixed Deposit,BSBD,Active,04-11-2020,,0,0
75661493081,773615639221,SBIN054467,Current,Premium,Active,06-12-2023,,0,0
181893677715,709655287733,CNRB046871,Current,Corporate,Active,20-12-2022,,0,0
5586404213173,709655287733,CNRB046871,Fixed Deposit,Corporate,Active,27-04-2024,,0,0
784392239755,289283141473,ICIC079023,Current,Regular,Active,22-03-2023,,0,0
143967855634,289283141473,ICIC079023,Savings,Premium,Active,09-03-2018,,0,0
4734799117243837,570734500791,PUNB072879,Savings,Basic,Dormant,28-01-2024,30-11-2024,0,0
1117752018222435,570734500791,PUNB072879,Current,BSBD,Active,03-09-2022,,0,0
211396262336,419477835349,BARB060577,Fixed Deposit,Premium,Active,02-03-2023,,0,0
10404266017733,419477835349,BARB060577,Fixed Deposit,Regular,Active,23-03-2023,,0,0
9295198438162,202263306779,UTIB021821,Current,Regular,Active,13-08-2019,,0,0
983865888350,727705180753,ICIC049600,Current,Regular,Active,05-07-2024,,0,0
25298053105,221281567880,KKBK024636,Savings,BSBD,Active,06-04-2022,,0,0
24531435707,297170706333,SBIN065217,Current,Regular,Frozen,06-09-2022,,0,0
57007652743,297170706333,SBIN065217,Current,Corporate,Active,23-05-2020,,0,0
60287873983150,181927142438,BARB026505,Fixed Deposit,BSBD,Active,24-10-2017,,0,0
67652972735,181927142438,BARB026505,Fixed Deposit,Premium,Active,18-06-2018,,0,0
6033746445673,613290416800,BARB029330,Savings,BSBD,Active,29-01-2023,,0,0
4675177646129,613290416800,BARB029330,Savings,Regular,Active,21-01-2023,,0,0
509338258383,692017703006,ICIC044517,Current,Premium,Active,01-05-2024,,0,0
584055485248,692017703006,ICIC044517,Fixed Deposit,Premium,Active,16-09-2023,,0,0
667473545036,357562876385,BKID057977,Savings,Regular,Active,25-10-2023,,0,0
35786671680837,357527378244,KKBK043674,Savings,Basic,Active,23-07-2021,,0,0
41676932217259,357527378244,KKBK043674,Salary,Premium,Dormant,12-02-2021,25-03-2024,0,0
1730292011728,441301188150,KKBK059446,Current,Basic,Closed,24-02-2018,,0,0
92811707701,969739694006,SBIN017705,Current,Premium,Active,10-11-2023,,0,0
476817489646,286754981784,BARB047177,Current,Basic,Active,23-11-2017,,0,0
97077373890897,286754981784,BARB047177,Fixed Deposit,BSBD,Active,12-06-2023,,0,0
52893045312,605017086072,BARB054661,Savings,Premium,Frozen,05-05-2021,,0,0
83128254960,605017086072,BARB054661,Savings,Basic,Active,29-05-2020,,0,0
94350843382,875583224069,CNRB069233,Fixed Deposit,Premium,Active,12-03-2024,,0,0
763848926413,947434478150,ICIC030068,Savings,Regular,Active,19-11-2023,,0,0
13411993076776,585975588209,HDFC065367,Salary,Premium,Active,05-06-2023,,0,0
42056503336,832090859506,SBIN093719,Salary,Premium,Active,07-01-2022,,0,0
31301684735,832090859506,SBIN093719,Savings,BSBD,Closed,08-11-2022,,0,0
69159738696,729483727255,KKBK032463,Current,Corporate,Active,29-09-2021,,0,0
1897035239847,729483727255,KKBK032463,Fixed Deposit,Corporate,Active,29-11-2023,,0,0
9245035288344,566512611933,UTIB046896,Recurring Deposit,Regular,Active,22-11-2022,,0,0
20831190355,504925857932,CNRB082531,Fixed Deposit,Corporate,Active,14-12-2020,,0,0
35175263010002,140627248652,HDFC014826,Current,Basic,Active,08-08-2024,,0,0
64439501784939,140627248652,HDFC014826,Savings,Basic,Active,29-08-2022,,0,0
349164400239,422058089341,BARB032619,Savings,Premium,Active,15-07-2024,,0,0
762818569542,422058089341,BARB032619,Fixed Deposit,Premium,Active,22-08-2020,,0,0
9240988175325516,912697009039,PUNB060241,Current,Basic,Active,09-07-2023,,0,0
6635184519075428,912697009039,PUNB060241,Savings,BSBD,Active,20-05-2022,,0,0
30958602369,108901504899,BKID076978,Recurring Deposit,Regular,Active,04-07-2023,,0,0
84279429253,929186015901,SBIN010416,Savings,Regular,Active,18-09-2023,,0,0
45235298804,929186015901,SBIN010416,Savings,Premium,Active,26-04-2021,,0,0
22202832706006,878417126817,HDFC022555,Current,Regular,Active,16-12-2018,,0,0
27779322101336,878417126817,HDFC022555,Salary,BSBD,Active,05-08-2023,,0,0
698029267580,838018636669,CNRB095251,Savings,BSBD,Active,08-04-2023,,0,0
61939149788989,673233785193,BARB067358,Fixed Deposit,BSBD,Active,26-02-2021,,0,0
9308176125750,673233785193,BARB067358,Savings,Regular,Active,15-11-2022,,0,0
6386326919926,445659754284,KKBK063190,Fixed Deposit,Regular,Active,27-09-2024,,0,0
339865275742,117576884848,ICIC086166,Savings,Basic,Active,07-03-2020,,0,0
514916887389,117576884848,ICIC086166,Salary,Regular,Active,28-11-2022,,0,0
145987211634,538374642353,IOBA016649,Recurring Deposit,Regular,Active,29-11-2024,,0,0
4107627159590,538374642353,IOBA016649,Recurring Deposit,Basic,Active,05-12-2023,,0,0
20733297711,211483131250,BARB022533,Salary,BSBD,Dormant,26-08-2024,24-11-2024,0,0
87704728392984,211483131250,BARB022533,Salary,Regular,Active,24-03-2022,,0,0
17653563586,835775418555,SBIN041473,Fixed Deposit,Regular,Active,27-11-2024,,0,0
58378354384069,269810971021,HDFC040020,Salary,Premium,Active,10-07-2023,,0,0
65031477208111,269810971021,HDFC040020,Salary,Basic,Active,18-11-2024,,0,0
1510226784879301,200838741502,PUNB063988,NRO,Regular,Active,08-06-2022,,0,0
6341795175892538,200838741502,PUNB063988,NRE,Premium,Active,31-07-2019,,0,0
2414272680517,214609646232,IOBA062397,Savings,Basic,Active,08-11-2023,,0,0
9375027214668,214609646232,IOBA062397,Current,BSBD,Active,10-10-2024,,0,0
46246113856478,536700871880,HDFC073962,Recurring Deposit,Basic,Active,24-07-2019,,0,0
85605412119240,536700871880,HDFC073962,Savings,Regular,Active,28-04-2024,,0,0
63525758889,321167073682,BKID078792,Savings,Premium,Active,25-04-2022,,0,0
1270728624402,321167073682,BKID078792,Salary,BSBD,Active,10-03-2023,,0,0
2639087228648,686473933099,CNRB098708,Salary,Premium,Active,13-12-2024,,0,0
52276144031448,686473933099,CNRB098708,Current,Premium,Active,31-08-2022,,0,0
5990507985167204,502154667634,PUNB026692,Current,Corporate,Active,27-01-2024,,0,0
6889646630310367,502154667634,PUNB026692,Current,Regular,Active,08-03-2024,,0,0
107661384147,190333158105,CNRB044845,NRE,Premium,Active,20-12-2023,,0,0
93865455909823,496920059416,CNRB018729,Salary,BSBD,Active,02-02-2024,,0,0
87694635027,496920059416,CNRB018729,Recurring Deposit,Regular,Active,02-03-2020,,0,0
3217243689073,632257134942,IOBA088161,Fixed Deposit,Regular,Active,02-09-2024,,0,0
33261673899,290501599767,SBIN012850,Savings,BSBD,Active,10-07-2023,,0,0
37576677459,496253353335,BKID054791,Savings,Premium,Active,05-04-2024,,0,0
99203595638863,496253353335,BKID054791,Savings,BSBD,Frozen,01-01-2023,,0,0
976584688196,110854821678,ICIC030610,NRO,Regular,Closed,06-08-2024,,0,0
4731950109946154,481269731398,PUNB037838,Salary,Basic,Active,25-06-2019,,0,0
89951759440,378826407680,SBIN036252,Salary,Basic,Dormant,01-10-2020,14-04-2021,0,0
55092971216,378826407680,SBIN036252,Salary,BSBD,Active,16-03-2022,,0,0
51002555932,824073245972,BARB083757,Savings,Regular,Active,12-12-2021,,0,0
547254476587,527816115607,ICIC045979,Current,Basic,Active,19-07-2024,,0,0
38187408700,132575400034,SBIN033656,Current,Basic,Active,16-11-2024,,0,0
17600937859760,437027703563,IOBA054708,Salary,Premium,Active,01-06-2024,,0,0
9270169186574,379676564119,UTIB066670,Current,BSBD,Active,14-06-2024,,0,0
9762490088718,314403281119,BKID016295,Salary,Regular,Dormant,12-12-2023,23-01-2025,0,0
196281543334,692913841475,ICIC088829,Salary,Regular,Active,14-10-2024,,0,0
178256923112,692913841475,ICIC088829,Savings,Premium,Active,27-12-2024,,0,0
9182060847815017,917383721126,PUNB073108,Savings,Premium,Dormant,30-03-2019,19-01-2024,0,0
3627055992704036,917383721126,PUNB073108,Savings,BSBD,Active,29-11-2019,,0,0
353433971404,638873676798,CNRB047460,Savings,BSBD,Active,06-11-2024,,0,0
61923748956,638873676798,CNRB047460,Savings,Regular,Active,07-06-2024,,0,0
76583893267975,996524214885,KKBK069476,Savings,Regular,Active,16-04-2023,,0,0
4079765790799,996524214885,KKBK069476,Savings,Premium,Active,08-01-2022,,0,0
8652126134138466,791176711624,PUNB056654,Recurring Deposit,Premium,Active,17-07-2023,,0,0
7254291841313833,791176711624,PUNB056654,Savings,Regular,Dormant,16-09-2022,24-02-2024,0,0
43532893712,885018827652,SBIN076745,NRE,Premium,Active,05-10-2022,,0,0
78014432971,885018827652,SBIN076745,NRE,Regular,Active,15-07-2021,,0,0
3924387948202,103417802796,KKBK052060,Savings,BSBD,Active,25-02-2023,,0,0
620361924369,103417802796,KKBK052060,Fixed Deposit,BSBD,Active,25-09-2024,,0,0
318262794786,527819464183,ICIC081894,Fixed Deposit,Corporate,Active,03-03-2021,,0,0
392322065344,527819464183,ICIC081894,Fixed Deposit,Corporate,Active,31-07-2023,,0,0
31198376185,375070543509,SBIN051290,Savings,BSBD,Active,07-12-2021,,0,0
90920773577,375070543509,SBIN051290,Current,Premium,Active,23-12-2018,,0,0
437599669799,922294414604,ICIC046156,Savings,Regular,Active,19-12-2021,,0,0
224687036156,922294414604,ICIC046156,Current,BSBD,Active,14-09-2021,,0,0
12375781931791,251654103603,KKBK059550,Fixed Deposit,Corporate,Active,18-04-2023,,0,0
24333223397,710458889441,BKID058957,Savings,Premium,Active,23-09-2022,,0,0
6799341380951,388523220228,KKBK050372,Savings,Regular,Dormant,04-10-2021,01-05-2024,0,0
67842532974,388523220228,KKBK050372,Salary,Premium,Active,07-07-2024,,0,0
52371739418871,244051923035,HDFC024898,Savings,Basic,Active,31-12-2024,,0,0
31457371607768,244051923035,HDFC024898,Current,Premium,Active,09-08-2024,,0,0
44175056378253,904738421514,BARB017765,Savings,Basic,Active,07-11-2017,,0,0
26888645472442,904738421514,BARB017765,Salary,BSBD,Active,02-06-2020,,0,0
9172103593307,895116189085,UTIB015129,Savings,Regular,Active,28-12-2024,,0,0
9230411689597,895116189085,UTIB015129,Savings,Regular,Active,22-05-2023,,0,0
52378026906717,767230785028,IOBA034439,Current,Premium,Active,10-08-2024,,0,0
43383309309540,862298088808,KKBK081647,Salary,Basic,Active,11-03-2022,,0,0
45425651069,938826484941,SBIN089749,Fixed Deposit,Corporate,Frozen,26-07-2019,,0,0
83787276112,938826484941,SBIN089749,Current,Regular,Active,14-10-2019,,0,0
86232555046128,914484295356,HDFC098267,Savings,Basic,Active,02-04-2021,,0,0
7313492437198772,842962943807,PUNB020361,Savings,BSBD,Active,09-11-2022,,0,0
1651787572496188,842962943807,PUNB020361,Fixed Deposit,Basic,Active,03-10-2024,,0,0
96155045896440,808494089748,BARB073752,Current,Premium,Active,27-01-2023,,0,0
54002571912,808494089748,BARB073752,Savings,BSBD,Active,12-05-2024,,0,0
651042730678,827274012468,KKBK020824,Savings,Basic,Active,04-11-2018,,0,0
78010326137175,827274012468,KKBK020824,Savings,Premium,Closed,21-11-2019,,0,0
884422273226,964676115412,IOBA080729,Recurring Deposit,BSBD,Active,01-08-2023,,0,0
875856455638,964676115412,IOBA080729,Salary,Premium,Dormant,15-10-2020,04-09-2023,0,0
87987808076,669140455114,BARB031370,Salary,Premium,Active,22-10-2024,,0,0
783788752429,145274435473,IOBA051546,Fixed Deposit,Regular,Active,08-12-2022,,0,0
9259267752578,975007262416,UTIB015847,Current,BSBD,Active,05-02-2023,,0,0
9235138131956,975007262416,UTIB015847,Salary,Basic,Active,08-06-2023,,0,0
2435453052911110,746416872879,PUNB032992,Fixed Deposit,Regular,Active,15-09-2020,,0,0
97050843979120,523073267793,HDFC087910,Salary,Regular,Active,26-09-2021,,0,0
37529192283970,523073267793,HDFC087910,Salary,Premium,Active,03-03-2020,,0,0
9585079389582158,550471744756,PUNB093483,Savings,Premium,Active,02-07-2021,,0,0
92124843969222,732486723665,CNRB054458,Savings,Premium,Active,06-03-2024,,0,0
7586795735207,732486723665,CNRB054458,Savings,BSBD,Active,26-12-2023,,0,0
314112554187,863201356128,ICIC095745,Fixed Deposit,Basic,Active,26-09-2018,,0,0
9930739955424135,199432017130,PUNB034948,Salary,BSBD,Active,12-10-2023,,0,0
5278626173960802,199432017130,PUNB034948,Savings,Premium,Active,20-08-2023,,0,0
207131436150,322029589779,ICIC027967,Current,Regular,Dormant,11-01-2022,13-04-2023,0,0
22673624638,771062429548,SBIN030405,Savings,Premium,Active,12-08-2023,,0,0
21518229797,771062429548,SBIN030405,Recurring Deposit,Regular,Active,15-01-2023,,0,0
638377549751,931629654732,CNRB073300,Savings,Basic,Active,07-07-2019,,0,0
65852523650,880377542450,KKBK093573,Savings,Premium,Active,10-07-2023,,0,0
431128129704,418501351683,ICIC026522,Current,Corporate,Active,13-01-2021,,0,0
77415628202005,445858896204,BKID073122,Savings,Basic,Active,10-08-2020,,0,0
6807839287503,784458343972,BKID069140,Recurring Deposit,BSBD,Dormant,14-10-2024,12-03-2025,0,0
701984283821,188687690576,CNRB048900,Savings,Premium,Active,17-10-2019,,0,0
1872941211965,188687690576,CNRB048900,Recurring Deposit,Regular,Active,15-12-2023,,0,0
16558338984,419517736670,BARB029433,Savings,BSBD,Active,08-09-2022,,0,0
8085796360564,419517736670,BARB029433,Recurring Deposit,BSBD,Active,13-05-2018,,0,0
7883833947396324,363370737212,PUNB095197,Salary,Regular,Active,19-05-2019,,0,0
9635318847345031,363370737212,PUNB095197,Savings,Basic,Active,19-08-2017,,0,0
770279707223,886847790695,IOBA033681,Salary,BSBD,Active,10-10-2021,,0,0
20291249995940,886847790695,IOBA033681,Savings,Basic,Active,11-05-2024,,0,0
396013466670,103356707745,KKBK061512,Salary,Regular,Active,17-04-2024,,0,0
262067594907,103356707745,KKBK061512,Savings,Premium,Active,09-08-2022,,0,0
13334039596,975642441925,BARB060409,Savings,BSBD,Active,23-02-2024,,0,0
31479411913192,975642441925,BARB060409,Savings,Premium,Active,31-05-2019,,0,0
87862048232,244751728929,KKBK097266,Salary,Premium,Active,11-05-2023,,0,0
736723065048,244751728929,KKBK097266,Recurring Deposit,Basic,Active,12-06-2020,,0,0
82972521022376,460556269422,KKBK027653,Savings,BSBD,Active,21-07-2024,,0,0
547477301212,295582076500,IOBA018680,Savings,Regular,Active,14-11-2024,,0,0
65755874855630,295582076500,IOBA018680,Savings,BSBD,Active,13-03-2024,,0,0
9115091308276,922803586713,BKID026138,Savings,Basic,Active,05-02-2021,,0,0
7231558928411,922803586713,BKID026138,Savings,Basic,Active,12-07-2019,,0,0
2785511374865,299138574878,BKID013244,Salary,Basic,Active,19-10-2022,,0,0
8647015171079,299138574878,BKID013244,Current,Premium,Active,03-05-2023,,0,0
79723380505,757170697249,KKBK040972,Savings,Regular,Active,20-12-2023,,0,0
30603779416465,678782909730,HDFC025281,Salary,Regular,Frozen,10-07-2022,,0,0
60557842107388,678782909730,HDFC025281,Fixed Deposit,BSBD,Active,07-05-2020,,0,0
5489696325925,470350580874,BKID034159,Current,Corporate,Active,14-02-2017,,0,0
94758926322,111737300112,SBIN070454,Salary,Premium,Active,05-04-2024,,0,0
38826579600,872488583738,SBIN052884,Fixed Deposit,Basic,Active,03-04-2024,,0,0
77064115073,814302154055,SBIN074401,Salary,Premium,Active,16-01-2022,,0,0
863603360028,795857605419,BKID069654,Current,BSBD,Active,29-11-2019,,0,0
7336776508793,795857605419,BKID069654,Savings,BSBD,Active,25-07-2022,,0,0
81530471183277,761866493741,KKBK090801,Savings,Premium,Active,23-08-2020,,0,0
2841575879568,761866493741,KKBK090801,Savings,BSBD,Active,22-07-2018,,0,0
59957791977,659800683813,BKID069237,Current,Corporate,Active,21-08-2020,,0,0
4926274006794,659800683813,BKID069237,Fixed Deposit,Regular,Active,29-09-2020,,0,0
42495246043298,993069250702,HDFC091685,Savings,Basic,Active,29-12-2024,,0,0
87227353644085,365556474560,BKID060062,Fixed Deposit,Regular,Active,22-11-2017,,0,0
526038783921,192871147868,ICIC026143,Salary,Regular,Active,05-11-2024,,0,0
105879235841,192871147868,ICIC026143,Fixed Deposit,Regular,Active,23-03-2023,,0,0
9187048979406,804944224247,UTIB085635,Savings,Regular,Active,10-08-2023,,0,0
46234597478,590493559859,SBIN011253,Current,Premium,Active,18-11-2020,,0,0
68305521518,302422613798,CNRB072964,Savings,Regular,Active,02-04-2024,,0,0
548083916975,302422613798,CNRB072964,Savings,BSBD,Active,25-12-2024,,0,0
99591678327612,568416233429,HDFC029119,Current,Corporate,Closed,14-06-2019,,0,0
22322917390491,568416233429,HDFC029119,Current,Corporate,Active,31-07-2021,,0,0
27137622388,931663259789,CNRB043842,Current,Corporate,Active,27-11-2020,,0,0
2961344558263,931663259789,CNRB043842,Current,Corporate,Active,03-03-2016,,0,0
743071567601,206385319764,BARB076819,Recurring Deposit,Basic,Dormant,02-10-2021,21-10-2024,0,0
12612363540634,195852598897,IOBA099679,Savings,Premium,Active,29-09-2023,,0,0
19634177012,195852598897,IOBA099679,Salary,BSBD,Dormant,19-09-2019,09-06-2024,0,0
809900040007,777807704129,ICIC042463,Fixed Deposit,BSBD,Active,16-02-2018,,0,0
63067728739674,903380217095,HDFC032194,Savings,Regular,Active,03-08-2020,,0,0
6561880918336237,277306787253,PUNB085798,Savings,BSBD,Active,08-11-2023,,0,0
5441517379888246,277306787253,PUNB085798,Savings,Premium,Active,22-02-2024,,0,0
462420247149,892377287106,KKBK098413,Savings,Regular,Active,04-10-2021,,0,0
97490326333,627264544124,IOBA076929,Savings,Basic,Active,14-12-2023,,0,0
33532329722,627264544124,IOBA076929,Savings,BSBD,Active,03-08-2024,,0,0
61553823523,720560011853,CNRB058724,Fixed Deposit,Regular,Active,28-08-2024,,0,0
266575895604,282498041017,CNRB054072,Savings,Premium,Active,11-07-2023,,0,0
18900877932,282498041017,CNRB054072,Savings,BSBD,Active,20-06-2023,,0,0
74984103230,815822403512,SBIN085184,Recurring Deposit,Regular,Active,14-08-2019,,0,0
259634057578,675392599601,BKID027361,Savings,Regular,Active,01-02-2022,,0,0
4713034911059,647899384715,KKBK066639,Salary,Premium,Active,23-11-2019,,0,0
4969448861287,647899384715,KKBK066639,Savings,Regular,Active,05-09-2019,,0,0
98349502536,555748626220,BARB048551,Fixed Deposit,BSBD,Active,06-07-2023,,0,0
9274822131906,840475723910,UTIB083589,Current,Regular,Active,15-06-2022,,0,0
9144392097824,840475723910,UTIB083589,Savings,BSBD,Active,24-03-2024,,0,0
9007378369788,172634093209,BARB055584,Savings,Premium,Active,17-10-2023,,0,0
86509664887988,816116953888,IOBA086214,Savings,BSBD,Active,24-03-2024,,0,0
366108578643,816116953888,IOBA086214,Savings,Regular,Active,24-11-2024,,0,0
357734287527,769894432864,IOBA036373,Savings,BSBD,Active,28-12-2022,,0,0
82463413396582,769894432864,IOBA036373,Current,BSBD,Active,24-01-2024,,0,0
8461750156972,198012964633,KKBK072864,Current,Premium,Active,14-07-2021,,0,0
4528412866741,198012964633,KKBK072864,Savings,Premium,Active,09-07-2021,,0,0
13562882770261,264519467724,HDFC067400,Salary,Regular,Active,17-05-2023,,0,0
9111477250467,268751023698,UTIB037464,Savings,BSBD,Active,06-10-2023,,0,0
9215894178256,268751023698,UTIB037464,Salary,Premium,Active,28-10-2023,,0,0
4414753802046,660813859876,BARB028704,Savings,BSBD,Active,25-07-2020,,0,0
1670243109574,660813859876,BARB028704,Recurring Deposit,BSBD,Active,18-07-2023,,0,0
59898532993049,123362413448,HDFC054592,Savings,Basic,Active,10-08-2018,,0,0
380698400367,826224129308,ICIC076700,Current,Regular,Active,29-12-2022,,0,0
924458381415,826224129308,ICIC076700,Recurring Deposit,BSBD,Active,05-08-2021,,0,0
68129186860224,333052957077,KKBK055307,Current,Corporate,Active,16-05-2016,,0,0
388394737512,333052957077,KKBK055307,Fixed Deposit,Regular,Dormant,06-09-2022,02-11-2024,0,0
62073312105,879364755348,BARB087502,Savings,Basic,Active,25-11-2016,,0,0
36137331335,118031234089,BARB028209,Current,Corporate,Active,28-06-2021,,0,0
4004391963510,294966136483,BKID042176,Salary,Basic,Active,26-05-2024,,0,0
1699196140345,294966136483,BKID042176,Salary,Regular,Active,10-05-2024,,0,0
9830448792708,778371842931,BKID094477,Savings,BSBD,Active,08-11-2021,,0,0
78226558561543,778371842931,BKID094477,Savings,Regular,Active,10-07-2017,,0,0
96430620758,759914453364,SBIN055257,Recurring Deposit,Premium,Active,23-09-2024,,0,0
8126928003168864,192120694168,PUNB078339,Fixed Deposit,Regular,Closed,16-06-2024,,0,0
5105026683272,563854141248,KKBK091720,Salary,BSBD,Active,11-07-2024,,0,0
87342300712452,563854141248,KKBK091720,Salary,Regular,Active,09-11-2024,,0,0
9384731386212,843464902818,CNRB017618,Savings,Premium,Active,12-06-2024,,0,0
59908035280,843464902818,CNRB017618,Current,Regular,Active,10-06-2024,,0,0
77761983632,648866110121,BKID067081,Salary,Regular,Active,15-04-2020,,0,0
16542592282,207554312676,CNRB073786,Savings,Premium,Active,05-07-2022,,0,0
5203411591111,207554312676,CNRB073786,Current,Basic,Active,03-05-2023,,0,0
573838020725,170890988994,ICIC079564,Current,Premium,Active,19-04-2016,,0,0
422310011301,170890988994,ICIC079564,Savings,BSBD,Active,19-12-2024,,0,0
64616012278331,163135833567,HDFC023040,Savings,Premium,Active,24-03-2023,,0,0
30275721507530,764036263361,IOBA048223,Recurring Deposit,BSBD,Active,05-09-2023,,0,0
91581782892,289759805840,SBIN083349,Current,Regular,Active,13-06-2015,,0,0
71281137397,289759805840,SBIN083349,Current,Regular,Active,25-09-2015,,0,0
8812969211535197,611018600521,PUNB099958,Fixed Deposit,Premium,Active,18-07-2024,,0,0
9036810777854515,767449418234,PUNB078911,Savings,Regular,Active,27-11-2018,,0,0
8387746022166658,767449418234,PUNB078911,Current,Premium,Dormant,18-02-2019,09-12-2022,0,0
958680794202,605582252359,ICIC028179,Savings,Regular,Active,06-11-2021,,0,0
26595589307,153173484280,BARB024022,Savings,Regular,Closed,28-10-2024,,0,0
943095310185,135366446097,ICIC073262,Savings,BSBD,Active,04-07-2024,,0,0
1709686850605,563003361835,IOBA078255,Salary,Premium,Active,17-09-2024,,0,0
82536094717,563003361835,IOBA078255,Current,Basic,Active,13-10-2024,,0,0
96687367690,379365975392,CNRB019562,Fixed Deposit,BSBD,Active,26-02-2022,,0,0
624007022478,379365975392,CNRB019562,Salary,BSBD,Active,24-06-2022,,0,0
50723310562249,623009355098,KKBK068756,Savings,Premium,Active,18-12-2024,,0,0
157370345504,623009355098,KKBK068756,Recurring Deposit,BSBD,Active,28-03-2024,,0,0
24861810681305,896995359915,CNRB067538,Current,Basic,Active,04-03-2024,,0,0
97516239171,854011795021,KKBK016503,Savings,Regular,Active,12-12-2016,,0,0
5309794309806852,500783529522,PUNB015267,Current,Regular,Dormant,02-05-2024,07-12-2024,0,0
90468409286,941479956068,SBIN083089,Savings,Regular,Active,30-06-2022,,0,0
2764465068928247,459845991020,PUNB091553,Salary,BSBD,Active,19-09-2023,,0,0
99957536191410,536602892940,HDFC083317,NRO,Premium,Active,07-06-2024,,0,0
87159743125872,536602892940,HDFC083317,NRE,Regular,Active,18-12-2024,,0,0
9237293877634,308106064703,UTIB016132,Savings,Regular,Active,10-04-2023,,0,0
9116476688844,308106064703,UTIB016132,Savings,Regular,Active,11-01-2022,,0,0
9253293597060,571555101150,UTIB069294,Fixed Deposit,Regular,Active,18-04-2023,,0,0
9230222488474626,493355501600,PUNB029191,Savings,Premium,Active,06-03-2023,,0,0
8188122896452608,493355501600,PUNB029191,Current,Regular,Active,31-03-2022,,0,0
9067313985514,211844978263,KKBK087589,Fixed Deposit,Regular,Active,19-07-2023,,0,0
3437982281537,333002630175,IOBA079222,Current,Regular,Active,16-06-2015,,0,0
4318181172249495,911368576403,PUNB024149,Savings,Basic,Active,08-05-2020,,0,0
4476830172848,176849737890,KKBK074099,Current,BSBD,Active,26-12-2021,,0,0
39133653116,176849737890,KKBK074099,Savings,Regular,Active,18-08-2019,,0,0
2846264437857,311186835567,KKBK042438,Savings,BSBD,Active,14-04-2022,,0,0
825391867995,311186835567,KKBK042438,Savings,BSBD,Active,08-04-2018,,0,0
90171184808931,985823274311,BKID034566,Fixed Deposit,Corporate,Active,16-11-2024,,0,0
80643436313022,985823274311,BKID034566,Current,Regular,Dormant,21-11-2024,17-12-2024,0,0
165658505444,533814349876,BKID051771,Current,Premium,Active,15-10-2018,,0,0
7040963222230884,201243682638,PUNB055950,Savings,Regular,Active,07-06-2024,,0,0
7477920964590927,201243682638,PUNB055950,Salary,Regular,Active,15-02-2023,,0,0
9139510637193,309493777116,UTIB070987,Current,Regular,Active,11-08-2024,,0,0
98300887886698,914483988395,HDFC038489,Savings,Regular,Active,04-06-2022,,0,0
9110611088077,252338391155,UTIB075249,Current,Premium,Active,28-03-2024,,0,0
9182665436421,252338391155,UTIB075249,Savings,Premium,Active,07-08-2023,,0,0
84026451710,533893182687,CNRB018031,Salary,Regular,Active,11-06-2022,,0,0
9159631144920,140944232868,UTIB037422,Fixed Deposit,Basic,Active,21-09-2016,,0,0
33302331016139,206965347322,CNRB069409,Fixed Deposit,Basic,Frozen,21-06-2023,,0,0
78137760559600,674014097803,HDFC085435,Savings,Basic,Active,25-04-2024,,0,0
358157811367,876350169613,KKBK014883,Savings,Basic,Active,24-06-2017,,0,0
345004988422,876350169613,KKBK014883,Recurring Deposit,Basic,Active,17-07-2022,,0,0
45776149922,682185602529,SBIN066196,NRO,Regular,Active,04-08-2021,,0,0
33434174739,682185602529,SBIN066196,Savings,Premium,Active,13-09-2024,,0,0
67326028793244,445028003387,IOBA052652,Current,BSBD,Active,08-05-2023,,0,0
6301383359463,243223622113,CNRB023625,Current,Regular,Active,23-12-2024,,0,0
577625117755,243223622113,CNRB023625,Savings,BSBD,Active,30-12-2024,,0,0
14181577129,835754767212,BKID028364,Fixed Deposit,Corporate,Active,09-09-2023,,0,0
9329844913226,101669632213,IOBA011035,Savings,Regular,Active,23-12-2022,,0,0
904689369798,101669632213,IOBA011035,Savings,Basic,Active,04-11-2022,,0,0
77113571719,706434206779,SBIN053686,Savings,Premium,Active,13-02-2020,,0,0
30624349949,774939001350,BARB046473,Savings,Basic,Active,16-03-2024,,0,0
9152297612718,117980671454,UTIB088984,Salary,Premium,Active,08-05-2022,,0,0
50783341343665,732452825949,HDFC077333,Savings,Basic,Active,28-02-2023,,0,0
4169171491894709,345938794373,PUNB035365,Fixed Deposit,Premium,Active,29-10-2023,,0,0
926831094065,567559707461,CNRB051770,Fixed Deposit,BSBD,Active,05-11-2022,,0,0
4242350541135,951340697794,KKBK039075,Salary,Regular,Active,21-06-2023,,0,0
29843446404,951340697794,KKBK039075,Savings,Premium,Active,24-10-2023,,0,0
9266413679776,429111675684,UTIB058816,Savings,Premium,Active,04-06-2017,,0,0
8626197748896,320996710877,BARB085525,Savings,Regular,Active,26-08-2024,,0,0
87183481576,320996710877,BARB085525,Savings,Premium,Active,26-06-2024,,0,0
51619352155,536169539859,BKID040164,Fixed Deposit,BSBD,Active,21-07-2022,,0,0
9186113471133,536169539859,BKID040164,Salary,Premium,Active,18-12-2021,,0,0
63913315426,416017691365,SBIN017766,Current,Premium,Active,17-06-2021,,0,0
82392707163,679007393544,IOBA040286,Salary,Basic,Active,16-12-2016,,0,0
70723562427532,959840880653,BARB095153,Savings,BSBD,Active,05-03-2019,,0,0
59852095421,490874927256,BARB097306,Savings,Basic,Active,06-01-2021,,0,0
567533474707,690808700609,KKBK058278,Fixed Deposit,BSBD,Active,16-08-2024,,0,0
92879278649878,690808700609,KKBK058278,Savings,Regular,Active,25-12-2024,,0,0
9704633545776910,261002256538,PUNB028834,Fixed Deposit,Regular,Active,18-03-2024,,0,0
7838734296192920,261002256538,PUNB028834,Fixed Deposit,BSBD,Active,05-08-2023,,0,0
99484263537,244049912883,BKID049029,Salary,Regular,Active,18-07-2019,,0,0
509117279660,768546903102,ICIC059989,Salary,Premium,Active,08-05-2024,,0,0
254263520073,768546903102,ICIC059989,Current,BSBD,Active,27-05-2023,,0,0
9182985864960,545638625988,UTIB041075,Salary,Premium,Dormant,27-06-2022,07-08-2023,0,0
9249725568389,545638625988,UTIB041075,Salary,Premium,Active,29-01-2020,,0,0
612271665687,287017054471,IOBA039809,Current,Corporate,Active,11-10-2023,,0,0
9121851329224,250957618793,UTIB013069,Savings,Premium,Active,10-03-2023,,0,0
6393602534402,247431880689,BKID052616,Savings,Premium,Active,22-05-2019,,0,0
18860360184,247431880689,BKID052616,Salary,Basic,Active,12-07-2016,,0,0
9255842244183,605584379556,UTIB039622,Savings,Basic,Active,18-09-2021,,0,0
3596322482029,412765116162,IOBA099395,Savings,Premium,Active,21-12-2024,,0,0
677707822733,412765116162,IOBA099395,Fixed Deposit,Basic,Active,01-11-2024,,0,0
15202411253,781485689749,SBIN072668,Savings,BSBD,Active,27-02-2021,,0,0
98107701101,781485689749,SBIN072668,Recurring Deposit,Basic,Active,01-09-2022,,0,0
82709263369,153918480732,SBIN058378,Fixed Deposit,Premium,Active,30-09-2020,,0,0
64005961175,153918480732,SBIN058378,NRO,Premium,Active,15-06-2024,,0,0
497329087404,106192892732,BARB010171,NRO,Regular,Frozen,29-10-2024,,0,0
99312944082,106192892732,BARB010171,NRE,Premium,Active,27-12-2024,,0,0
3827172661903996,932927298464,PUNB091673,Salary,BSBD,Dormant,21-03-2021,25-04-2024,0,0
278306001225,555873202878,ICIC057526,Salary,BSBD,Frozen,21-12-2023,,0,0
502153360658,159103104095,IOBA088657,Fixed Deposit,Regular,Active,08-09-2024,,0,0
18959990432,678381056893,SBIN078371,Savings,Regular,Active,04-01-2020,,0,0
18988465894,678381056893,SBIN078371,Salary,Premium,Active,28-01-2023,,0,0
5181464764838,629382432351,KKBK095799,Salary,Basic,Active,14-12-2018,,0,0
1280169195242,648709745211,IOBA094280,Recurring Deposit,Regular,Active,19-04-2021,,0,0
419003734650,648709745211,IOBA094280,Savings,BSBD,Active,14-04-2023,,0,0
788231786405,706921027909,BARB073990,Savings,Basic,Active,27-07-2024,,0,0
9127443597406,265518519402,UTIB026046,NRO,Regular,Active,05-10-2020,,0,0
9108899425944,265518519402,UTIB026046,NRE,Regular,Active,11-03-2020,,0,0
9215736200270436,422781860257,PUNB054892,Savings,BSBD,Active,18-11-2024,,0,0
10054664190,693837635494,KKBK021976,Recurring Deposit,Regular,Active,27-02-2024,,0,0
6287800151984,670465161822,BARB024940,Savings,Regular,Active,02-11-2022,,0,0
33123125818,670465161822,BARB024940,Fixed Deposit,BSBD,Active,14-07-2021,,0,0
1872385908112141,561976298857,PUNB080840,Savings,Basic,Active,13-04-2024,,0,0
387348149352,712425021518,BARB035056,Current,Basic,Active,22-08-2022,,0,0
15645789923,306473191991,SBIN068366,Recurring Deposit,Premium,Active,07-12-2024,,0,0
83630137460,567869712175,BKID069829,Current,Regular,Dormant,08-06-2023,12-12-2023,0,0
9282789345861,442678721313,UTIB077651,Savings,BSBD,Active,03-12-2022,,0,0
9217030844705,442678721313,UTIB077651,Current,Regular,Active,14-07-2024,,0,0
30235709033,777574995198,SBIN051061,Salary,Premium,Active,19-11-2024,,0,0
84755997250,777574995198,SBIN051061,Savings,Premium,Active,04-11-2024,,0,0
87144857316570,633971327241,KKBK063132,Current,Regular,Active,04-05-2024,,0,0
1059875982541,633971327241,KKBK063132,Recurring Deposit,BSBD,Active,09-06-2024,,0,0
829751487410,212529925289,ICIC017902,Current,Regular,Active,24-09-2021,,0,0
942086836227,212529925289,ICIC017902,Salary,BSBD,Active,10-07-2021,,0,0
400259344738,326222842513,ICIC062033,Fixed Deposit,BSBD,Active,10-08-2017,,0,0
383877989403,839238758052,BARB016639,Current,Corporate,Active,31-03-2017,,0,0
5651299695671,839238758052,BARB016639,Current,Regular,Active,07-01-2020,,0,0
9268298335539,317155324885,UTIB036835,Current,BSBD,Active,06-02-2017,,0,0
93092043190741,428673862968,HDFC067833,Fixed Deposit,Basic,Active,29-10-2024,,0,0
34648628503864,428673862968,HDFC067833,Savings,Regular,Active,10-05-2023,,0,0
61676304105,660953208900,SBIN077481,Savings,BSBD,Active,17-10-2017,,0,0
915382364150,291309552036,BARB049690,Fixed Deposit,Corporate,Dormant,18-10-2023,19-01-2024,0,0
42690572999631,633719871799,HDFC042345,Salary,BSBD,Active,06-04-2022,,0,0
59567257476910,633719871799,HDFC042345,Current,BSBD,Active,05-06-2021,,0,0
20802644988,254015553709,SBIN031662,Savings,Basic,Dormant,13-08-2022,01-02-2025,0,0
52331400369,254015553709,SBIN031662,Fixed Deposit,Premium,Active,22-06-2023,,0,0
19684076287367,181345027939,BARB049430,Savings,BSBD,Active,12-03-2021,,0,0
57325562483344,181345027939,BARB049430,Savings,Basic,Active,29-07-2019,,0,0
74704989654,220998868565,SBIN083133,Savings,Basic,Active,06-05-2024,,0,0
74082634707,696525278420,BKID013779,Savings,Regular,Active,13-11-2022,,0,0
93455678225,877058601686,BKID058802,Savings,Regular,Active,12-08-2024,,0,0
810757873330,877058601686,BKID058802,Recurring Deposit,Basic,Active,04-05-2023,,0,0
25997210684097,194091566628,CNRB096417,Current,Premium,Active,11-09-2024,,0,0
1213219986875,194091566628,CNRB096417,Savings,Regular,Active,10-09-2022,,0,0
8353965860344230,617596151496,PUNB034801,Current,Premium,Active,16-10-2023,,0,0
6224210733263383,617596151496,PUNB034801,Salary,BSBD,Active,23-08-2024,,0,0
1235455739800,101412056903,BKID041532,Savings,BSBD,Active,22-08-2021,,0,0
1369115621028,101412056903,BKID041532,Savings,Premium,Frozen,04-08-2019,,0,0
41005937098,632993753578,KKBK029314,Savings,BSBD,Active,03-04-2022,,0,0
676186126076,675954682427,ICIC031992,Fixed Deposit,Regular,Active,13-03-2022,,0,0
90562625737932,867959229683,HDFC089453,Recurring Deposit,BSBD,Active,28-03-2024,,0,0
41047498945056,867959229683,HDFC089453,Savings,Regular,Active,10-04-2024,,0,0
32836689448892,140067190057,KKBK083925,Salary,Regular,Active,14-10-2021,,0,0
5542271003274,140067190057,KKBK083925,Savings,Basic,Active,13-04-2024,,0,0
85042960510,974429624438,BARB033608,Savings,Premium,Active,13-06-2020,,0,0
2884752399585,864849262846,KKBK030757,Savings,BSBD,Active,30-08-2016,,0,0
87745040529,637103275115,BKID045303,Fixed Deposit,BSBD,Active,25-09-2024,,0,0
76881259924,564120391551,BKID058214,Savings,BSBD,Closed,27-06-2022,,0,0
780992120058,175766044458,BKID068024,Salary,BSBD,Active,15-07-2023,,0,0
634719062671,880773853128,ICIC017959,Recurring Deposit,Regular,Active,16-06-2024,,0,0
587032259688,880773853128,ICIC017959,Savings,BSBD,Active,31-12-2024,,0,0
4834203453199,878789684278,BKID081605,Salary,Regular,Active,04-11-2024,,0,0
58571103587056,341603498757,KKBK077056,Salary,Regular,Active,04-05-2019,,0,0
979246958693,341603498757,KKBK077056,Current,Basic,Dormant,12-08-2019,03-08-2023,0,0
81885730108,667633641240,CNRB091677,Fixed Deposit,Corporate,Active,24-08-2020,,0,0
34463597801,978754276183,BKID083180,Savings,Basic,Active,14-07-2024,,0,0
2274786017241,978754276183,BKID083180,Savings,Premium,Active,06-08-2024,,0,0
47613651422908,966787265482,HDFC033239,Fixed Deposit,Basic,Active,23-08-2017,,0,0
57383746561302,966787265482,HDFC033239,Fixed Deposit,Regular,Active,07-08-2021,,0,0
81836408249,942509013108,IOBA076835,Fixed Deposit,Basic,Active,25-08-2022,,0,0
5493340737960,942509013108,IOBA076835,Current,Basic,Active,19-07-2024,,0,0
92925433065472,573954954668,HDFC072326,Current,Regular,Active,06-01-2024,,0,0
61033616309421,573954954668,HDFC072326,Savings,BSBD,Active,27-05-2021,,0,0
77455627110,270414452522,IOBA044879,Savings,BSBD,Active,14-08-2023,,0,0
12127282963,965244894760,BARB065334,Savings,Premium,Frozen,30-10-2020,,0,0
2488494100149,641356694009,KKBK041918,Savings,Premium,Active,15-06-2023,,0,0
10485915060,830331641268,IOBA070397,Savings,BSBD,Active,05-10-2024,,0,0
2698166255308,759547820188,CNRB069955,Salary,Basic,Active,02-09-2022,,0,0
64491738935,759547820188,CNRB069955,Savings,BSBD,Active,11-09-2023,,0,0
67442889025,292227619522,IOBA038852,Fixed Deposit,Basic,Active,21-07-2023,,0,0
2001691779736,292227619522,IOBA038852,Savings,Regular,Active,31-12-2023,,0,0
7724713708231,220301415905,KKBK045383,Savings,Basic,Active,05-01-2017,,0,0
9641912922821,726858788248,BKID033337,Recurring Deposit,BSBD,Active,03-12-2022,,0,0
77248610695130,726858788248,BKID033337,Savings,Basic,Active,28-09-2024,,0,0
55065790973074,120221060463,HDFC081857,Salary,Premium,Active,04-08-2021,,0,0
23198271393097,945773060816,HDFC043241,Savings,Basic,Active,22-10-2021,,0,0
59537738136726,945773060816,HDFC043241,Savings,BSBD,Active,02-04-2021,,0,0
856843363702,165332010149,IOBA047684,Salary,Premium,Active,17-11-2024,,0,0
97411464167,695996693907,BARB078625,Savings,Basic,Active,02-04-2024,,0,0
544403703051,695996693907,BARB078625,Savings,Basic,Active,15-11-2023,,0,0
66726382725,124058958123,CNRB071801,Fixed Deposit,Basic,Active,08-07-2021,,0,0
963835137935,234090435241,ICIC015218,Savings,BSBD,Active,28-04-2021,,0,0
11547383492,118112874655,BARB048955,Salary,BSBD,Active,07-11-2024,,0,0
696328454545,118112874655,BARB048955,Salary,BSBD,Active,16-03-2023,,0,0
789179573904,752190323709,BKID014847,Fixed Deposit,Basic,Dormant,30-06-2023,24-04-2024,0,0
37445841953328,975591950663,CNRB049877,Current,Basic,Active,26-06-2024,,0,0
57298309224434,454487505812,HDFC041650,Salary,Premium,Active,23-04-2022,,0,0
79291657353,245011679626,IOBA039258,Recurring Deposit,Basic,Active,22-09-2023,,0,0
2683135241980,169464176314,BARB069464,Fixed Deposit,Basic,Active,08-12-2024,,0,0
104902322227,110998554013,ICIC082046,Current,Basic,Active,22-07-2019,,0,0
914202109198,110998554013,ICIC082046,Savings,Premium,Dormant,22-12-2020,22-01-2024,0,0
923081311604,940058077580,ICIC057763,Current,Regular,Active,27-04-2018,,0,0
541510924331,940058077580,ICIC057763,Fixed Deposit,Corporate,Active,16-05-2020,,0,0
86497609619465,890351884575,HDFC085228,Recurring Deposit,Premium,Active,24-04-2019,,0,0
544778884007,774757202034,BARB080777,Salary,Basic,Active,04-04-2020,,0,0
9261036195644,964350672221,UTIB053567,Savings,Premium,Active,31-08-2022,,0,0
9266994817159,964350672221,UTIB053567,Current,Premium,Active,12-11-2024,,0,0
66587416004,695489235586,SBIN012314,Savings,Premium,Active,18-07-2024,,0,0
52675305159009,399766484702,HDFC076790,Current,Regular,Active,08-10-2016,,0,0
40041808516,848033437550,BARB069302,Savings,Premium,Active,07-10-2023,,0,0
79406409397,168045455390,CNRB037349,Savings,Premium,Active,05-04-2021,,0,0
9237252205311,379039425076,UTIB062454,Savings,Regular,Active,09-02-2022,,0,0
47834211175527,829681240208,HDFC056770,Current,Premium,Active,03-12-2021,,0,0
35336635450859,829681240208,HDFC056770,Salary,BSBD,Active,19-11-2023,,0,0
43751495573,272534596752,SBIN072556,Salary,BSBD,Dormant,29-06-2024,16-09-2024,0,0
34983759142,272534596752,SBIN072556,Savings,Premium,Active,11-12-2024,,0,0
19327803571510,415869187897,IOBA043020,Recurring Deposit,Basic,Dormant,27-10-2023,19-04-2024,0,0
593328092099,415869187897,IOBA043020,Salary,Regular,Active,01-06-2021,,0,0
4801166920748,157965669871,BKID096970,Salary,Basic,Active,05-07-2023,,0,0
255132734021,157965669871,BKID096970,Savings,Regular,Frozen,06-02-2020,,0,0
4692813180864700,530196369638,PUNB096441,Current,Corporate,Active,29-06-2024,,0,0
900980507021,384750024402,CNRB010039,Salary,Premium,Active,10-06-2023,,0,0
65156751548,869059356944,KKBK027941,Savings,Premium,Active,25-01-2017,,0,0
54069076720,862712951237,IOBA013469,Recurring Deposit,Premium,Active,23-12-2024,,0,0
816577260895,364516456565,BARB083200,Current,Premium,Active,19-12-2024,,0,0
9166451698523,549571171860,UTIB075364,Recurring Deposit,BSBD,Active,22-07-2023,,0,0
3983502633885582,485266718774,PUNB032451,Savings,Regular,Active,22-07-2018,,0,0
60364707515,367608007652,BKID057090,Fixed Deposit,Basic,Active,30-03-2020,,0,0
870467422134,367608007652,BKID057090,Savings,BSBD,Dormant,03-07-2017,15-11-2019,0,0
53679946182,265631092655,BKID076260,Savings,BSBD,Active,08-03-2024,,0,0
9272866668051,371026172969,UTIB079010,Savings,Regular,Active,29-05-2023,,0,0
69492208336908,591134560343,BKID020306,Fixed Deposit,BSBD,Active,11-12-2024,,0,0
109375573515,202301239494,ICIC020856,Savings,Basic,Active,25-01-2024,,0,0
9129653548316,165771151520,UTIB094589,Salary,BSBD,Active,01-06-2024,,0,0
95899478933858,554743669945,BARB072808,Salary,Regular,Active,10-12-2024,,0,0
2552484134545,344017303540,KKBK089751,Current,BSBD,Active,05-09-2024,,0,0
4260906813880,344017303540,KKBK089751,Savings,Regular,Active,05-07-2023,,0,0
18429254740,630179003095,SBIN021954,Current,Regular,Active,09-07-2024,,0,0
795509948753,434360418798,IOBA070116,Current,Corporate,Active,20-02-2022,,0,0
182614589145,505782310412,ICIC096056,Savings,Premium,Active,21-02-2023,,0,0
612782330695,505782310412,ICIC096056,Salary,Regular,Active,06-03-2024,,0,0
96542519888676,602809433983,HDFC076130,Salary,Basic,Active,04-09-2024,,0,0
8714663552140003,251326456656,PUNB081833,NRO,Regular,Active,14-05-2022,,0,0
8725711621739547,251326456656,PUNB081833,NRE,Premium,Active,11-12-2023,,0,0
64257935025527,217214687075,HDFC075983,Savings,BSBD,Active,13-08-2023,,0,0
547125816860,440185792413,CNRB073414,Recurring Deposit,Regular,Active,10-06-2021,,0,0
676955481120,440185792413,CNRB073414,Fixed Deposit,Basic,Active,05-10-2022,,0,0
516623234129,887088415042,ICIC088254,Salary,Basic,Active,12-01-2024,,0,0
955566967376,887088415042,ICIC088254,Current,Regular,Active,17-02-2024,,0,0
111088888350,938022738940,IOBA042483,Current,Basic,Active,21-02-2016,,0,0
94592384042,456781873508,SBIN012027,Savings,Regular,Active,30-03-2024,,0,0
84879198374,456781873508,SBIN012027,Fixed Deposit,BSBD,Active,25-12-2024,,0,0
885192260310,417729122157,ICIC089258,Salary,Basic,Active,01-08-2024,,0,0
30748510326232,104927052621,HDFC048925,Fixed Deposit,Regular,Active,16-06-2023,,0,0
9233083787801,491752972332,UTIB097055,Savings,Basic,Active,14-03-2022,,0,0
9237044188898,491752972332,UTIB097055,Savings,Premium,Active,11-11-2016,,0,0
6736254841438506,521617372679,PUNB035461,Recurring Deposit,Regular,Active,17-12-2021,,0,0
40141977488,898705532401,SBIN045798,Current,Basic,Active,15-03-2022,,0,0
46529516077,898705532401,SBIN045798,Savings,Regular,Active,30-07-2024,,0,0
9135835395816,188105884132,UTIB033028,Savings,Regular,Active,27-07-2017,,0,0
9192963405992,188105884132,UTIB033028,Savings,Basic,Active,27-06-2022,,0,0
9150150987454,571604192831,UTIB037524,Fixed Deposit,Corporate,Active,27-11-2024,,0,0
398952686133,442985591635,IOBA032757,Salary,Basic,Active,11-03-2024,,0,0
9029336129647,442985591635,IOBA032757,Current,Premium,Active,03-08-2024,,0,0
79770633907,134673205902,SBIN039875,Savings,BSBD,Active,05-02-2018,,0,0
72328050292,134673205902,SBIN039875,Savings,Regular,Active,09-04-2024,,0,0
92268383711,184176283586,SBIN036270,Current,Basic,Active,18-03-2024,,0,0
604844098124,420905479479,BARB085150,Current,Corporate,Active,08-06-2015,,0,0
31529092625,420905479479,BARB085150,Current,Regular,Active,30-01-2022,,0,0
9382775875458960,222437245868,PUNB093252,Recurring Deposit,Regular,Active,30-03-2022,,0,0
9543241389835666,222437245868,PUNB093252,Savings,Basic,Dormant,23-01-2024,28-03-2024,0,0
9277775340760,462918625800,UTIB050311,Fixed Deposit,Regular,Active,29-07-2024,,0,0
125181653500,465164426905,IOBA075110,Fixed Deposit,Premium,Active,07-11-2024,,0,0
88455498645833,465164426905,IOBA075110,NRO,Premium,Active,25-03-2024,,0,0
9179989146050,385126383999,UTIB044678,Current,Corporate,Active,13-12-2015,,0,0
920754219148,794015537271,BKID089551,Fixed Deposit,Regular,Active,21-07-2023,,0,0
5693785162072,794015537271,BKID089551,Current,Regular,Active,08-10-2020,,0,0
66346112319319,453512066130,BARB016512,Current,Regular,Active,15-02-2022,,0,0
1952185465703,453512066130,BARB016512,Recurring Deposit,BSBD,Active,27-01-2021,,0,0
1264762147708,966064271303,KKBK052671,NRE,Regular,Active,26-05-2024,,0,0
7386509865721,966064271303,KKBK052671,NRO,Premium,Active,01-09-2023,,0,0
941262374244,765696734966,ICIC083283,Recurring Deposit,Regular,Active,05-09-2020,,0,0
2833959177029,117072050420,KKBK033787,Current,Regular,Active,30-07-2018,,0,0
92238216276246,117072050420,KKBK033787,Fixed Deposit,Corporate,Active,14-01-2015,,0,0
489799541712,714076075454,ICIC039725,Salary,Premium,Active,21-11-2021,,0,0
9142592155579,201303346007,UTIB014928,Salary,BSBD,Active,23-05-2019,,0,0
9295394159715,201303346007,UTIB014928,Savings,BSBD,Active,11-01-2021,,0,0
448191982271,852481401157,ICIC058753,Current,Corporate,Active,15-04-2016,,0,0
2489465619441340,345040271790,PUNB010644,Savings,Regular,Active,16-09-2024,,0,0
4258023129711983,345040271790,PUNB010644,Savings,BSBD,Active,03-03-2024,,0,0
321235834307,681295154814,BARB056641,Salary,Regular,Active,11-12-2024,,0,0
95731915477,501982995824,SBIN032572,Savings,Premium,Frozen,08-12-2020,,0,0
2459058652958497,387829976987,PUNB095251,Salary,Basic,Active,27-10-2023,,0,0
5733024353688597,387829976987,PUNB095251,Recurring Deposit,Regular,Active,18-07-2019,,0,0
9123865279190,282213550460,UTIB057677,Savings,Regular,Active,30-06-2024,,0,0
9299131472594,282213550460,UTIB057677,NRO,Regular,Dormant,15-08-2016,26-12-2017,0,0
28074489251,617535259187,SBIN028244,Savings,Basic,Active,03-09-2016,,0,0
75196951602,617535259187,SBIN028244,Salary,Regular,Active,27-03-2021,,0,0
93005272756471,540705013004,KKBK056916,Savings,BSBD,Active,30-11-2019,,0,0
447617089543,362790192598,ICIC044195,Salary,BSBD,Active,18-01-2019,,0,0
986879815771,362790192598,ICIC044195,Current,Premium,Frozen,29-11-2022,,0,0
18389233800,819668048919,KKBK047640,Savings,BSBD,Active,19-09-2019,,0,0
60813853661259,837532642411,HDFC099051,Savings,BSBD,Active,31-07-2022,,0,0
80547574625823,837532642411,HDFC099051,Recurring Deposit,Regular,Active,17-10-2024,,0,0
41196908974,353704453105,SBIN098481,Savings,Premium,Active,25-09-2022,,0,0
47798640656,353704453105,SBIN098481,Savings,Regular,Active,03-05-2024,,0,0
606183488054,731275365086,BARB071814,Salary,Basic,Active,05-09-2019,,0,0
30766323118295,542919783488,HDFC034335,Current,Premium,Active,24-07-2023,,0,0
33068586105837,542919783488,HDFC034335,Savings,Premium,Active,17-05-2024,,0,0
18727242310460,820769086417,HDFC093141,Recurring Deposit,Regular,Active,22-03-2023,,0,0
20292873688406,820769086417,HDFC093141,Current,Premium,Active,09-11-2021,,0,0
75358311312262,916802731270,HDFC097708,Salary,BSBD,Active,26-07-2022,,0,0
9227577415469,405159720697,UTIB037270,Current,Basic,Active,10-01-2021,,0,0
3100268263597,695199196069,BKID074719,Recurring Deposit,Premium,Active,25-07-2022,,0,0
196098876859,695199196069,BKID074719,Savings,Regular,Active,05-02-2024,,0,0
1677195367912,156987964254,BARB052972,NRO,Premium,Active,03-01-2021,,0,0
7216895131958583,178822244040,PUNB028143,Savings,Regular,Active,17-12-2023,,0,0
257539982898,580727512308,BARB082740,Recurring Deposit,Premium,Active,15-04-2024,,0,0
64472044730265,812073670130,BKID072770,Savings,Basic,Active,29-10-2022,,0,0
52850616754,934211186595,BKID093315,Salary,Basic,Active,14-01-2023,,0,0
2246142104518595,776306574654,PUNB051781,Fixed Deposit,Premium,Active,30-09-2017,,0,0
7328227918370156,776306574654,PUNB051781,NRE,Regular,Active,30-08-2019,,0,0
397004486139,496984713566,ICIC073120,Current,Regular,Active,01-04-2018,,0,0
9298956295701,107785059144,UTIB020614,Fixed Deposit,BSBD,Active,27-02-2021,,0,0
9176303957795,107785059144,UTIB020614,Fixed Deposit,Premium,Active,05-05-2021,,0,0
6623843133488,631552446335,KKBK032501,Salary,Basic,Active,20-01-2024,,0,0
60400337386761,317765944699,HDFC023039,Savings,BSBD,Active,21-06-2023,,0,0
97628482579534,317765944699,HDFC023039,Savings,BSBD,Active,09-07-2019,,0,0
802325778970,357308381950,ICIC053300,Current,Premium,Dormant,01-08-2024,06-01-2025,0,0
74859736943017,117622730155,KKBK032618,Savings,BSBD,Active,08-01-2021,,0,0
184532157344,882026065842,ICIC019891,Savings,Premium,Active,28-08-2017,,0,0
648439757877,882026065842,ICIC019891,Salary,Regular,Active,26-04-2018,,0,0
9130433982517,608065958926,UTIB059014,Savings,Premium,Active,21-06-2023,,0,0
17190619715,595291608392,SBIN055946,Salary,Regular,Closed,01-10-2021,,0,0
91739902952,595291608392,SBIN055946,Current,BSBD,Active,20-01-2023,,0,0
41554745830599,203670483244,CNRB029163,Savings,Premium,Active,11-12-2024,,0,0
8798009678345,203670483244,CNRB029163,Savings,BSBD,Active,08-01-2024,,0,0
5443170961692,407472240254,BARB010901,Salary,Premium,Active,05-07-2021,,0,0
724086301425,407472240254,BARB010901,Recurring Deposit,Basic,Active,05-08-2021,,0,0
42137816660563,932094342396,HDFC017832,Fixed Deposit,Regular,Active,20-08-2024,,0,0
52906720587946,932094342396,HDFC017832,Savings,Regular,Active,23-02-2024,,0,0
88352320341,190578187547,IOBA016134,Salary,Regular,Active,21-07-2024,,0,0
9215734116549,638175512005,UTIB062441,Recurring Deposit,Premium,Active,27-06-2022,,0,0
885584025897,811782536281,CNRB063731,Salary,Premium,Active,06-11-2019,,0,0
926364699495,811782536281,CNRB063731,Salary,Premium,Active,25-01-2023,,0,0
35168825642,435183378063,IOBA083117,NRO,Regular,Active,22-10-2024,,0,0
93991588848928,700154693297,BKID049074,Fixed Deposit,Regular,Active,06-06-2024,,0,0
635654681319,700154693297,BKID049074,Fixed Deposit,Regular,Active,13-05-2023,,0,0
249312162575,695751745119,IOBA034724,Fixed Deposit,Corporate,Active,20-04-2024,,0,0
20454559325,695751745119,IOBA034724,Fixed Deposit,Corporate,Active,05-02-2024,,0,0
65727067884314,762449330730,IOBA032806,Recurring Deposit,Basic,Active,16-10-2018,,0,0
623153896954,809535144120,BARB093541,Current,Regular,Active,14-06-2018,,0,0
60770870674,271830619966,SBIN075502,Savings,Basic,Active,14-04-2022,,0,0
42221259318,271830619966,SBIN075502,Savings,BSBD,Active,14-10-2018,,0,0
9185622229115,519386458199,UTIB094029,Fixed Deposit,Premium,Active,12-07-2015,,0,0
9144292831337,519386458199,UTIB094029,Recurring Deposit,Basic,Active,28-12-2022,,0,0
71611046788298,395738478277,HDFC051452,Fixed Deposit,Corporate,Dormant,07-06-2021,10-01-2023,0,0
79280785384695,395738478277,HDFC051452,Current,Corporate,Active,26-07-2017,,0,0
31183924044,202965994275,SBIN082172,Savings,Premium,Active,21-07-2024,,0,0
7597712152820473,425957724466,PUNB096219,Current,BSBD,Active,26-12-2018,,0,0
9133053044107599,541511182733,PUNB096478,Current,Basic,Active,27-08-2022,,0,0
8275946677240,436545066867,BKID037154,Fixed Deposit,BSBD,Active,05-06-2023,,0,0
819826783799,436545066867,BKID037154,Current,Regular,Active,08-08-2022,,0,0
804202223958,708648090531,ICIC023090,Fixed Deposit,Premium,Active,28-04-2023,,0,0
801069737959,708648090531,ICIC023090,Savings,Premium,Active,01-05-2022,,0,0
17067680769294,478210180992,IOBA052582,Salary,Regular,Active,10-04-2024,,0,0
644627743993,478210180992,IOBA052582,Current,Premium,Active,09-07-2024,,0,0
196495175500,243564349974,BKID065654,Savings,BSBD,Active,21-12-2019,,0,0
175537483311,441442768643,ICIC013318,Current,Regular,Active,12-09-2023,,0,0
76035065984,911975570760,SBIN014899,Current,BSBD,Active,20-08-2019,,0,0
78221770532870,685039427506,HDFC061961,Current,Regular,Active,11-06-2024,,0,0
32435965632831,242374510962,BARB092593,Savings,BSBD,Active,01-11-2022,,0,0
3785175867469469,429062133309,PUNB081894,Current,Regular,Active,07-04-2019,,0,0
59900556839643,733622885977,KKBK015536,Recurring Deposit,Premium,Active,04-04-2020,,0,0
39467395357,733622885977,KKBK015536,Savings,Basic,Active,30-08-2022,,0,0
96304625679655,106803996076,HDFC095805,Savings,Regular,Active,01-10-2021,,0,0
94105668052,885289285330,KKBK069558,Salary,BSBD,Active,21-04-2024,,0,0
1479252559250,845208807417,IOBA069822,Fixed Deposit,Regular,Active,15-11-2024,,0,0
6804559189602,845208807417,IOBA069822,Current,Corporate,Active,20-10-2024,,0,0
69203735317,376209483836,CNRB021920,Savings,BSBD,Active,25-05-2020,,0,0
530200604115,376209483836,CNRB021920,Savings,Basic,Active,08-11-2018,,0,0
2628160644757780,901524915767,PUNB018471,Savings,Regular,Active,27-02-2020,,0,0
9619108216407,513768435828,KKBK092593,Fixed Deposit,Regular,Dormant,09-03-2021,06-02-2025,0,0
85584416540527,513768435828,KKBK092593,Savings,Regular,Active,13-02-2020,,0,0
862457166620,800868037134,IOBA078626,Savings,Premium,Active,24-11-2020,,0,0
57630493852,214994015246,SBIN050339,Current,Basic,Active,13-02-2023,,0,0
68458306215,214994015246,SBIN050339,Fixed Deposit,Basic,Active,25-09-2022,,0,0
7479260568965435,888106355132,PUNB018219,Current,Premium,Active,27-10-2024,,0,0
2243300407964881,888106355132,PUNB018219,Fixed Deposit,Premium,Active,18-01-2023,,0,0
553759329010,496566555938,ICIC089653,Salary,Basic,Closed,03-11-2019,,0,0
221894906010,600992604307,ICIC076835,Salary,Basic,Active,06-06-2024,,0,0
260078584327,600992604307,ICIC076835,Savings,BSBD,Active,31-03-2023,,0,0
5362433185095251,174334278550,PUNB091293,Fixed Deposit,BSBD,Active,11-07-2023,,0,0
67610129321,399507395082,SBIN085042,Salary,Basic,Active,15-03-2023,,0,0
75627758379,399507395082,SBIN085042,Savings,Basic,Closed,15-01-2023,,0,0
59297541407,823019570258,SBIN066714,Current,Basic,Active,04-01-2021,,0,0
1341763464244788,799049751353,PUNB093743,Current,Corporate,Active,27-08-2023,,0,0
4040213908702,770921168566,BARB027603,Current,BSBD,Active,19-11-2024,,0,0
873180077336,770921168566,BARB027603,Salary,Premium,Active,30-01-2023,,0,0
8149483703204244,569807077531,PUNB045878,Fixed Deposit,Regular,Active,10-08-2023,,0,0
18451416932,993421571704,BARB073910,Salary,Premium,Active,23-11-2016,,0,0
4080977554121,993421571704,BARB073910,Current,BSBD,Active,25-01-2023,,0,0
28961333712,412024771908,SBIN052890,Savings,Basic,Dormant,22-09-2024,24-11-2024,0,0
91539575428,148963462959,SBIN085303,Current,Premium,Active,07-02-2022,,0,0
92321185262,148963462959,SBIN085303,Savings,Regular,Active,30-10-2018,,0,0
90068826490,280284708614,CNRB083391,Savings,Regular,Active,02-11-2018,,0,0
61376338961377,373113140855,HDFC079383,Savings,Premium,Active,02-12-2024,,0,0
17290901971166,434962914243,HDFC041216,NRO,Regular,Active,09-09-2017,,0,0
23358405196,262061698878,SBIN052256,Current,Premium,Active,13-09-2021,,0,0
33452132220,262061698878,SBIN052256,Salary,BSBD,Active,24-05-2021,,0,0
5899345747311,304649796696,CNRB013214,Current,Regular,Frozen,05-11-2024,,0,0
856498493105,203360554492,ICIC091159,Recurring Deposit,Regular,Active,10-01-2024,,0,0
905550808190,203360554492,ICIC091159,Fixed Deposit,BSBD,Active,06-06-2023,,0,0
811207624997,267143696280,ICIC090784,Savings,Premium,Active,13-02-2022,,0,0
996677203631,365418866864,BKID057712,Salary,Premium,Active,12-05-2019,,0,0
63452843318,365418866864,BKID057712,Savings,Regular,Active,20-06-2021,,0,0
6291789448837,954461523315,KKBK076792,Current,Regular,Active,01-09-2020,,0,0
211578174561,212516585101,ICIC080769,Salary,Regular,Active,30-07-2024,,0,0
806850566830,212516585101,ICIC080769,Savings,Basic,Active,28-09-2024,,0,0
1455987593220,552116298789,IOBA055212,Current,Basic,Active,06-07-2024,,0,0
421902851556,136300231961,ICIC042605,Salary,BSBD,Active,01-10-2023,,0,0
767621033054,136300231961,ICIC042605,Salary,Regular,Active,17-09-2020,,0,0
12059872518,452895759668,SBIN029096,Savings,Regular,Active,24-03-2022,,0,0
4371325261005,267058018426,IOBA022615,Savings,Basic,Active,08-03-2022,,0,0
980692496150,824935284288,KKBK089121,Savings,BSBD,Active,15-01-2023,,0,0
20412154032,824935284288,KKBK089121,Salary,Basic,Dormant,27-05-2023,03-12-2024,0,0
963786805219,400545811344,ICIC081967,Fixed Deposit,Corporate,Active,29-09-2020,,0,0
26921085310,179975102975,SBIN048788,Savings,Basic,Active,15-09-2019,,0,0
76301255055,179975102975,SBIN048788,Savings,Premium,Active,17-03-2022,,0,0
903005654262,160289555548,BARB056397,Savings,Basic,Active,23-09-2019,,0,0
74939034398877,160289555548,BARB056397,Salary,Regular,Active,07-07-2018,,0,0
9173201831075,325757591531,UTIB028080,Recurring Deposit,Basic,Active,02-12-2019,,0,0
91647165661,973380316042,SBIN017710,Current,Regular,Active,08-02-2017,,0,0
80927688587,973380316042,SBIN017710,Fixed Deposit,Basic,Frozen,01-08-2024,,0,0
304786772992,132915018273,BARB022241,Savings,Basic,Active,07-05-2020,,0,0
451331472696,922204308971,ICIC041759,Savings,Regular,Active,18-08-2020,,0,0
876982666541,922204308971,ICIC041759,Salary,Premium,Active,21-08-2018,,0,0
2702625519146,753005725062,BKID068741,Current,Regular,Active,27-05-2022,,0,0
81703545569,908473478707,SBIN023319,Recurring Deposit,BSBD,Active,09-03-2021,,0,0
43493141808338,321011773363,BKID094372,Salary,Premium,Active,16-06-2021,,0,0
29615878340,321011773363,BKID094372,Salary,Regular,Active,17-11-2018,,0,0
36431007420,533498867339,KKBK059343,Savings,Regular,Active,21-02-2023,,0,0
96045833616,620261008665,SBIN098339,Salary,BSBD,Active,23-07-2024,,0,0
58012859041,620261008665,SBIN098339,Fixed Deposit,Regular,Active,05-12-2021,,0,0
25994329130,485530609649,KKBK014760,Fixed Deposit,Corporate,Active,13-10-2019,,0,0
9196317619496,237483419974,UTIB064160,Savings,Regular,Active,12-08-2022,,0,0
9173850824285,237483419974,UTIB064160,Salary,Basic,Active,07-01-2022,,0,0
92130673563,849584825427,SBIN068108,Recurring Deposit,Premium,Active,11-10-2022,,0,0
24764346417,849584825427,SBIN068108,Savings,Regular,Active,12-06-2020,,0,0
30253469807686,682711375634,BKID057056,Savings,Regular,Active,02-11-2022,,0,0
98036712842,682711375634,BKID057056,Savings,BSBD,Active,12-12-2021,,0,0
3183676792849,627551216905,IOBA046443,Fixed Deposit,Regular,Active,10-10-2018,,0,0
13583170243,627551216905,IOBA046443,NRO,Premium,Active,13-09-2020,,0,0
32846748314257,674820542023,HDFC057497,NRE,Regular,Active,04-11-2024,,0,0
21220419057422,806246441484,IOBA080781,Current,BSBD,Dormant,01-12-2023,17-02-2024,0,0
8573116216068,643643555171,KKBK072754,Savings,Premium,Active,15-11-2023,,0,0
72147199395679,764948331536,CNRB043719,Savings,Regular,Active,05-06-2023,,0,0
9294242158610,114724472723,UTIB016680,Salary,BSBD,Active,26-02-2018,,0,0
9174807226718,114724472723,UTIB016680,Fixed Deposit,Basic,Active,06-05-2018,,0,0
7055792925594694,772093299402,PUNB096653,Savings,Regular,Active,18-12-2019,,0,0
68886869340,650559690079,KKBK064257,Savings,Basic,Active,18-12-2020,,0,0
7778325729477,650559690079,KKBK064257,Recurring Deposit,Premium,Active,16-12-2024,,0,0
9116139761892,603031344047,UTIB034456,Recurring Deposit,Regular,Active,26-10-2020,,0,0
9148134342767,603031344047,UTIB034456,Savings,Basic,Active,04-07-2021,,0,0
5199177763939,918433194044,IOBA043010,Recurring Deposit,Basic,Active,05-02-2023,,0,0
553207126524,918433194044,IOBA043010,Savings,BSBD,Active,09-04-2024,,0,0
162397389235,471225851170,ICIC043178,Savings,Regular,Active,26-11-2024,,0,0
253803893654,471225851170,ICIC043178,Savings,Premium,Active,05-01-2020,,0,0
864050574643,924454162642,BARB099755,Savings,Premium,Active,02-11-2019,,0,0
6728573511184,924454162642,BARB099755,Recurring Deposit,Premium,Active,21-07-2019,,0,0
47621786501,575555165757,SBIN094372,Salary,BSBD,Active,21-10-2024,,0,0
3439131403802,590118307856,BARB016048,Current,Regular,Active,01-03-2024,,0,0
4793623049071,590118307856,BARB016048,Current,Basic,Active,10-01-2021,,0,0
75084188688,990983731421,BKID010540,Savings,Basic,Active,31-12-2023,,0,0
77303889172247,990983731421,BKID010540,Current,Regular,Active,05-01-2023,,0,0
88533217682,107746112372,BKID039394,Current,Premium,Active,29-10-2024,,0,0
26258923287909,107746112372,BKID039394,Recurring Deposit,BSBD,Active,16-10-2018,,0,0
322655725007,141862639055,CNRB025755,Savings,Regular,Active,22-01-2022,,0,0
9488800215034,141862639055,CNRB025755,Current,Premium,Active,06-07-2023,,0,0
473989332946,575087953051,ICIC036509,Savings,Basic,Active,16-04-2020,,0,0
986861945261,575087953051,ICIC036509,Fixed Deposit,Premium,Active,23-10-2019,,0,0
7997812499344,123066577543,IOBA034221,Current,BSBD,Active,19-11-2019,,0,0
514963283777,144514900260,ICIC082987,Current,Basic,Active,21-08-2024,,0,0
988456686286,144514900260,ICIC082987,Savings,BSBD,Active,08-09-2024,,0,0
30727669555525,762826776862,HDFC091405,Savings,Regular,Active,04-11-2022,,0,0
46208036256,409019791198,SBIN086609,Savings,Regular,Active,24-08-2022,,0,0
69634129495,409019791198,SBIN086609,Salary,Basic,Active,05-03-2024,,0,0
39039794227412,944957468243,CNRB035995,Current,Corporate,Active,26-09-2022,,0,0
14756433023382,944957468243,CNRB035995,Fixed Deposit,Regular,Active,13-08-2016,,0,0
9447256126550844,838544719154,PUNB011669,Current,Corporate,Active,25-08-2018,,0,0
743483162917,267763341531,KKBK072485,Fixed Deposit,BSBD,Active,27-01-2024,,0,0
8956394310184,397984987110,IOBA032499,Recurring Deposit,Premium,Active,13-03-2024,,0,0
74453879782,346956605066,IOBA069297,Savings,Premium,Active,26-07-2024,,0,0
230461540365,346956605066,IOBA069297,Salary,BSBD,Active,23-02-2024,,0,0
2716655517177488,624505803717,PUNB039950,Recurring Deposit,Premium,Active,03-07-2024,,0,0
8001835215143571,624505803717,PUNB039950,Recurring Deposit,Basic,Active,15-10-2024,,0,0
149110913750,815506949850,ICIC094571,Savings,Basic,Active,16-02-2020,,0,0
891280611733,815506949850,ICIC094571,Savings,Premium,Active,29-07-2024,,0,0
128829944009,534903057255,ICIC084765,Recurring Deposit,BSBD,Active,23-03-2023,,0,0
975165616892,534903057255,ICIC084765,Savings,Basic,Active,22-02-2021,,0,0
1393242906834,199073327934,BKID060288,NRE,Premium,Active,03-10-2020,,0,0
52670533753,273712877652,KKBK059932,Salary,Basic,Active,09-04-2024,,0,0
2320682303759,273712877652,KKBK059932,Savings,Premium,Active,29-04-2018,,0,0
58163938383,713444613461,BKID085985,Savings,BSBD,Active,06-11-2024,,0,0
7468662825801345,587937055959,PUNB042829,Recurring Deposit,Basic,Active,04-07-2024,,0,0
5088625418029035,587937055959,PUNB042829,Current,BSBD,Active,25-03-2023,,0,0
7205980913278719,942424676037,PUNB029578,Current,Regular,Active,25-08-2016,,0,0
39460491927768,192569900522,HDFC012414,Current,BSBD,Active,30-11-2018,,0,0
85983430305105,192569900522,HDFC012414,Salary,Basic,Active,10-12-2017,,0,0
9283739096166,156773462362,UTIB050414,Savings,Basic,Active,02-03-2024,,0,0
9117305947747,156773462362,UTIB050414,Current,Basic,Active,22-05-2024,,0,0
9121259277465,750422523388,UTIB033996,Current,Premium,Closed,01-09-2020,,0,0
9241020398484,750422523388,UTIB033996,Savings,Basic,Active,13-12-2022,,0,0
17618889115,792057138067,SBIN028856,Savings,Premium,Active,28-12-2021,,0,0
9197578441299,229627763453,UTIB059270,Current,Regular,Active,02-03-2016,,0,0
9182710890812,229627763453,UTIB059270,Salary,Regular,Active,05-09-2021,,0,0
9183281624079,589720570203,UTIB092258,Salary,Premium,Active,10-02-2021,,0,0
9167244460079,589720570203,UTIB092258,Current,Basic,Active,15-06-2022,,0,0
9160582113530,260486376133,UTIB026179,Recurring Deposit,Regular,Active,15-02-2022,,0,0
9262166213420,260486376133,UTIB026179,Current,Premium,Dormant,08-08-2023,01-09-2024,0,0
354439048596,253503021414,ICIC045879,Savings,Basic,Active,01-04-2022,,0,0
232489204188,253503021414,ICIC045879,Savings,Premium,Active,13-07-2022,,0,0
3625013125446,959881702588,KKBK035268,Salary,Regular,Active,11-10-2023,,0,0
63589166784844,958779957614,CNRB088390,Current,Corporate,Active,26-11-2018,,0,0
9180450792340,311858919641,UTIB011667,Fixed Deposit,Premium,Active,12-08-2023,,0,0
9192792809813,311858919641,UTIB011667,Current,BSBD,Active,05-03-2024,,0,0
868747884619,225416524965,KKBK011075,Savings,Premium,Active,27-09-2024,,0,0
431295337720,467426004476,ICIC061366,Current,BSBD,Closed,30-10-2024,,0,0
382839375162,467426004476,ICIC061366,Current,Basic,Active,05-09-2024,,0,0
2192997327191,885907072427,BARB046954,Savings,Basic,Active,22-02-2024,,0,0
56968369464,885907072427,BARB046954,Recurring Deposit,Basic,Closed,12-08-2024,,0,0
435213629301,421791537283,CNRB085175,Savings,Premium,Active,05-06-2024,,0,0
9130015167394,347706346532,UTIB050766,Savings,Basic,Closed,07-03-2023,,0,0
9183954726119,347706346532,UTIB050766,Salary,Regular,Active,10-11-2016,,0,0
421321488727,678164537146,ICIC052988,Savings,Basic,Active,12-01-2023,,0,0
373343660620,678164537146,ICIC052988,Salary,Basic,Active,12-06-2024,,0,0
43289126907,500512408770,CNRB016358,Current,Corporate,Active,27-06-2023,,0,0
67876285679902,500512408770,CNRB016358,Fixed Deposit,Regular,Active,26-07-2024,,0,0
7326368379804,499832023460,KKBK085747,Current,Basic,Active,24-11-2024,,0,0
5079765815539,499832023460,KKBK085747,Savings,BSBD,Active,19-10-2024,,0,0
891232242926,847981837919,IOBA061005,Salary,Premium,Active,01-11-2023,,0,0
65155062125,847981837919,IOBA061005,Salary,Basic,Dormant,03-02-2024,05-03-2024,0,0
356169372980,269074661823,IOBA046053,Fixed Deposit,Regular,Active,05-04-2016,,0,0
673120083683,747024881844,BKID033005,Recurring Deposit,Regular,Active,18-10-2021,,0,0
97057272342258,301184741796,BKID089146,Salary,Regular,Active,11-06-2020,,0,0
688910274228,629385231265,KKBK024194,Current,Premium,Active,17-03-2022,,0,0
4858594570628,335571668885,BKID018202,Fixed Deposit,Regular,Active,29-03-2019,,0,0
9280098862934,379853896968,UTIB043523,Salary,Basic,Active,01-10-2024,,0,0
33427634661563,862782576560,IOBA018234,Savings,Basic,Closed,04-09-2023,,0,0
58996880410545,607136110737,IOBA021252,Savings,Basic,Active,29-09-2022,,0,0
63744045438,705023778042,SBIN010589,Savings,Regular,Active,07-12-2024,,0,0
646114393324,393181022724,BARB027374,Savings,BSBD,Active,09-07-2023,,0,0
5306716023330,393181022724,BARB027374,Current,BSBD,Active,07-09-2021,,0,0
9210011816607,723332464826,UTIB042691,Recurring Deposit,Premium,Active,25-06-2024,,0,0
55389295074,360823796483,SBIN027395,Savings,Regular,Active,20-02-2022,,0,0
676610665644,976093769824,BKID097140,Fixed Deposit,Regular,Active,30-08-2024,,0,0
32293477769538,498234558919,IOBA032396,Fixed Deposit,Basic,Active,17-12-2024,,0,0
62149465543565,302280597609,HDFC034810,Savings,Regular,Active,02-06-2024,,0,0
57854367638211,302280597609,HDFC034810,Current,BSBD,Active,23-08-2023,,0,0
37862924468,362350467885,SBIN097233,Current,Regular,Active,25-09-2018,,0,0
52258810251,362350467885,SBIN097233,Current,Regular,Active,29-04-2017,,0,0
36131736719,117485588458,BKID058315,Current,Regular,Active,12-08-2023,,0,0
50497890765,117485588458,BKID058315,Fixed Deposit,Premium,Active,14-06-2022,,0,0
9267865840742,585624144147,UTIB092376,Fixed Deposit,BSBD,Active,19-04-2024,,0,0
3676392677354,934996216171,IOBA029550,Salary,Regular,Active,19-07-2023,,0,0
3307462055339,934996216171,IOBA029550,Salary,BSBD,Active,18-05-2023,,0,0
274774519534,860417733829,CNRB030779,Recurring Deposit,Regular,Active,05-06-2023,,0,0
69838773583,860417733829,CNRB030779,Salary,Basic,Active,12-04-2020,,0,0
9663224890230,622800123559,BKID066172,Savings,BSBD,Active,26-02-2020,,0,0
3651202535912,622800123559,BKID066172,Salary,Regular,Active,15-06-2020,,0,0
5798932082659281,640267214028,PUNB079540,Current,Corporate,Active,05-04-2023,,0,0
70507373195,292927289437,SBIN029116,Salary,Regular,Active,09-08-2020,,0,0
4277433298724,391777061449,BARB051972,NRE,Premium,Active,24-09-2017,,0,0
70845643604986,391777061449,BARB051972,NRO,Premium,Active,23-02-2022,,0,0
54262991068,967136675989,BKID076033,Recurring Deposit,BSBD,Active,10-06-2022,,0,0
51915333552716,270008221446,HDFC043003,Current,Regular,Active,15-01-2018,,0,0
13861959547492,270008221446,HDFC043003,Savings,Regular,Active,10-01-2017,,0,0
9216844217028,318857497746,UTIB059657,Savings,Premium,Active,21-12-2023,,0,0
9191037195803,494446460118,UTIB032775,Savings,Basic,Active,22-03-2022,,0,0
9158823771659,494446460118,UTIB032775,Savings,Basic,Frozen,26-08-2021,,0,0
4336324068619078,897873401421,PUNB079360,Fixed Deposit,BSBD,Active,15-04-2023,,0,0
4246503622421175,897873401421,PUNB079360,Fixed Deposit,Premium,Active,16-07-2024,,0,0
869642148116,691014009024,BARB098989,Savings,BSBD,Active,07-09-2024,,0,0
1709950702864,240915349816,IOBA070015,Fixed Deposit,Corporate,Active,29-11-2024,,0,0
9154417094208497,121874504986,PUNB034303,Current,Regular,Active,04-06-2022,,0,0
4085275244291795,121874504986,PUNB034303,Salary,Basic,Active,12-03-2024,,0,0
14681067421,188770028727,BARB038633,Savings,Basic,Frozen,11-03-2023,,0,0
32510589607972,188770028727,BARB038633,Salary,BSBD,Frozen,09-09-2020,,0,0
9201437510544,926638623123,UTIB084865,Savings,Regular,Dormant,13-12-2019,18-07-2024,0,0
44507754974,263198732925,BARB093494,Savings,Basic,Active,15-12-2024,,0,0
580476147029,263198732925,BARB093494,Savings,BSBD,Active,25-03-2022,,0,0
704863840394,880241633004,KKBK052421,Savings,Regular,Active,12-05-2022,,0,0
14261035089,145504684303,KKBK046338,Salary,Premium,Active,07-11-2023,,0,0
9191438331096,243468115602,UTIB030374,Savings,Basic,Active,04-10-2019,,0,0
65479275210,195287153746,IOBA013716,Salary,Premium,Active,21-09-2024,,0,0
93749780208,290975354989,IOBA092284,Current,Corporate,Active,22-12-2022,,0,0
496872784285,290975354989,IOBA092284,Current,Corporate,Active,23-06-2024,,0,0
75465517698,297150899649,SBIN070475,Fixed Deposit,Basic,Active,07-03-2024,,0,0
22620282915,297150899649,SBIN070475,Recurring Deposit,BSBD,Active,14-09-2022,,0,0
59404783624142,403093284238,BARB066726,Savings,Premium,Active,23-05-2018,,0,0
506453595547,403093284238,BARB066726,Savings,Basic,Active,09-11-2019,,0,0
357064226262,368847990474,BKID029649,Fixed Deposit,Regular,Active,11-07-2021,,0,0
188169725787,755050766827,IOBA041669,Fixed Deposit,Premium,Active,19-06-2022,,0,0
93566788371,210552841781,IOBA072069,Fixed Deposit,BSBD,Active,22-06-2024,,0,0
2410462308017615,777895818004,PUNB051732,Recurring Deposit,Premium,Active,30-04-2024,,0,0
1322799389435996,777895818004,PUNB051732,Savings,BSBD,Active,31-12-2021,,0,0
60083369722,205460228719,SBIN072621,Savings,Premium,Active,30-04-2024,,0,0
50985963702,205460228719,SBIN072621,Current,Regular,Active,03-10-2024,,0,0
21136218970,345807479179,SBIN095837,NRO,Premium,Active,16-11-2022,,0,0
45047408991,943599221967,BKID030907,Savings,BSBD,Closed,12-08-2024,,0,0
80679504725,943599221967,BKID030907,Current,Regular,Active,06-04-2024,,0,0
9158315189211,766666991270,UTIB080676,Salary,Basic,Active,19-05-2023,,0,0
9195402242888,766666991270,UTIB080676,Savings,BSBD,Active,29-06-2023,,0,0
6410423336657518,478674374243,PUNB036286,Current,Regular,Active,07-02-2024,,0,0
3068912600771823,478674374243,PUNB036286,Savings,Basic,Active,03-02-2020,,0,0
9143654046757,882578923493,UTIB041832,Salary,Regular,Active,24-01-2024,,0,0
9224194985523,882578923493,UTIB041832,Current,BSBD,Active,11-01-2021,,0,0
53465680723546,239908729477,HDFC088293,Savings,Regular,Active,06-05-2024,,0,0
15437270476,811171948111,BKID082175,Salary,Basic,Active,02-09-2019,,0,0
282151020281,811171948111,BKID082175,Current,Regular,Active,27-09-2022,,0,0
36030061802,389126072411,BKID075083,Savings,Premium,Active,05-12-2020,,0,0
29104350850314,729562329438,HDFC089686,Savings,Basic,Dormant,03-02-2022,24-05-2024,0,0
61451260375950,729562329438,HDFC089686,Salary,BSBD,Active,17-08-2023,,0,0
9227791693102,939173472020,UTIB022456,Current,Premium,Active,01-12-2024,,0,0
9179358159397,939173472020,UTIB022456,Savings,Premium,Active,12-07-2023,,0,0
299272845023,452871240290,CNRB094168,Savings,Regular,Active,13-02-2020,,0,0
6977956742720,452871240290,CNRB094168,Savings,Premium,Active,23-05-2022,,0,0
59789773866,313727907093,SBIN020680,Savings,Regular,Active,07-12-2023,,0,0
2050831134512262,663134209066,PUNB044675,Savings,Premium,Active,25-10-2021,,0,0
17408634865864,856322969244,BARB099167,Savings,BSBD,Active,18-04-2024,,0,0
9888433854411293,808795938818,PUNB048407,Savings,Regular,Active,30-05-2023,,0,0
60038737698,185707320232,BKID041249,Recurring Deposit,Regular,Active,20-12-2019,,0,0
44504992357,132224495882,CNRB094351,Savings,BSBD,Active,02-12-2020,,0,0
1556625708092,187306900463,IOBA022849,Current,Basic,Active,27-10-2019,,0,0
4276374497701,187306900463,IOBA022849,Fixed Deposit,BSBD,Active,03-06-2020,,0,0
206630585730,760537443999,ICIC031524,Savings,Premium,Active,04-06-2019,,0,0
99898180026,780032351343,BKID070344,Salary,BSBD,Active,29-12-2024,,0,0
65698880016,268272522304,SBIN075799,Salary,BSBD,Active,21-12-2024,,0,0
79543158238,875112476330,BARB017819,Savings,Basic,Active,01-04-2016,,0,0
4694629546818,875112476330,BARB017819,Salary,Regular,Active,26-10-2016,,0,0
115832833351,361423006449,ICIC028223,Fixed Deposit,BSBD,Dormant,24-06-2020,15-11-2020,0,0
27533913448,117753190354,SBIN042722,Salary,BSBD,Active,29-02-2024,,0,0
22405791364,117753190354,SBIN042722,Savings,BSBD,Dormant,29-10-2024,04-03-2025,0,0
255507087413,668918586626,BARB081185,Savings,Premium,Active,15-09-2021,,0,0
9592358434792,294485749539,CNRB054899,Fixed Deposit,BSBD,Active,29-03-2019,,0,0
23331891297,294485749539,CNRB054899,Current,Premium,Active,19-10-2020,,0,0
74566590674463,808216983378,BARB039370,Salary,Basic,Active,22-12-2019,,0,0
46355230987,937431538895,SBIN033813,Salary,Regular,Active,22-02-2022,,0,0
55063972191,937431538895,SBIN033813,Recurring Deposit,Basic,Active,29-12-2021,,0,0
570044123586,951138270101,ICIC049493,Fixed Deposit,Regular,Active,29-03-2021,,0,0
567501318387,169031497621,BARB049822,Savings,Basic,Active,20-06-2023,,0,0
174773036753,169031497621,BARB049822,Savings,BSBD,Active,30-11-2020,,0,0
75402889862,548036952096,IOBA036553,Recurring Deposit,Regular,Active,06-02-2021,,0,0
44536585313,548036952096,IOBA036553,Savings,Premium,Dormant,27-10-2021,03-06-2024,0,0
527661771167,140897477970,ICIC024966,Recurring Deposit,Basic,Active,03-02-2020,,0,0
9244090387901,290023442174,UTIB066295,Savings,Regular,Dormant,16-04-2024,11-11-2024,0,0
9214617007706,290023442174,UTIB066295,Current,BSBD,Active,31-08-2022,,0,0
45156688959710,880567194192,KKBK058038,Salary,Regular,Active,20-12-2023,,0,0
4034080716695,880567194192,KKBK058038,Savings,Regular,Active,24-03-2024,,0,0
52339831543048,107319975093,HDFC048249,Current,Premium,Active,04-05-2024,,0,0
27485928167383,151448878274,CNRB091351,Salary,BSBD,Active,06-05-2023,,0,0
4812185603171,804315260451,BKID075786,Current,Regular,Closed,09-11-2021,,0,0
9976854298748,268939075854,KKBK068574,Fixed Deposit,Regular,Active,27-01-2022,,0,0
21283233935,653926076851,SBIN031946,Salary,BSBD,Active,19-08-2022,,0,0
13549112154969,369714584905,HDFC039878,Current,Regular,Active,10-06-2023,,0,0
34719605012016,369714584905,HDFC039878,Savings,Regular,Active,28-08-2024,,0,0
97716829092560,882901054340,BKID059850,Fixed Deposit,Regular,Active,05-07-2020,,0,0
4206152190777,492158625784,BKID042591,Savings,BSBD,Active,30-08-2024,,0,0
9185166514271,261000344128,UTIB093019,Savings,Basic,Active,01-12-2015,,0,0
4051830912158,840646394589,IOBA058219,Salary,Premium,Active,24-10-2024,,0,0
30724861769441,496376193753,HDFC044092,Savings,Basic,Active,23-08-2023,,0,0
50543360485337,496376193753,HDFC044092,Fixed Deposit,Basic,Dormant,22-10-2022,28-01-2023,0,0
74969118287552,190470779773,HDFC061553,Savings,Basic,Active,19-07-2024,,0,0
16941658324902,190470779773,HDFC061553,Savings,Regular,Active,30-12-2020,,0,0
430501362219,276502639715,CNRB021725,Fixed Deposit,BSBD,Active,04-06-2024,,0,0
18442810019,616211170453,SBIN040075,Salary,BSBD,Active,16-04-2024,,0,0
34409017258,616211170453,SBIN040075,Savings,BSBD,Active,11-08-2024,,0,0
99808083972704,478949723603,KKBK075978,Savings,Regular,Active,11-03-2020,,0,0
20259123012486,167109432352,CNRB081398,Salary,Regular,Active,27-05-2022,,0,0
652728652534,167109432352,CNRB081398,Savings,Basic,Active,17-07-2024,,0,0
99665165536210,206828584880,HDFC025906,Salary,Regular,Active,08-03-2023,,0,0
59672635287309,880070189310,BKID053638,Savings,BSBD,Frozen,16-09-2023,,0,0
5455150468963,880070189310,BKID053638,Fixed Deposit,Premium,Active,06-08-2023,,0,0
56774047259874,332069319358,HDFC022932,Savings,Regular,Active,31-10-2017,,0,0
70439857468872,332069319358,HDFC022932,Savings,Premium,Dormant,23-08-2021,11-07-2023,0,0
354294034075,523288853700,ICIC037961,Fixed Deposit,Basic,Active,22-12-2023,,0,0
451916550068,523288853700,ICIC037961,Savings,Regular,Active,06-04-2024,,0,0
1194807462797,192175020584,BKID033088,Savings,Regular,Active,11-06-2023,,0,0
4210863490116,226110838353,BARB031425,Current,Regular,Active,05-09-2020,,0,0
23595220652,302208207906,SBIN065544,Recurring Deposit,BSBD,Frozen,20-05-2019,,0,0
3402615524162312,295587286597,PUNB068866,Savings,Basic,Active,10-01-2022,,0,0
9957946987966651,295587286597,PUNB068866,Current,Regular,Active,10-05-2020,,0,0
218080212269,412436864556,ICIC045143,Current,Regular,Active,19-03-2023,,0,0
6679170272865524,965426608124,PUNB042904,NRO,Premium,Active,06-08-2023,,0,0
9815727014126252,965426608124,PUNB042904,Fixed Deposit,Premium,Active,26-11-2024,,0,0
50589606876257,157900885225,HDFC071939,Savings,BSBD,Active,10-06-2022,,0,0
35789154529,367228463517,BARB029009,Salary,Regular,Active,25-04-2023,,0,0
9251109927057,986793226493,UTIB025671,Fixed Deposit,Premium,Active,14-09-2023,,0,0
9211363048691,822619399484,UTIB056589,Savings,Basic,Active,15-07-2024,,0,0
442142235631,962027685636,ICIC059762,Salary,Premium,Active,29-08-2022,,0,0
41535775049806,783726187437,HDFC057164,Current,Basic,Active,01-08-2022,,0,0
65954347745164,783726187437,HDFC057164,Savings,Premium,Dormant,10-07-2024,11-08-2024,0,0
690733021346,272218042635,CNRB081031,Salary,Regular,Active,15-05-2024,,0,0
94432967695,970228413735,KKBK056847,NRE,Regular,Active,19-03-2023,,0,0
70554201780,885361698539,SBIN092636,Current,Corporate,Active,21-02-2023,,0,0
85966042153,885361698539,SBIN092636,Fixed Deposit,Regular,Active,27-07-2023,,0,0
9038302179694263,747768836423,PUNB051513,Recurring Deposit,BSBD,Active,07-08-2024,,0,0
8995579799617100,747768836423,PUNB051513,Current,Basic,Frozen,14-07-2024,,0,0
55589419335,265513270911,SBIN016605,Savings,Regular,Active,10-09-2024,,0,0
49244052118,265513270911,SBIN016605,Salary,Regular,Active,28-09-2024,,0,0
414625623751,331983813014,ICIC083933,Recurring Deposit,Basic,Active,25-12-2021,,0,0
907923071394,331983813014,ICIC083933,Salary,Basic,Active,16-04-2016,,0,0
6571857481898733,444481169107,PUNB021835,Recurring Deposit,BSBD,Active,23-01-2022,,0,0
19927677849055,430674951540,BARB047471,Savings,BSBD,Active,09-12-2024,,0,0
57676272876664,430674951540,BARB047471,Savings,BSBD,Active,05-09-2018,,0,0
935885796173,356032078178,ICIC060616,Savings,Premium,Active,09-08-2020,,0,0
432384686892,356032078178,ICIC060616,Savings,Regular,Active,26-08-2020,,0,0
9211193108848,305971547236,UTIB087107,Savings,Regular,Active,04-03-2024,,0,0
30364969956,688119359218,SBIN092068,Savings,BSBD,Active,18-09-2024,,0,0
33123543974,688119359218,SBIN092068,Savings,Premium,Frozen,04-11-2021,,0,0
72063995950033,369694836315,CNRB088568,Recurring Deposit,Premium,Active,03-01-2024,,0,0
80453582655,115990857982,BARB044511,Salary,Regular,Active,28-07-2024,,0,0
9226541169211,461826105818,UTIB068912,Salary,Premium,Active,29-06-2022,,0,0
9126249019679,461826105818,UTIB068912,Fixed Deposit,Regular,Active,17-12-2021,,0,0
101419866050,649138750312,KKBK088795,Salary,Premium,Active,20-04-2024,,0,0
72073637444,430085750522,IOBA043378,Recurring Deposit,BSBD,Active,31-12-2017,,0,0
77678119082,430085750522,IOBA043378,Salary,Basic,Active,21-11-2017,,0,0
22777727691330,834992121292,HDFC078278,Savings,Basic,Active,03-11-2022,,0,0
54630325441809,834992121292,HDFC078278,Savings,Basic,Active,16-09-2024,,0,0
9226962263579,159715308922,UTIB023715,Salary,Regular,Active,15-02-2020,,0,0
9106764610096,159715308922,UTIB023715,Salary,Basic,Active,13-03-2023,,0,0
368255563097,593263894656,CNRB014774,Salary,Regular,Active,25-03-2022,,0,0
19089516278,971810350951,SBIN081030,Savings,Regular,Active,17-02-2023,,0,0
38647592444398,246603824966,HDFC043293,Current,Corporate,Active,18-09-2015,,0,0
79042709806262,246603824966,HDFC043293,Fixed Deposit,Corporate,Active,08-10-2020,,0,0
32351885449,438773554630,IOBA072513,Savings,Basic,Active,19-03-2018,,0,0
37703693180,438773554630,IOBA072513,Savings,Basic,Active,08-07-2024,,0,0
52064774285027,922531404645,HDFC016252,Current,Corporate,Active,17-02-2024,,0,0
792740805704,718672839383,CNRB092812,Salary,Premium,Active,29-08-2023,,0,0
2841012501636,650754073697,KKBK084854,Savings,Regular,Active,26-03-2024,,0,0
84034568357,650754073697,KKBK084854,Savings,Regular,Active,29-05-2024,,0,0
31238903121195,900949146831,HDFC010200,Savings,Regular,Active,12-08-2024,,0,0
98609878462195,900949146831,HDFC010200,Current,Basic,Active,30-06-2023,,0,0
72401942792308,591241848280,HDFC038420,Savings,Regular,Active,30-07-2022,,0,0
95483487223274,591241848280,HDFC038420,Current,Premium,Active,10-12-2017,,0,0
269156744402,992242085137,ICIC081567,Salary,Regular,Active,20-05-2024,,0,0
839313569934,992242085137,ICIC081567,Fixed Deposit,Premium,Active,17-08-2019,,0,0
9147302679061,502744584795,UTIB050596,Savings,Premium,Active,28-05-2023,,0,0
88333734998668,276004860220,HDFC055245,Savings,BSBD,Active,06-04-2024,,0,0
65202369858310,276004860220,HDFC055245,Savings,BSBD,Active,26-04-2022,,0,0
40365315759,538582798866,BARB081494,Current,Basic,Active,22-10-2024,,0,0
95421252302435,130085588642,BARB044491,Fixed Deposit,Regular,Active,22-04-2018,,0,0
613834737998,336027231636,ICIC073234,Fixed Deposit,Corporate,Active,28-08-2019,,0,0
45925310987676,295115937348,CNRB051298,Fixed Deposit,Regular,Active,02-12-2021,,0,0
416028185551,710696610166,BARB028923,Salary,Premium,Active,04-11-2023,,0,0
769804346915,710696610166,BARB028923,Fixed Deposit,Basic,Active,26-04-2024,,0,0
9649231516031,125265881526,IOBA058446,Current,Corporate,Active,10-11-2018,,0,0
2969983888747,125265881526,IOBA058446,Fixed Deposit,Regular,Active,19-03-2019,,0,0
57987428769585,940332360970,KKBK047117,Savings,Basic,Closed,09-08-2016,,0,0
709544161437,989566196013,ICIC046135,Savings,Basic,Active,08-05-2024,,0,0
9469054864954003,867316201854,PUNB023935,Savings,Regular,Active,15-01-2024,,0,0
9433840691752270,867316201854,PUNB023935,Savings,Regular,Active,29-05-2024,,0,0
90926992083,664027297634,SBIN077172,Savings,Regular,Active,03-05-2022,,0,0
479464953762,794260437316,BKID039022,Savings,Basic,Active,31-12-2024,,0,0
12431194550,993018117185,SBIN053285,Savings,Basic,Active,10-08-2024,,0,0
7522153088364,484422449398,IOBA082421,Current,Regular,Active,06-12-2022,,0,0
36146910590544,484422449398,IOBA082421,Salary,BSBD,Active,12-04-2018,,0,0
80670275114809,328673082356,IOBA097287,Fixed Deposit,Regular,Dormant,26-04-2022,19-07-2023,0,0
55570420299,529779477507,IOBA025955,Savings,Premium,Active,14-07-2024,,0,0
92373562268048,621129349892,KKBK079225,Current,Premium,Active,10-01-2024,,0,0
825128591592,621129349892,KKBK079225,Current,Regular,Active,20-01-2024,,0,0
7784165231636127,777851046811,PUNB042468,Salary,BSBD,Active,26-08-2024,,0,0
8495093537802919,777851046811,PUNB042468,Savings,Premium,Active,10-07-2023,,0,0
97501381690,349358867757,BKID085524,Savings,Premium,Dormant,09-07-2024,24-01-2025,0,0
7740462291282,349358867757,BKID085524,Savings,Basic,Active,17-10-2022,,0,0
488674444280,784803953936,ICIC020216,Current,Basic,Active,13-04-2020,,0,0
5257215135927040,593127750045,PUNB063034,Savings,Regular,Active,27-12-2017,,0,0
3405372635208966,593127750045,PUNB063034,Savings,Basic,Active,26-06-2024,,0,0
8428497777276929,269688523989,PUNB046271,Salary,Basic,Active,10-03-2022,,0,0
9178601491392,448225517248,UTIB096688,Current,BSBD,Active,10-07-2020,,0,0
739764556870,251423575136,BKID079925,Savings,Premium,Active,12-04-2021,,0,0
81489805972227,251423575136,BKID079925,Recurring Deposit,Basic,Active,01-12-2021,,0,0
81062031386,577031397657,SBIN070642,Current,Premium,Active,26-01-2023,,0,0
61903956512,577031397657,SBIN070642,Current,BSBD,Closed,06-06-2023,,0,0
520988049715,598933456982,ICIC038006,Savings,Basic,Closed,13-06-2024,,0,0
8352167797373,731722697155,IOBA041616,Fixed Deposit,Regular,Active,14-02-2021,,0,0
8019597214496,731722697155,IOBA041616,Savings,Basic,Active,07-10-2015,,0,0
207872137209,716758312143,BKID048231,Fixed Deposit,Corporate,Active,15-05-2022,,0,0
27633781186242,716758312143,BKID048231,Fixed Deposit,Regular,Active,27-08-2015,,0,0
907221354089,288920157624,BKID095777,Savings,Regular,Dormant,17-12-2019,19-01-2024,0,0
797047247389,288920157624,BKID095777,Savings,Basic,Active,20-04-2015,,0,0
72847034669035,982947068517,BARB017662,Current,Regular,Active,31-07-2020,,0,0
42105184741,338110168591,CNRB036544,Savings,Premium,Active,15-01-2021,,0,0
98457222936,146379350350,CNRB026038,Salary,Premium,Active,29-07-2021,,0,0
72782778012,114197373834,BARB064473,Salary,Regular,Active,03-09-2022,,0,0
28283244178926,571670634743,HDFC027459,Fixed Deposit,Regular,Active,09-05-2024,,0,0
990253992024,661152865428,ICIC025386,Fixed Deposit,BSBD,Active,16-06-2024,,0,0
702268590648,661152865428,ICIC025386,Salary,Premium,Active,14-04-2022,,0,0
82147946863677,761159213459,HDFC053400,Salary,BSBD,Active,03-11-2019,,0,0
2168247889335,316099697409,BARB021913,Fixed Deposit,Corporate,Active,29-08-2023,,0,0
5379911134040,316099697409,BARB021913,Fixed Deposit,Regular,Active,17-09-2021,,0,0
45778166433,729470133739,SBIN013910,Savings,Basic,Active,10-02-2018,,0,0
40826595613,729470133739,SBIN013910,Fixed Deposit,BSBD,Active,04-09-2021,,0,0
56892019380,638278337306,BARB076077,Salary,Regular,Active,11-09-2022,,0,0
9363795147510,638278337306,BARB076077,Current,Basic,Active,18-10-2023,,0,0
19325698616,793245838236,IOBA022754,Salary,Basic,Active,22-10-2020,,0,0
937571119405,793245838236,IOBA022754,Savings,BSBD,Active,05-09-2021,,0,0
55445378399,566578325120,SBIN060996,Savings,Premium,Active,10-07-2019,,0,0
86351287755,566578325120,SBIN060996,Savings,Premium,Active,01-09-2018,,0,0
784786671288,224779437187,BARB091038,Current,Basic,Active,30-06-2024,,0,0
234254672408,922981046992,BARB043613,Savings,Regular,Active,16-09-2021,,0,0
41995749620,612419410444,KKBK064474,Salary,Premium,Active,05-04-2024,,0,0
96769758331646,612419410444,KKBK064474,Current,Premium,Active,02-09-2024,,0,0
47702490549,780423002087,BKID032609,Salary,Basic,Active,18-09-2023,,0,0
73569308139647,780423002087,BKID032609,Fixed Deposit,Regular,Active,07-05-2024,,0,0
88766933307619,984998032918,KKBK026629,Savings,Premium,Active,16-12-2022,,0,0
68890601981848,542506013210,KKBK032993,Savings,Basic,Active,12-08-2023,,0,0
604198572735,542506013210,KKBK032993,Savings,Premium,Active,29-10-2019,,0,0
59393853285,771427094799,BARB039684,Savings,Basic,Active,24-09-2021,,0,0
45011741139,771427094799,BARB039684,Savings,Premium,Active,07-07-2022,,0,0
24438822542,889570513018,SBIN044963,Savings,Basic,Closed,10-04-2023,,0,0
54172824119,889570513018,SBIN044963,Savings,Basic,Active,17-07-2024,,0,0
229562339210,410207910606,KKBK099202,Savings,BSBD,Active,29-01-2023,,0,0
66129552828,824702463434,SBIN014215,Recurring Deposit,BSBD,Closed,10-07-2024,,0,0
64607353472,824702463434,SBIN014215,Recurring Deposit,Basic,Active,26-09-2024,,0,0
5920411431780,180463207281,CNRB071331,Savings,BSBD,Active,15-10-2023,,0,0
39211136782,277984986754,BARB023866,Current,Corporate,Active,14-08-2023,,0,0
269189805738,921059468218,BKID051541,Savings,Premium,Active,06-02-2021,,0,0
54635291323962,756885946506,HDFC090609,Fixed Deposit,Basic,Active,07-05-2023,,0,0
98405287305708,497662161560,KKBK035527,Savings,Regular,Active,21-12-2023,,0,0
3356394420223,497662161560,KKBK035527,Savings,Regular,Active,17-09-2024,,0,0
4992698155358471,831387557852,PUNB016923,Savings,BSBD,Frozen,29-10-2023,,0,0
1708944260566875,831387557852,PUNB016923,Salary,Premium,Active,27-07-2023,,0,0
74298567164,782935082684,SBIN046779,Fixed Deposit,Regular,Active,12-02-2022,,0,0
80142483439,782935082684,SBIN046779,Fixed Deposit,Corporate,Active,25-04-2024,,0,0
109432931426,836756945213,KKBK071911,Savings,Regular,Active,07-05-2021,,0,0
36725454664,836756945213,KKBK071911,Fixed Deposit,Regular,Active,22-04-2021,,0,0
8718290056681,396170064307,IOBA045540,Current,BSBD,Dormant,16-09-2022,29-07-2023,0,0
3456882489524727,616709209271,PUNB091123,Savings,Regular,Active,26-10-2024,,0,0
3486880899839675,616709209271,PUNB091123,Savings,Premium,Active,07-12-2023,,0,0
491311725347,986126979468,ICIC076901,Savings,BSBD,Active,22-07-2018,,0,0
354439349662,986126979468,ICIC076901,Savings,Regular,Active,10-12-2017,,0,0
839294541881,762825547267,IOBA054254,Salary,BSBD,Frozen,13-12-2024,,0,0
57610403207987,939284985138,HDFC069735,Salary,Regular,Active,29-06-2024,,0,0
10994334286262,939284985138,HDFC069735,Salary,Regular,Active,08-12-2024,,0,0
9925793064479,949528569159,CNRB040496,Salary,Premium,Active,22-02-2020,,0,0
9179298229442,182092757975,UTIB013425,Current,Regular,Active,12-05-2023,,0,0
9161120225505,182092757975,UTIB013425,Current,Regular,Active,07-10-2018,,0,0
53201196811200,477303524248,HDFC094250,Salary,Premium,Active,30-03-2024,,0,0
90098872026,307595228379,KKBK098569,Current,Regular,Active,24-10-2022,,0,0
224959300200,398581166116,CNRB058210,Salary,Basic,Frozen,13-03-2021,,0,0
741222532475,398581166116,CNRB058210,Savings,Premium,Active,21-05-2023,,0,0
4046493805866,131816019757,KKBK047230,Salary,Basic,Active,05-10-2024,,0,0
1893379033058,131816019757,KKBK047230,Fixed Deposit,BSBD,Active,12-09-2021,,0,0
41061095709195,817840220670,BARB097200,Recurring Deposit,BSBD,Active,02-03-2022,,0,0
8040755964551272,731334705037,PUNB080434,Savings,BSBD,Active,24-04-2020,,0,0
6279441662329491,731334705037,PUNB080434,Savings,BSBD,Active,24-03-2020,,0,0
70517262147380,379289467108,CNRB021400,Savings,Premium,Dormant,27-02-2024,25-07-2024,0,0
80431454661,969422419807,BKID049306,Recurring Deposit,Regular,Active,10-06-2023,,0,0
40323006570,611325298408,SBIN055790,Salary,Regular,Active,06-03-2022,,0,0
53500432224991,410870830425,HDFC026536,Savings,Regular,Active,17-08-2022,,0,0
12114282711,381985157825,IOBA034368,Salary,Regular,Active,08-10-2019,,0,0
847782543162,381985157825,IOBA034368,Salary,Basic,Active,04-09-2017,,0,0
456800827047,245011309340,BKID032446,Savings,Regular,Frozen,05-10-2017,,0,0
55475388328746,431121062582,BKID077840,Salary,BSBD,Active,03-05-2019,,0,0
4802674332310301,571674320742,PUNB075551,Salary,Regular,Active,02-04-2023,,0,0
6505968893463,256876779055,KKBK090671,Recurring Deposit,Basic,Active,16-12-2024,,0,0
38776124262,256876779055,KKBK090671,Salary,BSBD,Dormant,26-08-2024,04-03-2025,0,0
60597123122694,771133762720,HDFC042229,Fixed Deposit,Corporate,Active,24-09-2023,,0,0
33888599379200,771133762720,HDFC042229,Current,Corporate,Active,11-11-2022,,0,0
4619786774772,553798565317,BKID049642,Current,Regular,Active,11-04-2024,,0,0
7511586878754,553798565317,BKID049642,Salary,BSBD,Frozen,10-03-2023,,0,0
57498189747149,888599632993,HDFC055969,Recurring Deposit,Basic,Active,08-06-2023,,0,0
32514156653855,888599632993,HDFC055969,Savings,Premium,Active,10-12-2019,,0,0
69968092920,505675532780,KKBK040377,Savings,Basic,Active,10-10-2024,,0,0
689095697432,505675532780,KKBK040377,Fixed Deposit,Basic,Active,02-09-2023,,0,0
1515926641874,597357845433,CNRB090653,Savings,Premium,Active,14-07-2023,,0,0
633310527977,229213242209,ICIC061565,Current,BSBD,Active,28-07-2022,,0,0
9134113349051,710748913348,UTIB074151,Salary,Basic,Closed,17-09-2016,,0,0
9141117280562,710748913348,UTIB074151,Savings,Premium,Active,06-04-2024,,0,0
4022598756352,950753238390,BKID036964,Savings,Basic,Active,23-08-2020,,0,0
9213530794961,995479866146,UTIB013255,Savings,BSBD,Active,15-12-2022,,0,0
9156403513052,995479866146,UTIB013255,Savings,Basic,Active,25-09-2023,,0,0
97049023793,892258335224,SBIN056676,Current,Basic,Active,19-04-2022,,0,0
34534662141602,489164792004,HDFC077476,Current,Regular,Active,28-07-2018,,0,0
75741259397,552333033028,BKID024293,Savings,BSBD,Active,15-08-2023,,0,0
9262391039505,903551726664,UTIB082911,Savings,Premium,Dormant,17-01-2018,21-05-2021,0,0
28678702053,736516445977,IOBA057701,NRE,Premium,Active,23-09-2023,,0,0
864735100218,736516445977,IOBA057701,NRO,Premium,Active,29-08-2024,,0,0
83932046784141,582093198928,BARB083921,Fixed Deposit,Premium,Frozen,25-01-2023,,0,0
5082527203660,695267999599,KKBK025494,Current,Corporate,Frozen,15-03-2023,,0,0
58281788246847,628175179749,CNRB080804,Savings,BSBD,Active,18-02-2023,,0,0
3370039734611,454572851376,IOBA017883,Savings,Regular,Active,11-07-2021,,0,0
407855045230,110031780526,ICIC099897,Fixed Deposit,Corporate,Active,05-09-2016,,0,0
470984399299,110031780526,ICIC099897,Current,Corporate,Active,24-05-2017,,0,0
9813607693546967,792983785291,PUNB049502,Salary,BSBD,Active,17-04-2016,,0,0
42413137919027,200978235279,HDFC047262,Savings,BSBD,Active,17-05-2024,,0,0
83868595882,955760643972,BKID023321,Fixed Deposit,Basic,Active,05-03-2020,,0,0
408820679924,955760643972,BKID023321,Savings,BSBD,Active,05-12-2021,,0,0
56948393746,657181802325,BARB050274,Fixed Deposit,Regular,Active,01-11-2024,,0,0
20583136297565,241279697494,CNRB036652,Current,Corporate,Active,28-10-2021,,0,0
26998515655,661721020205,SBIN045221,Current,Basic,Active,02-09-2022,,0,0
25161937516,661721020205,SBIN045221,Current,Regular,Active,30-01-2023,,0,0
200905411723,662273831554,ICIC013026,Fixed Deposit,Regular,Active,30-04-2024,,0,0
436932428098,119156060806,ICIC011432,Current,Premium,Active,10-03-2017,,0,0
33101786981317,321828097936,KKBK041137,Savings,Regular,Active,05-11-2023,,0,0
7750666677273,321828097936,KKBK041137,Current,Premium,Active,27-03-2023,,0,0
661354111393,229712872139,CNRB044782,Savings,BSBD,Active,11-05-2018,,0,0
89499473014403,229712872139,CNRB044782,Salary,BSBD,Active,26-06-2020,,0,0
9117909405292,145218279700,UTIB027003,Current,Corporate,Active,03-10-2023,,0,0
9118980025885,145218279700,UTIB027003,Fixed Deposit,Regular,Active,21-05-2024,,0,0
35896128585,851982965632,SBIN011710,NRE,Premium,Active,11-05-2024,,0,0
561002371964,136832233247,BKID085334,Fixed Deposit,Corporate,Active,24-05-2023,,0,0
97931309842911,509966460948,HDFC018313,Savings,Premium,Active,04-09-2022,,0,0
69205316295,980734406753,SBIN097930,Current,Regular,Active,30-06-2018,,0,0
53320103706818,333013565536,BKID071680,Savings,Premium,Active,19-09-2020,,0,0
11057006531,333013565536,BKID071680,Current,Basic,Active,13-08-2024,,0,0
3531268892870728,373506668853,PUNB092030,Salary,BSBD,Active,06-07-2020,,0,0
5205922007661,529763326023,BKID063676,Fixed Deposit,Basic,Dormant,18-11-2024,08-03-2025,0,0
511716578070,519839013319,BARB054604,Recurring Deposit,Premium,Active,05-06-2021,,0,0
6659390083197,519839013319,BARB054604,Recurring Deposit,Premium,Active,11-04-2022,,0,0
9291225499987,204441356431,UTIB095760,Salary,BSBD,Active,15-06-2021,,0,0
71903051338139,629512886321,HDFC035853,Recurring Deposit,BSBD,Active,05-06-2023,,0,0
34161457938,135409298099,SBIN025193,Savings,Regular,Active,13-04-2022,,0,0
41621127863,135409298099,SBIN025193,Savings,Premium,Active,14-05-2023,,0,0
34944465868,241203292323,SBIN020075,Salary,Basic,Active,20-11-2017,,0,0
51163293493,891498842960,IOBA067026,Savings,BSBD,Active,18-09-2024,,0,0
796358203422,891498842960,IOBA067026,Savings,Premium,Active,15-10-2024,,0,0
88242284008,615867307718,SBIN014761,Savings,BSBD,Active,21-10-2023,,0,0
366476422204,151580261750,BARB014279,Salary,Premium,Active,31-01-2024,,0,0
292845848842,630495409916,ICIC067679,Savings,Premium,Active,26-07-2017,,0,0
9255877325464,870902489799,UTIB043120,Current,Corporate,Active,11-06-2023,,0,0
9195094416688,870902489799,UTIB043120,Fixed Deposit,Corporate,Active,26-01-2024,,0,0
25239600111,461046387878,CNRB026472,Fixed Deposit,Regular,Active,16-04-2016,,0,0
51302398169,349223326766,SBIN047295,Salary,BSBD,Active,23-10-2019,,0,0
36841326190,349223326766,SBIN047295,Savings,Basic,Active,03-03-2022,,0,0
58293668600659,608204114627,HDFC027161,Current,Corporate,Active,27-11-2024,,0,0
55352582469269,444722836643,BARB049888,Savings,Premium,Active,30-12-2018,,0,0
58741072652,444722836643,BARB049888,Savings,BSBD,Active,04-01-2024,,0,0
95623770304703,476270973537,HDFC086102,Savings,Premium,Active,04-05-2022,,0,0
6434967185122563,386962366796,PUNB049557,Savings,BSBD,Active,20-04-2017,,0,0
9183429659854,455309312712,UTIB018817,Savings,Basic,Active,17-04-2024,,0,0
195368021600,803061631039,IOBA048332,Salary,Basic,Active,27-06-2023,,0,0
50037033249274,836082381620,HDFC047102,Savings,BSBD,Active,05-12-2023,,0,0
63890824141733,836082381620,HDFC047102,Salary,Regular,Active,07-05-2019,,0,0
24331030568296,743650621790,BARB080248,Fixed Deposit,Regular,Active,06-03-2022,,0,0
787412088216,567075834443,ICIC055262,Current,Corporate,Active,23-08-2023,,0,0
9270164704562,491251226969,UTIB024800,Savings,Basic,Active,24-12-2024,,0,0
9172717787926,543476867703,BKID066477,Salary,Basic,Active,21-03-2023,,0,0
99583100104,543476867703,BKID066477,Savings,Regular,Active,01-10-2024,,0,0
622224794220,459601492545,BKID020724,Savings,Basic,Active,05-01-2024,,0,0
9358377927728,613435856196,BKID024852,Current,Basic,Active,08-02-2024,,0,0
9485734635142,613435856196,BKID024852,Savings,Regular,Active,21-07-2023,,0,0
108379980058,225463681473,BKID027843,Savings,Basic,Active,22-12-2024,,0,0
162495276485,225463681473,BKID027843,Fixed Deposit,Basic,Active,06-08-2019,,0,0
56080897977645,657611856823,BARB094682,Savings,Regular,Active,06-02-2024,,0,0
601882035098,418774746940,ICIC060938,Salary,BSBD,Active,02-04-2024,,0,0
399154248222,418774746940,ICIC060938,Salary,Regular,Active,21-08-2023,,0,0
883093391678,318970519533,CNRB030007,NRO,Premium,Active,11-07-2021,,0,0
164105349477,318970519533,CNRB030007,NRO,Regular,Active,29-02-2024,,0,0
6551300531094,875654606447,IOBA049699,Fixed Deposit,Corporate,Active,01-02-2024,,0,0
22972131216,540273707754,KKBK038554,Current,Regular,Active,05-07-2018,,0,0
75208414207861,540273707754,KKBK038554,Salary,Basic,Active,26-03-2017,,0,0
430853675704,674892568663,KKBK021021,Savings,Basic,Active,11-03-2024,,0,0
7855642148287,674892568663,KKBK021021,Savings,Regular,Dormant,09-05-2024,20-11-2024,0,0
3230016508196247,326019483869,PUNB051013,Fixed Deposit,Basic,Active,30-05-2023,,0,0
240307673720,137152303372,IOBA042017,Savings,BSBD,Active,06-02-2018,,0,0
70619604859059,137152303372,IOBA042017,Savings,Premium,Active,21-12-2018,,0,0
7556836119601,835928981411,BARB098436,Current,Corporate,Frozen,01-10-2024,,0,0
50325033533235,835928981411,BARB098436,Current,Corporate,Active,30-12-2024,,0,0
53866943826,486713920292,KKBK087426,Salary,Basic,Active,10-10-2019,,0,0
685216138923,828704549845,ICIC048940,Savings,BSBD,Active,15-02-2022,,0,0
333899197932,828704549845,ICIC048940,Salary,Regular,Active,17-03-2020,,0,0
9208139819330,234407327865,UTIB026978,Salary,Premium,Active,03-03-2023,,0,0
5230289696391,959673835002,BARB023985,Savings,Premium,Active,19-07-2021,,0,0
41995989786331,275673857160,HDFC063013,Salary,Premium,Active,14-11-2022,,0,0
59710032354200,275673857160,HDFC063013,Fixed Deposit,Regular,Active,27-02-2021,,0,0
88035040279,805326196611,SBIN011503,Current,Regular,Active,28-07-2022,,0,0
3684366491363,956562969001,BKID062622,Savings,Regular,Active,09-09-2024,,0,0
81979755808,956562969001,BKID062622,Savings,Premium,Active,07-12-2023,,0,0
9211280269715,297190678643,UTIB014179,Savings,Basic,Active,03-11-2022,,0,0
9287576866790,297190678643,UTIB014179,Savings,BSBD,Active,17-09-2024,,0,0
2946989324069,237709173874,CNRB077823,Salary,Basic,Dormant,08-11-2024,12-01-2025,0,0
58492740955,237709173874,CNRB077823,Fixed Deposit,Basic,Active,25-12-2024,,0,0
91394039089,130079195114,KKBK032435,Fixed Deposit,Regular,Active,10-04-2024,,0,0
9158659122326,524788805535,BARB097010,Current,Corporate,Active,10-09-2024,,0,0
624861018408,524788805535,BARB097010,Fixed Deposit,Regular,Active,25-07-2024,,0,0
9117546541519,209939037988,UTIB096266,Fixed Deposit,Corporate,Active,08-08-2020,,0,0
38101664516,317827708370,IOBA036173,Salary,BSBD,Active,07-09-2023,,0,0
9930530016585,317827708370,IOBA036173,Salary,Regular,Active,04-07-2024,,0,0
1583734172447928,189903418942,PUNB077705,Current,Premium,Active,14-08-2023,,0,0
8778128128832802,189903418942,PUNB077705,Savings,Basic,Active,06-12-2021,,0,0
91559122576868,271662753200,BKID069973,Savings,Basic,Active,03-05-2024,,0,0
940786678844,634378734167,ICIC099640,Savings,Regular,Dormant,31-12-2019,26-11-2022,0,0
470103489383,634378734167,ICIC099640,Savings,Basic,Active,01-10-2021,,0,0
7870369556575163,808119477060,PUNB036979,Savings,Regular,Active,26-08-2024,,0,0
3966135101696970,808119477060,PUNB036979,Salary,Regular,Active,13-04-2024,,0,0
165567252085,253974089324,IOBA021810,Current,Basic,Active,03-01-2019,,0,0
3893849433981,253974089324,IOBA021810,Savings,Regular,Active,03-09-2023,,0,0
19328338509958,829745494536,HDFC083543,Savings,BSBD,Active,27-01-2024,,0,0
87040132424663,829745494536,HDFC083543,Fixed Deposit,Basic,Active,28-09-2018,,0,0
69277122593218,380936992168,HDFC021416,Salary,Premium,Active,23-12-2018,,0,0
35956944847932,380936992168,HDFC021416,Salary,Basic,Active,28-05-2019,,0,0
57540512890,184623192709,BKID092694,Current,Regular,Active,12-11-2018,,0,0
78448642926,564734089739,KKBK011053,Current,BSBD,Active,02-08-2019,,0,0
88543312123,181425257728,BARB086987,NRO,Regular,Active,05-06-2023,,0,0
1873066657044,181425257728,BARB086987,Savings,Regular,Active,18-10-2020,,0,0
5086218016221,945308404656,IOBA053626,Salary,Regular,Frozen,29-11-2024,,0,0
845034826727,372008039461,BARB078358,Current,Regular,Dormant,22-12-2024,14-03-2025,0,0
2723339450141,372008039461,BARB078358,Current,Premium,Active,08-06-2023,,0,0
51621449049,628797601906,KKBK097370,Fixed Deposit,Corporate,Active,30-03-2024,,0,0
1539916671632423,120715599891,PUNB070120,Savings,BSBD,Active,05-07-2022,,0,0
8305523842620856,120715599891,PUNB070120,Savings,Regular,Active,14-01-2024,,0,0
31056853325211,274389949882,CNRB047454,Fixed Deposit,Corporate,Active,10-11-2015,,0,0
52220689035,274389949882,CNRB047454,Current,Regular,Active,26-08-2020,,0,0
3913549441504463,115245407422,PUNB057214,Fixed Deposit,Basic,Active,10-07-2024,,0,0
5236197277802379,115245407422,PUNB057214,Savings,Regular,Dormant,10-01-2024,28-10-2024,0,0
9229587566385,348830675418,UTIB082083,Savings,Premium,Active,07-04-2024,,0,0
9125171034397,348830675418,UTIB082083,Fixed Deposit,Premium,Active,10-02-2018,,0,0
2057279981391064,783568812616,PUNB043578,Savings,Premium,Active,25-04-2023,,0,0
1485407935366531,783568812616,PUNB043578,Savings,BSBD,Active,03-04-2023,,0,0
35972313918,477144606884,BKID089534,Fixed Deposit,Corporate,Frozen,18-12-2021,,0,0
40858378700,127506642741,CNRB044163,NRO,Premium,Active,24-03-2021,,0,0
2772215304132,292362841830,BARB096183,Savings,BSBD,Active,05-08-2019,,0,0
84156000863,292362841830,BARB096183,Salary,BSBD,Active,21-08-2016,,0,0
10050779288,846988813442,BKID023603,Savings,Basic,Active,17-09-2022,,0,0
66911386122120,846988813442,BKID023603,Savings,BSBD,Active,04-08-2023,,0,0
134889570897,434542424825,ICIC083141,Salary,Regular,Active,29-07-2023,,0,0
70371094424,105646123202,CNRB037609,Fixed Deposit,BSBD,Active,02-05-2024,,0,0
9188263179873,585390607891,UTIB068847,Salary,Premium,Active,02-12-2024,,0,0
3947518663761,537701384435,BARB054935,Savings,Premium,Active,20-08-2024,,0,0
72298627550,777442489712,SBIN016213,Recurring Deposit,BSBD,Dormant,29-04-2024,09-03-2025,0,0
41670031320,777442489712,SBIN016213,Salary,Basic,Active,22-04-2024,,0,0
9140613728341,441009032217,UTIB010068,Current,Premium,Active,10-05-2022,,0,0
807868370299,191652478350,ICIC073404,Current,Corporate,Active,14-03-2024,,0,0
9158183653701,856737135253,UTIB081120,Recurring Deposit,Premium,Active,24-12-2023,,0,0
9163716596995,856737135253,UTIB081120,Savings,Regular,Active,04-11-2021,,0,0
13710682747771,220266943984,HDFC097255,Fixed Deposit,BSBD,Active,17-10-2023,,0,0
21401826441088,220266943984,HDFC097255,Fixed Deposit,BSBD,Active,15-01-2024,,0,0
4900422251575,735495654328,BARB079611,Salary,BSBD,Active,03-02-2021,,0,0
70994757403,735495654328,BARB079611,Fixed Deposit,Basic,Active,12-11-2020,,0,0
35673639415814,796390792134,IOBA027579,Salary,Regular,Active,02-06-2017,,0,0
93668933303,501303864684,KKBK042983,Savings,Regular,Active,26-04-2024,,0,0
13869547320,675927340517,IOBA067292,Current,Basic,Active,24-08-2024,,0,0
95513280400944,675927340517,IOBA067292,Savings,BSBD,Active,08-11-2024,,0,0
185472452558,313260982179,ICIC097562,Fixed Deposit,Basic,Active,19-12-2023,,0,0
6711927238204142,836953332241,PUNB084270,Salary,BSBD,Active,23-04-2023,,0,0
66567412666964,610909317030,BKID069884,Current,Corporate,Active,23-12-2022,,0,0
9209547058388,664568411357,UTIB018411,Savings,BSBD,Active,30-06-2021,,0,0
9157575450391,664568411357,UTIB018411,Savings,Regular,Active,20-11-2020,,0,0
928836310374,663052375282,ICIC048471,Salary,Premium,Active,15-12-2024,,0,0
972733635270,663052375282,ICIC048471,Savings,Premium,Active,24-06-2021,,0,0
36183095360461,905391842557,HDFC029082,Current,Corporate,Active,28-11-2024,,0,0
55739398430,412031134378,CNRB011880,Salary,Basic,Active,25-05-2017,,0,0
8493292121782,412031134378,CNRB011880,Savings,Basic,Active,29-09-2024,,0,0
26738180280293,297751570723,BARB035073,Savings,Premium,Active,09-09-2018,,0,0
582066133205,297751570723,BARB035073,Savings,BSBD,Active,25-09-2023,,0,0
717701931175,122558756512,CNRB058109,Savings,Premium,Active,23-08-2020,,0,0
99904745815,122558756512,CNRB058109,Salary,BSBD,Active,30-11-2024,,0,0
4643926066471145,183512138351,PUNB050598,Savings,Premium,Active,29-04-2022,,0,0
71010828254533,101508166988,BKID091539,Salary,Basic,Active,03-09-2020,,0,0
44297950858,101508166988,BKID091539,Salary,Basic,Active,17-06-2022,,0,0
36294118862,974064808897,SBIN046714,Savings,Basic,Active,21-04-2024,,0,0
40068797601,974064808897,SBIN046714,Savings,Premium,Active,23-10-2019,,0,0
9775026646461831,597426232073,PUNB045813,Salary,Basic,Active,19-01-2023,,0,0
6961722611655727,597426232073,PUNB045813,Savings,Regular,Active,28-04-2022,,0,0
83171142954178,723235730698,BKID083223,Savings,Regular,Active,10-12-2022,,0,0
809125953700,468933825154,BKID050533,Fixed Deposit,Corporate,Active,16-09-2020,,0,0
988511587371,468933825154,BKID050533,Fixed Deposit,Corporate,Active,26-12-2021,,0,0
595987332624,685586192111,BARB038738,Savings,BSBD,Active,13-09-2024,,0,0
33957772785494,685586192111,BARB038738,Salary,Basic,Active,28-10-2024,,0,0
9193899250543,200312282964,UTIB078482,Savings,Regular,Active,14-02-2024,,0,0
31766892180303,146452191379,KKBK047691,Fixed Deposit,Regular,Active,15-04-2021,,0,0
2855680450719,146452191379,KKBK047691,Fixed Deposit,Corporate,Active,17-02-2022,,0,0
24292971531,160470545685,SBIN059551,Current,Regular,Active,31-07-2024,,0,0
9228219461473,380806995702,UTIB036147,Savings,BSBD,Active,09-05-2019,,0,0
9170011128114,923110330104,UTIB035355,Recurring Deposit,Regular,Active,02-08-2022,,0,0
9267109785480,923110330104,UTIB035355,Savings,Basic,Active,16-10-2018,,0,0
427302434105,398332603137,ICIC057245,Recurring Deposit,Basic,Active,27-02-2022,,0,0
1715805611171,191707620635,IOBA056159,Fixed Deposit,Corporate,Active,06-03-2021,,0,0
12201797958,467047622375,SBIN049210,Salary,Regular,Active,26-07-2024,,0,0
293810694332,289479672137,BKID083288,Savings,Regular,Active,23-02-2023,,0,0
93663010317,289479672137,BKID083288,Savings,Regular,Active,26-05-2023,,0,0
8867697674982505,842580095752,PUNB065015,Salary,Premium,Active,18-04-2020,,0,0
3929584016970665,842580095752,PUNB065015,Savings,Premium,Active,24-07-2021,,0,0
86095709700087,623101505288,KKBK049558,Recurring Deposit,Premium,Active,15-03-2015,,0,0
549102156966,623101505288,KKBK049558,Savings,Regular,Active,25-03-2019,,0,0
89220152747511,655558226515,HDFC097413,Savings,Basic,Active,19-06-2019,,0,0
72147439617356,655558226515,HDFC097413,Fixed Deposit,BSBD,Active,20-01-2024,,0,0
9276339861728,597191117776,UTIB046005,Savings,BSBD,Active,26-09-2023,,0,0
9235432201690,597191117776,UTIB046005,Savings,Basic,Closed,09-03-2023,,0,0
164634747293,431128803410,ICIC042776,Savings,BSBD,Active,08-06-2020,,0,0
984646965381,431128803410,ICIC042776,Current,BSBD,Active,17-08-2023,,0,0
73620896595601,486379056823,HDFC073930,Savings,Basic,Active,18-07-2023,,0,0
651299297396,524694232727,ICIC047250,Savings,BSBD,Active,20-11-2019,,0,0
664398127336,353005451410,ICIC014157,Fixed Deposit,Corporate,Closed,17-04-2022,,0,0
30196637337510,610395275127,BKID093414,Fixed Deposit,Regular,Active,21-03-2021,,0,0
8653041077855,995889706522,IOBA026885,Current,Corporate,Active,19-01-2015,,0,0
1702524392155,995889706522,IOBA026885,Current,Corporate,Active,15-01-2022,,0,0
71458176392225,315878916017,BKID093484,Savings,Basic,Active,29-09-2024,,0,0
2472146762074,828902428647,BKID029416,Savings,Basic,Active,28-04-2024,,0,0
72870938394324,828902428647,BKID029416,Savings,Regular,Active,01-03-2024,,0,0
81070951388,856239239980,CNRB027922,Savings,BSBD,Closed,18-02-2024,,0,0
74078810174279,921974910922,HDFC062578,Savings,BSBD,Active,07-01-2017,,0,0
7434543259883020,700869813587,PUNB088988,Fixed Deposit,Corporate,Active,20-06-2015,,0,0
9206402921375251,700869813587,PUNB088988,Fixed Deposit,Corporate,Closed,20-05-2018,,0,0
9267462615912,129677892206,UTIB063275,Savings,Regular,Active,19-07-2022,,0,0
9239902724968,129677892206,UTIB063275,Savings,Basic,Active,13-12-2023,,0,0
28929633963,212154426340,SBIN060697,Salary,Regular,Active,23-11-2020,,0,0
60508092347,914645277914,SBIN035833,Current,Premium,Active,14-12-2024,,0,0
39903244110,914645277914,SBIN035833,Current,BSBD,Active,06-10-2024,,0,0
494699413611,281143971158,CNRB024556,Savings,Regular,Active,13-01-2022,,0,0
71960506059274,143805074405,HDFC047477,Fixed Deposit,Basic,Active,25-10-2021,,0,0
37254178949823,541134907137,BARB087180,Savings,Regular,Active,18-06-2020,,0,0
6305829180253,399600365875,KKBK080475,Recurring Deposit,Premium,Active,23-11-2020,,0,0
707595601846,730344448233,ICIC039364,Savings,Basic,Active,19-12-2024,,0,0
356907347428,891976214241,BARB051912,Savings,BSBD,Active,16-09-2018,,0,0
63723953377025,341490893861,HDFC062562,Current,Basic,Active,26-08-2023,,0,0
81565268254836,256982694146,HDFC079026,Current,Premium,Active,29-09-2024,,0,0
20022204393456,256982694146,HDFC079026,Salary,Premium,Active,10-06-2024,,0,0
244575116932,725899758651,ICIC086103,Fixed Deposit,Regular,Active,25-05-2023,,0,0
69505136877,512661668692,CNRB081477,Savings,Basic,Active,16-06-2024,,0,0
7482640205313,430438377737,BARB078626,NRE,Regular,Active,28-09-2022,,0,0
1312753675801,796740690516,CNRB080240,Current,Regular,Active,25-10-2024,,0,0
154827103151,796740690516,CNRB080240,Savings,Premium,Active,20-05-2024,,0,0
7976583328853,244789978970,BKID078770,Savings,Regular,Active,26-01-2024,,0,0
787477231366,244789978970,BKID078770,Recurring Deposit,Premium,Frozen,13-10-2021,,0,0
9292859825844,252115111164,UTIB023497,Fixed Deposit,Corporate,Active,06-08-2022,,0,0
9183812328132,228065435646,UTIB094545,Current,BSBD,Active,31-01-2022,,0,0
88513224481539,976922614131,HDFC011392,Savings,BSBD,Active,29-11-2024,,0,0
52716105193702,976922614131,HDFC011392,Current,Regular,Active,21-09-2022,,0,0
19540312633438,331563758802,BARB040753,Savings,Basic,Active,27-07-2019,,0,0
441794048897,331563758802,BARB040753,Salary,Premium,Active,19-12-2024,,0,0
756784996684,404155503221,ICIC060448,Current,Corporate,Dormant,16-11-2024,20-12-2024,0,0
397938342480,404155503221,ICIC060448,Current,Corporate,Active,03-05-2024,,0,0
9165456123993,180530357379,UTIB061251,Current,Regular,Active,02-03-2023,,0,0
5834745233158,880080167967,BARB094338,Savings,Basic,Active,08-10-2021,,0,0
959152791178,560481960676,BARB027256,Fixed Deposit,BSBD,Active,17-05-2023,,0,0
38291200604,210742978938,CNRB048928,Salary,Premium,Active,26-03-2021,,0,0
11445985014,856702910551,SBIN075914,Current,BSBD,Active,28-10-2020,,0,0
87393765890,298643310540,BKID072079,Fixed Deposit,Regular,Active,24-12-2024,,0,0
25165246427,298643310540,BKID072079,Fixed Deposit,Regular,Active,21-08-2024,,0,0
7842260119864,619470034239,IOBA023359,Savings,Basic,Active,27-02-2021,,0,0
8406262650721,619470034239,IOBA023359,Savings,Regular,Dormant,23-02-2021,14-09-2022,0,0
7639114485576409,103097595496,PUNB034624,Current,BSBD,Active,20-12-2021,,0,0
9259632461943,737126612054,UTIB090395,Savings,Premium,Active,19-03-2024,,0,0
9298911645720,737126612054,UTIB090395,Savings,Premium,Active,24-03-2024,,0,0
7874257259471118,574673851873,PUNB030439,Recurring Deposit,Regular,Active,16-01-2024,,0,0
4506587635546468,574673851873,PUNB030439,Salary,BSBD,Active,01-04-2021,,0,0
864442754070,749130073850,IOBA047549,Fixed Deposit,Regular,Active,19-06-2016,,0,0
99129019224,164008673889,IOBA069966,Salary,Premium,Active,16-02-2023,,0,0
52178402836223,164008673889,IOBA069966,Current,Regular,Active,05-07-2022,,0,0
2928612544583692,565256094976,PUNB058001,Salary,Regular,Active,16-02-2022,,0,0
82666033266,815959463973,KKBK017971,Recurring Deposit,Basic,Active,03-05-2022,,0,0
469076238889,815959463973,KKBK017971,Salary,Basic,Dormant,21-01-2023,03-03-2023,0,0
8262509476371506,263013780613,PUNB016516,Salary,Premium,Active,16-11-2024,,0,0
9191625978230,969612059850,UTIB048894,Savings,Basic,Active,14-07-2022,,0,0
845149628373,991452273336,ICIC072661,NRE,Regular,Active,27-09-2024,,0,0
147659933452,991452273336,ICIC072661,NRE,Premium,Active,17-11-2021,,0,0
842248437591,540600916488,ICIC033576,Salary,Basic,Active,12-11-2019,,0,0
429093595905,987025866644,KKBK031524,Savings,Basic,Active,21-12-2021,,0,0
59043666795,987025866644,KKBK031524,Salary,Premium,Active,20-11-2021,,0,0
287787910185,133654765951,ICIC046269,Savings,BSBD,Active,28-02-2024,,0,0
635089208367,133654765951,ICIC046269,Savings,Basic,Active,14-07-2023,,0,0
96303469280,560940172172,SBIN072392,Savings,Regular,Active,09-10-2020,,0,0
25156338256,560940172172,SBIN072392,Salary,Premium,Active,18-07-2024,,0,0
68486640347208,211263909396,BKID020791,Savings,Regular,Active,26-09-2019,,0,0
7225786217181564,752040197193,PUNB048559,Savings,Basic,Active,07-10-2024,,0,0
517116422821,968041745007,ICIC031435,Savings,Premium,Active,21-09-2024,,0,0
116290931387,968041745007,ICIC031435,Savings,Regular,Dormant,22-06-2024,12-09-2024,0,0
659892370282,839008240364,BARB067366,Fixed Deposit,Premium,Active,06-07-2024,,0,0
995826559051,361296845349,IOBA074864,Salary,BSBD,Active,23-10-2021,,0,0
769654665163,361296845349,IOBA074864,Savings,Basic,Active,28-09-2023,,0,0
3434945922081,753815906182,CNRB030786,Recurring Deposit,BSBD,Active,05-04-2024,,0,0
62822553885,883468211857,BARB074158,Current,Regular,Active,16-06-2023,,0,0
12653480434064,883468211857,BARB074158,Current,Regular,Active,20-12-2015,,0,0
153540758943,597708420512,ICIC033542,Current,Premium,Active,13-10-2023,,0,0
4978845064265,747442374079,BKID090418,Current,Basic,Active,03-10-2022,,0,0
788942388359,747442374079,BKID090418,Salary,Premium,Active,25-12-2024,,0,0
357046099636,551502284422,ICIC011243,Fixed Deposit,Regular,Active,29-03-2022,,0,0
371157237791,551502284422,ICIC011243,Fixed Deposit,Regular,Active,12-08-2019,,0,0
4286149815365208,287355889602,PUNB058093,Current,Regular,Active,19-01-2024,,0,0
8259205961431596,287355889602,PUNB058093,Salary,Regular,Active,23-12-2023,,0,0
316027197474,580653437281,KKBK024238,Current,Basic,Active,30-05-2023,,0,0
63488382799443,598727285811,IOBA084658,Savings,Basic,Active,14-09-2024,,0,0
89281394570602,418011529941,BARB043114,Savings,Premium,Active,20-05-2022,,0,0
8721109041907,263810890518,KKBK092816,Savings,Premium,Active,21-09-2019,,0,0
7187528998295,263810890518,KKBK092816,Recurring Deposit,Regular,Dormant,12-07-2019,12-09-2023,0,0
83270983001,506393651896,SBIN065857,Recurring Deposit,Premium,Active,24-08-2024,,0,0
39202555637,506393651896,SBIN065857,Current,BSBD,Active,19-07-2024,,0,0
3894771203673,214615570818,BKID026223,Savings,BSBD,Active,16-09-2024,,0,0
58682514916447,214615570818,BKID026223,Savings,Regular,Active,13-12-2023,,0,0
94180300762777,419294974231,BKID052644,Recurring Deposit,Regular,Active,06-04-2022,,0,0
35367531463991,339025817186,IOBA067274,Current,BSBD,Active,26-03-2023,,0,0
34553420496540,776335666727,HDFC087187,Salary,Regular,Dormant,11-05-2016,08-04-2022,0,0
3640016923414,147068103454,BKID037288,Fixed Deposit,Regular,Active,23-07-2018,,0,0
768538692541,147068103454,BKID037288,Salary,Basic,Active,29-05-2018,,0,0
9202297638158,244406184240,UTIB044492,Current,BSBD,Frozen,30-05-2024,,0,0
5201548696170,603707833917,BARB040663,Savings,Basic,Active,13-06-2021,,0,0
3059504354704,603707833917,BARB040663,Savings,Regular,Active,09-12-2021,,0,0
72846668614800,191099687291,HDFC023097,Salary,BSBD,Active,07-11-2023,,0,0
9124633486032,375370636760,BKID027002,Salary,Basic,Active,21-08-2021,,0,0
9265765626823,825435885857,UTIB096866,Salary,Regular,Active,09-09-2021,,0,0
6832035359174781,579688289050,PUNB014357,Fixed Deposit,Basic,Active,12-01-2023,,0,0
2589161291230108,579688289050,PUNB014357,Salary,Regular,Active,30-04-2023,,0,0
4493046014263,739345885956,KKBK017114,Savings,Basic,Active,15-10-2023,,0,0
94429626560292,739345885956,KKBK017114,Savings,Premium,Active,23-10-2023,,0,0
50073067221672,151853806669,BKID026970,Fixed Deposit,Corporate,Active,07-09-2022,,0,0
46335724381543,151853806669,BKID026970,Current,Regular,Active,28-05-2020,,0,0
1571698803040598,185483963966,PUNB064723,Current,Corporate,Active,06-11-2024,,0,0
4537323916842074,185483963966,PUNB064723,Fixed Deposit,Regular,Active,04-05-2023,,0,0
70498692374,151897434469,IOBA076601,Salary,BSBD,Active,02-05-2023,,0,0
7069479343606,151897434469,IOBA076601,Fixed Deposit,Premium,Active,27-09-2022,,0,0
784382625392,124370341202,ICIC075057,Savings,Premium,Active,09-04-2016,,0,0
94513398140150,188492671787,BKID085905,Current,Basic,Active,21-04-2023,,0,0
318186220283,188492671787,BKID085905,Salary,Premium,Active,10-05-2024,,0,0
24011632949551,681606309589,HDFC031547,Recurring Deposit,BSBD,Active,25-08-2023,,0,0
56004579992096,681606309589,HDFC031547,Savings,Regular,Active,09-07-2024,,0,0
361747623139,506457495379,BARB014741,Recurring Deposit,Regular,Active,05-11-2024,,0,0
68840318835,655849467613,CNRB044692,Salary,Basic,Active,17-07-2022,,0,0
8381645834828976,479594364076,PUNB022377,Fixed Deposit,BSBD,Active,13-12-2020,,0,0
694634293668,609344363772,CNRB031619,Fixed Deposit,Regular,Active,12-02-2022,,0,0
9355406252324,609344363772,CNRB031619,Fixed Deposit,Regular,Active,22-10-2024,,0,0
6917262435426,998809207139,IOBA097220,Salary,Basic,Active,16-11-2021,,0,0
636448712401,998809207139,IOBA097220,Current,Basic,Active,19-12-2022,,0,0
69652979088951,369770085364,BARB010053,Fixed Deposit,Premium,Active,15-09-2024,,0,0
3122848404284,369770085364,BARB010053,Savings,Basic,Active,27-12-2023,,0,0
420759749878,570522050065,KKBK069150,Salary,Premium,Active,18-10-2020,,0,0
16580816144,570522050065,KKBK069150,Current,BSBD,Active,13-11-2022,,0,0
82363154027,721630442523,IOBA092550,Current,Regular,Dormant,06-05-2023,15-07-2023,0,0
773432474863,570993250146,ICIC033875,Fixed Deposit,Regular,Closed,03-06-2018,,0,0
1059655639137272,255161570630,PUNB020630,Fixed Deposit,Regular,Active,07-08-2018,,0,0
9059255806196484,255161570630,PUNB020630,Savings,Premium,Active,21-09-2020,,0,0
8152948426002471,499400617231,PUNB094739,Salary,Premium,Active,17-12-2019,,0,0
1053963823393356,499400617231,PUNB094739,Savings,Premium,Active,04-06-2021,,0,0
841942407165,158794288334,CNRB029392,Salary,Basic,Active,03-07-2023,,0,0
53759553569,158794288334,CNRB029392,Current,Basic,Active,16-09-2023,,0,0
9258469871174,767389058725,UTIB037906,Savings,Basic,Active,21-03-2024,,0,0
748447851385,319341574827,ICIC075385,Salary,Basic,Active,01-05-2023,,0,0
412123876027,319341574827,ICIC075385,Savings,Premium,Active,01-11-2024,,0,0
6815191976658932,299551475357,PUNB083992,Salary,BSBD,Active,07-08-2019,,0,0
3248614277079566,299551475357,PUNB083992,Current,Basic,Active,31-03-2021,,0,0
9242942703011,385249300968,UTIB024419,Savings,Basic,Dormant,21-03-2024,14-09-2024,0,0
621022959728,467305211784,KKBK040937,Current,Regular,Active,29-11-2018,,0,0
4530375774097,467305211784,KKBK040937,Current,Corporate,Active,25-04-2024,,0,0
5656422857304091,232674333083,PUNB012239,Fixed Deposit,Basic,Active,04-09-2022,,0,0
1146318438402999,232674333083,PUNB012239,Salary,BSBD,Active,30-11-2020,,0,0
99967514078,942497373977,CNRB093831,Salary,BSBD,Active,20-01-2018,,0,0
957130840940,354122244210,CNRB047468,NRO,Regular,Active,27-04-2024,,0,0
73016223992,958428951311,SBIN056644,Fixed Deposit,Corporate,Active,10-10-2018,,0,0
95534094827863,541408723095,HDFC071346,Salary,Regular,Active,16-01-2021,,0,0
41485021413157,541408723095,HDFC071346,Salary,Basic,Active,06-03-2023,,0,0
335505791652,851841789776,ICIC088264,Current,Basic,Active,01-10-2024,,0,0
850141615738,851841789776,ICIC088264,Recurring Deposit,BSBD,Active,24-04-2023,,0,0
381438294474,135425259262,ICIC086801,Recurring Deposit,Premium,Active,21-06-2015,,0,0
43453077913232,258596980315,BKID066312,Savings,Regular,Active,03-01-2022,,0,0
1906312592242,898150013744,BKID092315,Fixed Deposit,BSBD,Active,05-03-2019,,0,0
278981219783,898150013744,BKID092315,Savings,Regular,Active,08-11-2018,,0,0
29641277415,341562310814,KKBK084393,Savings,Premium,Active,18-05-2017,,0,0
24313395600,579298483616,SBIN080332,Savings,BSBD,Active,25-05-2020,,0,0
956161936102,575578960337,BKID015307,Savings,BSBD,Frozen,06-06-2022,,0,0
34245546097,413079021191,IOBA066659,Savings,Basic,Active,30-07-2024,,0,0
560197393752,250889499260,ICIC046189,NRO,Regular,Active,13-03-2020,,0,0
664628872183,250889499260,ICIC046189,Savings,Premium,Active,02-02-2024,,0,0
9247995393183,504003846456,UTIB068508,Recurring Deposit,Regular,Active,09-01-2022,,0,0
32095013177497,189742595636,HDFC010012,Savings,Regular,Active,24-12-2023,,0,0
51910781068971,189742595636,HDFC010012,Savings,Regular,Active,05-03-2024,,0,0
111424894477,709855790863,CNRB092798,Savings,Basic,Active,02-09-2023,,0,0
3598171310664,709855790863,CNRB092798,Current,Premium,Active,09-07-2024,,0,0
9232806913284,753129305554,UTIB056145,Savings,BSBD,Active,25-04-2023,,0,0
9127730068894,753129305554,UTIB056145,Current,BSBD,Active,19-11-2022,,0,0
9794562091001,128616371655,IOBA041778,Savings,Basic,Active,13-02-2020,,0,0
2669637684663,246098645721,IOBA084694,Recurring Deposit,Regular,Active,11-10-2021,,0,0
268845854742,479531035236,IOBA063042,Current,Basic,Active,02-07-2024,,0,0
930176013443,196310938570,BKID097239,Savings,BSBD,Closed,27-07-2019,,0,0
883115766913,196310938570,BKID097239,Savings,Premium,Active,28-06-2022,,0,0
86798056725963,329661287721,BARB062625,Current,Corporate,Active,03-12-2024,,0,0
98293946548,329661287721,BARB062625,Fixed Deposit,Regular,Active,02-12-2023,,0,0
9233945495919,968386491312,UTIB012248,Savings,Premium,Active,06-04-2024,,0,0
5217147199437,427007771048,KKBK096982,Savings,Premium,Active,19-06-2022,,0,0
970709932277,101022124126,BKID019879,Savings,BSBD,Active,13-07-2021,,0,0
3522296053645,101022124126,BKID019879,Savings,Basic,Dormant,23-12-2017,06-02-2025,0,0
78514233852693,967726628976,CNRB078717,Fixed Deposit,Basic,Active,17-12-2023,,0,0
5098560340435624,131374966565,PUNB039482,Savings,Premium,Active,20-06-2022,,0,0
400693817329,714354899289,ICIC058938,Savings,Regular,Active,06-09-2024,,0,0
404986255332,714354899289,ICIC058938,Salary,Regular,Active,08-08-2023,,0,0
12479727620,414663941549,SBIN072777,Salary,Premium,Active,23-04-2019,,0,0
37920405314,355966880475,KKBK081183,Salary,Premium,Active,17-11-2021,,0,0
7075519746526,355966880475,KKBK081183,Recurring Deposit,Regular,Active,15-03-2024,,0,0
99167031975301,917403577780,BKID029482,NRE,Regular,Active,16-08-2024,,0,0
65096468624758,485517308520,CNRB077698,Current,Corporate,Active,09-12-2024,,0,0
1813600681620,485517308520,CNRB077698,Current,Corporate,Active,28-04-2023,,0,0
18433364981,197612791536,BARB055223,Fixed Deposit,Premium,Active,15-10-2020,,0,0
3877379868796,197612791536,BARB055223,NRO,Premium,Active,11-03-2020,,0,0
7663788416050592,659601590651,PUNB027905,Recurring Deposit,Premium,Active,17-11-2024,,0,0
7656605301845021,659601590651,PUNB027905,Savings,Basic,Closed,19-09-2024,,0,0
27074078295,535743353789,SBIN028128,Fixed Deposit,Regular,Active,10-07-2021,,0,0
340337453910,218726648534,ICIC059216,Current,Regular,Active,23-11-2020,,0,0
15873709691255,709273624410,BKID029660,Current,Regular,Active,17-01-2021,,0,0
339706117547,306705505939,BKID011002,Current,Basic,Active,17-03-2018,,0,0
356971712376,874944951440,ICIC096707,Recurring Deposit,Basic,Active,24-08-2024,,0,0
568065787399,874944951440,ICIC096707,Savings,BSBD,Closed,05-12-2024,,0,0
9194151357540,791790785475,UTIB046549,Savings,BSBD,Active,03-08-2024,,0,0
29144392518,439637330965,SBIN070034,Recurring Deposit,Premium,Active,01-09-2020,,0,0
37095217200,439637330965,SBIN070034,Current,Premium,Active,23-12-2022,,0,0
299881686980,157153645887,ICIC019141,Savings,Basic,Active,07-05-2022,,0,0
623106173614,157153645887,ICIC019141,Recurring Deposit,Regular,Active,16-08-2019,,0,0
2751193173280,711972539803,IOBA042247,Savings,Basic,Active,24-08-2023,,0,0
91733847191,711972539803,IOBA042247,Savings,BSBD,Active,19-11-2024,,0,0
94090075877,260105461001,SBIN082302,Savings,BSBD,Active,30-09-2020,,0,0
347790820831,428312966424,ICIC084386,Savings,Premium,Active,27-02-2023,,0,0
83784067686,190388697926,IOBA080974,Savings,Basic,Active,13-11-2022,,0,0
5342739061983526,969076419482,PUNB011674,Savings,Regular,Active,11-05-2023,,0,0
447419996460,415150652545,ICIC064506,Savings,Basic,Active,02-05-2024,,0,0
4681830448203,647629317349,CNRB018715,Current,Basic,Active,15-12-2023,,0,0
104694728436,739533509906,CNRB063233,Salary,Regular,Active,30-07-2017,,0,0
13314238791402,739533509906,CNRB063233,Salary,Premium,Active,29-09-2016,,0,0
75917991915218,613400838730,IOBA016224,Savings,Premium,Active,29-11-2021,,0,0
907608364558,613400838730,IOBA016224,Recurring Deposit,BSBD,Active,13-04-2019,,0,0
48679055529634,958575213223,CNRB033364,Fixed Deposit,Regular,Active,26-11-2024,,0,0
81159381829,958575213223,CNRB033364,Current,Regular,Active,22-11-2023,,0,0
6052003100285,968075966554,CNRB030412,Fixed Deposit,BSBD,Active,06-07-2019,,0,0
949821549591,968075966554,CNRB030412,Salary,BSBD,Active,26-12-2022,,0,0
3571355503971,250970321036,CNRB080683,Savings,Regular,Active,25-09-2021,,0,0
124368406213,826992662459,ICIC079306,Current,Regular,Active,02-05-2021,,0,0
298348596916,826992662459,ICIC079306,Salary,Basic,Active,25-07-2020,,0,0
51861129770,284373456303,SBIN093726,Savings,BSBD,Active,16-09-2024,,0,0
18811118999,284373456303,SBIN093726,Savings,BSBD,Active,03-12-2024,,0,0
73946514805,909827569411,IOBA091764,Savings,Basic,Active,14-08-2020,,0,0
24578778169659,320117464246,IOBA082957,Salary,Premium,Active,17-12-2024,,0,0
571804312214,320117464246,IOBA082957,Current,Basic,Active,06-02-2023,,0,0
55620770596983,472177311093,BKID081249,Recurring Deposit,Basic,Active,10-07-2017,,0,0
564376558281,795153567169,BARB057086,Savings,Regular,Active,02-12-2022,,0,0
67412738891615,791597069833,IOBA092640,NRO,Regular,Active,10-11-2024,,0,0
326642617638,605272020849,CNRB098985,Fixed Deposit,Regular,Active,26-10-2024,,0,0
64992965739,537389312093,IOBA025112,Savings,Regular,Active,23-07-2024,,0,0
10010100098,234406053134,BKID066914,Savings,Basic,Closed,02-09-2023,,0,0
2663299902371,234406053134,BKID066914,Current,BSBD,Closed,28-11-2022,,0,0
94489188421,799120139889,CNRB087391,Current,Regular,Dormant,29-01-2024,18-11-2024,0,0
676719450801,229074384926,KKBK033350,Current,Premium,Closed,28-08-2024,,0,0
8841991886534,229074384926,KKBK033350,Current,Basic,Active,18-07-2024,,0,0
207566023700,581761408216,IOBA046873,Savings,Regular,Active,30-04-2015,,0,0
9208932621008,802069933830,UTIB030895,NRE,Regular,Active,05-09-2018,,0,0
52225048963850,958702442313,BKID077007,Savings,Basic,Active,25-12-2021,,0,0
5576452197895700,194403415352,PUNB061583,Fixed Deposit,Corporate,Active,12-03-2021,,0,0
6324522356634379,194403415352,PUNB061583,Fixed Deposit,Regular,Active,09-11-2017,,0,0
30369211036,622675653256,SBIN018049,Salary,Basic,Active,10-12-2022,,0,0
18723485623,625103945619,BKID066201,Savings,Regular,Active,17-05-2023,,0,0
54808284970,625103945619,BKID066201,Salary,Premium,Active,21-09-2022,,0,0
721725638966,504752214411,ICIC051794,Savings,Premium,Active,29-07-2018,,0,0
294921204066,504752214411,ICIC051794,Current,Basic,Dormant,15-03-2020,14-06-2022,0,0
9293034301894,240326112716,UTIB023900,Savings,Basic,Active,18-12-2024,,0,0
9102170669843,998378873522,UTIB029471,Salary,BSBD,Active,04-12-2017,,0,0
9269329055815,998378873522,UTIB029471,Salary,Regular,Active,03-05-2023,,0,0
5733101546608,121422855929,IOBA013429,Current,Regular,Active,25-08-2019,,0,0
8395123514731,121422855929,IOBA013429,Recurring Deposit,Premium,Active,18-11-2021,,0,0
4097935005168,607577319004,CNRB052843,Fixed Deposit,Premium,Active,15-10-2022,,0,0
19801898142419,607577319004,CNRB052843,Savings,Regular,Active,05-09-2020,,0,0
55340528664786,506969784715,KKBK015539,Savings,Regular,Active,25-09-2021,,0,0
67784487996785,254095908050,BARB088755,NRO,Premium,Active,02-10-2022,,0,0
2826694849320,254095908050,BARB088755,NRO,Premium,Active,04-08-2024,,0,0
55721705331,153380997093,CNRB048735,Fixed Deposit,Basic,Active,05-01-2023,,0,0
59584313149,153380997093,CNRB048735,Savings,Premium,Active,03-06-2023,,0,0
1303280774759765,347171423520,PUNB064080,Savings,Basic,Active,12-12-2022,,0,0
8837288681368084,347171423520,PUNB064080,Savings,Basic,Active,01-08-2023,,0,0
57629457501763,605509455902,BKID049753,Recurring Deposit,Basic,Active,10-07-2020,,0,0
279990355797,983095989774,ICIC031012,Savings,BSBD,Active,07-08-2020,,0,0
17683379582,290450842124,IOBA047039,Fixed Deposit,BSBD,Active,06-01-2017,,0,0
15061601216382,628278406242,BARB023122,Recurring Deposit,Premium,Active,14-04-2024,,0,0
8299205895244,628278406242,BARB023122,Savings,Premium,Active,03-11-2024,,0,0
726924470236,338903624978,ICIC023264,Current,Regular,Closed,17-07-2024,,0,0
657209157219,338903624978,ICIC023264,Salary,Premium,Closed,06-05-2024,,0,0
600612412475,356319217762,CNRB099059,Savings,Regular,Active,08-07-2024,,0,0
7634664135931969,558354587990,PUNB075051,Savings,Regular,Active,21-09-2024,,0,0
465736657402,816321047419,ICIC029565,Savings,Regular,Active,16-05-2022,,0,0
122674254819,435200529552,ICIC047523,Salary,Regular,Active,16-11-2024,,0,0
321180271188,435200529552,ICIC047523,Salary,Basic,Active,31-08-2023,,0,0
9266980670567,864331152235,UTIB089226,Fixed Deposit,Corporate,Active,04-10-2021,,0,0
9286386068957,913854106441,UTIB019623,Savings,Basic,Active,14-09-2024,,0,0
375773881417,365494828085,ICIC015433,Savings,Regular,Active,16-07-2024,,0,0
794263978137,917892609133,ICIC077719,Salary,Regular,Active,05-03-2020,,0,0
722369508137,917892609133,ICIC077719,Recurring Deposit,Basic,Active,01-03-2023,,0,0
52311586613,465352565022,BARB022424,Savings,Premium,Active,16-03-2017,,0,0
585677350491,808398895824,BKID041864,Current,Regular,Active,11-11-2023,,0,0
87636569793622,539909900673,CNRB029409,Savings,BSBD,Active,07-02-2024,,0,0
80567562653368,539909900673,CNRB029409,Salary,Regular,Active,21-12-2023,,0,0
29112136981,657166740112,SBIN042773,Salary,Premium,Active,16-08-2023,,0,0
36673166458,548909588077,IOBA042167,Savings,Basic,Active,10-06-2021,,0,0
99032315510772,964640752977,CNRB033592,Fixed Deposit,BSBD,Active,22-11-2023,,0,0
55964100650,964640752977,CNRB033592,Salary,Basic,Active,27-06-2022,,0,0
1252412090924,788708615883,BARB087635,Savings,Regular,Dormant,04-05-2021,11-12-2022,0,0
97712066537437,368059974466,IOBA076896,Salary,Basic,Active,21-10-2024,,0,0
17767613703058,423304412549,BARB061980,Salary,Regular,Active,24-11-2020,,0,0
74044722835806,533440823219,KKBK073357,Current,Premium,Active,16-10-2024,,0,0
88797783614,607918002988,BKID097699,Recurring Deposit,Basic,Active,15-09-2022,,0,0
706488756948,922488421998,ICIC053805,Salary,Basic,Active,17-07-2022,,0,0
332302150591,927441510981,IOBA055443,Savings,Basic,Active,15-03-2020,,0,0
62516760345,927441510981,IOBA055443,Savings,Premium,Active,15-01-2021,,0,0
50358784392638,240217203222,KKBK018628,Recurring Deposit,Basic,Active,25-12-2023,,0,0
4677836450179,119916912457,BARB069012,Salary,Basic,Active,26-01-2021,,0,0
7741921090647,119916912457,BARB069012,Savings,Regular,Active,16-09-2021,,0,0
416407923968,319363396965,KKBK018830,Fixed Deposit,Basic,Active,28-06-2024,,0,0
665671150367,924837694950,ICIC045928,Savings,BSBD,Active,16-02-2017,,0,0
946271738100,924837694950,ICIC045928,Salary,Premium,Active,01-04-2018,,0,0
8211590391721,159836551300,IOBA021009,Current,Corporate,Active,12-02-2024,,0,0
42552310300509,626943657822,HDFC055439,Fixed Deposit,Regular,Active,01-07-2018,,0,0
33250996644938,626943657822,HDFC055439,NRO,Premium,Frozen,23-02-2023,,0,0
3216829692670,978002858791,BARB029872,Savings,BSBD,Active,05-03-2023,,0,0
258702901263,586053786083,ICIC070290,Salary,Basic,Active,24-09-2022,,0,0
744991569792,586053786083,ICIC070290,Savings,BSBD,Active,22-12-2024,,0,0
34508300014462,871026094420,IOBA088649,Salary,Basic,Active,04-04-2024,,0,0
258726040754,871026094420,IOBA088649,Savings,BSBD,Active,11-12-2022,,0,0
18451635742,254588037839,BARB016198,Fixed Deposit,Basic,Dormant,01-05-2021,20-04-2024,0,0
480935822306,254588037839,BARB016198,Salary,Premium,Active,11-10-2020,,0,0
47062898190748,180417477406,BKID043143,Recurring Deposit,Basic,Active,16-09-2024,,0,0
6225479324835,180417477406,BKID043143,Salary,Basic,Active,10-07-2023,,0,0
261702943080,803584464187,BKID019082,Savings,Premium,Active,18-07-2019,,0,0
91069269467,803584464187,BKID019082,Current,BSBD,Active,08-11-2016,,0,0
48080962305,474028987859,SBIN032073,Savings,BSBD,Active,05-09-2024,,0,0
88620126555,448646137880,SBIN073489,Salary,BSBD,Active,10-07-2024,,0,0
1057712941919146,935573623829,PUNB084908,Current,Regular,Active,16-06-2020,,0,0
1884476111435624,935573623829,PUNB084908,Salary,Basic,Active,08-09-2018,,0,0
54248262491186,182806769729,KKBK073180,Salary,BSBD,Active,09-11-2023,,0,0
89709483713952,182806769729,KKBK073180,Recurring Deposit,Regular,Active,10-02-2024,,0,0
34725800033,910140549123,SBIN048191,Savings,Basic,Active,19-08-2024,,0,0
15930005655,910140549123,SBIN048191,Savings,Premium,Active,23-09-2023,,0,0
97656372388640,795887907632,HDFC048623,Recurring Deposit,Regular,Active,09-12-2022,,0,0
48298262891112,795887907632,HDFC048623,Salary,Regular,Active,11-06-2018,,0,0
4988965037140217,261274689507,PUNB092604,Current,Regular,Active,29-04-2019,,0,0
545586609477,647116180200,IOBA085647,Fixed Deposit,Premium,Active,23-08-2020,,0,0
8287691862092,647116180200,IOBA085647,Fixed Deposit,Basic,Active,02-12-2023,,0,0
85476399967,105899845530,SBIN048187,Savings,Basic,Active,02-07-2024,,0,0
27000834554,105899845530,SBIN048187,Fixed Deposit,Regular,Active,08-04-2024,,0,0
939151195523,841199309488,IOBA051262,Salary,Regular,Active,13-04-2019,,0,0
468755038349,841199309488,IOBA051262,Recurring Deposit,Basic,Active,15-05-2021,,0,0
537118378579,639792136518,ICIC015156,Recurring Deposit,Basic,Active,20-11-2020,,0,0
9277745280777,555019332983,CNRB072356,Salary,Premium,Active,10-07-2022,,0,0
7617188155334,555019332983,CNRB072356,Savings,BSBD,Active,16-06-2023,,0,0
2035689201468,874156815765,KKBK078733,Current,Corporate,Active,27-06-2022,,0,0
30125142803873,874156815765,KKBK078733,Fixed Deposit,Regular,Active,01-01-2021,,0,0
9199755367292,680579718569,UTIB043085,Fixed Deposit,Premium,Active,24-05-2022,,0,0
310793187062,580525635350,CNRB042354,Recurring Deposit,Premium,Active,05-04-2024,,0,0
930874204602,555274550166,ICIC010772,Savings,BSBD,Dormant,30-09-2019,05-11-2022,0,0
2029179190520,983025076350,CNRB024536,Salary,Premium,Active,30-03-2019,,0,0
10763640510,257600578973,CNRB078078,Current,Premium,Active,30-08-2023,,0,0
6196471497485715,592987894203,PUNB053487,Salary,Premium,Closed,03-04-2022,,0,0
7401735826616047,592987894203,PUNB053487,Fixed Deposit,Premium,Active,05-07-2021,,0,0
59993921628,189152552108,SBIN010907,NRO,Premium,Active,23-09-2024,,0,0
38879329109,189152552108,SBIN010907,Savings,Premium,Active,20-04-2024,,0,0
888876570415,853184989836,KKBK083486,Salary,Regular,Active,08-06-2022,,0,0
9245628364463,167818188742,UTIB030900,Current,Corporate,Dormant,11-01-2018,16-06-2021,0,0
9170090131691,167818188742,UTIB030900,Fixed Deposit,Corporate,Active,19-05-2016,,0,0
6099376713353,778504528192,IOBA097840,Salary,Regular,Active,04-02-2018,,0,0
19502725420713,400708641630,BARB055470,NRE,Premium,Active,20-11-2024,,0,0
81009180085387,400708641630,BARB055470,NRO,Regular,Active,13-08-2024,,0,0
675659844468,501885531547,IOBA034717,Fixed Deposit,BSBD,Active,20-01-2021,,0,0
55054491786335,501885531547,IOBA034717,Savings,Basic,Active,09-08-2024,,0,0
9242483822920,628292074099,UTIB020619,Salary,Basic,Active,25-11-2024,,0,0
9144199201724,628292074099,UTIB020619,Savings,Premium,Active,02-01-2023,,0,0
3513824233159676,939928279648,PUNB011879,Salary,Regular,Active,06-11-2023,,0,0
48153381789560,190690410408,HDFC056980,Savings,BSBD,Active,25-04-2022,,0,0
37074271370182,190690410408,HDFC056980,Salary,BSBD,Closed,13-10-2024,,0,0
9103196403310,771477952885,UTIB055125,Salary,Regular,Active,13-06-2024,,0,0
1909549997337,505590527430,BKID038215,Fixed Deposit,BSBD,Active,01-11-2024,,0,0
38623262440,505590527430,BKID038215,Current,Basic,Active,15-12-2022,,0,0
61095121844,636764856162,BKID096892,Fixed Deposit,Corporate,Active,26-12-2022,,0,0
3701823929756,636764856162,BKID096892,Fixed Deposit,Regular,Active,04-03-2024,,0,0
928329049655,155224950137,ICIC030446,Salary,Premium,Dormant,25-11-2020,15-02-2024,0,0
771774314903,155224950137,ICIC030446,Salary,BSBD,Active,29-04-2021,,0,0
64233847362898,365016813780,HDFC040347,Savings,BSBD,Dormant,05-08-2018,31-03-2020,0,0
7230796619501271,891795992351,PUNB025510,Savings,Regular,Active,24-07-2021,,0,0
6336561165740901,891795992351,PUNB025510,Salary,BSBD,Active,26-12-2017,,0,0
2868419984149,434383551558,IOBA085833,Fixed Deposit,BSBD,Active,30-09-2024,,0,0
6402621380793,434383551558,IOBA085833,Savings,Premium,Active,23-07-2024,,0,0
9121165795687,235997631395,UTIB085707,NRE,Premium,Active,18-05-2018,,0,0
9188124826750,235997631395,UTIB085707,NRE,Regular,Active,14-09-2023,,0,0
58677229424,763560979619,KKBK018540,Savings,Premium,Active,27-05-2023,,0,0
487638636833,721996117997,IOBA055233,Current,Premium,Active,14-01-2024,,0,0
86406995791131,721996117997,IOBA055233,Savings,Premium,Active,22-06-2024,,0,0
983236114823,451790668466,ICIC055104,Savings,Regular,Active,21-12-2024,,0,0
121810494008,451790668466,ICIC055104,Fixed Deposit,Premium,Frozen,26-08-2024,,0,0
4928736031908962,535132952580,PUNB072973,Fixed Deposit,Regular,Active,05-07-2020,,0,0
442987554089,400188379964,ICIC052108,Fixed Deposit,Corporate,Active,13-07-2023,,0,0
7418732061422732,792532708803,PUNB051575,Savings,BSBD,Active,25-06-2022,,0,0
4984492251125670,792532708803,PUNB051575,Current,Basic,Active,31-01-2024,,0,0
327622496918,343161658515,CNRB057249,Salary,Basic,Active,04-03-2023,,0,0
8852070265834,343161658515,CNRB057249,Savings,BSBD,Active,10-02-2023,,0,0
9659467377596374,918740750144,PUNB011828,Current,Corporate,Frozen,19-01-2019,,0,0
2079808024196839,918740750144,PUNB011828,Current,Corporate,Active,27-05-2018,,0,0
44457981621059,993460130324,HDFC059875,Current,BSBD,Active,28-06-2024,,0,0
9169723775373,241021030678,UTIB056710,Salary,BSBD,Active,10-07-2024,,0,0
9169456203961,241021030678,UTIB056710,Savings,Premium,Active,14-08-2020,,0,0
84739573459,691792635816,IOBA089501,Savings,Basic,Active,13-04-2018,,0,0
92863019321727,691792635816,IOBA089501,Recurring Deposit,Regular,Active,18-05-2020,,0,0
277728925960,615197430243,ICIC067865,Savings,Basic,Active,15-09-2022,,0,0
8595983475698,515315560937,IOBA024323,Current,Regular,Active,03-10-2018,,0,0
7234235264365,515315560937,IOBA024323,Current,Corporate,Dormant,02-09-2015,07-09-2023,0,0
913359980463,331583885233,IOBA076163,Salary,BSBD,Active,04-09-2024,,0,0
32933071197,702482340980,SBIN088386,Savings,Premium,Active,04-09-2019,,0,0
490081953614,290467882249,BKID082544,Savings,BSBD,Active,12-10-2023,,0,0
83639444644,290467882249,BKID082544,Savings,Regular,Active,14-03-2023,,0,0
9953897697069030,250159056878,PUNB014191,Savings,Regular,Active,15-12-2021,,0,0
259109402901,753909899293,CNRB082966,Salary,Basic,Active,24-09-2023,,0,0
371630778649,753909899293,CNRB082966,Savings,Premium,Active,08-05-2022,,0,0
647654870570,792194065348,CNRB040020,Current,Regular,Active,30-10-2024,,0,0
9801984641630,792194065348,CNRB040020,Savings,Premium,Closed,27-12-2024,,0,0
7995397833424,644968091589,CNRB092439,Savings,Regular,Active,16-05-2022,,0,0
9144794605266,142728882553,UTIB098301,Recurring Deposit,Premium,Active,27-10-2018,,0,0
9105324909748,142728882553,UTIB098301,Fixed Deposit,Premium,Active,06-12-2023,,0,0
1907361918263,118332343013,CNRB062753,Salary,BSBD,Active,02-10-2024,,0,0
58034778934592,477075991529,HDFC076940,NRO,Regular,Active,19-01-2022,,0,0
459881552128,849130583254,KKBK036453,Recurring Deposit,Regular,Active,02-06-2023,,0,0
3044786219407,849130583254,KKBK036453,Savings,BSBD,Active,23-08-2021,,0,0
31841163321,366532528291,CNRB018391,Fixed Deposit,Regular,Frozen,25-01-2024,,0,0
9284764797346,657691350981,UTIB046297,Savings,Premium,Active,01-12-2022,,0,0
6977570332662218,942654278897,PUNB018786,Recurring Deposit,Premium,Active,14-05-2024,,0,0
9739988164469,137461717786,BARB060843,Recurring Deposit,Regular,Active,26-01-2022,,0,0
925261218357,316826758566,ICIC080829,Savings,Regular,Dormant,27-01-2023,18-05-2024,0,0
4319228383956,536268203769,IOBA087804,Fixed Deposit,Premium,Active,01-12-2019,,0,0
9180265718540,375058857639,UTIB038193,Current,Basic,Active,07-10-2019,,0,0
9263800716597,375058857639,UTIB038193,Savings,BSBD,Active,04-01-2023,,0,0
18993117205829,581760485653,BARB020795,Salary,Basic,Active,11-10-2018,,0,0
5337189134395,581760485653,BARB020795,Current,Basic,Active,11-11-2019,,0,0
537940091806,142910057501,ICIC054145,Fixed Deposit,Corporate,Dormant,08-09-2023,27-07-2024,0,0
6058791658452231,401541530801,PUNB013237,Savings,Premium,Active,07-11-2024,,0,0
3270369944522326,401541530801,PUNB013237,Current,Premium,Active,02-01-2022,,0,0
7847392267064,121856857386,BARB083054,Fixed Deposit,Premium,Active,05-11-2020,,0,0
3086060919861,121856857386,BARB083054,Savings,BSBD,Active,22-11-2021,,0,0
887203508963,888284461851,BARB073708,Fixed Deposit,Regular,Active,29-11-2018,,0,0
18442585184,284857525788,BARB047098,Current,Basic,Active,05-05-2016,,0,0
37426743272629,692418938529,HDFC058743,Recurring Deposit,Regular,Active,03-05-2024,,0,0
9286954935884,698631921232,UTIB098092,NRE,Regular,Active,10-11-2024,,0,0
98813780412,845243898070,BARB037869,Salary,BSBD,Active,02-09-2024,,0,0
1970633344494,845243898070,BARB037869,Salary,BSBD,Active,03-11-2023,,0,0
98358163174,304840286300,BKID079303,Current,BSBD,Active,09-02-2023,,0,0
68804961154583,304840286300,BKID079303,Fixed Deposit,Regular,Active,12-11-2024,,0,0
49504765790239,975269626141,HDFC067547,Current,Regular,Dormant,19-10-2022,11-03-2024,0,0
85669753228296,975269626141,HDFC067547,Savings,Basic,Active,22-06-2020,,0,0
63200248983,904585088091,IOBA038171,Salary,Premium,Active,08-09-2018,,0,0
474122221873,627456120674,IOBA058115,Savings,Premium,Dormant,13-12-2024,13-12-2024,0,0
99341703523944,627456120674,IOBA058115,Savings,Basic,Active,17-10-2022,,0,0
17794753931321,583935267905,HDFC092964,Savings,Premium,Active,07-11-2024,,0,0
7557534900914490,298920514044,PUNB046049,Salary,Regular,Active,28-06-2023,,0,0
38400373653756,632858451025,BKID052442,Savings,Basic,Active,17-01-2020,,0,0
402499544918,632858451025,BKID052442,Savings,BSBD,Active,19-12-2024,,0,0
29284482018,578607970659,SBIN066108,Savings,Premium,Dormant,14-07-2024,08-09-2024,0,0
59184900296,578607970659,SBIN066108,Salary,Regular,Active,03-10-2024,,0,0
25275401467,823971095111,SBIN044742,Current,BSBD,Active,01-12-2022,,0,0
43551104433,823971095111,SBIN044742,Savings,BSBD,Dormant,09-03-2023,14-10-2024,0,0
43268249326,348277208760,BARB047932,Fixed Deposit,Regular,Closed,06-04-2024,,0,0
51415218449,348277208760,BARB047932,Savings,Premium,Active,15-07-2024,,0,0
52675604431,252090582082,SBIN023995,Savings,BSBD,Active,29-09-2023,,0,0
537026551496,327892406120,KKBK091824,Salary,Regular,Closed,24-06-2023,,0,0
4241698839576,327892406120,KKBK091824,Current,BSBD,Active,16-11-2024,,0,0
241085077871,468383216911,ICIC098055,Current,Basic,Active,19-02-2019,,0,0
9462130403706,739976346010,BKID025553,Recurring Deposit,Regular,Active,02-05-2024,,0,0
8227544986245527,798765007395,PUNB047015,Savings,Premium,Active,03-11-2021,,0,0
8343537223511279,798765007395,PUNB047015,Recurring Deposit,Basic,Active,14-11-2020,,0,0
71212212809,360076285626,SBIN055783,Recurring Deposit,Regular,Active,28-02-2024,,0,0
37219330061,360076285626,SBIN055783,Salary,BSBD,Active,15-12-2024,,0,0
60055065805260,266680473251,IOBA093578,Savings,Premium,Active,20-11-2022,,0,0
45375192274841,266680473251,IOBA093578,Savings,Premium,Closed,20-08-2022,,0,0
750450908625,815776843148,BARB073979,Savings,Premium,Active,08-01-2023,,0,0
141256231792,679396487640,IOBA050183,Current,BSBD,Active,31-08-2024,,0,0
11420943035,748914247263,CNRB078215,Savings,BSBD,Active,31-03-2020,,0,0
3568173068472540,137303809077,PUNB057102,Recurring Deposit,Regular,Active,22-06-2021,,0,0
3902253795077843,931358079875,PUNB079988,Savings,Premium,Active,19-06-2021,,0,0
10041613943,330704352352,IOBA058451,Salary,Premium,Active,07-05-2023,,0,0
33241602236869,330704352352,IOBA058451,Savings,Regular,Active,23-08-2023,,0,0
85727613654,231849870636,BKID068476,Salary,BSBD,Active,10-08-2021,,0,0
31547400911,191066796274,SBIN029368,Savings,BSBD,Dormant,03-05-2022,09-11-2024,0,0
947184367079,648272681172,CNRB048110,Salary,Basic,Active,24-12-2021,,0,0
3618397319300,648272681172,CNRB048110,Salary,BSBD,Dormant,20-04-2021,26-01-2023,0,0
507846375749,877646522335,ICIC025241,Savings,Basic,Active,05-02-2023,,0,0
57592561639985,164427400047,BKID050387,Salary,Regular,Frozen,06-06-2023,,0,0
86713189650,164427400047,BKID050387,Salary,Basic,Active,11-07-2023,,0,0
7356904775728,886015847721,KKBK018043,Current,Corporate,Active,26-07-2024,,0,0
22875358760,294581785134,SBIN064284,Savings,BSBD,Active,14-06-2024,,0,0
66273592249,294581785134,SBIN064284,Savings,Basic,Active,12-10-2019,,0,0
9431269329265,521145467021,KKBK052449,Savings,Premium,Active,31-03-2023,,0,0
87793368907770,521145467021,KKBK052449,Savings,Regular,Active,26-02-2023,,0,0
9290936968503,595056064111,UTIB066666,Savings,Regular,Dormant,23-03-2024,01-10-2024,0,0
9195192192585,595056064111,UTIB066666,Savings,BSBD,Active,28-12-2024,,0,0
42864945100,708982712525,CNRB036218,Fixed Deposit,Corporate,Active,17-08-2015,,0,0
4091989818802,708982712525,CNRB036218,Fixed Deposit,Regular,Active,01-08-2022,,0,0
40686794430087,197920523394,CNRB018801,Savings,Basic,Active,20-03-2022,,0,0
501853175097,409611181614,BKID059270,Savings,Premium,Active,23-10-2020,,0,0
49409425385362,409611181614,BKID059270,Recurring Deposit,Basic,Active,04-02-2021,,0,0
9292732824893,263937688739,UTIB014162,Savings,Premium,Active,09-06-2023,,0,0
6176275879759520,662945046173,PUNB055061,Savings,Basic,Active,16-03-2024,,0,0
5336614846705135,662945046173,PUNB055061,Savings,Premium,Active,14-06-2017,,0,0
59140427770550,564555243661,HDFC063924,Savings,BSBD,Active,07-12-2024,,0,0
56578196405026,440644304603,KKBK058588,Savings,Premium,Active,09-10-2022,,0,0
43223649426865,556466773498,BARB086864,Fixed Deposit,Basic,Active,16-07-2024,,0,0
29515173680332,556466773498,BARB086864,Recurring Deposit,Regular,Active,11-08-2018,,0,0
25168857622,866813130150,SBIN073450,Recurring Deposit,BSBD,Active,02-10-2024,,0,0
14349132012545,120862376479,HDFC016065,Current,Corporate,Active,07-04-2020,,0,0
9101121121320,888593528004,UTIB016825,Recurring Deposit,BSBD,Active,24-09-2021,,0,0
9282006262645,888593528004,UTIB016825,Salary,Premium,Active,01-01-2020,,0,0
1530941708830,522236242460,BKID095468,Current,Regular,Active,06-06-2023,,0,0
2739229376299,522236242460,BKID095468,Fixed Deposit,BSBD,Active,25-07-2023,,0,0
506539304067,612387185733,IOBA077301,Savings,Basic,Active,30-09-2023,,0,0
3437400250027277,886814108140,PUNB095853,Savings,Basic,Active,12-05-2024,,0,0
79254276552747,432253587707,IOBA042295,Current,Basic,Active,22-09-2020,,0,0
41234966682295,553263259836,BARB059931,Current,Regular,Active,14-10-2024,,0,0
20786874494,390253006701,IOBA050377,Salary,Regular,Active,01-05-2023,,0,0
82219765845,390253006701,IOBA050377,Current,Regular,Active,27-02-2023,,0,0
216449604949,343475287426,IOBA059029,Current,Basic,Active,03-10-2020,,0,0
48462600801398,343475287426,IOBA059029,Savings,BSBD,Active,23-05-2017,,0,0
9102827532776,998188478822,UTIB079162,Salary,Basic,Active,21-08-2021,,0,0
9281593132036,998188478822,UTIB079162,Salary,BSBD,Active,13-10-2021,,0,0
129877849781,931622055871,ICIC088799,Savings,BSBD,Active,01-11-2020,,0,0
142838401897,567310145331,ICIC014204,Current,Corporate,Active,12-08-2023,,0,0
361746027277,567310145331,ICIC014204,Current,Regular,Active,21-01-2024,,0,0
55787296592,251836664584,BARB042221,NRO,Premium,Active,11-03-2024,,0,0
7852163667670,251836664584,BARB042221,Fixed Deposit,Regular,Active,20-06-2024,,0,0
38816819848,426706026108,BARB057985,Salary,BSBD,Active,02-09-2024,,0,0
25833570867947,426706026108,BARB057985,Savings,Basic,Active,28-07-2024,,0,0
92659364993683,745279303209,HDFC045047,Recurring Deposit,Premium,Active,08-11-2024,,0,0
12760040136627,745279303209,HDFC045047,Current,Basic,Active,16-12-2022,,0,0
824891503820,654429616764,BARB049768,Savings,BSBD,Active,18-08-2021,,0,0
715522617798,654429616764,BARB049768,Savings,BSBD,Active,18-08-2022,,0,0
84971472251,939514789594,SBIN015196,NRO,Regular,Active,03-10-2024,,0,0
5640470923509,621708897396,BKID018821,Savings,Regular,Active,03-11-2024,,0,0
6193143995683,292794727647,IOBA030368,Savings,Basic,Active,07-10-2024,,0,0
704745974236,253234497547,BARB020124,Savings,Premium,Active,08-06-2019,,0,0
86037953663,253234497547,BARB020124,Savings,Regular,Active,26-08-2018,,0,0
174978175186,107243618743,CNRB085360,Salary,Basic,Active,02-12-2023,,0,0
440685521884,107243618743,CNRB085360,Fixed Deposit,Regular,Active,14-03-2019,,0,0
5577935240766,426667583517,BARB048333,Savings,Premium,Active,08-11-2024,,0,0
68063363813716,227146371148,KKBK010082,Fixed Deposit,Corporate,Active,12-11-2017,,0,0
40366598691153,227146371148,KKBK010082,Fixed Deposit,Regular,Active,05-09-2020,,0,0
992468191974,827925968783,ICIC052504,Salary,Basic,Active,27-09-2022,,0,0
9176752269012,131444079141,UTIB016977,Current,Regular,Active,19-09-2021,,0,0
70827715591464,612569252729,IOBA012957,Salary,Regular,Active,19-04-2024,,0,0
78062642302,612569252729,IOBA012957,Current,Basic,Active,22-01-2024,,0,0
717668682355,571070300651,IOBA040663,Salary,Premium,Active,22-05-2024,,0,0
477398996397,571070300651,IOBA040663,Savings,Basic,Active,16-08-2021,,0,0
27440400592166,631301475168,IOBA028031,Savings,Regular,Active,21-06-2019,,0,0
27862055676,631301475168,IOBA028031,Savings,Basic,Active,21-07-2020,,0,0
853982860692,488880953633,ICIC095910,Fixed Deposit,Regular,Closed,31-05-2021,,0,0
99483093616,718436178697,IOBA042561,Salary,BSBD,Active,17-06-2023,,0,0
66578722780,926052810560,SBIN077539,Salary,BSBD,Active,03-11-2021,,0,0
79480484273,926052810560,SBIN077539,Salary,Basic,Active,02-11-2019,,0,0
95102406990381,586060207067,HDFC073702,Savings,Regular,Active,17-04-2024,,0,0
235882391894,508782562838,BKID016048,Savings,BSBD,Active,23-04-2024,,0,0
6489873403523,272537394312,BARB039065,Savings,Premium,Active,12-01-2023,,0,0
998480555364,272537394312,BARB039065,Savings,Premium,Active,09-03-2020,,0,0
7478618237622589,374418075056,PUNB023240,Salary,Basic,Closed,13-09-2021,,0,0
4403834445123831,962299446891,PUNB038910,Fixed Deposit,Corporate,Active,03-01-2016,,0,0
2781549216970818,962299446891,PUNB038910,Fixed Deposit,Regular,Active,06-02-2015,,0,0
29546769019,775761306727,SBIN055148,Recurring Deposit,BSBD,Active,07-11-2024,,0,0
53278870298,775761306727,SBIN055148,Salary,Regular,Active,09-12-2024,,0,0
35677997998,430454195654,BKID085774,Savings,Basic,Active,10-11-2022,,0,0
99784278195619,760605629604,IOBA077187,Fixed Deposit,Regular,Active,18-05-2022,,0,0
61212188690,808790779573,SBIN056451,Current,Corporate,Active,27-09-2024,,0,0
28029201741,808790779573,SBIN056451,Fixed Deposit,Corporate,Active,02-10-2023,,0,0
905713484199,901139290809,ICIC060448,Savings,Premium,Active,10-03-2023,,0,0
49551645592,476347943582,SBIN093880,Current,Basic,Active,13-09-2023,,0,0
23316167697,476347943582,SBIN093880,Savings,BSBD,Dormant,20-09-2023,04-07-2024,0,0
3081478745026,485311104493,BARB044973,Current,Regular,Active,23-02-2021,,0,0
9199435422425,582215508968,UTIB038119,Savings,Premium,Active,05-06-2020,,0,0
99059282514,276819839028,CNRB076149,NRO,Premium,Active,01-05-2021,,0,0
6475326456267,276819839028,CNRB076149,NRE,Regular,Active,16-03-2018,,0,0
6014330915223,457548284333,CNRB074737,Salary,Premium,Active,13-06-2024,,0,0
89684773926,457548284333,CNRB074737,Savings,Regular,Active,21-05-2024,,0,0
39496379440463,536630677080,HDFC038243,Recurring Deposit,Premium,Active,24-07-2023,,0,0
43316269706921,536630677080,HDFC038243,Savings,Premium,Active,13-02-2023,,0,0
2110081095789,326033648904,BARB093795,Current,Regular,Active,11-07-2024,,0,0
11538389428,328597417667,SBIN019416,Savings,Basic,Active,27-12-2024,,0,0
9221056493188,517710569181,UTIB036553,Fixed Deposit,BSBD,Active,16-09-2021,,0,0
2135854758004636,708826305095,PUNB047681,Fixed Deposit,Corporate,Closed,19-09-2019,,0,0
6681629970287215,708826305095,PUNB047681,Fixed Deposit,Regular,Active,30-11-2015,,0,0
155114119126,843129650251,KKBK043286,Fixed Deposit,Regular,Active,15-06-2016,,0,0
58593259961,843129650251,KKBK043286,Fixed Deposit,Corporate,Active,18-09-2019,,0,0
64655948356,437264900240,SBIN089549,Current,Basic,Active,07-10-2019,,0,0
2883938023335323,394095517741,PUNB010114,Savings,Regular,Active,06-11-2022,,0,0
2696453722143827,394095517741,PUNB010114,Recurring Deposit,Premium,Active,10-08-2023,,0,0
532802298853,696527503142,ICIC063055,Savings,BSBD,Active,07-02-2023,,0,0
650627451225,696527503142,ICIC063055,Savings,BSBD,Active,08-11-2016,,0,0
9815712956874,212440922341,BKID029935,Savings,Basic,Active,03-04-2023,,0,0
29679038275583,179772463817,HDFC095478,Salary,BSBD,Active,05-08-2022,,0,0
51679050784416,179772463817,HDFC095478,Salary,Basic,Active,10-06-2024,,0,0
808450732685,847546544751,KKBK096588,Savings,BSBD,Active,18-08-2024,,0,0
96382541129,847546544751,KKBK096588,Current,Basic,Active,08-02-2024,,0,0
9197058631553,500480442043,UTIB060117,Savings,Regular,Closed,25-02-2020,,0,0
19789572579,392552953071,SBIN068808,Savings,Basic,Active,10-06-2018,,0,0
12308659542748,651256874387,BARB057642,Current,Regular,Active,19-08-2020,,0,0
46715080406,651256874387,BARB057642,Fixed Deposit,Regular,Active,04-06-2018,,0,0
5327418296603126,421509071923,PUNB081555,Savings,Regular,Active,18-05-2024,,0,0
6424471012534238,421509071923,PUNB081555,Savings,BSBD,Active,02-03-2024,,0,0
4448622688960219,454592284749,PUNB057879,Current,Premium,Active,03-05-2022,,0,0
38527009129479,387370726105,HDFC070057,Savings,Basic,Active,03-09-2020,,0,0
74509533956702,387370726105,HDFC070057,Savings,Premium,Active,13-01-2021,,0,0
62877140549,610231389341,SBIN054350,Salary,BSBD,Active,15-06-2024,,0,0
77148117844,610231389341,SBIN054350,Savings,BSBD,Active,20-01-2024,,0,0
90689301600,308879979256,SBIN091087,Savings,BSBD,Active,08-04-2020,,0,0
92428837233,308879979256,SBIN091087,Savings,Basic,Frozen,25-11-2022,,0,0
333116932818,245745843235,ICIC049862,Savings,Premium,Active,17-10-2024,,0,0
58531169544208,786883773282,BARB057543,Salary,Basic,Active,11-09-2024,,0,0
236417112327,389683241307,CNRB039672,Salary,Regular,Active,10-02-2022,,0,0
44595349474853,389683241307,CNRB039672,Current,Premium,Active,29-07-2017,,0,0
25439162442375,883602281642,KKBK062266,Savings,Regular,Frozen,20-12-2024,,0,0
12003714522,817716347949,BKID087905,Savings,BSBD,Active,28-12-2019,,0,0
8492649956066,658034033808,BARB083835,Fixed Deposit,Basic,Active,08-05-2024,,0,0
80021424105571,870699332982,KKBK088587,Recurring Deposit,Basic,Active,14-10-2024,,0,0
71610370559451,497835133599,BKID019016,Savings,BSBD,Active,10-10-2024,,0,0
304482784539,252294814541,CNRB095516,Current,Corporate,Active,14-03-2022,,0,0
571734303284,252294814541,CNRB095516,Current,Regular,Active,03-08-2015,,0,0
76664743804023,558541739482,CNRB016965,Current,Corporate,Active,11-11-2020,,0,0
538976784017,558541739482,CNRB016965,Current,Corporate,Active,10-03-2023,,0,0
9283836170042,858515067612,KKBK050514,Savings,BSBD,Active,02-05-2022,,0,0
781708608697,926740138894,ICIC018903,NRE,Regular,Active,16-05-2023,,0,0
492037049123,926740138894,ICIC018903,Savings,Premium,Active,12-02-2022,,0,0
10678562780,607108712347,IOBA065734,Fixed Deposit,Premium,Active,27-10-2023,,0,0
68540460277464,579167116405,HDFC094007,Salary,Premium,Active,10-03-2023,,0,0
195689437154,553000144339,CNRB033183,Recurring Deposit,Regular,Active,15-03-2023,,0,0
355797490543,553000144339,CNRB033183,Savings,Regular,Dormant,12-12-2024,31-12-2024,0,0
36278373692,270474989452,IOBA077488,Savings,Premium,Dormant,17-07-2024,12-01-2025,0,0
72006764120403,270474989452,IOBA077488,Savings,Basic,Active,06-05-2023,,0,0
50573747649,924539405083,CNRB061768,Salary,Basic,Frozen,22-08-2022,,0,0
10357793636,856470734250,BKID067120,Current,Corporate,Active,16-07-2018,,0,0
96885701450684,523750829776,BARB019079,Current,Regular,Active,08-10-2023,,0,0
25425006891277,523750829776,BARB019079,Current,Corporate,Active,03-12-2023,,0,0
751877785564,206708589982,ICIC072510,Savings,Premium,Active,31-10-2019,,0,0
2451155948699273,915054142682,PUNB077449,Savings,Premium,Active,15-01-2019,,0,0
86037464279242,318313433783,BARB069370,Savings,Basic,Active,18-09-2023,,0,0
699692313231,318313433783,BARB069370,Fixed Deposit,Premium,Active,02-08-2022,,0,0
672168838279,528850089728,ICIC058898,Recurring Deposit,Basic,Active,13-08-2024,,0,0
687537472783,528850089728,ICIC058898,Salary,BSBD,Active,11-12-2024,,0,0
501660649001,892150692991,IOBA079716,Fixed Deposit,Premium,Active,25-11-2024,,0,0
6535831533039,892150692991,IOBA079716,NRE,Regular,Active,25-11-2024,,0,0
59539881487982,962097454796,BARB054420,Recurring Deposit,Basic,Active,24-04-2023,,0,0
9229776731900,112205653087,UTIB061046,Savings,Regular,Frozen,28-11-2024,,0,0
316715474840,282986772451,BKID034510,Savings,Regular,Active,04-09-2015,,0,0
84211904951209,366145897880,HDFC080710,Salary,BSBD,Active,05-06-2018,,0,0
98716832411938,366145897880,HDFC080710,Savings,Basic,Active,05-12-2023,,0,0
567995143426,502603357881,ICIC059900,Salary,BSBD,Active,19-06-2020,,0,0
13638064914574,465531776454,HDFC035341,Savings,Regular,Active,02-04-2023,,0,0
200915508776,788734270558,ICIC033774,Fixed Deposit,Corporate,Active,17-02-2022,,0,0
76371351448689,184577727644,IOBA034123,Fixed Deposit,Regular,Closed,02-08-2020,,0,0
76998212050,758916092002,SBIN065922,Salary,Regular,Active,12-09-2024,,0,0
99197665845,785958465831,BKID078936,Current,Regular,Active,17-01-2022,,0,0
55321813740016,232679094118,BKID099263,Savings,Regular,Active,18-12-2024,,0,0
1358679822201,232679094118,BKID099263,Savings,Basic,Active,11-07-2022,,0,0
9294881272129,394936763547,UTIB067810,Salary,BSBD,Active,13-04-2021,,0,0
9113195879331,394936763547,UTIB067810,Current,Basic,Active,23-12-2023,,0,0
55746218262852,517662437018,CNRB066876,Recurring Deposit,Basic,Active,01-01-2022,,0,0
77007783861422,502978010924,HDFC029035,Savings,BSBD,Dormant,05-04-2023,17-12-2023,0,0
54872832609719,502978010924,HDFC029035,Salary,Regular,Active,18-09-2021,,0,0
20781322732327,487190248055,HDFC066460,Savings,Premium,Active,21-07-2022,,0,0
66496211281169,487190248055,HDFC066460,Savings,Basic,Active,06-12-2020,,0,0
23329340287,150648630833,SBIN020776,Fixed Deposit,Corporate,Dormant,23-04-2021,23-04-2021,0,0
855242964807,824764689689,ICIC035341,Salary,Regular,Dormant,04-02-2020,14-12-2024,0,0
604796613474,824764689689,ICIC035341,Savings,BSBD,Active,17-06-2023,,0,0
69506189563652,412749389579,KKBK025316,Salary,Basic,Active,29-09-2024,,0,0
41340507665481,412749389579,KKBK025316,Salary,BSBD,Dormant,11-02-2021,13-03-2022,0,0
6970459795626,865567740111,BARB011255,Savings,Regular,Active,18-08-2024,,0,0
228129767017,183713341456,CNRB040955,Fixed Deposit,Regular,Active,09-06-2022,,0,0
7815281289822,183713341456,CNRB040955,Fixed Deposit,Regular,Active,19-11-2024,,0,0
365205213520,112500574372,BKID019992,Savings,Regular,Active,01-06-2024,,0,0
836853943755,820476566293,KKBK082257,Savings,Basic,Active,01-10-2019,,0,0
9147093025658,594751199659,UTIB087998,Savings,Basic,Closed,14-06-2023,,0,0
640602988315,298817393422,BKID076111,Current,Regular,Active,30-08-2020,,0,0
9656653286076894,512810231677,PUNB088369,Savings,Regular,Active,20-09-2022,,0,0
822988777502,953570686051,ICIC053861,Current,Corporate,Closed,08-03-2021,,0,0
341744897861,953570686051,ICIC053861,Current,Corporate,Active,06-01-2024,,0,0
77172052212,269745370058,SBIN010000,Savings,BSBD,Active,12-08-2023,,0,0
58123901721,269745370058,SBIN010000,Salary,Regular,Active,11-11-2022,,0,0
765315200159,421988880850,ICIC019261,Fixed Deposit,Regular,Active,15-10-2016,,0,0
607055032656,421988880850,ICIC019261,Fixed Deposit,Regular,Active,05-11-2022,,0,0
75928945732,238689683911,SBIN039891,Savings,BSBD,Dormant,10-09-2022,23-09-2023,0,0
39442581606,238689683911,SBIN039891,Savings,BSBD,Active,17-06-2023,,0,0
642306522027,250254171960,KKBK057728,Salary,BSBD,Active,20-01-2021,,0,0
1807449499300393,477994772818,PUNB026897,Savings,Regular,Active,03-01-2020,,0,0
97091994840458,993984483207,IOBA036504,Salary,Regular,Active,19-02-2023,,0,0
15450991173,993984483207,IOBA036504,Savings,Premium,Active,06-08-2022,,0,0
81517171039,448168542369,BKID063067,Savings,BSBD,Active,10-09-2019,,0,0
62122907921,448168542369,BKID063067,Savings,Basic,Dormant,14-11-2018,12-12-2020,0,0
6334596620636421,949608463625,PUNB094311,Salary,Basic,Active,13-06-2020,,0,0
546694322437,178623787521,CNRB058367,Current,Basic,Active,08-05-2023,,0,0
39824810690,178623787521,CNRB058367,Savings,BSBD,Active,10-08-2020,,0,0
9215020465665,503332911670,UTIB049603,Current,Basic,Active,16-08-2022,,0,0
9174417206850,503332911670,UTIB049603,Current,Regular,Active,29-10-2024,,0,0
156068147841,157051333079,BKID076805,Savings,Basic,Active,09-09-2024,,0,0
29883884072,157871289604,SBIN074400,Current,Corporate,Active,04-04-2015,,0,0
39998570197,157871289604,SBIN074400,Fixed Deposit,Corporate,Active,19-04-2016,,0,0
9262242242124,537830271706,UTIB081739,Salary,BSBD,Active,10-12-2022,,0,0
9175792726978,537830271706,UTIB081739,Current,Regular,Active,28-07-2024,,0,0
65683504852,337231909240,BARB015866,Recurring Deposit,Basic,Active,27-09-2023,,0,0
86899349016,921434147370,KKBK047957,Current,Basic,Active,23-02-2020,,0,0
9262863508441,921434147370,KKBK047957,Recurring Deposit,Regular,Active,17-05-2019,,0,0
17701668054113,869845785476,HDFC094114,Savings,Premium,Active,21-11-2023,,0,0
23114210440300,869845785476,HDFC094114,Savings,Basic,Active,03-12-2022,,0,0
9558625775408,110466306421,IOBA075971,Salary,Regular,Active,28-11-2024,,0,0
716149051972,110466306421,IOBA075971,Savings,Premium,Active,20-12-2020,,0,0
75997642430390,985795722461,IOBA089138,Savings,BSBD,Active,09-03-2024,,0,0
23041699157293,899099505554,BARB080719,Savings,BSBD,Dormant,19-06-2023,06-02-2024,0,0
59965446419031,899099505554,BARB080719,Salary,Basic,Active,20-11-2023,,0,0
80075168049423,272345299847,IOBA013085,Savings,Regular,Active,14-11-2021,,0,0
272556376277,183709936606,BARB091610,Current,Basic,Active,06-05-2024,,0,0
31723267016896,183709936606,BARB091610,Savings,Premium,Active,09-03-2024,,0,0
9188240937909,533097119868,UTIB029598,Savings,BSBD,Active,30-08-2019,,0,0
5212096496237,759783494088,BKID016119,Salary,Regular,Active,01-04-2023,,0,0
65307377076406,279550614025,HDFC058266,Current,BSBD,Active,26-02-2021,,0,0
92283296505364,279550614025,HDFC058266,Savings,Basic,Active,17-11-2018,,0,0
391181944812,256202901078,ICIC017321,Savings,Premium,Active,28-03-2023,,0,0
539482766843,204244055071,CNRB042393,Savings,Premium,Active,22-11-2024,,0,0
19758712722,204244055071,CNRB042393,Salary,BSBD,Active,10-09-2024,,0,0
990444630540,268412702139,IOBA058353,Current,Regular,Frozen,26-12-2023,,0,0
68422183155430,268412702139,IOBA058353,Current,Regular,Active,06-04-2021,,0,0
9274233961631,746647946032,UTIB081395,Fixed Deposit,Regular,Active,13-11-2021,,0,0
675282234595,439316264993,ICIC060234,Savings,BSBD,Active,08-11-2023,,0,0
996644021626,439316264993,ICIC060234,Salary,Regular,Active,20-09-2023,,0,0
83514709658797,241158401054,IOBA028673,Savings,Regular,Active,21-02-2017,,0,0
2579575553423,241158401054,IOBA028673,Savings,Basic,Active,03-05-2018,,0,0
69935723348,369453858469,BARB095493,Savings,Basic,Active,09-01-2024,,0,0
21070891174087,801079324264,KKBK023609,Savings,Premium,Active,25-01-2024,,0,0
97941868273641,101698333179,BARB077567,Current,BSBD,Active,31-08-2022,,0,0
55266489510477,635324363084,IOBA036407,Fixed Deposit,Corporate,Active,02-10-2018,,0,0
92358290335360,370546073012,KKBK025556,Fixed Deposit,Corporate,Active,03-11-2024,,0,0
43597757398,370546073012,KKBK025556,Fixed Deposit,Regular,Active,11-12-2024,,0,0
270855480480,870985270886,KKBK053795,Current,Basic,Active,07-10-2024,,0,0
4007074395051928,684880704104,PUNB092475,Salary,Basic,Active,16-07-2023,,0,0
95768638160,246258145352,SBIN094164,Savings,Regular,Dormant,18-07-2022,25-05-2023,0,0
74550433924,246258145352,SBIN094164,Salary,Premium,Active,12-02-2020,,0,0
12778842038,663172415630,KKBK080946,Current,Premium,Active,20-08-2024,,0,0
9192116321979,679711087803,UTIB087369,Savings,Premium,Active,01-09-2022,,0,0
9288028979885,679711087803,UTIB087369,Savings,Basic,Active,17-08-2024,,0,0
5176619665184590,231119756271,PUNB048718,Savings,Basic,Active,30-03-2023,,0,0
7535450469578921,231119756271,PUNB048718,Fixed Deposit,Basic,Active,27-10-2023,,0,0
90542314153087,766857427887,HDFC046675,Savings,Premium,Active,31-05-2024,,0,0
38196896071912,766857427887,HDFC046675,Current,Basic,Active,09-07-2024,,0,0
873545386348,126473487539,BKID020343,Salary,Premium,Active,19-09-2018,,0,0
29522827421044,126473487539,BKID020343,Salary,Premium,Frozen,26-06-2021,,0,0
5967849767535,794528064490,CNRB046120,Current,BSBD,Active,10-03-2022,,0,0
51757774883,794528064490,CNRB046120,Salary,BSBD,Active,26-10-2022,,0,0
351821045420,463276652218,ICIC053496,NRE,Regular,Active,08-04-2020,,0,0
398962570344,463276652218,ICIC053496,NRO,Regular,Active,23-05-2016,,0,0
800794288799,145094035466,KKBK043842,Fixed Deposit,Corporate,Active,02-03-2020,,0,0
434715976863,145094035466,KKBK043842,Current,Corporate,Frozen,10-03-2020,,0,0
9192691626905,389301647568,UTIB018849,Salary,Premium,Closed,29-05-2015,,0,0
9171633088441,389301647568,UTIB018849,Fixed Deposit,Regular,Active,18-06-2017,,0,0
58919290505895,227517658795,HDFC025262,Savings,Basic,Active,20-10-2023,,0,0
91073635055179,227517658795,HDFC025262,Fixed Deposit,Regular,Dormant,22-02-2022,28-08-2022,0,0
9485118954357657,133088159108,PUNB019505,Salary,Premium,Active,25-10-2023,,0,0
1721615334334750,468407369311,PUNB037188,Savings,Basic,Active,12-06-2023,,0,0
9269495617672,596735553079,UTIB038232,Fixed Deposit,BSBD,Active,25-09-2022,,0,0
6884629596684496,729485555045,PUNB067014,Current,Premium,Active,01-08-2022,,0,0
686697308701,487002113558,ICIC037906,Current,Corporate,Active,18-11-2024,,0,0
179731820072,487002113558,ICIC037906,Fixed Deposit,Regular,Active,06-07-2024,,0,0
4919415832931134,363791975027,PUNB098405,Savings,Regular,Dormant,01-12-2022,31-12-2022,0,0
63480421398964,881553571017,HDFC016662,Salary,BSBD,Active,25-05-2023,,0,0
49091562857434,881553571017,HDFC016662,Savings,Basic,Active,15-01-2023,,0,0
431254764442,168123579921,BKID022527,Salary,Premium,Active,07-04-2021,,0,0
8406387487553,168123579921,BKID022527,Savings,Regular,Active,21-01-2024,,0,0
24838933303565,354822688222,HDFC065642,Current,BSBD,Active,29-12-2024,,0,0
11545506438573,354822688222,HDFC065642,Salary,Regular,Active,17-06-2024,,0,0
8380989031136,558002104942,CNRB052980,Current,Basic,Active,26-08-2020,,0,0
49696703580,208810126921,SBIN037040,Current,Regular,Frozen,12-07-2016,,0,0
24695318683,208810126921,SBIN037040,Current,Regular,Active,03-12-2022,,0,0
882020766250,422470325574,ICIC043408,Savings,Basic,Active,12-11-2023,,0,0
9984217173695570,736897708172,PUNB061702,NRE,Regular,Active,18-12-2022,,0,0
5386013473279377,736897708172,PUNB061702,NRE,Regular,Active,25-11-2022,,0,0
85074131205,697218001495,KKBK099439,Savings,Regular,Active,15-03-2022,,0,0
841688690797,697218001495,KKBK099439,Savings,Premium,Active,20-12-2018,,0,0
920846621208,544075472921,ICIC096350,Savings,Basic,Active,12-06-2021,,0,0
52592514624,816241294626,CNRB059713,Savings,BSBD,Active,13-08-2019,,0,0
43893532342,816241294626,CNRB059713,Recurring Deposit,Basic,Active,06-06-2024,,0,0
32252682044,535780520721,BARB066626,Savings,Regular,Active,18-11-2023,,0,0
13026939019,535780520721,BARB066626,Salary,Regular,Active,04-10-2022,,0,0
24234345625,283695007893,SBIN096670,Fixed Deposit,BSBD,Active,07-01-2021,,0,0
63325673253,283695007893,SBIN096670,Salary,Regular,Active,25-08-2022,,0,0
69514087429728,739508268134,HDFC048596,Current,Basic,Active,06-12-2023,,0,0
47638575795749,739508268134,HDFC048596,Fixed Deposit,BSBD,Frozen,16-01-2023,,0,0
4783856126847550,718914348176,PUNB064019,Savings,Regular,Active,28-05-2023,,0,0
688367932547,759233345872,IOBA094950,Current,Premium,Active,10-12-2020,,0,0
72697830462,759233345872,IOBA094950,Savings,BSBD,Active,16-12-2017,,0,0
98629098045,446407135130,IOBA071332,Fixed Deposit,Basic,Active,11-12-2024,,0,0
42180667111,346409568721,SBIN084865,Salary,Regular,Active,14-11-2023,,0,0
21259930107,346409568721,SBIN084865,Fixed Deposit,Regular,Active,25-01-2021,,0,0
70492684323964,150907514945,HDFC064268,Savings,Basic,Active,03-04-2024,,0,0
8270377069162,952045178443,KKBK092557,Salary,BSBD,Active,07-04-2022,,0,0
34014811872,952045178443,KKBK092557,Savings,Premium,Active,19-02-2020,,0,0
91731340889,416729011583,BARB075223,Recurring Deposit,Premium,Active,03-04-2023,,0,0
1913027692841336,220467793875,PUNB063052,Recurring Deposit,Basic,Active,28-01-2023,,0,0
447742012507,550584054358,IOBA064588,Savings,Basic,Dormant,25-05-2024,05-09-2024,0,0
64359784472,550584054358,IOBA064588,Recurring Deposit,Regular,Active,15-06-2022,,0,0
771797993859,963088850068,ICIC057318,Fixed Deposit,Regular,Active,02-05-2024,,0,0
22681084732142,153827604731,HDFC059509,Current,Regular,Active,11-02-2022,,0,0
23645260937122,481694264433,BKID031322,Savings,Premium,Active,21-08-2024,,0,0
72085450461,481694264433,BKID031322,Fixed Deposit,Premium,Active,31-05-2024,,0,0
5425071407849,276003780832,IOBA053353,Salary,Premium,Active,04-09-2024,,0,0
1898020009869,905043431015,IOBA021457,Savings,Regular,Active,19-12-2022,,0,0
45151645356,905043431015,IOBA021457,Savings,Basic,Active,10-06-2023,,0,0
98433125720272,211857440734,KKBK049684,Savings,Regular,Active,12-11-2022,,0,0
7232345854407,211857440734,KKBK049684,Recurring Deposit,Regular,Active,28-06-2020,,0,0
93698103647,284478297406,KKBK030594,Salary,Basic,Active,10-10-2023,,0,0
24206471434,566001189652,SBIN021801,Savings,Regular,Active,21-01-2021,,0,0
52407195175,566001189652,SBIN021801,Recurring Deposit,Basic,Active,22-01-2024,,0,0
4002919588710413,704034272038,PUNB087816,Salary,BSBD,Active,22-04-2022,,0,0
3973132811893831,704034272038,PUNB087816,Salary,Basic,Active,23-07-2024,,0,0
43828968517768,369325881149,BKID058273,Fixed Deposit,BSBD,Active,01-11-2017,,0,0
26724800207,369325881149,BKID058273,Savings,Premium,Active,03-08-2024,,0,0
44653083196,464663898748,SBIN043225,Savings,Premium,Active,09-06-2024,,0,0
70514062128,464663898748,SBIN043225,Salary,Basic,Active,11-04-2023,,0,0
29924311048118,282034576891,HDFC024647,Current,Regular,Active,10-01-2023,,0,0
64945481808400,282034576891,HDFC024647,Current,Corporate,Active,09-09-2023,,0,0
6238542136651546,906750034890,PUNB078194,Salary,BSBD,Active,17-03-2017,,0,0
4498953018202,708342706859,BARB034918,Savings,Basic,Active,02-07-2024,,0,0
8415867451571,708342706859,BARB034918,Fixed Deposit,Regular,Active,16-12-2024,,0,0
95491593154,290258784921,KKBK035978,Savings,Premium,Active,26-12-2015,,0,0
9247165892269741,757647407383,PUNB047195,Current,Premium,Active,02-12-2024,,0,0
5206431853880307,757647407383,PUNB047195,Current,BSBD,Active,29-03-2023,,0,0
9291000579924,657267010258,UTIB063997,Savings,Premium,Active,24-02-2022,,0,0
9196767127014,657267010258,UTIB063997,Salary,BSBD,Active,20-06-2021,,0,0
5752922423554592,253515453142,PUNB080397,Current,BSBD,Active,04-11-2021,,0,0
9151913863138801,253515453142,PUNB080397,Savings,Premium,Active,27-03-2023,,0,0
32121937018,275327545125,SBIN098904,Salary,Regular,Active,22-02-2024,,0,0
9149091404115,485307930882,UTIB018781,Salary,Basic,Active,12-03-2023,,0,0
9253939716528,485307930882,UTIB018781,Recurring Deposit,Regular,Dormant,22-09-2023,10-03-2024,0,0
312956260260,361037034587,BARB051650,Savings,Regular,Active,02-12-2020,,0,0
96365256865,361037034587,BARB051650,Salary,BSBD,Active,09-06-2018,,0,0
27257885335658,637135840553,HDFC066813,Current,Premium,Active,23-09-2023,,0,0
62696559720970,637135840553,HDFC066813,Savings,Basic,Active,13-03-2023,,0,0
1573226149488,436277027831,BKID049798,Savings,BSBD,Active,29-10-2022,,0,0
22598608200867,367275197981,IOBA010134,Salary,Regular,Active,24-12-2024,,0,0
276328660995,903856791884,ICIC025765,Salary,Basic,Active,04-08-2024,,0,0
520846018963,903856791884,ICIC025765,Current,Basic,Active,14-02-2022,,0,0
34219755488,359879056259,IOBA016649,Salary,BSBD,Active,11-12-2024,,0,0
6580640313802345,498302474470,PUNB088308,Salary,BSBD,Active,03-01-2017,,0,0
115311375567,344357783111,BKID071038,Fixed Deposit,Regular,Active,25-04-2024,,0,0
3643353137799201,672373646494,PUNB082341,Fixed Deposit,Basic,Active,18-10-2021,,0,0
1971215157035574,672373646494,PUNB082341,Recurring Deposit,BSBD,Active,18-04-2022,,0,0
8376001512512798,865920423817,PUNB037955,Fixed Deposit,BSBD,Dormant,03-04-2024,05-05-2024,0,0
99727075842,155352830257,SBIN085478,Current,Corporate,Active,19-02-2021,,0,0
6408380788810,505798378923,KKBK049284,Salary,Regular,Active,14-11-2024,,0,0
34347890301438,505798378923,KKBK049284,Savings,BSBD,Active,14-11-2024,,0,0
8781104939637006,978979660301,PUNB086810,Savings,Basic,Active,07-05-2024,,0,0
95510082151,874788775251,KKBK028152,Fixed Deposit,Regular,Active,05-09-2021,,0,0
2355762779495481,629766763874,PUNB044917,Recurring Deposit,Basic,Active,01-06-2024,,0,0
7665384352239592,629766763874,PUNB044917,Recurring Deposit,Basic,Active,12-01-2019,,0,0
2286112659543,735196040580,IOBA068397,Current,Regular,Active,30-04-2024,,0,0
362213345836,735196040580,IOBA068397,Salary,Regular,Active,05-05-2024,,0,0
18195557092689,776547820028,KKBK072896,Current,Basic,Active,04-02-2019,,0,0
4005884089653,542114442714,IOBA078252,Salary,BSBD,Active,07-03-2020,,0,0
916015709867,495135148719,ICIC049599,Savings,Basic,Active,11-05-2019,,0,0
208293328549,495135148719,ICIC049599,Salary,Regular,Dormant,06-07-2019,18-03-2020,0,0
62091482895,652610178781,SBIN081993,Fixed Deposit,Basic,Active,08-11-2022,,0,0
71602422600,652610178781,SBIN081993,Recurring Deposit,Regular,Active,15-03-2020,,0,0
19564469458548,666852638813,BARB078237,Savings,Regular,Active,30-05-2023,,0,0
91040524191,666852638813,BARB078237,Savings,Basic,Active,24-05-2021,,0,0
94181529100952,954044632918,BKID065661,Recurring Deposit,Basic,Active,17-07-2024,,0,0
3447958768189,954044632918,BKID065661,Current,Regular,Active,29-07-2023,,0,0
324939375007,333778888345,ICIC075374,Recurring Deposit,Regular,Active,05-03-2021,,0,0
212352397209,333778888345,ICIC075374,Fixed Deposit,BSBD,Active,17-12-2024,,0,0
7033079424427,933084176838,CNRB060252,Savings,BSBD,Active,01-12-2023,,0,0
789119351378,933084176838,CNRB060252,Current,BSBD,Active,21-06-2023,,0,0
25559563575324,648975924643,BARB017475,Fixed Deposit,Premium,Active,12-08-2020,,0,0
4792428380083,648975924643,BARB017475,Savings,BSBD,Active,24-01-2023,,0,0
59313425945,763866095072,CNRB062522,NRE,Regular,Active,30-12-2023,,0,0
542934753624,991179012330,BKID073482,Savings,Regular,Active,22-12-2023,,0,0
1481191384346357,204539588849,PUNB065352,Current,BSBD,Active,20-05-2023,,0,0
2746679005491154,580683414158,PUNB036901,Recurring Deposit,Regular,Dormant,22-12-2018,06-11-2023,0,0
6348003908659,526963136825,BKID040804,Savings,BSBD,Active,21-12-2023,,0,0
32936839873978,526963136825,BKID040804,Current,Premium,Active,04-10-2024,,0,0
24027006724,596228084882,SBIN020659,Salary,BSBD,Active,12-11-2023,,0,0
17611887183,414445102119,BKID073533,Current,Premium,Dormant,28-02-2022,22-02-2024,0,0
25323914122,455540749172,CNRB075784,Salary,Regular,Active,11-06-2021,,0,0
9864042789032,455540749172,CNRB075784,Savings,BSBD,Active,12-04-2022,,0,0
44840486542483,113593924473,HDFC050286,Salary,Regular,Active,24-09-2019,,0,0
45103561651413,113593924473,HDFC050286,Savings,BSBD,Active,18-12-2016,,0,0
947279427574,859729051936,CNRB029652,Fixed Deposit,Regular,Active,15-06-2019,,0,0
272675196754,859729051936,CNRB029652,Salary,Basic,Active,22-10-2023,,0,0
92931175252,215867650349,SBIN072687,Salary,Basic,Active,17-09-2018,,0,0
77733205230,215867650349,SBIN072687,Salary,Premium,Active,18-05-2024,,0,0
4293266214613,911279042976,CNRB068965,Current,Basic,Active,26-02-2019,,0,0
763142596996,911279042976,CNRB068965,Current,Basic,Active,08-08-2018,,0,0
21656151849188,512957515494,BARB011194,Recurring Deposit,Regular,Active,02-04-2020,,0,0
13917656670,194386497722,SBIN077823,Salary,Basic,Active,27-03-2024,,0,0
81957423866346,489797370291,HDFC083823,Savings,BSBD,Active,28-12-2023,,0,0
75226311970914,435812175642,BARB018851,Fixed Deposit,Regular,Active,06-06-2019,,0,0
1558623132993366,143108536673,PUNB018954,Fixed Deposit,BSBD,Active,20-04-2021,,0,0
3730298834523772,143108536673,PUNB018954,Savings,BSBD,Active,12-03-2023,,0,0
8386298727378,797159085033,KKBK080302,Fixed Deposit,Premium,Active,12-12-2024,,0,0
2536493820548178,450179873112,PUNB042594,Current,Regular,Active,28-06-2016,,0,0
9132685887393,475586887300,UTIB077512,Current,BSBD,Active,14-03-2023,,0,0
9288655687084,475586887300,UTIB077512,Savings,BSBD,Active,28-11-2023,,0,0
83975582936,922223372894,SBIN053649,Recurring Deposit,Basic,Active,01-04-2023,,0,0
61788796635,922223372894,SBIN053649,Savings,Regular,Dormant,26-07-2024,26-02-2025,0,0
9168625341570,965392644206,UTIB094684,Fixed Deposit,BSBD,Active,13-05-2021,,0,0
220697401074,782062923938,KKBK019384,Recurring Deposit,Basic,Active,17-10-2024,,0,0
3923573903304,981427026919,IOBA061870,Savings,Premium,Active,16-06-2023,,0,0
45455940821,981427026919,IOBA061870,Savings,BSBD,Frozen,13-07-2023,,0,0
48433155118369,768173228258,HDFC053119,Recurring Deposit,BSBD,Active,29-08-2018,,0,0
66274103125321,768173228258,HDFC053119,Savings,Basic,Active,27-05-2024,,0,0
92175597595,169739111123,BARB036250,Salary,Regular,Active,02-09-2021,,0,0
9897296599481,169739111123,BARB036250,Salary,BSBD,Active,22-12-2024,,0,0
4865151857630891,651626861138,PUNB064602,Savings,Regular,Active,05-10-2020,,0,0
7479713017714938,651626861138,PUNB064602,Salary,Premium,Active,11-12-2021,,0,0
1798986969429,755577195594,BARB030974,NRE,Premium,Dormant,21-09-2016,12-05-2017,0,0
533897372477,584932046361,KKBK046096,Savings,Premium,Active,24-05-2022,,0,0
39272234854716,584932046361,KKBK046096,Fixed Deposit,Premium,Active,18-12-2022,,0,0
810617781172,716397738958,ICIC090744,Savings,Premium,Active,22-06-2017,,0,0
174969396746,716397738958,ICIC090744,Fixed Deposit,Basic,Active,22-08-2021,,0,0
729792184326,758336641777,ICIC022674,Savings,Regular,Dormant,01-11-2023,02-04-2024,0,0
490899820819,758336641777,ICIC022674,Savings,Regular,Active,05-04-2023,,0,0
9198752323666,723927062375,UTIB014518,Current,Regular,Active,08-12-2020,,0,0
7979046137903,340793730858,IOBA037282,Savings,Regular,Closed,19-04-2024,,0,0
10122393432508,340793730858,IOBA037282,Savings,BSBD,Active,23-06-2023,,0,0
9920250257641,574949064564,IOBA010392,Current,Corporate,Active,25-05-2021,,0,0
653011928099,574949064564,IOBA010392,Current,Regular,Frozen,12-10-2022,,0,0
32228453630,674812302179,CNRB031415,Fixed Deposit,Corporate,Active,09-12-2019,,0,0
656098313994,674812302179,CNRB031415,Current,Corporate,Active,27-06-2016,,0,0
7413520002654347,640128839308,PUNB080163,Salary,Premium,Active,26-09-2018,,0,0
369131914714,597525656201,ICIC041910,Fixed Deposit,Regular,Active,01-08-2022,,0,0
786815466139,597525656201,ICIC041910,Recurring Deposit,Basic,Active,17-10-2018,,0,0
48158016115880,119399956008,CNRB078641,Salary,Basic,Active,13-09-2022,,0,0
562661366858,130261082456,ICIC042891,Fixed Deposit,Corporate,Active,09-08-2017,,0,0
3974741368724,512104472080,CNRB041475,Savings,BSBD,Active,23-10-2024,,0,0
138514056661,512104472080,CNRB041475,Savings,Regular,Active,18-08-2024,,0,0
81534261225,416530426795,KKBK020704,Fixed Deposit,Corporate,Active,12-10-2021,,0,0
87096582818,416530426795,KKBK020704,Fixed Deposit,Regular,Active,11-02-2024,,0,0
7482645452454,973598018575,KKBK099394,Savings,BSBD,Active,27-01-2019,,0,0
7233731132775,973598018575,KKBK099394,Recurring Deposit,BSBD,Active,20-04-2023,,0,0
9605455002702507,226541155170,PUNB097586,Current,Regular,Active,05-05-2023,,0,0
2101449292202898,226541155170,PUNB097586,Fixed Deposit,Regular,Active,26-05-2022,,0,0
13562612594421,602701341446,BARB096113,Current,Regular,Active,30-11-2021,,0,0
769504498061,602701341446,BARB096113,Fixed Deposit,Regular,Active,15-04-2022,,0,0
7289513844882,627553801554,BKID040240,Savings,Basic,Active,17-05-2024,,0,0
11119760696,627553801554,BKID040240,Recurring Deposit,BSBD,Active,09-12-2023,,0,0
180243531017,538458745935,KKBK095113,Current,Basic,Active,09-12-2022,,0,0
515707635254,538458745935,KKBK095113,Recurring Deposit,Basic,Active,28-04-2024,,0,0
7631783149103316,254098695953,PUNB052975,Salary,Basic,Active,25-09-2017,,0,0
73931665082294,222899672980,IOBA026214,Savings,Premium,Active,11-01-2020,,0,0
39487274363488,222899672980,IOBA026214,Savings,Premium,Frozen,15-02-2019,,0,0
9185993294830259,672635381821,PUNB082012,Savings,Premium,Active,17-02-2024,,0,0
4052231118522177,672635381821,PUNB082012,Salary,Premium,Active,31-05-2024,,0,0
1622860209770,259748507237,KKBK063679,Salary,BSBD,Active,25-03-2024,,0,0
791324642036,546487119620,ICIC043943,Salary,Premium,Active,30-09-2024,,0,0
262635047603,935136636925,ICIC061386,Savings,Basic,Active,03-11-2022,,0,0
655947957308,935136636925,ICIC061386,Salary,Basic,Active,25-12-2022,,0,0
41176811976928,714357626173,HDFC092352,Salary,Premium,Active,13-01-2021,,0,0
84557526184084,714357626173,HDFC092352,Savings,Regular,Active,16-07-2020,,0,0
895898011294,628962491950,ICIC044522,Current,Basic,Active,08-11-2022,,0,0
241622823047,628962491950,ICIC044522,Salary,Premium,Active,05-09-2023,,0,0
577995271782,315329341346,CNRB029921,NRO,Premium,Active,19-01-2024,,0,0
37375102398759,315329341346,CNRB029921,Fixed Deposit,Regular,Dormant,13-09-2024,22-02-2025,0,0
9169039600825,714670702948,UTIB041508,Salary,BSBD,Active,02-09-2023,,0,0
9263861526937,714670702948,UTIB041508,Current,Basic,Active,16-12-2020,,0,0
814674002508,162253905574,BARB025267,Savings,Premium,Active,04-09-2021,,0,0
50758221150,800091732365,IOBA085278,Fixed Deposit,BSBD,Active,13-10-2024,,0,0
5941416903858607,428574468115,PUNB097953,Savings,BSBD,Active,18-01-2020,,0,0
7184754153379145,428574468115,PUNB097953,Savings,Regular,Active,14-12-2021,,0,0
71289285339,562497105219,SBIN061385,Current,Basic,Closed,06-08-2024,,0,0
34893901522,562497105219,SBIN061385,Savings,Regular,Active,06-05-2023,,0,0
9203859678777,559791878009,UTIB043874,Current,Corporate,Active,02-12-2015,,0,0
9202009574667,559791878009,UTIB043874,Current,Regular,Frozen,20-05-2022,,0,0
2697200028578727,849526917562,PUNB069749,Current,Basic,Active,22-06-2019,,0,0
5017413794094,982838612216,CNRB076133,Fixed Deposit,Regular,Active,17-11-2024,,0,0
119011337329,809520756917,IOBA018866,Savings,Basic,Active,22-09-2022,,0,0
2650214612648,883416444658,CNRB070850,Savings,Basic,Active,03-08-2018,,0,0
37797958692,883416444658,CNRB070850,Recurring Deposit,BSBD,Active,03-11-2023,,0,0
12563350706,338626776834,BKID093615,Fixed Deposit,Premium,Active,23-05-2021,,0,0
20039127873,455386928683,SBIN026456,Savings,BSBD,Active,23-08-2023,,0,0
60562410375,455386928683,SBIN026456,Salary,Basic,Active,09-07-2023,,0,0
968563850614,398297323586,ICIC021657,Savings,BSBD,Active,26-07-2024,,0,0
4658041864008,882753447390,CNRB067254,Current,Regular,Dormant,25-10-2023,19-12-2023,0,0
1937119570729,791827355649,CNRB083311,Recurring Deposit,BSBD,Active,18-10-2019,,0,0
48879957397,791827355649,CNRB083311,Savings,Basic,Active,29-05-2021,,0,0
95700610462,619058921407,SBIN060519,Current,Regular,Dormant,08-09-2021,14-11-2022,0,0
32740439876,798081185981,SBIN026385,Savings,Regular,Active,10-06-2022,,0,0
76413951641248,648623938328,HDFC053802,Salary,Premium,Active,16-07-2022,,0,0
61909474832424,648623938328,HDFC053802,Salary,Basic,Active,11-10-2021,,0,0
9583969303266,315812707592,CNRB067317,Current,Corporate,Active,07-03-2021,,0,0
837817458086,315812707592,CNRB067317,Current,Regular,Active,29-07-2022,,0,0
7433972054894312,320632623720,PUNB075196,Salary,BSBD,Active,16-10-2024,,0,0
9251910967543063,320632623720,PUNB075196,Fixed Deposit,Premium,Active,26-11-2024,,0,0
6172527456763156,797689942426,PUNB064931,Savings,Basic,Active,15-01-2021,,0,0
2411613363339101,797689942426,PUNB064931,Savings,Basic,Closed,05-12-2021,,0,0
9275464185116,905077838984,UTIB025335,Fixed Deposit,Regular,Active,19-12-2023,,0,0
92095371649,631188293772,BKID023947,Savings,Regular,Active,20-08-2024,,0,0
39529195295,688421352757,BARB030560,Fixed Deposit,Corporate,Dormant,12-04-2023,22-11-2024,0,0
9255997563901,688421352757,BARB030560,Fixed Deposit,Regular,Active,20-11-2022,,0,0
34004254668043,551094272568,IOBA053968,Savings,BSBD,Active,27-08-2023,,0,0
8222522037389,551094272568,IOBA053968,Savings,Regular,Active,30-06-2019,,0,0
8104046611560,652638837989,IOBA025428,Salary,Basic,Active,16-12-2022,,0,0
82677326336,315822038610,SBIN047674,Savings,BSBD,Active,24-10-2024,,0,0
75881322629,315822038610,SBIN047674,Salary,BSBD,Active,23-12-2024,,0,0
79307744977,834164565084,SBIN026335,Savings,BSBD,Active,11-06-2019,,0,0
867962742756,198434218021,ICIC062652,Recurring Deposit,BSBD,Active,11-04-2024,,0,0
255465750215,198434218021,ICIC062652,Savings,Basic,Active,26-05-2023,,0,0
283212947645,323637723946,ICIC066152,Savings,Premium,Active,20-06-2023,,0,0
468102897159,328375944799,ICIC011716,Recurring Deposit,Basic,Active,22-06-2024,,0,0
729199554435,328375944799,ICIC011716,Savings,Regular,Active,04-08-2024,,0,0
4876345077095,197117889864,KKBK026962,Savings,BSBD,Active,30-01-2020,,0,0
75832292328998,197117889864,KKBK026962,Salary,BSBD,Active,15-05-2020,,0,0
9392284928598,667619596466,BKID024977,Salary,BSBD,Active,02-01-2023,,0,0
836023548948,487204554249,CNRB046889,Salary,Basic,Active,05-09-2023,,0,0
90777226099,282414724655,SBIN014008,Fixed Deposit,Premium,Active,03-05-2021,,0,0
800039438936,598670699152,IOBA032117,Salary,BSBD,Active,07-11-2024,,0,0
960376082383,894348195155,BKID055810,Savings,Regular,Active,17-02-2018,,0,0
1707827471551,331796485547,BARB026578,Fixed Deposit,Basic,Active,21-09-2023,,0,0
776631065530,331796485547,BARB026578,Savings,Regular,Active,02-06-2024,,0,0
2796439422484,843981940170,KKBK010672,Current,BSBD,Active,19-01-2018,,0,0
42428347269,843981940170,KKBK010672,Salary,Premium,Active,06-02-2023,,0,0
4099368472786,392194692713,IOBA053361,Salary,Premium,Active,20-10-2024,,0,0
96537093912707,392194692713,IOBA053361,Savings,Regular,Frozen,09-02-2022,,0,0
4376646041442,821793208826,BARB029414,Salary,Regular,Active,12-10-2023,,0,0
17616418460427,138909195481,HDFC092098,Savings,Basic,Frozen,29-11-2019,,0,0
26267671756916,138909195481,HDFC092098,Current,Premium,Active,27-12-2018,,0,0
703319274656,448431348465,BKID013829,Current,Basic,Active,28-06-2022,,0,0
34079251726955,448431348465,BKID013829,Fixed Deposit,Basic,Active,27-04-2023,,0,0
9102698474801,253961219238,UTIB094370,Savings,BSBD,Active,05-04-2024,,0,0
9122271234376,253961219238,UTIB094370,Savings,BSBD,Active,01-09-2021,,0,0
8324523089030,113579953357,BARB094204,Current,Basic,Frozen,11-05-2024,,0,0
88987735148,327716036576,SBIN093841,Recurring Deposit,Basic,Active,15-01-2023,,0,0
421369081519,990121013145,ICIC099129,Recurring Deposit,Basic,Active,30-04-2019,,0,0
503943586929,990121013145,ICIC099129,Savings,BSBD,Active,25-08-2024,,0,0
286794823973,262688850188,ICIC024675,Savings,Premium,Active,27-10-2019,,0,0
54278084569,656389663690,SBIN082273,Savings,Basic,Dormant,16-03-2024,14-05-2024,0,0
426867970804,345372994496,ICIC069137,Salary,BSBD,Active,21-10-2021,,0,0
132689935479,750799287097,CNRB065060,Savings,Premium,Active,07-12-2021,,0,0
52235434739,750799287097,CNRB065060,Savings,BSBD,Active,21-06-2024,,0,0
9280137688646,264962217070,IOBA061860,Savings,Premium,Dormant,17-02-2023,10-12-2024,0,0
45597799679,264962217070,IOBA061860,Savings,Regular,Active,27-06-2024,,0,0
99068575323829,404829219860,CNRB044678,Current,Regular,Active,31-03-2017,,0,0
59649065878714,404829219860,CNRB044678,Recurring Deposit,Premium,Active,11-02-2024,,0,0
9155210906223,551066115351,UTIB061875,Fixed Deposit,Basic,Active,24-03-2024,,0,0
9243400796166,551066115351,UTIB061875,Savings,Premium,Closed,22-09-2024,,0,0
55413295018903,342192484118,HDFC038878,NRO,Regular,Active,03-09-2021,,0,0
27938567726011,342192484118,HDFC038878,Savings,Regular,Active,20-04-2023,,0,0
3659704349774187,405157301371,PUNB085446,Savings,BSBD,Active,25-05-2022,,0,0
286133748349,499744770745,KKBK098978,Fixed Deposit,Premium,Active,13-06-2024,,0,0
7342758522760256,401593774081,PUNB059590,Recurring Deposit,Regular,Active,10-08-2023,,0,0
6799727846444454,401593774081,PUNB059590,Fixed Deposit,Premium,Active,02-11-2022,,0,0
2388441619197,664261240943,CNRB048116,Current,Regular,Active,29-07-2022,,0,0
337791681081,664261240943,CNRB048116,Fixed Deposit,Regular,Active,22-01-2021,,0,0
6155947470983290,627238998836,PUNB024992,Fixed Deposit,Regular,Active,16-07-2019,,0,0
2004720312515937,627238998836,PUNB024992,Current,Regular,Active,17-09-2017,,0,0
943844178178,574436636454,ICIC010143,Savings,Basic,Closed,03-06-2020,,0,0
450721625000,574436636454,ICIC010143,Savings,Regular,Active,10-05-2022,,0,0
41513039398131,770876765460,CNRB022581,Savings,BSBD,Active,24-01-2024,,0,0
76757892866,770876765460,CNRB022581,Salary,Basic,Active,13-11-2024,,0,0
88250682165,910408741741,BKID058790,Savings,BSBD,Active,26-09-2024,,0,0
937111977125,856471244391,ICIC019326,Savings,Regular,Active,23-11-2021,,0,0
534219110830,446045683931,CNRB046531,Savings,BSBD,Active,02-11-2018,,0,0
215641877154,686674540072,ICIC066316,Savings,Regular,Active,19-12-2020,,0,0
49745605100,564834756248,IOBA032947,Savings,BSBD,Active,28-11-2022,,0,0
9376222289965462,829102244010,PUNB092031,Savings,BSBD,Active,18-06-2022,,0,0
8589022498875386,829102244010,PUNB092031,Savings,Basic,Active,16-07-2024,,0,0
9112478879229,344021426955,UTIB090662,Recurring Deposit,BSBD,Active,09-04-2023,,0,0
9291495384205,344021426955,UTIB090662,Salary,BSBD,Active,29-11-2021,,0,0
800300769079,484458060757,ICIC063727,Salary,Basic,Active,19-06-2024,,0,0
1530189432538126,500480307547,PUNB047596,Fixed Deposit,Premium,Active,17-10-2024,,0,0
5869345044997650,500480307547,PUNB047596,Savings,BSBD,Active,23-12-2024,,0,0
63310337442,825253248607,SBIN093571,Savings,Basic,Active,28-11-2018,,0,0
94382268828689,101466816058,HDFC069451,Current,Basic,Active,21-05-2019,,0,0
87758782491287,101466816058,HDFC069451,Fixed Deposit,BSBD,Active,13-08-2019,,0,0
22642626723112,239594520554,BARB027797,Salary,Basic,Active,26-04-2024,,0,0
88692561257138,544322524968,HDFC028094,Current,Basic,Active,01-06-2024,,0,0
86121143984,806425972439,SBIN093750,NRO,Premium,Active,30-04-2024,,0,0
60698554052,637895949500,BARB079850,Recurring Deposit,Regular,Active,11-03-2024,,0,0
2118739276395,977610240890,IOBA017328,Recurring Deposit,BSBD,Active,22-05-2020,,0,0
68608191382,977610240890,IOBA017328,Savings,Regular,Active,02-02-2021,,0,0
636465132063,651149003363,ICIC016226,Current,Basic,Active,26-07-2024,,0,0
318387134178,199278117726,ICIC037095,Savings,Basic,Active,22-04-2021,,0,0
466746834399,199278117726,ICIC037095,Salary,Premium,Active,28-03-2024,,0,0
9292894001262,720373093204,UTIB079163,Savings,Regular,Active,03-08-2021,,0,0
9286511362353,720373093204,UTIB079163,Recurring Deposit,Premium,Active,18-01-2024,,0,0
77162060071,640488084082,SBIN024964,Savings,Premium,Active,12-03-2024,,0,0
66770422957,640488084082,SBIN024964,Salary,Regular,Dormant,24-01-2023,07-01-2025,0,0
41564724609155,366073833520,HDFC095515,Recurring Deposit,BSBD,Active,04-07-2022,,0,0
22868289278524,366073833520,HDFC095515,Savings,Regular,Active,13-07-2024,,0,0
3411163436996812,363397428322,PUNB041164,Recurring Deposit,Premium,Active,17-11-2024,,0,0
65449077642,130792859578,BARB050857,Savings,Regular,Active,15-10-2022,,0,0
43662399948687,267950465025,HDFC015877,Savings,BSBD,Active,18-03-2024,,0,0
45944083012602,267950465025,HDFC015877,Salary,Basic,Active,19-03-2024,,0,0
42144548171501,811568649309,HDFC028250,Savings,BSBD,Active,10-11-2023,,0,0
495545520678,603744698954,BKID037196,Salary,Regular,Active,06-11-2023,,0,0
46878578436,258644357318,BARB020957,Current,Premium,Active,19-09-2024,,0,0
14842119161,680565882430,IOBA057593,Current,Regular,Active,28-04-2023,,0,0
359931613657,430892658342,ICIC015402,Fixed Deposit,BSBD,Active,03-06-2024,,0,0
683799106067,430892658342,ICIC015402,Savings,Basic,Active,03-02-2024,,0,0
66231526984,688624754324,BKID080902,Savings,Premium,Active,13-11-2019,,0,0
634591584414,549238676346,ICIC092829,NRE,Regular,Active,29-03-2021,,0,0
423859153774,686113026334,IOBA020866,Current,Regular,Active,09-05-2018,,0,0
19164918820,686113026334,IOBA020866,Current,Corporate,Active,03-06-2023,,0,0
90781540603,557834503795,BARB084094,Savings,Regular,Dormant,09-11-2019,28-11-2023,0,0
6419140092587,557834503795,BARB084094,Salary,Regular,Active,21-11-2019,,0,0
441722180158,932293191086,BKID028836,Recurring Deposit,BSBD,Active,03-10-2023,,0,0
2142549279288,251372939924,CNRB071159,Current,Regular,Active,28-01-2024,,0,0
348045640314,251372939924,CNRB071159,Savings,Premium,Active,06-09-2023,,0,0
44256468263377,538817896518,HDFC090206,Savings,BSBD,Active,23-11-2023,,0,0
51706501888113,538817896518,HDFC090206,Fixed Deposit,Premium,Active,03-02-2024,,0,0
9925361474127825,739618931437,PUNB082232,Savings,Regular,Active,27-07-2023,,0,0
882258121016,951087537973,KKBK034633,Savings,BSBD,Active,20-12-2024,,0,0
390580363807,951087537973,KKBK034633,Fixed Deposit,BSBD,Active,11-11-2022,,0,0
54112781986,980649751863,SBIN013384,Savings,Basic,Active,09-10-2021,,0,0
52404035893,980649751863,SBIN013384,Savings,Premium,Frozen,01-11-2023,,0,0
30229395449268,290185471547,KKBK025804,Savings,Basic,Active,06-09-2024,,0,0
60660954622445,290185471547,KKBK025804,Savings,Regular,Active,04-08-2020,,0,0
9207991448365,508410965527,UTIB011861,Current,Corporate,Active,09-03-2019,,0,0
80804842815,179513068521,KKBK026748,Current,BSBD,Active,01-03-2021,,0,0
58916542400963,157352290958,IOBA055803,Salary,Basic,Active,15-09-2022,,0,0
9281695274528,379418353774,UTIB033709,Current,Basic,Active,28-05-2018,,0,0
9276767781754,379418353774,UTIB033709,Salary,BSBD,Active,14-10-2024,,0,0
5761762632932,250961740003,BARB043497,Salary,Premium,Active,23-11-2024,,0,0
1683459895681749,561346188771,PUNB041778,Fixed Deposit,Regular,Active,18-06-2022,,0,0
8196086697160389,705660615697,PUNB094192,Current,Premium,Active,02-10-2018,,0,0
4136329993368043,705660615697,PUNB094192,Salary,Premium,Active,05-10-2020,,0,0
7097086256294,471615047165,BARB056316,Current,Corporate,Active,24-12-2023,,0,0
9201278837486,892746991306,UTIB095491,NRE,Regular,Active,17-02-2020,,0,0
9288720552299,892746991306,UTIB095491,NRO,Premium,Active,30-10-2017,,0,0
5777857341100,692706106335,IOBA026522,Savings,Basic,Active,31-12-2022,,0,0
27878479493,692706106335,IOBA026522,Recurring Deposit,Regular,Active,23-04-2019,,0,0
69997504998,212762486774,SBIN066889,NRE,Premium,Active,26-04-2022,,0,0
94564176204750,115725965620,HDFC020411,Savings,BSBD,Active,01-03-2018,,0,0
49550402058508,266432063631,BKID074068,Recurring Deposit,BSBD,Active,14-08-2024,,0,0
4725943344677,690103087552,BARB029116,Savings,Basic,Active,27-08-2020,,0,0
79385274338930,690103087552,BARB029116,Current,Regular,Active,08-01-2024,,0,0
159284471813,990658736334,IOBA059832,Fixed Deposit,Regular,Active,06-09-2018,,0,0
60223658101,990658736334,IOBA059832,Savings,BSBD,Active,07-10-2022,,0,0
9292302113288,613707724137,UTIB015942,Savings,Premium,Dormant,14-11-2017,26-11-2024,0,0
9116024342639,613707724137,UTIB015942,Salary,Basic,Active,30-05-2020,,0,0
96622771139076,912425322399,BKID097884,Salary,Basic,Active,10-07-2019,,0,0
762254423232,912425322399,BKID097884,Recurring Deposit,Basic,Active,18-11-2022,,0,0
7614781239862010,857991142090,PUNB091751,Fixed Deposit,Regular,Active,23-02-2018,,0,0
14298729336301,376605776405,HDFC083546,Fixed Deposit,Basic,Active,11-07-2022,,0,0
97392778265751,801776086746,KKBK040475,Current,Premium,Active,25-12-2024,,0,0
7743488639810,801776086746,KKBK040475,Fixed Deposit,Regular,Active,23-07-2024,,0,0
565698134371,427457025911,ICIC044547,Salary,Regular,Active,02-05-2024,,0,0
65014412156,780488356356,BKID012289,Fixed Deposit,Corporate,Dormant,25-04-2020,23-04-2021,0,0
79285677165,615798986438,SBIN044406,Savings,Premium,Active,19-11-2019,,0,0
88583891460,615798986438,SBIN044406,Savings,Premium,Active,04-05-2018,,0,0
1917973846128829,519362078019,PUNB043105,Salary,BSBD,Active,28-04-2024,,0,0
9251219491130,427839710696,UTIB085628,Salary,Premium,Active,11-02-2024,,0,0
9150305300208,427839710696,UTIB085628,Salary,BSBD,Active,05-10-2024,,0,0
60865038838,832231113286,SBIN071916,Current,Corporate,Active,16-10-2015,,0,0
23958064005,832231113286,SBIN071916,Fixed Deposit,Regular,Active,03-12-2024,,0,0
782587191875,848907386048,BKID023292,Salary,Regular,Active,24-05-2022,,0,0
76704433925,341391370187,KKBK011879,Savings,Premium,Active,20-09-2020,,0,0
35879176589,936104424344,SBIN021740,Fixed Deposit,Regular,Active,03-05-2022,,0,0
60756416801368,934377590937,HDFC097441,Salary,Premium,Active,01-07-2021,,0,0
491126067711,798300162796,IOBA038124,Current,Corporate,Active,16-09-2024,,0,0
4363161374472428,344325271242,PUNB066455,Salary,Premium,Active,24-06-2024,,0,0
4132481412063041,344325271242,PUNB066455,Salary,BSBD,Active,21-11-2024,,0,0
47110472988,872005949589,SBIN043288,Savings,BSBD,Active,05-12-2024,,0,0
80352001421,872005949589,SBIN043288,Fixed Deposit,Regular,Closed,18-04-2021,,0,0
4154640211860348,400963409649,PUNB066856,Current,Regular,Active,28-12-2024,,0,0
9895324704506714,400963409649,PUNB066856,Current,Corporate,Frozen,26-09-2024,,0,0
31101061226298,623286661595,HDFC083075,Savings,Regular,Active,21-10-2023,,0,0
50533207116843,623286661595,HDFC083075,Current,Basic,Active,22-06-2023,,0,0
5425412539453,466630413548,KKBK013254,Fixed Deposit,Regular,Active,30-01-2024,,0,0
49544190123,466630413548,KKBK013254,NRO,Premium,Active,08-05-2024,,0,0
108183444740,977697289990,ICIC085833,Savings,Basic,Active,03-11-2021,,0,0
548196655285,977697289990,ICIC085833,Recurring Deposit,BSBD,Frozen,16-09-2023,,0,0
8721017817524467,664432725475,PUNB010090,Salary,Premium,Active,06-11-2024,,0,0
1891919194206484,664432725475,PUNB010090,Savings,Premium,Active,15-06-2024,,0,0
32476876314,460796807707,SBIN035481,Fixed Deposit,Regular,Active,21-11-2017,,0,0
9181920534480,600125875978,UTIB073669,Savings,BSBD,Active,01-04-2020,,0,0
94429588793619,304721092968,KKBK059185,Salary,Regular,Active,13-12-2018,,0,0
136013126531,460682135264,ICIC026811,Savings,Basic,Active,13-04-2020,,0,0
477996641815,460682135264,ICIC026811,Savings,BSBD,Active,02-12-2024,,0,0
4065395173952,474617173630,CNRB083702,Savings,Regular,Active,10-06-2022,,0,0
95301950526520,474617173630,CNRB083702,Savings,BSBD,Active,04-04-2022,,0,0
157436929016,178146392383,CNRB082039,Salary,BSBD,Active,14-09-2024,,0,0
51397413220116,178146392383,CNRB082039,Salary,Premium,Active,05-07-2024,,0,0
27517948052613,764398838998,BARB070274,Fixed Deposit,BSBD,Active,18-01-2023,,0,0
96431787177989,764398838998,BARB070274,Savings,Basic,Active,24-08-2022,,0,0
35445134806001,261806945689,BARB038192,Salary,Basic,Active,29-12-2019,,0,0
12963378828,729962969426,SBIN021156,Fixed Deposit,Regular,Active,11-09-2024,,0,0
72237331541987,832036063389,KKBK086898,Salary,Regular,Active,25-12-2022,,0,0
97056289979,171917123143,KKBK068619,Savings,Regular,Active,01-04-2024,,0,0
311733117220,546981580678,IOBA058515,Savings,Basic,Active,31-01-2024,,0,0
8775063022566,546981580678,IOBA058515,Savings,Basic,Active,28-06-2024,,0,0
56300708454414,530101808990,HDFC032865,Savings,Premium,Active,31-10-2023,,0,0
362560458897,260632469565,CNRB070414,Current,Basic,Active,28-10-2018,,0,0
76066355238,931207730414,SBIN039539,Savings,Premium,Active,08-03-2021,,0,0
80206520713,931207730414,SBIN039539,Fixed Deposit,Premium,Active,12-08-2021,,0,0
7429153214672967,685187471302,PUNB068946,Salary,BSBD,Active,08-03-2019,,0,0
76249231998,453776257211,SBIN052690,Savings,Basic,Active,26-01-2019,,0,0
91695780051,453776257211,SBIN052690,Recurring Deposit,Basic,Frozen,01-09-2024,,0,0
5403018879109520,877533101251,PUNB031285,NRE,Regular,Active,01-12-2024,,0,0
6857252369059760,877533101251,PUNB031285,NRO,Premium,Active,03-03-2024,,0,0
478277385171,826935640394,ICIC064810,Fixed Deposit,Regular,Active,05-08-2022,,0,0
103808222016,215588040844,ICIC015913,Salary,Regular,Active,23-08-2024,,0,0
958624786427,215588040844,ICIC015913,Fixed Deposit,Regular,Active,09-04-2024,,0,0
9148515010870219,277315326585,PUNB048521,Savings,Regular,Active,23-12-2023,,0,0
9137906979995,650365867684,UTIB041515,NRO,Regular,Active,05-08-2018,,0,0
838481664813,464851158867,ICIC087369,Savings,BSBD,Active,05-12-2023,,0,0
247406687545,464851158867,ICIC087369,Savings,Basic,Active,08-06-2023,,0,0
40978583491,275884401796,SBIN014351,NRE,Regular,Active,05-01-2024,,0,0
40023659956,208330278460,CNRB017302,Savings,Basic,Active,24-02-2020,,0,0
24086985988594,376930600186,HDFC059793,Recurring Deposit,Premium,Active,16-08-2021,,0,0
9175471425063,455612289552,UTIB050721,NRE,Regular,Active,23-07-2021,,0,0
9212152363410828,479221219049,PUNB052512,Fixed Deposit,Basic,Active,21-08-2020,,0,0
74455234711478,335552621127,BARB029538,Salary,Regular,Active,14-05-2020,,0,0
32836700239960,335552621127,BARB029538,Salary,Basic,Active,02-01-2020,,0,0
35540105300,834945939226,IOBA050141,Savings,BSBD,Active,11-09-2024,,0,0
87534879950,574568809941,SBIN017964,Salary,Basic,Active,19-03-2020,,0,0
4819563344403,772151932583,CNRB057338,Current,Regular,Active,25-06-2018,,0,0
168049966776,772151932583,CNRB057338,Current,Regular,Active,23-10-2021,,0,0
9018950538211,639334027874,BARB026055,Salary,Premium,Dormant,17-10-2022,30-05-2023,0,0
3707183575274,633444691272,KKBK090062,Fixed Deposit,Premium,Active,11-05-2019,,0,0
794640365682,454661575904,CNRB022427,Current,Regular,Dormant,17-11-2021,11-05-2022,0,0
9260929926251,300254140712,UTIB011039,Current,Premium,Active,05-05-2022,,0,0
9262651796829,300254140712,UTIB011039,Fixed Deposit,Basic,Active,11-06-2022,,0,0
1856609993207944,357972013375,PUNB095925,Salary,Premium,Active,09-11-2024,,0,0
3184896036798085,357972013375,PUNB095925,Savings,Regular,Active,08-07-2024,,0,0
468005013754,921256299848,BARB053249,Savings,Premium,Closed,07-07-2024,,0,0
898020171329,138800001878,BKID056582,Savings,BSBD,Active,07-04-2024,,0,0
69688142994367,138800001878,BKID056582,Current,BSBD,Active,18-06-2023,,0,0
507294838936,789659768861,BKID012282,Fixed Deposit,Regular,Active,18-06-2022,,0,0
7821462199924469,612453479369,PUNB063794,Current,Premium,Active,21-08-2024,,0,0
8997245495020000,570437040607,PUNB088122,Current,Basic,Active,05-08-2023,,0,0
794975848544,820584399444,KKBK095276,Salary,BSBD,Active,04-06-2015,,0,0
46529386327,820584399444,KKBK095276,Salary,Premium,Active,07-07-2018,,0,0
61853916490,798389787334,CNRB087639,Current,Basic,Active,19-08-2023,,0,0
9106262278943,371053598184,UTIB038878,Fixed Deposit,Regular,Closed,13-09-2023,,0,0
35764317407,232885665191,BARB084523,Recurring Deposit,Regular,Active,31-12-2023,,0,0
29492760372195,678694603367,HDFC060057,NRE,Regular,Active,22-09-2022,,0,0
3241759998947287,415860216394,PUNB048838,Savings,Regular,Active,12-03-2023,,0,0
1514434565807601,415860216394,PUNB048838,Savings,Regular,Frozen,27-04-2023,,0,0
40013649501,113095593318,SBIN086142,Savings,Basic,Active,18-01-2023,,0,0
578757518452,113138246871,ICIC017238,Savings,Premium,Active,10-07-2023,,0,0
493312555390,113138246871,ICIC017238,Current,BSBD,Active,10-11-2022,,0,0
1783856126105691,477805111225,PUNB065735,Salary,Regular,Active,28-03-2020,,0,0
7434440715497439,477805111225,PUNB065735,Savings,BSBD,Frozen,04-04-2023,,0,0
4815745857679930,867457825170,PUNB095624,Savings,BSBD,Dormant,19-05-2021,23-02-2023,0,0
38396387516480,222161293826,HDFC094558,Current,BSBD,Active,29-12-2024,,0,0
54766125763152,222161293826,HDFC094558,Fixed Deposit,Regular,Active,28-08-2024,,0,0
5887344897925,493688334135,CNRB067731,NRE,Regular,Active,30-08-2023,,0,0
73666882199794,656895531169,HDFC010095,Salary,Regular,Active,24-05-2024,,0,0
3620512911139,758286228587,IOBA022080,Fixed Deposit,Regular,Active,21-12-2024,,0,0
701846380490,320922036555,BARB046323,Savings,Basic,Active,09-12-2023,,0,0
6518914605569392,334068563897,PUNB023712,Savings,BSBD,Active,13-01-2021,,0,0
8483754346964621,334068563897,PUNB023712,Fixed Deposit,Basic,Active,24-11-2021,,0,0
172682331083,201361083528,BARB021440,Salary,Premium,Active,20-06-2022,,0,0
1955544075552,241865768263,CNRB025942,Recurring Deposit,BSBD,Active,15-11-2019,,0,0
74517553402243,241865768263,CNRB025942,Current,Regular,Active,01-11-2017,,0,0
18635558992572,699893073026,BARB045754,Salary,Basic,Active,18-11-2024,,0,0
67979103082,699893073026,BARB045754,Savings,BSBD,Active,31-12-2024,,0,0
99507399807,825729684580,SBIN036743,Recurring Deposit,Basic,Active,03-09-2022,,0,0
56685964131,825729684580,SBIN036743,Current,Basic,Active,31-07-2022,,0,0
9178505182058,722375536556,UTIB080069,Salary,BSBD,Active,12-07-2021,,0,0
62291123216,138470603803,KKBK010005,Savings,Basic,Active,30-07-2023,,0,0
97117323517106,138470603803,KKBK010005,Current,Premium,Active,29-05-2017,,0,0
37134346807,163177472100,BKID044278,Current,Regular,Active,29-12-2024,,0,0
3450041015044,163177472100,BKID044278,Current,Regular,Active,20-09-2024,,0,0
507563480754,626075687118,ICIC022029,Current,Regular,Closed,17-04-2020,,0,0
9239913102742,168755393883,UTIB015774,Current,Premium,Active,18-06-2023,,0,0
109540288129,360245919652,KKBK055939,Savings,BSBD,Active,13-12-2023,,0,0
94709798503,212235614434,BKID063535,Recurring Deposit,Basic,Active,18-05-2023,,0,0
41010528144768,212235614434,BKID063535,Recurring Deposit,Premium,Active,26-01-2023,,0,0
36286544758830,153198111043,KKBK038210,Savings,Basic,Active,04-12-2022,,0,0
29944462733,153198111043,KKBK038210,Savings,Premium,Dormant,02-02-2022,15-11-2023,0,0
112947581622,894818468054,ICIC054797,Current,Regular,Active,04-04-2024,,0,0
21239127343476,623289343942,HDFC057004,Salary,Premium,Active,10-09-2023,,0,0
32447712828832,197296667902,HDFC096963,Salary,Basic,Active,03-01-2020,,0,0
4312279187679,461181053389,IOBA043780,Current,BSBD,Active,27-06-2024,,0,0
28473178955050,461181053389,IOBA043780,Fixed Deposit,Regular,Active,02-05-2021,,0,0
12328969072,668222942957,CNRB077966,Current,BSBD,Active,18-01-2024,,0,0
48485962838500,767101123625,HDFC063882,Recurring Deposit,Premium,Active,15-07-2017,,0,0
9185195755237,681725896374,UTIB086775,Savings,BSBD,Active,23-10-2021,,0,0
41222202015,981232981886,BKID014434,Salary,Basic,Frozen,17-11-2024,,0,0
711424467091,104884668687,KKBK014215,Savings,Regular,Active,10-04-2022,,0,0
1807722532494,713323507439,BKID064006,Salary,Basic,Active,26-09-2019,,0,0
9617514970872,265500810908,CNRB056904,Current,Premium,Active,05-08-2022,,0,0
91887530982,265500810908,CNRB056904,Savings,BSBD,Active,13-08-2019,,0,0
5613280489993,583147980379,BKID094920,Salary,Regular,Dormant,29-07-2019,23-04-2020,0,0
39376217279,729963283640,BKID010404,Fixed Deposit,Premium,Active,05-06-2021,,0,0
13548138100936,895198853321,HDFC066085,Current,Corporate,Active,24-03-2017,,0,0
75527638561014,895198853321,HDFC066085,Fixed Deposit,Corporate,Active,10-08-2021,,0,0
84615710339522,148212499457,HDFC056384,Fixed Deposit,Premium,Active,25-10-2022,,0,0
16058021714045,148212499457,HDFC056384,Current,Regular,Active,15-07-2021,,0,0
15754360850969,994482043225,BARB097564,Current,Basic,Active,15-08-2023,,0,0
6807956045718610,582450619412,PUNB041848,Savings,Premium,Active,01-08-2022,,0,0
1276323631241974,582450619412,PUNB041848,Savings,Basic,Active,24-01-2023,,0,0
279879781672,364325161917,KKBK073372,Current,Basic,Active,10-06-2020,,0,0
41765222075603,364325161917,KKBK073372,Savings,BSBD,Dormant,02-06-2023,10-07-2023,0,0
1072943212291,612954343655,CNRB058125,Current,Basic,Active,28-06-2020,,0,0
3025458532384593,668170943006,PUNB020276,Savings,Premium,Active,27-06-2024,,0,0
18506043741513,914030599932,BARB010685,Current,Regular,Active,12-03-2021,,0,0
659988206449,352389209223,IOBA096791,Savings,Regular,Active,11-08-2022,,0,0
7538430991635,273003306620,KKBK077388,Salary,BSBD,Active,22-09-2024,,0,0
42821416160296,361370670378,HDFC098193,Current,Corporate,Active,21-09-2023,,0,0
60286536910,736401085056,IOBA077113,Savings,Regular,Active,09-06-2023,,0,0
235625973208,736401085056,IOBA077113,Fixed Deposit,Premium,Active,23-04-2024,,0,0
7381492989758,109959674782,BARB031288,Current,Regular,Active,18-05-2017,,0,0
19451331514,109959674782,BARB031288,Fixed Deposit,Regular,Active,09-01-2021,,0,0
56941616565998,428708483704,KKBK084418,Current,Regular,Active,13-08-2018,,0,0
2971762935989,428708483704,KKBK084418,Current,Regular,Active,27-10-2015,,0,0
6808733889835,934086093150,BKID084561,Savings,Premium,Active,11-09-2020,,0,0
79934958935,129971072622,SBIN079406,Fixed Deposit,Regular,Active,12-03-2022,,0,0
7792724862426,286939330311,BKID037006,Savings,Premium,Active,19-02-2023,,0,0
187344436311,440459634485,ICIC040391,Savings,Basic,Active,13-11-2020,,0,0
377761298658,440459634485,ICIC040391,Salary,Basic,Active,13-05-2017,,0,0
4791216252696,282807599256,IOBA027558,Savings,Regular,Active,28-04-2024,,0,0
4286786761788005,471040130839,PUNB087674,Savings,BSBD,Active,05-02-2024,,0,0
4264798361671447,471040130839,PUNB087674,Salary,Basic,Active,22-02-2024,,0,0
99467384019092,718212182964,KKBK099896,Savings,Basic,Active,17-09-2023,,0,0
61509751024,718212182964,KKBK099896,Savings,Premium,Active,25-05-2016,,0,0
4179041243197,229133227269,IOBA030406,Current,Premium,Active,23-06-2017,,0,0
3866106159872198,430221749199,PUNB027650,Recurring Deposit,BSBD,Active,15-01-2022,,0,0
4374995916565876,807809737263,PUNB075751,Fixed Deposit,Regular,Active,09-11-2023,,0,0
5655195414883,164328265793,IOBA054238,Savings,BSBD,Active,30-09-2020,,0,0
623817022777,461306676036,ICIC098816,Savings,BSBD,Active,21-06-2024,,0,0
974296118220,461306676036,ICIC098816,Salary,BSBD,Active,10-01-2019,,0,0
70897431988,384674667220,IOBA027161,Current,Regular,Active,08-11-2024,,0,0
27031159524,384674667220,IOBA027161,Fixed Deposit,Regular,Active,05-07-2024,,0,0
4044811838923295,494941948589,PUNB049377,Savings,Regular,Frozen,09-09-2022,,0,0
7720051540570619,968823509371,PUNB085692,Savings,BSBD,Active,19-09-2023,,0,0
2626127004117540,968823509371,PUNB085692,Recurring Deposit,Premium,Frozen,21-02-2023,,0,0
717361307783,665449539715,IOBA042821,Fixed Deposit,Regular,Active,06-11-2019,,0,0
18937025838,665449539715,IOBA042821,Current,Regular,Active,06-02-2024,,0,0
88062186883268,811128163906,KKBK023018,Current,Regular,Active,13-05-2021,,0,0
61729896889963,878149209621,HDFC058711,Current,Regular,Active,10-10-2023,,0,0
7592012983532375,179093017439,PUNB033320,Salary,BSBD,Active,07-06-2023,,0,0
51668538881,960444398979,BARB056951,Savings,Regular,Dormant,26-05-2023,22-10-2024,0,0
54927643972101,960444398979,BARB056951,Recurring Deposit,Regular,Active,05-01-2021,,0,0
9376895136793,735082346881,IOBA023686,Salary,BSBD,Active,13-02-2024,,0,0
96372815881,827038010346,BKID057957,Savings,Regular,Active,04-02-2023,,0,0
91817767200,684273999000,BKID053449,Salary,BSBD,Closed,19-11-2024,,0,0
351885679260,613974274098,ICIC038706,Current,BSBD,Dormant,30-10-2022,08-03-2025,0,0
828414829034,613974274098,ICIC038706,Salary,Premium,Active,18-07-2019,,0,0
8849644554104780,112268661844,PUNB027331,Current,BSBD,Active,13-05-2024,,0,0
9189253715137,213361537319,UTIB065457,Fixed Deposit,Regular,Active,12-06-2022,,0,0
9226828522171,209972688698,UTIB082032,Current,BSBD,Active,14-07-2024,,0,0
9155976180199,209972688698,UTIB082032,Salary,Premium,Active,06-10-2018,,0,0
21899463272667,504494520664,HDFC028714,Recurring Deposit,Premium,Active,18-08-2018,,0,0
84212747069374,504494520664,HDFC028714,Salary,Basic,Frozen,31-08-2019,,0,0
17848745380,177332003554,BARB077329,Savings,BSBD,Active,27-01-2023,,0,0
704946676282,960809171779,IOBA074805,Savings,Basic,Active,24-10-2023,,0,0
29743948946308,860145304937,BKID044567,Current,Regular,Active,06-05-2024,,0,0
910356733690,431551866683,KKBK049927,Salary,Basic,Active,09-09-2018,,0,0
32663318855774,431551866683,KKBK049927,Savings,Basic,Active,16-08-2019,,0,0
97572517103445,639585129707,BARB092788,Savings,Regular,Active,12-06-2017,,0,0
9569015717114,639585129707,BARB092788,Recurring Deposit,BSBD,Active,18-04-2020,,0,0
99525473133385,981299901494,BARB084343,Current,Basic,Active,22-11-2024,,0,0
62062019678,981299901494,BARB084343,Savings,Premium,Active,21-02-2022,,0,0
7197913393085,630145261040,BKID084899,Savings,Regular,Active,19-12-2020,,0,0
338222902754,630145261040,BKID084899,Salary,Basic,Active,08-05-2022,,0,0
68137427769,903232220446,SBIN095976,Savings,Basic,Active,26-08-2022,,0,0
77251641045,903232220446,SBIN095976,Salary,Regular,Active,13-10-2023,,0,0
48236531500072,157749921327,HDFC051528,Salary,Premium,Active,15-11-2022,,0,0
955577290625,129193404070,KKBK084387,Salary,Premium,Dormant,23-12-2021,25-04-2023,0,0
87385864960,129193404070,KKBK084387,Savings,Regular,Active,01-11-2022,,0,0
9279451610133,548653779626,UTIB070040,Salary,Regular,Active,19-08-2023,,0,0
9272674092367,548653779626,UTIB070040,Fixed Deposit,BSBD,Active,21-01-2022,,0,0
6074947161776,944549660339,BKID042657,Salary,Basic,Active,01-11-2022,,0,0
8303855596496,944549660339,BKID042657,Savings,Basic,Active,22-06-2023,,0,0
340790317079,560646303016,ICIC027612,Savings,Basic,Active,22-03-2023,,0,0
329663382523,560646303016,ICIC027612,Savings,Regular,Active,27-07-2016,,0,0
39131640604,426854693496,IOBA032691,Recurring Deposit,Regular,Active,06-07-2023,,0,0
9154436175262,791207864135,UTIB033415,Current,Premium,Active,15-12-2024,,0,0
9110992246513,791207864135,UTIB033415,Savings,Basic,Active,21-04-2024,,0,0
59723848162125,267928388399,BKID084064,Fixed Deposit,Regular,Active,14-10-2024,,0,0
478503072973,267928388399,BKID084064,Fixed Deposit,Regular,Dormant,30-11-2024,26-02-2025,0,0
9454069670870,262657422079,BKID078687,Savings,Basic,Active,12-12-2024,,0,0
401126017305,262657422079,BKID078687,Savings,Regular,Closed,25-06-2023,,0,0
14328125912,912131063682,CNRB052625,Savings,Premium,Active,22-06-2024,,0,0
4007098644762,989502767451,IOBA054442,Savings,Regular,Dormant,28-01-2023,31-01-2024,0,0
7608890584222,989502767451,IOBA054442,Fixed Deposit,Premium,Dormant,10-08-2024,20-11-2024,0,0
39222208277,691660458150,KKBK080241,Savings,Premium,Dormant,01-06-2023,04-02-2024,0,0
95246208587853,691660458150,KKBK080241,Salary,BSBD,Active,28-10-2020,,0,0
9283044161344,929276646135,UTIB085107,Current,BSBD,Active,04-06-2020,,0,0
9290965555359,929276646135,UTIB085107,Salary,Premium,Active,15-12-2023,,0,0
60349393062065,684443075891,KKBK014193,Current,Premium,Active,14-02-2021,,0,0
2454041148180,684443075891,KKBK014193,Salary,BSBD,Active,16-07-2021,,0,0
246480781576,528441887548,BARB065999,Current,Regular,Dormant,24-04-2018,17-10-2023,0,0
4927345258504,528441887548,BARB065999,Current,Premium,Active,15-06-2022,,0,0
39843322387,522538971348,CNRB037365,Savings,BSBD,Active,25-03-2023,,0,0
91724744161427,522538971348,CNRB037365,Salary,Basic,Active,20-05-2019,,0,0
4256679874601,256791519170,CNRB045875,Savings,Regular,Active,17-09-2020,,0,0
35230076212547,385092850281,HDFC047767,Current,Regular,Closed,16-05-2021,,0,0
53185746026249,779748192826,BKID040807,Fixed Deposit,Premium,Frozen,22-03-2024,,0,0
7838010908358,779748192826,BKID040807,Savings,Regular,Active,03-02-2024,,0,0
46888387032,490829215738,BKID093261,Salary,Basic,Active,25-11-2017,,0,0
144545245709,786721127268,ICIC051526,Fixed Deposit,Corporate,Active,02-05-2024,,0,0
44868708639800,751255233480,CNRB025758,Savings,Basic,Active,04-12-2015,,0,0
7782807941014,582004495152,BARB027350,Salary,BSBD,Active,08-05-2024,,0,0
4421687760082,582004495152,BARB027350,Fixed Deposit,BSBD,Active,26-03-2019,,0,0
516565367909,966297091554,ICIC028305,Current,Basic,Active,19-01-2021,,0,0
7557180900866802,986627992660,PUNB067484,Savings,BSBD,Active,22-12-2017,,0,0
7121913303490947,986627992660,PUNB067484,Savings,Basic,Active,30-12-2021,,0,0
64157243506017,409535955918,KKBK021725,Salary,Regular,Active,03-08-2023,,0,0
821025221705,409535955918,KKBK021725,Salary,Premium,Active,03-12-2022,,0,0
10215579084777,793457292756,HDFC024553,Fixed Deposit,BSBD,Active,28-11-2024,,0,0
99959521372113,793457292756,HDFC024553,Savings,Regular,Active,17-02-2024,,0,0
9174498953842,112257992681,CNRB084424,Salary,Premium,Active,27-12-2024,,0,0
68086084862895,902727309176,HDFC068348,Savings,Premium,Active,30-07-2016,,0,0
70640575913888,902727309176,HDFC068348,Savings,BSBD,Active,16-09-2023,,0,0
130769773432,268388697568,CNRB037800,Savings,Regular,Active,21-01-2023,,0,0
278891226454,268388697568,CNRB037800,Current,Premium,Active,04-05-2020,,0,0
9922171209878,997450722855,CNRB078108,Salary,Premium,Active,28-08-2021,,0,0
842080819744,997450722855,CNRB078108,Salary,Regular,Active,13-08-2021,,0,0
316971346590,234777163656,KKBK028442,Savings,BSBD,Active,18-10-2023,,0,0
97787236021,234777163656,KKBK028442,Salary,BSBD,Active,02-03-2023,,0,0
2428367139067992,514284291215,PUNB068535,Current,Basic,Active,01-09-2021,,0,0
7146505071919476,514284291215,PUNB068535,Current,Premium,Active,09-06-2019,,0,0
16795586953,297633902808,IOBA042042,Salary,BSBD,Active,23-06-2020,,0,0
848875840420,297633902808,IOBA042042,Salary,Premium,Active,31-01-2022,,0,0
9149636544186,759278209203,UTIB051604,Current,Premium,Active,18-01-2024,,0,0
83382508116668,301630671664,HDFC034232,Salary,BSBD,Active,13-06-2024,,0,0
73360399029013,301630671664,HDFC034232,Fixed Deposit,Regular,Active,19-11-2024,,0,0
54015137336,986893988545,BKID010872,Savings,Premium,Active,21-07-2019,,0,0
30018066472854,986893988545,BKID010872,Salary,Basic,Active,26-05-2022,,0,0
22535454384,914184045307,IOBA026540,Salary,Basic,Active,15-04-2024,,0,0
1994328494940,914184045307,IOBA026540,Recurring Deposit,Premium,Active,08-04-2024,,0,0
9180053682360,229084282726,UTIB020229,Savings,Regular,Active,12-06-2022,,0,0
9218971181427,229084282726,UTIB020229,Savings,Basic,Active,25-10-2024,,0,0
47454033613,526766014616,SBIN065441,Salary,Premium,Active,15-01-2021,,0,0
52485459440,526766014616,SBIN065441,Savings,Regular,Active,17-05-2023,,0,0
36826990783364,573483617065,HDFC022223,Savings,Basic,Active,13-06-2024,,0,0
97246389507,527899308641,SBIN058127,Savings,Premium,Active,22-12-2018,,0,0
833580565268,394352184203,IOBA048644,Savings,BSBD,Active,09-02-2023,,0,0
6829579421431,394352184203,IOBA048644,Salary,BSBD,Active,26-09-2024,,0,0
45987619394288,140429679858,CNRB080897,Current,BSBD,Active,09-07-2022,,0,0
18771949548173,140429679858,CNRB080897,Savings,Basic,Active,02-03-2024,,0,0
935770571173,644971005318,BKID012949,Fixed Deposit,Corporate,Active,09-08-2020,,0,0
17916488553540,220000040344,BKID076645,Savings,Regular,Active,04-07-2024,,0,0
77814724389,220000040344,BKID076645,Recurring Deposit,Regular,Active,16-09-2024,,0,0
33397743013,745839207491,IOBA084277,Current,Regular,Active,23-06-2024,,0,0
266500331248,745839207491,IOBA084277,Current,Regular,Active,26-04-2024,,0,0
9222824230066,715770664422,UTIB031158,Salary,Basic,Active,14-07-2020,,0,0
9113333866323,715770664422,UTIB031158,Fixed Deposit,BSBD,Active,26-01-2017,,0,0
9132293579351,461485787186,UTIB049466,Savings,Basic,Active,28-08-2024,,0,0
21577133411,978051806444,SBIN029797,Current,Premium,Active,26-06-2020,,0,0
24734910816,702192077772,SBIN030645,Savings,Regular,Dormant,13-10-2024,14-10-2024,0,0
67490144642609,572714153491,HDFC046290,NRE,Regular,Active,03-10-2021,,0,0
17038575510,833826802720,SBIN049517,Fixed Deposit,BSBD,Active,10-01-2024,,0,0
66734358555611,518903718101,HDFC059660,Salary,Premium,Active,05-05-2023,,0,0
62812240825088,518903718101,HDFC059660,Fixed Deposit,Basic,Active,31-10-2019,,0,0
54029734068,566130740897,SBIN077233,Savings,Regular,Active,31-07-2022,,0,0
5437521186894,477649282862,BKID089753,Fixed Deposit,BSBD,Active,29-04-2024,,0,0
400921586628,389527568106,BARB055539,Salary,Premium,Active,16-02-2020,,0,0
1108923014615,638282092568,KKBK068115,Salary,Regular,Active,13-03-2021,,0,0
88994970664194,866962181168,CNRB058150,Fixed Deposit,Regular,Active,10-09-2022,,0,0
2589840347163,866962181168,CNRB058150,Savings,Regular,Active,31-08-2020,,0,0
59329090945211,929919925392,CNRB030222,Salary,Regular,Active,15-07-2024,,0,0
9280803854181,171650737974,UTIB021389,Savings,Premium,Active,22-08-2023,,0,0
416339307004,710600329719,ICIC097884,Fixed Deposit,Regular,Active,10-09-2021,,0,0
619843770335,710600329719,ICIC097884,Current,BSBD,Active,13-03-2020,,0,0
16373137820,323390718689,SBIN075517,Salary,Premium,Active,07-12-2022,,0,0
9142313210162,472046570652,UTIB048664,Salary,Regular,Active,01-01-2022,,0,0
9214940553964,472046570652,UTIB048664,Savings,Regular,Active,21-03-2018,,0,0
45968659460605,757802740957,CNRB018808,Current,Regular,Active,03-11-2024,,0,0
98448608383793,480085867020,HDFC032601,Savings,Premium,Active,31-05-2022,,0,0
63066303382264,480085867020,HDFC032601,Savings,Regular,Active,30-09-2024,,0,0
75014290774,533359693421,BKID033354,Salary,Premium,Active,23-01-2020,,0,0
30646664142,367286279905,CNRB092434,Savings,Basic,Active,11-05-2023,,0,0
344326007229,367286279905,CNRB092434,Salary,Basic,Active,05-01-2024,,0,0
47762697184094,908774640701,IOBA093191,Current,Regular,Active,25-02-2022,,0,0
71495814415,949425794463,SBIN012596,Fixed Deposit,Basic,Active,09-10-2024,,0,0
9122442840283,172956205771,UTIB087375,Fixed Deposit,Corporate,Active,21-02-2023,,0,0
9291165864076,172956205771,UTIB087375,Current,Regular,Active,03-06-2021,,0,0
89944596879651,771619973482,CNRB095022,Recurring Deposit,Premium,Active,01-10-2022,,0,0
893958475740,497306475781,KKBK032815,Current,Premium,Active,05-11-2024,,0,0
217991904835,497306475781,KKBK032815,Fixed Deposit,Regular,Active,20-09-2015,,0,0
4628106597732,423995395032,CNRB058276,Fixed Deposit,Regular,Active,29-11-2023,,0,0
171184953303,569916565500,ICIC086746,Savings,Premium,Active,17-05-2021,,0,0
955284167784,569916565500,ICIC086746,NRO,Regular,Active,29-12-2023,,0,0
65210826435848,402093233216,CNRB014671,Salary,Regular,Active,27-11-2022,,0,0
51645324253,300498645309,IOBA099918,Savings,Regular,Active,20-09-2021,,0,0
82022810401277,300498645309,IOBA099918,Salary,Basic,Active,17-08-2024,,0,0
72229337884769,910014995753,IOBA064344,Current,Basic,Active,15-11-2022,,0,0
3633391799923,860160471303,BARB074213,Savings,Basic,Active,17-11-2024,,0,0
4653809818031,860160471303,BARB074213,Savings,Premium,Dormant,30-10-2024,04-12-2024,0,0
8489768694048,955681071724,BARB013980,Recurring Deposit,BSBD,Active,04-01-2023,,0,0
7134744997254,955681071724,BARB013980,Current,Regular,Active,20-06-2024,,0,0
4093092567121,375287562982,BKID052712,NRO,Regular,Active,17-12-2024,,0,0
2940232824496,375287562982,BKID052712,NRO,Regular,Active,13-04-2024,,0,0
158366544193,638449952803,IOBA029907,Savings,BSBD,Active,15-02-2024,,0,0
113718432051,706009538828,BKID057386,Savings,Premium,Active,12-04-2018,,0,0
89597214430778,706009538828,BKID057386,Current,Basic,Active,29-07-2017,,0,0
448702592360,429072488493,ICIC085718,Fixed Deposit,Corporate,Dormant,28-11-2022,20-10-2023,0,0
922594296969,429072488493,ICIC085718,Current,Corporate,Active,24-11-2024,,0,0
233921731130,363819374041,BKID014882,Salary,Premium,Active,27-08-2017,,0,0
54774236472,363819374041,BKID014882,Savings,Basic,Active,20-12-2024,,0,0
265526962607,820031665037,BKID071405,Savings,Basic,Active,15-03-2024,,0,0
9191470625047,660527203252,UTIB053941,Fixed Deposit,Regular,Active,22-03-2021,,0,0
9170900991010,660527203252,UTIB053941,Savings,Regular,Active,17-06-2020,,0,0
38618784052,244774625179,SBIN013669,Savings,Regular,Active,07-01-2024,,0,0
18063361443,244774625179,SBIN013669,Fixed Deposit,BSBD,Active,27-02-2024,,0,0
6182651556607,579621340350,IOBA079968,Current,Corporate,Active,10-07-2016,,0,0
6709289578807,408321984656,BARB090686,Recurring Deposit,BSBD,Active,27-04-2024,,0,0
96003931795,298907710567,IOBA027429,Savings,BSBD,Closed,08-03-2024,,0,0
87024463834,298907710567,IOBA027429,Recurring Deposit,Premium,Active,02-03-2021,,0,0
94787858255091,686154612501,CNRB065339,Fixed Deposit,Premium,Active,22-10-2022,,0,0
93172830503662,686154612501,CNRB065339,Fixed Deposit,Regular,Active,22-02-2019,,0,0
981289456241,743322467536,BARB056705,Fixed Deposit,Basic,Active,17-11-2021,,0,0
70226341226202,743322467536,BARB056705,Salary,BSBD,Active,21-08-2017,,0,0
55767863396179,894576584511,HDFC088815,Savings,BSBD,Active,09-09-2016,,0,0
9183051631843,471907928417,UTIB077726,Savings,Basic,Active,03-01-2019,,0,0
9154492522199,471907928417,UTIB077726,Current,BSBD,Active,30-04-2018,,0,0
610841506209,255217957827,CNRB028573,Savings,Basic,Active,19-02-2020,,0,0
276115425744,588172273051,IOBA093869,Savings,BSBD,Dormant,01-05-2024,13-08-2024,0,0
46360163959,588172273051,IOBA093869,Savings,BSBD,Active,05-09-2022,,0,0
226117687934,248036552626,ICIC017724,Current,BSBD,Active,08-08-2024,,0,0
47516988341,909436698694,SBIN015660,Current,Premium,Active,31-10-2022,,0,0
41617875543248,393714358393,CNRB014630,Fixed Deposit,Regular,Active,08-01-2024,,0,0
1175032997097,723428997076,CNRB018107,Salary,Basic,Active,03-04-2019,,0,0
59447407898305,495357196769,HDFC057907,Savings,Regular,Active,24-10-2024,,0,0
77119552422856,495357196769,HDFC057907,Savings,Regular,Active,31-08-2024,,0,0
355446288513,639251828671,ICIC063267,Salary,BSBD,Active,27-02-2020,,0,0
268732432025,194166467329,ICIC024444,Current,BSBD,Active,28-04-2022,,0,0
539034604081,710801888319,BARB030269,Savings,BSBD,Active,24-08-2024,,0,0
14709160737439,710801888319,BARB030269,Current,BSBD,Active,15-10-2022,,0,0
11331069840,412159447668,BARB037638,Current,Corporate,Active,12-11-2021,,0,0
31086068041,525628187835,BARB045887,Savings,Regular,Frozen,06-06-2024,,0,0
5976056750928,222429222117,BKID014969,Savings,BSBD,Active,21-12-2022,,0,0
4654127410737098,431293843237,PUNB066919,Recurring Deposit,Regular,Closed,26-08-2018,,0,0
470915920464,286158117280,BARB090184,Current,Regular,Active,01-01-2024,,0,0
8894583978616001,943435039630,PUNB046200,Savings,Basic,Active,07-12-2023,,0,0
7599686098513965,943435039630,PUNB046200,Current,Premium,Active,23-07-2021,,0,0
9198653265680,512936689006,UTIB058684,Salary,Basic,Active,30-03-2021,,0,0
59653354974170,157455620003,KKBK071822,Salary,Basic,Dormant,11-11-2024,29-12-2024,0,0
92416380475,290739293283,SBIN049294,Current,Premium,Active,11-02-2020,,0,0
59720737160,240790261966,KKBK068028,Recurring Deposit,Basic,Active,03-05-2024,,0,0
395086786885,134765829474,ICIC023307,Salary,Regular,Active,16-11-2023,,0,0
276747569264,134765829474,ICIC023307,Recurring Deposit,Premium,Active,19-08-2020,,0,0
369360835574,554105327159,BKID042484,NRO,Regular,Active,06-09-2024,,0,0
36989637009074,122466939290,IOBA090213,Salary,Regular,Active,07-12-2021,,0,0
85388594979,592191495790,BARB029192,Savings,Premium,Active,12-01-2023,,0,0
56223651435,446598502933,SBIN044321,Salary,BSBD,Active,28-02-2020,,0,0
11288743721,446598502933,SBIN044321,Salary,Regular,Active,05-05-2022,,0,0
91996020046,600225021500,SBIN060267,Recurring Deposit,Regular,Active,26-06-2022,,0,0
10674121675,874490936841,BKID057227,Current,BSBD,Active,04-07-2022,,0,0
13717807858012,874490936841,BKID057227,Salary,Premium,Frozen,20-11-2021,,0,0
487478198426,784689045723,BKID093164,Savings,Regular,Active,07-10-2024,,0,0
82049560892493,784689045723,BKID093164,NRE,Premium,Active,02-12-2024,,0,0
2776281072600007,585004877765,PUNB081551,Recurring Deposit,Regular,Active,04-10-2021,,0,0
82038271436914,553270972299,HDFC042098,Salary,Premium,Active,17-11-2021,,0,0
64346775715418,553270972299,HDFC042098,Savings,Basic,Active,16-07-2018,,0,0
3311619090638476,874087400758,PUNB011388,Fixed Deposit,Basic,Active,25-09-2022,,0,0
8148199567946894,874087400758,PUNB011388,Savings,Premium,Active,11-07-2019,,0,0
9414745627154,619653562802,KKBK021972,Salary,Regular,Active,18-11-2022,,0,0
68699484486884,619653562802,KKBK021972,Salary,BSBD,Active,04-08-2023,,0,0
36927262041,870345295679,SBIN037290,Savings,Basic,Active,10-09-2020,,0,0
23037228992,870345295679,SBIN037290,Savings,Regular,Active,07-06-2018,,0,0
6950152262881,179533709341,IOBA024201,Current,Corporate,Dormant,14-05-2024,26-08-2024,0,0
56248394968061,437871393747,HDFC021293,Recurring Deposit,Premium,Active,06-03-2023,,0,0
9705649890786659,773003861781,PUNB092309,Savings,Premium,Active,11-02-2022,,0,0
9527926025215867,529512083895,PUNB037247,Salary,Basic,Active,24-02-2019,,0,0
9871406367426567,529512083895,PUNB037247,Savings,Basic,Active,24-10-2019,,0,0
28544008199952,934579159904,HDFC073094,Current,BSBD,Active,15-05-2021,,0,0
35251530961144,934579159904,HDFC073094,Savings,Basic,Active,14-04-2022,,0,0
402762032386,625094040582,ICIC041335,Recurring Deposit,Regular,Active,12-05-2023,,0,0
9214374630680,712525100454,UTIB087350,Savings,Regular,Active,19-11-2021,,0,0
9221826780003,712525100454,UTIB087350,Salary,BSBD,Active,11-02-2024,,0,0
9187867283952,974840380035,UTIB090900,Recurring Deposit,Basic,Active,23-05-2020,,0,0
9232705919875,974840380035,UTIB090900,Recurring Deposit,Basic,Active,08-08-2017,,0,0
19769015817073,449500317447,HDFC079713,Recurring Deposit,Regular,Active,12-04-2024,,0,0
86290611034,458621759175,SBIN042450,Fixed Deposit,BSBD,Active,22-06-2022,,0,0
669628138204,970531266669,IOBA059061,Savings,BSBD,Dormant,05-12-2015,04-12-2017,0,0
9832399140280,970531266669,IOBA059061,Salary,Basic,Active,03-08-2017,,0,0
641516210914,889372427076,ICIC036039,Current,Premium,Frozen,02-04-2022,,0,0
829741958869,889372427076,ICIC036039,Current,Regular,Active,09-05-2023,,0,0
611669709323,866860912052,ICIC091127,Savings,Premium,Active,15-12-2022,,0,0
313981527638,866860912052,ICIC091127,Savings,BSBD,Active,21-04-2023,,0,0
77057534872,947354219447,KKBK026917,Savings,Basic,Active,18-10-2024,,0,0
92602092146,947354219447,KKBK026917,Fixed Deposit,Premium,Active,16-06-2022,,0,0
8611822925714535,965445909705,PUNB039057,Current,Basic,Active,06-12-2023,,0,0
947101196190,701670598424,KKBK064938,Savings,Premium,Active,13-08-2024,,0,0
73140973396,569095597486,KKBK081142,Savings,Premium,Active,28-06-2022,,0,0
343870602422,788953581004,KKBK012896,Fixed Deposit,Basic,Active,27-01-2024,,0,0
8990530330056,788953581004,KKBK012896,Savings,Regular,Closed,10-09-2021,,0,0
802931796937,886900793165,ICIC031544,Salary,Basic,Active,17-07-2019,,0,0
83113965545,967249729672,IOBA014953,Fixed Deposit,Regular,Active,11-05-2020,,0,0
936103772446,967249729672,IOBA014953,NRE,Premium,Active,13-04-2022,,0,0
19600275326381,966380231620,HDFC078708,Savings,BSBD,Active,01-09-2024,,0,0
16414230925154,966380231620,HDFC078708,Current,Premium,Active,19-08-2024,,0,0
36409226052,635263804405,SBIN032501,Fixed Deposit,Regular,Active,28-12-2022,,0,0
1452099933217,461624465932,BARB065957,Current,BSBD,Closed,25-06-2024,,0,0
2368713586184,461624465932,BARB065957,Current,Premium,Active,02-01-2020,,0,0
9343428889316078,238220109665,PUNB030251,Salary,Basic,Active,17-04-2023,,0,0
2989824060104,510674163691,BARB086090,Recurring Deposit,Regular,Active,24-09-2020,,0,0
9234703216690683,813328743385,PUNB054390,Salary,Premium,Active,22-08-2023,,0,0
3595182131782,731797266455,CNRB023717,Savings,BSBD,Active,21-03-2021,,0,0
6654869829702,731797266455,CNRB023717,Current,Basic,Active,27-05-2020,,0,0
22039560375,976532410888,SBIN045471,Fixed Deposit,Basic,Active,05-10-2024,,0,0
773059520897,283116081863,ICIC017864,Salary,BSBD,Active,03-04-2023,,0,0
330582505537,283116081863,ICIC017864,Savings,Regular,Active,27-08-2022,,0,0
3174967594377777,690528552433,PUNB065601,Recurring Deposit,BSBD,Active,01-06-2020,,0,0
9229770641603,699201253037,UTIB017441,Salary,BSBD,Active,07-12-2024,,0,0
82799951167411,857774532133,HDFC081348,Savings,Regular,Active,14-11-2022,,0,0
83232966249290,857774532133,HDFC081348,NRE,Regular,Active,30-08-2021,,0,0
39258330659888,512169403428,KKBK029795,Current,Basic,Active,23-12-2022,,0,0
4602152069206,466905231051,BKID055232,Savings,Basic,Active,06-12-2024,,0,0
959795234667,285330644428,IOBA071345,Savings,Basic,Active,30-11-2021,,0,0
17461880715674,598991886381,HDFC076283,Current,Regular,Active,03-04-2024,,0,0
254309151909,715651106846,ICIC048829,Current,Corporate,Dormant,08-10-2024,20-02-2025,0,0
6281565820362,671670514687,IOBA042663,Savings,BSBD,Active,04-06-2023,,0,0
69186756373,671670514687,IOBA042663,Savings,BSBD,Active,05-01-2021,,0,0
193707900077,918776120710,ICIC056571,Salary,Basic,Active,18-02-2019,,0,0
9156976344144,740890088842,UTIB036734,Current,Regular,Active,15-11-2022,,0,0
9542501106115489,367359165530,PUNB041668,Current,Basic,Active,27-08-2024,,0,0
5610629445396,658445398989,IOBA056579,Salary,Regular,Active,25-09-2021,,0,0
56625858386,658445398989,IOBA056579,Salary,BSBD,Active,20-01-2021,,0,0
738213709625,422498908131,BARB096045,Recurring Deposit,Basic,Active,13-06-2018,,0,0
74933152403,422498908131,BARB096045,Salary,Regular,Active,17-02-2017,,0,0
64093686619834,322846232143,BKID068637,Current,BSBD,Frozen,20-02-2024,,0,0
34964208898714,674734237159,HDFC076202,Fixed Deposit,Premium,Active,13-11-2017,,0,0
64347256689,304884668407,CNRB028992,Recurring Deposit,Regular,Active,08-02-2022,,0,0
92005820661,226553564578,CNRB055824,Current,BSBD,Active,26-12-2024,,0,0
9113742342984,907718989620,UTIB071920,Fixed Deposit,Basic,Dormant,13-11-2019,24-02-2023,0,0
69904370780,228212524945,IOBA094987,Recurring Deposit,Premium,Active,10-09-2022,,0,0
91474918583,228212524945,IOBA094987,Recurring Deposit,Regular,Active,01-09-2022,,0,0
33541470362,996361641696,SBIN047440,Fixed Deposit,Regular,Active,27-12-2023,,0,0
93583616064,996361641696,SBIN047440,Current,Regular,Active,27-02-2023,,0,0
76226456664468,876519975378,IOBA037011,Current,BSBD,Active,14-08-2023,,0,0
2518203654748,876519975378,IOBA037011,Salary,Basic,Active,14-02-2020,,0,0
78131960493738,451667361544,IOBA075631,Savings,Basic,Active,25-08-2020,,0,0
3649612980536,451667361544,IOBA075631,Salary,Premium,Frozen,06-12-2024,,0,0
21001149616118,903465486578,IOBA044039,Salary,BSBD,Active,12-07-2023,,0,0
64594845170,945347625158,SBIN022411,Recurring Deposit,Premium,Active,05-01-2021,,0,0
86076816471441,855213451262,HDFC040110,Current,BSBD,Active,16-06-2021,,0,0
77787346812272,855213451262,HDFC040110,Savings,BSBD,Active,19-05-2021,,0,0
396040259204,450164995030,ICIC079558,Salary,Premium,Active,09-07-2022,,0,0
1829853007350471,949224585339,PUNB085152,Fixed Deposit,Regular,Active,14-10-2018,,0,0
3482864613863360,949224585339,PUNB085152,Fixed Deposit,Corporate,Active,26-05-2015,,0,0
53830033463694,918528871370,HDFC040030,Current,Regular,Active,07-05-2017,,0,0
46424736178841,311342748598,BARB048712,Salary,Regular,Active,18-01-2021,,0,0
62483435651816,243976850354,HDFC047266,Savings,Basic,Active,05-03-2022,,0,0
34425558246659,243976850354,HDFC047266,Savings,Basic,Active,09-04-2021,,0,0
7697728980444,773825055902,IOBA075205,Fixed Deposit,Basic,Active,03-11-2017,,0,0
515996677516,773825055902,IOBA075205,Current,Premium,Active,12-07-2019,,0,0
9153147366600,105508817281,UTIB034120,Fixed Deposit,Basic,Active,22-05-2024,,0,0
4012624904518,344363675507,BKID074705,Salary,BSBD,Active,02-01-2021,,0,0
66240498990,958771773070,SBIN017906,Current,Premium,Active,02-08-2023,,0,0
6517599401998,247736735764,CNRB052561,Savings,BSBD,Active,22-09-2023,,0,0
5606568097409,247736735764,CNRB052561,Savings,Basic,Active,12-06-2018,,0,0
30574017607905,950014468151,HDFC070564,Current,BSBD,Active,26-07-2023,,0,0
67853921249214,950014468151,HDFC070564,Salary,Premium,Active,30-12-2021,,0,0
26021770470,828148903833,SBIN061054,Savings,Basic,Closed,18-10-2024,,0,0
2139833995237019,450329587987,PUNB059641,Salary,Regular,Active,28-12-2017,,0,0
4599497397742265,450329587987,PUNB059641,Recurring Deposit,Regular,Active,09-04-2021,,0,0
5297856886912,187538157291,BKID090077,Savings,Premium,Active,25-07-2021,,0,0
29793729570338,990569447870,BARB082918,Savings,Basic,Active,06-07-2024,,0,0
8637015134165,990569447870,BARB082918,Savings,Premium,Active,01-08-2020,,0,0
78497701561998,695199956671,HDFC041814,Savings,Regular,Active,20-07-2024,,0,0
6807448221215483,533774077404,PUNB044971,Fixed Deposit,Regular,Active,17-04-2022,,0,0
6078983378394934,533774077404,PUNB044971,Current,Corporate,Active,17-01-2021,,0,0
61280187405,474666929442,SBIN074074,Recurring Deposit,BSBD,Dormant,14-09-2023,14-12-2024,0,0
54297245354,474666929442,SBIN074074,Current,Regular,Active,03-08-2023,,0,0
34383321980339,498721357410,HDFC039627,NRE,Regular,Active,12-09-2024,,0,0
93129233368186,498721357410,HDFC039627,NRE,Premium,Active,08-06-2022,,0,0
80177722075,909227144692,CNRB079945,Fixed Deposit,Corporate,Active,14-03-2024,,0,0
59974613033627,136140245674,HDFC073220,Salary,Basic,Active,08-05-2024,,0,0
54546016204957,136140245674,HDFC073220,Savings,Premium,Active,10-09-2024,,0,0
77360906107,594310768502,SBIN013187,Recurring Deposit,BSBD,Active,19-10-2022,,0,0
68105574761,594310768502,SBIN013187,Savings,Premium,Active,16-12-2019,,0,0
2225903925618417,799647532417,PUNB050224,Salary,Basic,Active,24-09-2022,,0,0
5472959863160440,799647532417,PUNB050224,Salary,Basic,Active,25-07-2022,,0,0
28782683035431,448223623215,HDFC094638,Savings,Regular,Active,19-02-2020,,0,0
1104294679151,235782855656,IOBA058106,Savings,Regular,Active,08-11-2023,,0,0
972999973975,235782855656,IOBA058106,Savings,Basic,Active,11-09-2024,,0,0
54093861500066,501167246656,HDFC044722,Recurring Deposit,Basic,Active,27-11-2024,,0,0
24452291237845,501167246656,HDFC044722,Fixed Deposit,Regular,Active,17-01-2021,,0,0
799632134646,503128665178,BKID025334,Savings,Regular,Active,22-03-2023,,0,0
9550203997825,101425642531,BARB062274,NRO,Regular,Active,17-11-2024,,0,0
3945659394379216,429032980241,PUNB031499,Recurring Deposit,BSBD,Active,09-03-2024,,0,0
5144032244286898,429032980241,PUNB031499,Fixed Deposit,Regular,Active,18-01-2017,,0,0
9144360065480,183620357507,UTIB024785,Salary,Premium,Active,05-12-2023,,0,0
2530532712349787,518958567518,PUNB086956,Current,Regular,Active,17-03-2024,,0,0
9205481718545,225317569411,UTIB067348,Savings,Basic,Dormant,31-12-2024,07-03-2025,0,0
9192815100186,225317569411,UTIB067348,Salary,BSBD,Active,14-02-2024,,0,0
28626040108048,298312458067,HDFC072142,Savings,Basic,Active,31-08-2022,,0,0
43491538532,182524946791,IOBA040917,Current,Regular,Active,18-03-2017,,0,0
9240734836714,714991207010,UTIB059100,Savings,BSBD,Active,29-11-2023,,0,0
9100192910604,714991207010,UTIB059100,Recurring Deposit,Premium,Active,01-11-2024,,0,0
9280915710617,594228126742,UTIB033993,Savings,Basic,Active,30-03-2022,,0,0
9143659640013,470277807347,UTIB025209,Fixed Deposit,Premium,Active,05-07-2024,,0,0
91836061361,577839489590,IOBA083322,Salary,Regular,Active,02-04-2022,,0,0
6797094663352,436252971258,IOBA099827,Savings,Premium,Dormant,27-09-2024,26-02-2025,0,0
8470959255947,102529350125,IOBA098454,Salary,BSBD,Active,31-08-2022,,0,0
67381575261246,102529350125,IOBA098454,Savings,Regular,Active,20-11-2020,,0,0
8715941704788,992035600749,IOBA050112,Salary,Premium,Active,07-09-2022,,0,0
899590778598,262823171041,BARB025677,Salary,Regular,Dormant,22-03-2024,31-07-2024,0,0
654763102931,262823171041,BARB025677,Current,Premium,Active,08-03-2024,,0,0
863930329441,250040706128,IOBA028208,Current,Regular,Frozen,01-01-2024,,0,0
57810074110,387037383461,BKID065103,Savings,BSBD,Active,29-06-2023,,0,0
40393445070,387037383461,BKID065103,Salary,Premium,Active,01-11-2023,,0,0
44051765081,702084980718,IOBA054553,Savings,Basic,Closed,30-06-2022,,0,0
758030019533,702084980718,IOBA054553,Current,Basic,Closed,16-04-2024,,0,0
998085803405,321487220668,ICIC072333,Savings,Regular,Active,20-12-2021,,0,0
249071253576,321487220668,ICIC072333,Savings,BSBD,Frozen,16-09-2019,,0,0
499736174241,938989112242,ICIC099548,Salary,BSBD,Active,11-11-2023,,0,0
897918140293,938989112242,ICIC099548,Savings,Regular,Active,04-08-2021,,0,0
62047921163,760606671032,SBIN087450,Recurring Deposit,Basic,Active,29-05-2023,,0,0
68629470332,760606671032,SBIN087450,Savings,Basic,Frozen,21-11-2023,,0,0
80742724425687,716240107740,HDFC064481,NRO,Regular,Active,17-07-2022,,0,0
89790851955529,716240107740,HDFC064481,NRO,Premium,Active,22-11-2016,,0,0
78967676980945,404034672257,HDFC098378,Fixed Deposit,Corporate,Active,20-07-2019,,0,0
9248637564409,787433634367,UTIB068416,Savings,Regular,Active,28-01-2024,,0,0
41544080455,659910731141,SBIN019265,Recurring Deposit,BSBD,Active,19-07-2022,,0,0
57406018995,659910731141,SBIN019265,Savings,Premium,Active,06-01-2021,,0,0
183585261999,970098008916,CNRB098503,Savings,Premium,Active,05-06-2021,,0,0
36695482862957,970098008916,CNRB098503,Salary,Basic,Active,13-06-2019,,0,0
210862615078,611265474319,ICIC035049,Current,Regular,Active,02-09-2020,,0,0
2584484988892,163526244878,CNRB084434,Fixed Deposit,Basic,Active,14-06-2021,,0,0
31232101718,206141412498,SBIN040528,Fixed Deposit,Premium,Active,20-11-2021,,0,0
60951486340,206141412498,SBIN040528,Savings,Premium,Active,19-10-2023,,0,0
780010918192,891462598535,BARB090458,Current,Regular,Active,24-11-2022,,0,0
86732219541881,474758798233,IOBA078323,Savings,Basic,Active,20-09-2024,,0,0
6296844701174897,124161837310,PUNB021540,Savings,Premium,Active,21-04-2023,,0,0
4077263722251621,124161837310,PUNB021540,Savings,Basic,Active,05-11-2020,,0,0
56831461754,263537768406,SBIN029323,Salary,Premium,Active,25-10-2022,,0,0
41751184815,263537768406,SBIN029323,Fixed Deposit,BSBD,Active,07-10-2022,,0,0
7317167030551,980775054051,BARB016544,Recurring Deposit,Premium,Active,23-11-2023,,0,0
62620090227126,980775054051,BARB016544,Savings,Premium,Active,03-12-2023,,0,0
75150480193700,299830652138,BARB096172,Savings,Regular,Active,15-07-2023,,0,0
952421946656,553836545714,CNRB027786,Salary,Basic,Active,22-09-2024,,0,0
48789551927,553836545714,CNRB027786,Savings,BSBD,Active,12-10-2023,,0,0
259536532077,818548492384,ICIC028625,Current,BSBD,Active,30-12-2024,,0,0
82630908170097,659051235936,HDFC057344,Salary,Regular,Active,26-05-2017,,0,0
6207499329733090,498801594904,PUNB024556,Salary,Premium,Active,12-11-2024,,0,0
31304590246577,184728372866,HDFC063848,Savings,Basic,Active,01-05-2024,,0,0
15122247868640,184728372866,HDFC063848,Salary,BSBD,Active,03-12-2024,,0,0
9225428122932,435930723192,UTIB049297,Salary,Regular,Active,31-08-2021,,0,0
69196137735163,655710136742,HDFC055355,Savings,Premium,Active,16-12-2022,,0,0
52109548053759,325031389357,BKID064615,NRO,Regular,Active,12-11-2021,,0,0
172764007300,325031389357,BKID064615,NRO,Regular,Active,17-05-2023,,0,0
66886914036996,915599305148,IOBA060919,Salary,Basic,Active,10-01-2024,,0,0
633315705094,915599305148,IOBA060919,Savings,Regular,Active,11-04-2023,,0,0
2755632681600281,232242223247,PUNB058355,Recurring Deposit,BSBD,Active,16-02-2022,,0,0
19832606177,480671755431,SBIN065501,Current,Regular,Active,18-08-2024,,0,0
68088344720369,457729244455,IOBA083532,Salary,Basic,Active,27-05-2020,,0,0
99576575904588,476318422736,BKID039554,Recurring Deposit,BSBD,Active,22-03-2022,,0,0
13748846539,476318422736,BKID039554,Salary,Premium,Active,14-09-2023,,0,0
696939652822,687367332847,ICIC080899,Current,Regular,Active,24-04-2024,,0,0
70465369614,573959196075,SBIN083173,Savings,BSBD,Active,29-09-2024,,0,0
36295906916,573959196075,SBIN083173,Salary,Premium,Active,05-11-2024,,0,0
846886015259,866206840236,ICIC031010,Savings,Regular,Active,02-02-2018,,0,0
47182689764528,278084204352,HDFC096144,Savings,Basic,Closed,17-11-2024,,0,0
698488110903,354090364035,ICIC075260,Current,Basic,Active,31-03-2017,,0,0
52316343963834,541790585332,BKID023118,Recurring Deposit,Regular,Active,17-11-2024,,0,0
110073680955,541790585332,BKID023118,Current,BSBD,Active,06-06-2023,,0,0
45987916556656,974854500372,HDFC070954,Fixed Deposit,Regular,Active,22-11-2022,,0,0
23534706497,753378124508,SBIN047110,Salary,Premium,Active,26-07-2023,,0,0
54182351069,353985987184,CNRB032345,Recurring Deposit,Regular,Active,11-10-2022,,0,0
26104672921,353985987184,CNRB032345,Salary,BSBD,Active,07-06-2019,,0,0
70172119892,630699768148,CNRB037309,Salary,BSBD,Active,01-05-2023,,0,0
15038073143286,630699768148,CNRB037309,Recurring Deposit,Basic,Active,18-08-2019,,0,0
9221258221533,801150382729,UTIB055252,Savings,Basic,Active,05-09-2023,,0,0
9285197913835,801150382729,UTIB055252,Savings,Premium,Active,09-11-2024,,0,0
16947346620,704341709523,BARB010532,Salary,BSBD,Active,28-08-2023,,0,0
14368144297,704341709523,BARB010532,Savings,Regular,Active,01-08-2024,,0,0
45122139574227,325358866424,HDFC037953,Current,Regular,Active,28-06-2024,,0,0
10123308625696,325358866424,HDFC037953,Current,BSBD,Active,06-01-2024,,0,0
712936718958,614912192348,ICIC051380,Savings,BSBD,Active,17-07-2024,,0,0
140614415190,614912192348,ICIC051380,Fixed Deposit,BSBD,Active,29-04-2024,,0,0
38026757669133,151895318526,HDFC085399,Savings,BSBD,Active,02-07-2017,,0,0
44563692494804,683683755589,KKBK068397,Recurring Deposit,Premium,Active,10-03-2021,,0,0
60621283519,239398568695,SBIN035331,NRE,Premium,Active,16-02-2018,,0,0
65041201487,239398568695,SBIN035331,NRO,Premium,Active,25-11-2020,,0,0
4496931258731440,937542986030,PUNB089993,Current,Basic,Active,14-08-2022,,0,0
3993520425598959,677230180462,PUNB038969,Fixed Deposit,BSBD,Active,12-08-2016,,0,0
5141000352753,392735512552,CNRB010329,Current,BSBD,Active,07-12-2020,,0,0
20884621317,392735512552,CNRB010329,Savings,Basic,Active,20-11-2021,,0,0
6436218216369,526108810084,CNRB040333,Savings,BSBD,Active,30-05-2023,,0,0
19565896565343,526108810084,CNRB040333,Current,Regular,Active,30-06-2022,,0,0
847916851160,222856028092,ICIC024221,Savings,BSBD,Active,01-06-2016,,0,0
726386915837,222856028092,ICIC024221,Fixed Deposit,BSBD,Active,15-10-2023,,0,0
64130990965,927037515722,IOBA080194,Savings,BSBD,Active,02-10-2022,,0,0
688767968634,927037515722,IOBA080194,Salary,BSBD,Active,24-09-2019,,0,0
64948954529226,712257162366,CNRB042760,Fixed Deposit,BSBD,Active,16-02-2023,,0,0
730061916390,162635667380,ICIC038940,Salary,BSBD,Active,26-07-2017,,0,0
909099972271,162635667380,ICIC038940,Salary,Basic,Active,10-11-2020,,0,0
579410938207,539517260613,ICIC052055,Fixed Deposit,Premium,Active,15-09-2018,,0,0
775033232918,539517260613,ICIC052055,Fixed Deposit,Regular,Active,25-02-2017,,0,0
73661379170,985186118187,CNRB080481,Fixed Deposit,Regular,Active,16-09-2024,,0,0
64236885708,648064746196,BKID017946,Fixed Deposit,Basic,Active,19-12-2024,,0,0
196392657334,648064746196,BKID017946,Savings,BSBD,Active,05-10-2020,,0,0
6243410920935,234117729812,KKBK038448,Salary,Basic,Active,19-05-2022,,0,0
721959736412,234117729812,KKBK038448,Savings,Premium,Active,24-08-2024,,0,0
26202307234334,136738178645,HDFC035510,Salary,Basic,Frozen,04-06-2022,,0,0
98713674944814,136738178645,HDFC035510,Salary,BSBD,Active,19-06-2022,,0,0
916822186106,136646987932,ICIC047557,Current,Corporate,Active,15-01-2024,,0,0
750389932164,136646987932,ICIC047557,Current,Regular,Active,20-01-2024,,0,0
7660435273799,301497213752,IOBA081889,Salary,BSBD,Active,30-01-2022,,0,0
80363880280867,301497213752,IOBA081889,Current,Regular,Frozen,13-04-2020,,0,0
90519280577177,354753792887,HDFC082156,Salary,Premium,Active,17-06-2022,,0,0
43285945896525,354753792887,HDFC082156,Fixed Deposit,Premium,Active,15-04-2018,,0,0
841595232685,369791372418,BARB099435,Fixed Deposit,Corporate,Active,26-06-2023,,0,0
799388636064,369791372418,BARB099435,Current,Corporate,Active,14-08-2023,,0,0
73113728609560,739458477929,IOBA028351,Current,Regular,Active,07-11-2024,,0,0
580229213590,739458477929,IOBA028351,Current,Premium,Active,20-12-2023,,0,0
879088200056,188481867365,IOBA039726,Recurring Deposit,Basic,Active,01-11-2019,,0,0
508055233549,309101546370,KKBK057750,Current,Premium,Active,20-09-2024,,0,0
65106411196275,309101546370,KKBK057750,Current,Premium,Active,31-12-2024,,0,0
510361467051,982040305641,ICIC021303,Savings,Basic,Active,27-11-2023,,0,0
56938859603674,572315925941,BKID099147,Fixed Deposit,Corporate,Active,05-10-2016,,0,0
73359898457,417106276117,IOBA081131,Fixed Deposit,Premium,Active,25-11-2023,,0,0
113629685001,417106276117,IOBA081131,Savings,Premium,Active,25-03-2020,,0,0
90318762746916,716477905315,IOBA017519,Current,BSBD,Active,21-06-2023,,0,0
8768824604347,716477905315,IOBA017519,Savings,BSBD,Active,02-09-2020,,0,0
39030649479,535599283355,BARB016389,Fixed Deposit,Basic,Dormant,14-10-2018,09-08-2021,0,0
79550128605,511920338650,IOBA084135,Salary,Basic,Active,15-09-2024,,0,0
31047293163168,511920338650,IOBA084135,Salary,Basic,Active,15-08-2021,,0,0
43681479197912,740827643595,BKID022181,Salary,Premium,Active,21-04-2024,,0,0
7521952655961,740827643595,BKID022181,Salary,Premium,Active,03-03-2017,,0,0
47762786475,324901624665,SBIN059733,Savings,Basic,Active,11-11-2017,,0,0
89943284962,324901624665,SBIN059733,Savings,Premium,Active,20-02-2019,,0,0
402204448642,958218390102,KKBK019350,Current,Basic,Active,26-11-2021,,0,0
971840478217,978574857668,BKID070865,Salary,Regular,Frozen,09-11-2016,,0,0
642267964721,978574857668,BKID070865,Current,BSBD,Active,05-10-2019,,0,0
52378369788,547672314734,SBIN042323,Savings,Premium,Active,24-02-2024,,0,0
661164828142,953448876858,KKBK010696,Savings,Premium,Frozen,15-07-2024,,0,0
63957123227,737139151332,CNRB054844,Savings,Basic,Active,19-08-2023,,0,0
9126776759640,649942115763,UTIB036089,Salary,Regular,Active,30-12-2018,,0,0
9199825216125,649942115763,UTIB036089,Recurring Deposit,Basic,Active,19-06-2024,,0,0
3488930953868047,332475968420,PUNB062778,Fixed Deposit,Premium,Active,27-07-2024,,0,0
9349792050237469,332475968420,PUNB062778,Salary,BSBD,Active,29-04-2024,,0,0
62384132791,726310724826,BARB044279,Salary,Regular,Active,10-06-2023,,0,0
71574695404800,726310724826,BARB044279,Salary,Basic,Active,12-09-2023,,0,0
71997899339,886852489806,KKBK084988,Savings,Premium,Dormant,01-05-2019,24-07-2023,0,0
629529979356,861624911947,ICIC087038,Salary,Premium,Active,14-07-2018,,0,0
243701585628,262562563937,BARB019272,Salary,Regular,Active,05-03-2023,,0,0
643141878511,922205817267,BKID057805,Savings,BSBD,Active,27-08-2019,,0,0
98798297230,922205817267,BKID057805,Savings,Basic,Dormant,27-06-2022,18-07-2022,0,0
2370754657854633,705734015029,PUNB057159,Current,Basic,Active,21-12-2023,,0,0
4851286886268927,705734015029,PUNB057159,Current,Premium,Active,02-04-2023,,0,0
29512413381158,664110173588,IOBA061811,Current,Regular,Active,19-04-2018,,0,0
12660005273,664110173588,IOBA061811,Fixed Deposit,Regular,Active,07-05-2016,,0,0
7466996336982743,744160039276,PUNB058868,Salary,Basic,Active,08-06-2023,,0,0
801575976980,791052227477,ICIC070109,Savings,Premium,Active,18-11-2023,,0,0
177651092815,791052227477,ICIC070109,Fixed Deposit,BSBD,Dormant,27-11-2024,16-12-2024,0,0
2101184514209580,210294348157,PUNB082875,Salary,Basic,Active,20-11-2020,,0,0
7178816087653695,210294348157,PUNB082875,Salary,Premium,Active,22-11-2022,,0,0
50915517976002,802560705175,HDFC062091,Salary,Basic,Active,03-10-2021,,0,0
36771535680707,802560705175,HDFC062091,Recurring Deposit,Premium,Active,30-10-2023,,0,0
9121485392266,691022152990,UTIB029545,Salary,BSBD,Active,26-09-2023,,0,0
9154601502288,691022152990,UTIB029545,Salary,Regular,Frozen,01-02-2023,,0,0
1387503947178,959782542704,BARB010814,Savings,Regular,Active,20-12-2022,,0,0
22268830965,392939499075,BKID086289,Salary,Basic,Active,24-08-2016,,0,0
33477123397,901167445797,CNRB017544,Savings,Premium,Active,23-11-2022,,0,0
91828568231,959955132374,SBIN090159,Current,Basic,Frozen,04-12-2023,,0,0
2563933682084668,322048888866,PUNB051482,Fixed Deposit,Basic,Active,07-04-2022,,0,0
1812645344707955,322048888866,PUNB051482,Fixed Deposit,BSBD,Active,19-05-2024,,0,0
24923268111,465192839509,KKBK047472,Savings,BSBD,Active,13-07-2017,,0,0
472392808916,465192839509,KKBK047472,Fixed Deposit,Regular,Dormant,07-10-2022,16-12-2024,0,0
22645550662,180471264010,IOBA030817,Savings,Premium,Active,17-03-2023,,0,0
36421857583678,180471264010,IOBA030817,NRE,Premium,Active,06-07-2020,,0,0
70161023427036,284687819470,IOBA017953,Savings,Basic,Active,06-07-2017,,0,0
83992447865446,986739773595,HDFC032172,Current,Premium,Active,04-11-2018,,0,0
3664898748823909,100648370663,PUNB098285,Current,Premium,Active,02-09-2023,,0,0
6019820006282393,100648370663,PUNB098285,Savings,Premium,Active,09-02-2024,,0,0
6739315589389,893481310436,BARB027514,Current,Regular,Active,07-07-2019,,0,0
29237593003,893481310436,BARB027514,Savings,Regular,Active,20-09-2019,,0,0
9244022205112,460077482713,UTIB068571,Salary,BSBD,Active,11-09-2022,,0,0
98683501059119,820389322842,HDFC036906,NRO,Premium,Active,20-10-2023,,0,0
18506317591659,820389322842,HDFC036906,NRE,Regular,Dormant,23-07-2020,21-11-2020,0,0
21822364972070,995356302799,IOBA048824,Savings,Premium,Active,02-09-2018,,0,0
9179182562771,895535135059,UTIB066057,Recurring Deposit,Basic,Active,29-09-2022,,0,0
9189760853462,895535135059,UTIB066057,Salary,Basic,Active,21-05-2020,,0,0
6316017595145,737760175306,KKBK031397,NRO,Premium,Active,17-09-2020,,0,0
82381266901,154661014687,SBIN099465,Salary,Premium,Active,15-10-2021,,0,0
295760589492,987653842356,ICIC057144,Recurring Deposit,Basic,Active,09-09-2023,,0,0
9214751351045,622655224877,UTIB056896,Current,Corporate,Active,25-09-2023,,0,0
9204907498996,622655224877,UTIB056896,Current,Corporate,Active,09-05-2018,,0,0
7946023242517,162793983608,CNRB033411,Savings,Basic,Dormant,31-10-2018,15-07-2020,0,0
94322558698884,162793983608,CNRB033411,Salary,Basic,Active,11-06-2019,,0,0
9216486338523,743866595731,BARB037622,Recurring Deposit,Basic,Active,01-01-2020,,0,0
161113503799,743866595731,BARB037622,Salary,Premium,Active,26-01-2021,,0,0
20691847994681,740788814668,HDFC044102,Savings,Basic,Active,26-11-2017,,0,0
363798159907,439178135248,ICIC033832,Current,Regular,Active,15-05-2024,,0,0
86765579058901,528042162011,HDFC031744,Savings,Regular,Active,22-03-2019,,0,0
62804035455410,528042162011,HDFC031744,Salary,Basic,Active,02-02-2024,,0,0
37252959570,913475573908,SBIN097654,Current,Regular,Active,12-09-2021,,0,0
73935511861,777386912510,BKID085914,Savings,Premium,Dormant,03-04-2017,22-01-2019,0,0
3421209226428,777386912510,BKID085914,Savings,Regular,Active,26-02-2018,,0,0
52813259591,222252594486,SBIN050622,Recurring Deposit,BSBD,Active,28-05-2023,,0,0
87128748384,262995945178,CNRB040504,NRO,Regular,Active,25-07-2024,,0,0
5289833681097,262995945178,CNRB040504,NRE,Premium,Active,24-06-2024,,0,0
54937148761595,717813389783,HDFC097264,Savings,Regular,Active,20-08-2022,,0,0
77781721102741,717813389783,HDFC097264,Salary,BSBD,Active,15-08-2023,,0,0
2750704650290,550945986328,KKBK028061,Savings,Regular,Active,11-08-2022,,0,0
1131880053707458,138194602097,PUNB083017,Recurring Deposit,Basic,Active,05-12-2016,,0,0
7531665326497435,138194602097,PUNB083017,Salary,BSBD,Active,11-01-2021,,0,0
35631027352877,885456658374,HDFC068522,Current,Premium,Active,07-09-2017,,0,0
35957718756303,885456658374,HDFC068522,Current,Premium,Active,21-03-2020,,0,0
522719584141,521290328229,IOBA075419,Salary,Premium,Dormant,12-12-2024,01-02-2025,0,0
256357311749,268650237913,ICIC058415,Salary,Basic,Active,28-11-2019,,0,0
423877822294,268650237913,ICIC058415,Savings,BSBD,Active,24-03-2022,,0,0
3514068862896,315548100452,BKID093623,Savings,Regular,Active,19-08-2023,,0,0
9170795107937,617583571459,UTIB053426,Salary,Basic,Active,12-12-2023,,0,0
9240941423097,617583571459,UTIB053426,Savings,BSBD,Active,08-11-2021,,0,0
844565814150,275088538906,CNRB026896,Current,BSBD,Active,02-09-2022,,0,0
603515524842,908431075603,ICIC047595,Current,Corporate,Active,15-06-2023,,0,0
60018445217,215630681744,BKID060884,Salary,Basic,Active,19-11-2023,,0,0
3377780685038,213884581598,IOBA021463,Fixed Deposit,Regular,Active,13-04-2021,,0,0
8137902286619,213884581598,IOBA021463,Current,Corporate,Active,21-05-2024,,0,0
17906215786777,596691153492,BKID036126,Savings,Regular,Active,22-09-2018,,0,0
66738497337,202258525112,BKID061527,Fixed Deposit,Regular,Active,02-10-2019,,0,0
53540545649,202258525112,BKID061527,Savings,BSBD,Active,23-09-2024,,0,0
35228617821197,641445673281,BKID029175,Salary,Basic,Active,14-09-2021,,0,0
3207238661000,641445673281,BKID029175,Salary,Regular,Dormant,02-07-2023,27-02-2024,0,0
4897638428864900,524689480526,PUNB018213,Savings,Regular,Active,29-04-2023,,0,0
66869811742467,419134478351,CNRB047093,Fixed Deposit,Regular,Active,19-05-2022,,0,0
52803381447240,873053720876,HDFC063191,Current,Corporate,Active,12-01-2022,,0,0
14855471857662,873053720876,HDFC063191,Current,Corporate,Active,03-03-2023,,0,0
17437878334878,332179584378,HDFC090448,Fixed Deposit,Premium,Active,15-05-2024,,0,0
9231805649447,566539463778,UTIB089870,Current,Corporate,Active,09-08-2024,,0,0
9164532048854,566539463778,UTIB089870,Current,Regular,Active,10-07-2024,,0,0
802871573799,459917638285,CNRB045299,Savings,BSBD,Active,13-08-2022,,0,0
94073794535042,119969670188,CNRB041190,Salary,BSBD,Active,08-07-2022,,0,0
73465067112031,361265695067,HDFC037777,Fixed Deposit,Regular,Active,11-01-2020,,0,0
73023317093088,361265695067,HDFC037777,Savings,Regular,Active,05-03-2023,,0,0
64841130716045,862745794965,HDFC010706,Savings,Basic,Active,11-07-2022,,0,0
13987849109,832952545655,KKBK096409,Current,BSBD,Active,14-11-2022,,0,0
562675425132,832952545655,KKBK096409,Salary,BSBD,Active,09-07-2021,,0,0
7184772258119,106596386105,CNRB077034,Savings,Regular,Active,04-07-2023,,0,0
64552091405,106596386105,CNRB077034,Savings,Basic,Active,10-09-2018,,0,0
2938759599407829,632755614431,PUNB076386,Current,Corporate,Active,03-07-2023,,0,0
4710722920359346,632755614431,PUNB076386,Fixed Deposit,Corporate,Active,04-12-2023,,0,0
158321486361,488096107077,ICIC069364,Savings,Regular,Active,01-12-2022,,0,0
72918691468874,201134522978,BARB098698,Recurring Deposit,BSBD,Active,29-05-2024,,0,0
95564396464,201134522978,BARB098698,Salary,Basic,Active,04-09-2024,,0,0
9348008722693,575099094905,BARB047496,Recurring Deposit,Regular,Active,09-11-2022,,0,0
36572128738,768327727492,CNRB088596,Salary,BSBD,Active,22-04-2019,,0,0
78910306480908,768327727492,CNRB088596,Savings,BSBD,Active,17-01-2021,,0,0
385954078562,958757054866,CNRB028726,Current,Corporate,Active,20-03-2017,,0,0
176560980214,958757054866,CNRB028726,Current,Regular,Active,22-04-2019,,0,0
634384172190,700259977809,ICIC084044,Current,BSBD,Active,14-06-2024,,0,0
73671696459317,135981231346,HDFC048312,Savings,Regular,Active,05-10-2023,,0,0
9124027275932,455602845581,UTIB017534,Salary,Regular,Active,25-12-2023,,0,0
48417802889,489411856722,SBIN031659,Fixed Deposit,Basic,Active,10-03-2023,,0,0
44180222490,605772547244,SBIN033064,Savings,Regular,Active,24-04-2021,,0,0
98505619460,605772547244,SBIN033064,Salary,BSBD,Active,19-08-2022,,0,0
424770870255,416716036958,ICIC079965,Salary,Regular,Active,09-10-2021,,0,0
386441812587,416716036958,ICIC079965,Fixed Deposit,Basic,Active,24-06-2019,,0,0
37507269250746,926398960710,KKBK088112,Savings,Basic,Active,25-06-2024,,0,0
54136988233341,362447929236,HDFC022938,NRO,Premium,Closed,04-12-2024,,0,0
28087291977400,362447929236,HDFC022938,NRE,Premium,Active,26-09-2023,,0,0
543229371298,576127534688,BARB047789,Current,Basic,Active,30-08-2019,,0,0
1756803530599948,301040824274,PUNB035801,Current,Premium,Active,28-03-2023,,0,0
7459874734081755,301040824274,PUNB035801,Savings,BSBD,Active,30-05-2022,,0,0
894853569533,249456121514,ICIC086813,Current,Premium,Active,26-12-2023,,0,0
339278631544,249456121514,ICIC086813,Savings,Basic,Active,16-02-2024,,0,0
6983521437597748,100052674901,PUNB080059,Savings,BSBD,Active,11-01-2022,,0,0
1344183519330044,100052674901,PUNB080059,Savings,BSBD,Active,08-10-2023,,0,0
797976806827,773104988191,ICIC020767,Current,Basic,Closed,20-07-2024,,0,0
81900606751754,423776256664,HDFC013745,Fixed Deposit,Premium,Active,03-05-2024,,0,0
57291634347587,423776256664,HDFC013745,Salary,Basic,Active,22-07-2024,,0,0
89543790933,151488409184,CNRB032210,Fixed Deposit,Basic,Active,12-10-2024,,0,0
43439307817,954203200593,CNRB023022,Savings,Basic,Active,03-01-2024,,0,0
179123852731,954203200593,CNRB023022,Current,BSBD,Active,05-02-2018,,0,0
803628277370,690651327135,ICIC075681,Salary,Premium,Active,17-02-2024,,0,0
312150324862,830402125810,ICIC095719,Fixed Deposit,Basic,Active,09-09-2020,,0,0
45325066483271,947548322167,KKBK079598,Savings,BSBD,Active,30-11-2022,,0,0
5753181210544,580618801593,BKID011114,Savings,Basic,Active,18-08-2022,,0,0
97525890008,957593090176,CNRB057202,Savings,Basic,Active,01-01-2019,,0,0
3667210618984,957593090176,CNRB057202,Fixed Deposit,Basic,Active,02-09-2020,,0,0
732588337195,655866492532,ICIC047705,Fixed Deposit,Premium,Active,23-04-2024,,0,0
244245632598,655866492532,ICIC047705,Savings,Premium,Active,14-05-2024,,0,0
121914955152,580614665447,KKBK043221,Current,BSBD,Active,22-07-2024,,0,0
106253656066,580614665447,KKBK043221,Savings,Premium,Active,11-10-2024,,0,0
434612145302,737907051315,ICIC013064,Salary,Regular,Active,21-04-2024,,0,0
217426569575,737907051315,ICIC013064,Savings,BSBD,Active,09-06-2024,,0,0
85201176184,128565433616,SBIN015143,Salary,Regular,Active,06-03-2020,,0,0
9095636144339,670313225775,IOBA045865,Salary,Premium,Active,20-10-2019,,0,0
9180768983179,528530586102,UTIB073781,Savings,Basic,Dormant,25-11-2023,30-08-2024,0,0
13042799093,395893089497,SBIN027144,Current,Premium,Active,16-11-2020,,0,0
9268555723858,991862977524,UTIB024186,Savings,Regular,Active,14-02-2020,,0,0
9273038489324,991862977524,UTIB024186,Savings,Premium,Active,10-09-2023,,0,0
927491510106,889411456754,ICIC017243,Salary,Regular,Active,13-04-2023,,0,0
433814430421,109464074864,IOBA027999,Fixed Deposit,Corporate,Dormant,30-03-2017,06-10-2022,0,0
47549549932,109464074864,IOBA027999,Fixed Deposit,Regular,Active,06-02-2019,,0,0
613781863346,964396827175,ICIC087329,Salary,Basic,Active,28-12-2019,,0,0
463991474034,964396827175,ICIC087329,Savings,Premium,Active,10-11-2017,,0,0
32482565066,537918820874,SBIN056902,NRE,Premium,Dormant,15-07-2024,24-07-2024,0,0
9275177881110,686223387524,UTIB044581,Recurring Deposit,Regular,Active,02-05-2020,,0,0
9124885418138,686223387524,UTIB044581,Savings,BSBD,Active,23-08-2023,,0,0
69021189046,860472221171,BKID036901,Savings,BSBD,Active,07-04-2024,,0,0
438989332415,228022204290,ICIC048488,Salary,Basic,Active,20-08-2024,,0,0
574143789283,228022204290,ICIC048488,Current,Premium,Active,26-04-2024,,0,0
9208875367606,763088469646,UTIB035403,Salary,Regular,Active,15-04-2023,,0,0
868995240885,950543673223,ICIC080337,Current,Corporate,Active,06-06-2021,,0,0
724690039510,950543673223,ICIC080337,Fixed Deposit,Regular,Active,05-07-2019,,0,0
65107388130235,846521458092,HDFC022703,Fixed Deposit,Regular,Active,06-05-2024,,0,0
6448089661947,272377088229,KKBK010503,Fixed Deposit,Premium,Active,04-08-2024,,0,0
43533046962,423803936120,KKBK054226,Savings,Basic,Active,19-08-2024,,0,0
5838806392938207,951966960713,PUNB028560,Salary,Premium,Active,18-05-2023,,0,0
6645169134490368,951966960713,PUNB028560,Savings,Regular,Closed,27-04-2021,,0,0
56473059800983,269978693537,HDFC061458,Recurring Deposit,Regular,Active,02-12-2024,,0,0
7909324341109215,301059738004,PUNB038239,Savings,Basic,Active,26-03-2024,,0,0
7897492706698158,301059738004,PUNB038239,Current,Regular,Active,12-10-2023,,0,0
16363432857640,945628615877,BARB051165,Fixed Deposit,Regular,Active,26-11-2023,,0,0
9170811711154,393509545145,UTIB021108,Savings,BSBD,Active,04-08-2023,,0,0
9282262658535,393509545145,UTIB021108,Current,BSBD,Active,21-07-2019,,0,0
9481810675605,609822845945,IOBA040313,Current,Basic,Active,30-12-2018,,0,0
512638430035,748491469529,KKBK016595,Salary,Basic,Active,17-09-2020,,0,0
5665003321486,748491469529,KKBK016595,Salary,Regular,Active,06-11-2024,,0,0
29205225848524,725368768906,KKBK046824,Fixed Deposit,Regular,Active,19-01-2023,,0,0
39362867024,725368768906,KKBK046824,Current,Corporate,Active,31-07-2023,,0,0
4352022256355,487787247835,KKBK086031,Savings,Basic,Active,01-09-2023,,0,0
306737400738,629538158704,ICIC079661,Savings,Regular,Frozen,03-11-2024,,0,0
684791211454,629538158704,ICIC079661,Salary,Basic,Active,25-10-2024,,0,0
318796972889,145858808062,IOBA057706,Savings,Basic,Active,22-01-2020,,0,0
43873779345,145858808062,IOBA057706,Salary,BSBD,Active,09-07-2020,,0,0
406366747011,817149734783,KKBK039311,Savings,BSBD,Active,16-04-2018,,0,0
9928674217900,334620786629,BKID025765,Salary,BSBD,Active,19-12-2024,,0,0
27046169198132,334620786629,BKID025765,Current,Premium,Active,17-12-2024,,0,0
9220939493302,703633354977,UTIB066194,Recurring Deposit,BSBD,Active,11-09-2020,,0,0
9277832915311,703633354977,UTIB066194,Current,Premium,Active,24-12-2022,,0,0
53655883330,915572099851,SBIN079598,Salary,Basic,Active,05-04-2023,,0,0
52328386387,477378491353,SBIN063608,Savings,Regular,Active,18-12-2019,,0,0
44319931938,477378491353,SBIN063608,NRO,Premium,Dormant,03-07-2018,05-10-2019,0,0
9584540346822,523481174841,KKBK040448,Salary,Premium,Active,25-05-2019,,0,0
37189613107944,861326451460,IOBA050254,Savings,BSBD,Active,18-11-2024,,0,0
29992780479126,333994190351,KKBK094042,Savings,Premium,Active,12-08-2023,,0,0
725161964125,289122882663,KKBK077432,Recurring Deposit,Basic,Active,07-05-2022,,0,0
9253950426926,189099245678,UTIB027179,Savings,Regular,Active,20-01-2019,,0,0
7120983409032359,219956169705,PUNB099712,Fixed Deposit,Regular,Active,14-08-2024,,0,0
53089857826,286731777944,CNRB053423,Recurring Deposit,Regular,Active,11-08-2022,,0,0
83064441230583,286731777944,CNRB053423,Recurring Deposit,Basic,Active,24-05-2017,,0,0
9292205283570,830007419448,UTIB075555,Savings,Regular,Active,12-10-2020,,0,0
16174660650650,905261562477,CNRB047619,Fixed Deposit,Regular,Active,30-11-2023,,0,0
6352790395303,905261562477,CNRB047619,Recurring Deposit,Premium,Active,06-04-2023,,0,0
5535619696528147,863297999391,PUNB057121,Savings,Basic,Active,19-09-2022,,0,0
2683600861774,841826077798,KKBK093411,Current,Premium,Active,15-04-2020,,0,0
9658422130052466,612712389631,PUNB030043,Fixed Deposit,Corporate,Active,24-03-2023,,0,0
5577043676400746,612712389631,PUNB030043,Current,Regular,Active,13-09-2022,,0,0
108149262161,494265878586,ICIC017584,Fixed Deposit,Corporate,Active,14-07-2020,,0,0
514164477776,494265878586,ICIC017584,Current,Corporate,Active,06-07-2024,,0,0
9264835896966,196260498374,UTIB064356,Fixed Deposit,Corporate,Active,18-03-2021,,0,0
92218557439,400408755515,BARB023467,Recurring Deposit,Premium,Dormant,30-10-2017,08-12-2020,0,0
78547126214581,400408755515,BARB023467,Savings,BSBD,Active,09-11-2018,,0,0
92645454266281,709910732049,HDFC018853,Salary,Regular,Active,22-09-2021,,0,0
62255116100196,709910732049,HDFC018853,Savings,Premium,Frozen,05-10-2018,,0,0
86104519798,112544030017,KKBK037613,Current,BSBD,Active,06-05-2024,,0,0
13969009814299,269191361866,BKID042520,Salary,Basic,Active,06-11-2024,,0,0
4060083698422,755452897085,IOBA054363,Salary,Basic,Active,16-05-2024,,0,0
9201433252827,137741831499,UTIB021412,Salary,Premium,Active,11-02-2024,,0,0
35043292513,977767340221,BARB048635,Salary,Regular,Active,28-02-2024,,0,0
70530083864,977767340221,BARB048635,Current,Premium,Dormant,15-11-2020,12-08-2024,0,0
3766132166906,222755832352,IOBA073368,Fixed Deposit,Premium,Active,09-12-2021,,0,0
92861990513737,222755832352,IOBA073368,Fixed Deposit,Premium,Active,16-10-2023,,0,0
596224024329,923475121970,IOBA058019,Savings,Premium,Active,06-11-2023,,0,0
7427117611961,923475121970,IOBA058019,Fixed Deposit,Premium,Active,10-11-2024,,0,0
2747394464123,169458319294,KKBK042278,Current,Corporate,Active,07-07-2015,,0,0
31907419116,169458319294,KKBK042278,Current,Regular,Active,11-12-2017,,0,0
96650424871,941267114040,SBIN024660,Current,Regular,Active,18-04-2023,,0,0
93546252285,941267114040,SBIN024660,Fixed Deposit,Regular,Dormant,12-03-2018,06-07-2023,0,0
24456686512,679629447040,IOBA064717,Savings,BSBD,Active,04-11-2022,,0,0
82184929316655,260589763621,HDFC037876,Savings,Basic,Active,08-12-2023,,0,0
30129248804465,260589763621,HDFC037876,Current,Basic,Active,06-09-2024,,0,0
69995537809,639869868890,SBIN078149,Current,Corporate,Active,08-02-2022,,0,0
9285535337448,204931224981,UTIB077101,Salary,Basic,Active,08-05-2024,,0,0
58940982248788,254521034452,KKBK061022,Salary,Premium,Active,26-11-2020,,0,0
7488603846142,254521034452,KKBK061022,Recurring Deposit,Basic,Active,27-08-2023,,0,0
24099366878843,962624878278,HDFC088776,Salary,Premium,Active,19-12-2020,,0,0
20269423324,567905257029,SBIN018460,Fixed Deposit,Basic,Active,24-04-2018,,0,0
37221958041,567905257029,SBIN018460,Savings,Basic,Active,10-11-2016,,0,0
12578785317,179106982730,KKBK056579,Fixed Deposit,Corporate,Active,27-09-2024,,0,0
4817875632651,179106982730,KKBK056579,Current,Corporate,Dormant,14-04-2024,04-10-2024,0,0
428497753977,849724435659,KKBK034684,Recurring Deposit,Basic,Active,28-03-2023,,0,0
41422303587866,568147045629,HDFC014873,Salary,Regular,Active,10-06-2024,,0,0
78800801165260,568147045629,HDFC014873,Savings,Premium,Active,03-12-2024,,0,0
77659426366,713856364114,SBIN050568,Fixed Deposit,Corporate,Active,19-05-2017,,0,0
22684714506,713856364114,SBIN050568,Fixed Deposit,Regular,Frozen,31-07-2019,,0,0
55056433531,854300690285,SBIN035160,Savings,Regular,Active,11-12-2016,,0,0
4825773550526632,832253905228,PUNB090472,Fixed Deposit,Regular,Active,07-11-2023,,0,0
6638092366299032,832253905228,PUNB090472,Fixed Deposit,Regular,Active,01-07-2024,,0,0
87474341310,533210640380,SBIN032523,Savings,Premium,Active,19-10-2019,,0,0
65845156848337,617731248471,HDFC036972,Savings,Premium,Active,14-04-2023,,0,0
93782110853830,617731248471,HDFC036972,Current,Regular,Active,26-01-2023,,0,0
397105370891,556100546178,BARB064575,Savings,BSBD,Frozen,01-05-2024,,0,0
9989649744355,556100546178,BARB064575,Salary,Regular,Dormant,28-02-2024,11-10-2024,0,0
76904782106,464428437690,KKBK037465,Savings,Basic,Active,19-10-2024,,0,0
33222774370,774298449046,SBIN023152,Savings,Premium,Active,04-11-2024,,0,0
32199534464,925870389943,BARB095011,Savings,Basic,Active,22-07-2021,,0,0
54391409655,925870389943,BARB095011,Savings,BSBD,Active,18-05-2024,,0,0
750455142571,262331520256,ICIC029076,Savings,BSBD,Active,24-06-2017,,0,0
564605562266,262331520256,ICIC029076,Salary,Basic,Closed,29-05-2021,,0,0
224846574910,848169707141,ICIC022667,Recurring Deposit,Regular,Active,25-11-2022,,0,0
8540112425125593,947699579477,PUNB018369,Savings,Basic,Active,01-09-2016,,0,0
3663178295255,173045438068,CNRB051341,Savings,Premium,Active,11-09-2021,,0,0
435958927175,173045438068,CNRB051341,Recurring Deposit,Basic,Active,07-04-2021,,0,0
3514416400714238,154007731439,PUNB092128,Savings,Regular,Active,23-07-2024,,0,0
7555377271579093,154007731439,PUNB092128,Savings,Basic,Active,01-04-2023,,0,0
4625084565507553,664830948268,PUNB093233,Savings,BSBD,Active,02-07-2020,,0,0
3132934690390714,664830948268,PUNB093233,Recurring Deposit,Basic,Active,18-12-2022,,0,0
17046515944,476439647827,SBIN086564,Salary,Basic,Active,02-02-2024,,0,0
31410745867,476439647827,SBIN086564,Salary,Regular,Active,23-10-2023,,0,0
344719716729,459642578479,BKID032283,Savings,Basic,Active,08-10-2024,,0,0
8231226123481,459642578479,BKID032283,Salary,BSBD,Active,04-07-2024,,0,0
2141381754001,794769244130,KKBK090606,Current,BSBD,Active,14-08-2021,,0,0
70427261811968,714691135949,HDFC054007,Salary,Basic,Active,24-03-2024,,0,0
804559930166,451946504731,ICIC093836,Savings,Basic,Active,28-11-2015,,0,0
56213808741,949273036575,IOBA097104,Current,Regular,Active,17-09-2022,,0,0
16498115102755,273087694634,HDFC010756,Current,Premium,Active,01-03-2023,,0,0
34504952351853,273087694634,HDFC010756,Savings,Regular,Active,08-09-2022,,0,0
718052893885,207001575658,ICIC088004,Savings,BSBD,Active,20-10-2023,,0,0
525847740598,270975445960,BARB071188,Recurring Deposit,Basic,Active,15-10-2018,,0,0
9875674735457,270975445960,BARB071188,Recurring Deposit,Regular,Active,02-01-2022,,0,0
512817745014,885749198784,ICIC049526,Savings,Regular,Active,01-05-2020,,0,0
355903583383,885749198784,ICIC049526,Fixed Deposit,Regular,Active,03-04-2021,,0,0
639459765513,454206379129,ICIC050265,Salary,Premium,Active,01-10-2024,,0,0
724812654887,459777294615,BKID018516,Savings,Premium,Active,28-04-2024,,0,0
876734398379,459777294615,BKID018516,Salary,BSBD,Active,24-12-2024,,0,0
41186165799,948316653474,SBIN032256,Salary,Basic,Closed,24-01-2020,,0,0
58407529744,948316653474,SBIN032256,Current,BSBD,Active,15-11-2020,,0,0
108362043543,821333389450,KKBK058617,Current,Premium,Active,11-09-2024,,0,0
46680957598223,288757903900,HDFC068553,Fixed Deposit,Corporate,Dormant,13-03-2024,13-06-2024,0,0
875475780452,694873363223,IOBA071842,Savings,Regular,Active,18-10-2019,,0,0
56676449166654,992971482702,HDFC037148,Current,Premium,Active,25-09-2023,,0,0
97779629338521,992971482702,HDFC037148,Fixed Deposit,Regular,Active,05-01-2020,,0,0
425549391796,227256551820,ICIC053504,Salary,Premium,Active,21-12-2024,,0,0
9230808381832,116348784864,UTIB060384,Savings,Basic,Active,16-10-2020,,0,0
9213236463504,116348784864,UTIB060384,Recurring Deposit,Basic,Active,05-02-2017,,0,0
97210267029878,522554792113,HDFC031356,Salary,Premium,Active,10-11-2018,,0,0
37715818936830,522554792113,HDFC031356,Savings,Premium,Active,02-05-2022,,0,0
53109915290,432741621772,SBIN013494,Savings,Regular,Active,20-03-2022,,0,0
969283800445,538104021790,BARB030034,Savings,Basic,Active,30-03-2024,,0,0
26079948180,538104021790,BARB030034,Recurring Deposit,Premium,Active,04-08-2021,,0,0
778080433116,472064544491,CNRB029257,Savings,Basic,Dormant,24-11-2024,20-02-2025,0,0
94338305674534,660523993506,HDFC040203,Salary,Basic,Dormant,09-02-2021,28-01-2025,0,0
84079658061151,660523993506,HDFC040203,Savings,Premium,Active,10-12-2017,,0,0
9249594707651,681006531228,UTIB075049,Savings,Regular,Active,25-11-2023,,0,0
9287600593032,681006531228,UTIB075049,Savings,Regular,Active,05-10-2020,,0,0
22159932410608,877731056406,HDFC077037,Savings,Premium,Active,02-03-2021,,0,0
24732629257425,877731056406,HDFC077037,Current,Premium,Active,12-07-2017,,0,0
81910424239,885140166842,IOBA057632,Savings,Basic,Active,11-08-2021,,0,0
16846477715,481066286316,IOBA052692,Fixed Deposit,Regular,Active,13-07-2020,,0,0
606280990303,481066286316,IOBA052692,Current,Regular,Active,01-09-2018,,0,0
394679538048,423469622555,ICIC078854,Recurring Deposit,BSBD,Active,11-08-2020,,0,0
112573430034,423469622555,ICIC078854,Current,Premium,Active,06-01-2023,,0,0
9593921802212,965841822850,CNRB059098,Recurring Deposit,Basic,Active,23-12-2023,,0,0
4797332001673,965841822850,CNRB059098,Current,Premium,Dormant,16-09-2023,13-08-2024,0,0
85985008546,666893436741,SBIN080638,Savings,Premium,Active,03-09-2017,,0,0
49846513498124,200762626712,CNRB068062,Savings,Basic,Frozen,13-02-2024,,0,0
147928411101,200762626712,CNRB068062,Recurring Deposit,Regular,Active,11-12-2019,,0,0
36235347487,975402538007,IOBA038629,Current,Regular,Active,20-02-2020,,0,0
142986648038,975402538007,IOBA038629,Salary,Basic,Active,21-03-2023,,0,0
5525855923960614,233112605763,PUNB036267,Savings,Basic,Active,21-08-2019,,0,0
2014475428304695,233112605763,PUNB036267,Savings,BSBD,Active,18-04-2019,,0,0
17602210106155,340444853021,BARB018017,Savings,Regular,Active,08-09-2020,,0,0
9464112649778,340444853021,BARB018017,Salary,Premium,Active,12-04-2019,,0,0
6596239425972,648274942452,BKID042610,Fixed Deposit,Regular,Active,01-12-2019,,0,0
86689899015,648274942452,BKID042610,Savings,BSBD,Active,06-05-2018,,0,0
86059705369551,585169014723,BARB079707,Salary,Basic,Active,13-10-2020,,0,0
3671866320886,513232305422,BKID022968,Savings,Basic,Active,18-10-2024,,0,0
453822671329,458069302124,ICIC082223,Savings,Premium,Active,07-06-2024,,0,0
818399017434,458069302124,ICIC082223,Recurring Deposit,Basic,Active,11-03-2020,,0,0
947988503725,954648076759,ICIC069717,Savings,Regular,Active,15-04-2022,,0,0
599894846261,954648076759,ICIC069717,Savings,Premium,Active,31-05-2022,,0,0
9212045879276,586929089756,UTIB063202,Savings,Basic,Dormant,20-02-2024,21-04-2024,0,0
9163156255173,586929089756,UTIB063202,Savings,Regular,Active,17-12-2024,,0,0
57036011900,134399488300,SBIN047060,Savings,Premium,Active,02-08-2022,,0,0
26634646028,134399488300,SBIN047060,Savings,Premium,Active,12-03-2019,,0,0
9158866939901,617493623745,UTIB016026,Current,Basic,Active,29-08-2021,,0,0
67956913255,293360062965,BARB051695,Savings,Premium,Active,11-06-2023,,0,0
68172520129,293360062965,BARB051695,Savings,Premium,Active,16-03-2023,,0,0
545759825643,967743828326,IOBA015502,Salary,Basic,Active,25-06-2023,,0,0
74013248727,271453107527,BKID090602,Salary,Premium,Active,02-06-2024,,0,0
26740267348332,271453107527,BKID090602,Salary,Regular,Active,16-12-2024,,0,0
295782088317,783024190366,KKBK029898,Fixed Deposit,Regular,Active,12-10-2024,,0,0
73174501681,235152242321,CNRB074828,Recurring Deposit,Regular,Active,21-02-2024,,0,0
14226806799875,443069293037,HDFC076822,NRO,Regular,Active,05-12-2024,,0,0
48362247566102,443069293037,HDFC076822,NRO,Regular,Active,09-02-2024,,0,0
7030554722734,545926076258,BARB073679,Savings,Basic,Dormant,15-09-2017,09-12-2017,0,0
51204879501,292241246976,IOBA069049,Fixed Deposit,Corporate,Active,09-03-2023,,0,0
9162832411815,362923964037,UTIB042242,Current,Regular,Active,05-10-2024,,0,0
9276837261087,362923964037,UTIB042242,Current,Regular,Active,10-10-2024,,0,0
10104411939814,492637614571,BARB087465,Savings,Premium,Active,20-02-2023,,0,0
680329407836,512061869656,CNRB094025,Savings,Regular,Active,29-09-2022,,0,0
96936098300,512061869656,CNRB094025,Current,Premium,Active,24-04-2024,,0,0
10223306749,715793539156,SBIN099953,Fixed Deposit,Corporate,Active,30-08-2024,,0,0
74288660573,715793539156,SBIN099953,Current,Corporate,Active,05-08-2024,,0,0
680967032319,170669174848,BARB084010,Savings,BSBD,Frozen,03-07-2018,,0,0
47352216179,424097674648,SBIN064655,Fixed Deposit,Regular,Active,19-08-2019,,0,0
76920329349,424097674648,SBIN064655,NRE,Premium,Active,01-08-2021,,0,0
9252590160678,171233849386,UTIB063980,Salary,Basic,Active,03-07-2018,,0,0
668363904953,882446297286,ICIC099716,Recurring Deposit,Premium,Active,01-09-2023,,0,0
704848214498,882446297286,ICIC099716,Fixed Deposit,Premium,Active,18-05-2021,,0,0
84463127012,723830678966,BKID072772,Current,Premium,Closed,18-04-2022,,0,0
67429511807705,841161489277,BKID050032,Salary,Basic,Active,10-02-2018,,0,0
26597882428,591813789394,SBIN076579,Fixed Deposit,Regular,Active,18-03-2023,,0,0
98962052141,591813789394,SBIN076579,Salary,Basic,Frozen,23-05-2023,,0,0
225970829207,104722573365,BARB018567,NRO,Regular,Active,30-10-2024,,0,0
26918244943030,354180623448,CNRB046743,Savings,Regular,Active,15-11-2022,,0,0
339355282239,354180623448,CNRB046743,Savings,BSBD,Closed,15-10-2023,,0,0
6754272598201,145298195937,CNRB012518,Current,Corporate,Active,09-08-2024,,0,0
477414074462,145298195937,CNRB012518,Current,Regular,Active,14-12-2024,,0,0
65192587280,656764713976,SBIN074516,Current,Regular,Active,23-12-2016,,0,0
66128587515,656764713976,SBIN074516,Current,Corporate,Active,28-04-2022,,0,0
20382576294,739256592532,SBIN098582,Savings,Regular,Active,03-07-2024,,0,0
1320707256669,220047727224,BKID084271,Fixed Deposit,Corporate,Active,02-07-2018,,0,0
18906782191,220047727224,BKID084271,Current,Regular,Active,07-09-2017,,0,0
5760065193856,605021104961,BARB041876,NRE,Regular,Active,03-03-2022,,0,0
683538241624,391284561819,ICIC098813,Current,Premium,Frozen,13-06-2023,,0,0
457970425978,391284561819,ICIC098813,Savings,BSBD,Active,28-12-2022,,0,0
77541620608,307372630373,SBIN096174,Salary,Regular,Active,18-03-2021,,0,0
36653179332,307372630373,SBIN096174,Savings,Basic,Active,04-12-2024,,0,0
137784322952,303554251170,KKBK060937,Current,Corporate,Active,22-10-2024,,0,0
1084085513342,303554251170,KKBK060937,Current,Regular,Active,02-03-2024,,0,0
66380118533,405940548484,SBIN067986,Salary,Premium,Active,14-01-2022,,0,0
678249036172,997847793358,KKBK046820,Savings,Basic,Active,21-01-2024,,0,0
3152504017042,391612756355,BKID053023,Savings,Basic,Active,25-11-2022,,0,0
88186027994560,391612756355,BKID053023,Savings,Premium,Active,05-04-2022,,0,0
9266957456532,446730530549,UTIB020102,Current,BSBD,Active,29-09-2022,,0,0
9198686281431,446730530549,UTIB020102,Salary,Premium,Active,07-01-2023,,0,0
33497276767390,264413419962,CNRB022329,Current,Corporate,Active,10-06-2024,,0,0
249588236037,264413419962,CNRB022329,Fixed Deposit,Regular,Active,27-08-2019,,0,0
3490100816841793,283205495859,PUNB080353,Savings,Regular,Active,24-10-2022,,0,0
6528122430545841,283205495859,PUNB080353,Salary,Regular,Active,05-09-2023,,0,0
61374347804616,920926647596,HDFC070772,Savings,BSBD,Active,29-08-2016,,0,0
7579903026397162,253001131672,PUNB013925,Fixed Deposit,Premium,Active,29-08-2020,,0,0
7623913124333288,253001131672,PUNB013925,Savings,Basic,Active,28-04-2022,,0,0
50750608651,811889757270,SBIN051678,Salary,Premium,Active,09-11-2020,,0,0
70225006649,811889757270,SBIN051678,Savings,Basic,Dormant,01-05-2019,18-08-2022,0,0
7022888717693,552127987938,BKID015208,Savings,Premium,Active,26-12-2024,,0,0
1335497184093,149910986514,BKID024990,Savings,Regular,Active,05-06-2024,,0,0
1177989107389264,290816839865,PUNB066393,Fixed Deposit,Premium,Active,23-03-2019,,0,0
7311284633700363,290816839865,PUNB066393,NRE,Premium,Frozen,05-02-2024,,0,0
2296567851751,573005922671,BKID014085,Salary,BSBD,Active,06-12-2022,,0,0
87631965165,573005922671,BKID014085,Salary,Basic,Active,18-01-2024,,0,0
185908121569,547282843500,IOBA032811,Salary,Basic,Active,19-10-2024,,0,0
66424183168331,687405072756,CNRB026663,Current,Premium,Active,04-07-2020,,0,0
46293470599,687405072756,CNRB026663,Savings,Regular,Active,07-05-2023,,0,0
2665207732468968,978154372081,PUNB043714,Salary,Basic,Active,14-10-2022,,0,0
4211372122244886,978154372081,PUNB043714,Salary,Basic,Active,28-08-2021,,0,0
3730435749340388,327139359389,PUNB053167,Savings,Premium,Dormant,13-08-2022,22-02-2023,0,0
666323337944,566840884565,ICIC088046,Current,Corporate,Active,26-11-2024,,0,0
340890588536,763466259668,IOBA025328,Current,Regular,Active,22-08-2021,,0,0
17168244459,533598482457,SBIN013382,Current,Premium,Active,15-06-2024,,0,0
6953548035295,642680978084,BARB025185,Fixed Deposit,Premium,Active,29-12-2023,,0,0
66354708849263,642680978084,BARB025185,Savings,BSBD,Frozen,09-07-2022,,0,0
41403680702,389116778486,IOBA010042,Current,Basic,Active,31-03-2024,,0,0
37615139393,389116778486,IOBA010042,Salary,BSBD,Active,30-12-2022,,0,0
27694255905,762253494891,BKID032232,Savings,Regular,Dormant,13-08-2023,02-04-2024,0,0
9845568273532675,275039163925,PUNB019019,Savings,BSBD,Active,21-09-2015,,0,0
8416251881432167,275039163925,PUNB019019,Salary,Basic,Active,28-11-2021,,0,0
89175059660,108158742142,SBIN084937,Savings,Premium,Active,08-11-2022,,0,0
40286073412184,760085604014,HDFC080923,Savings,Basic,Dormant,17-02-2024,06-03-2024,0,0
76626814635,159610667045,SBIN044622,Savings,Premium,Active,18-05-2023,,0,0
53256769213,376213385452,SBIN076641,Salary,Regular,Active,30-06-2018,,0,0
94944487558,376213385452,SBIN076641,Savings,Premium,Active,08-01-2018,,0,0
55288146646768,885117801867,BARB013444,Savings,Regular,Active,31-08-2023,,0,0
286484090879,885117801867,BARB013444,Fixed Deposit,Basic,Active,02-08-2023,,0,0
59951273861205,299296423121,HDFC068477,Current,Premium,Active,06-06-2024,,0,0
90329527236406,299296423121,HDFC068477,Current,Basic,Active,02-11-2023,,0,0
53328397748,867548038736,SBIN090255,Savings,Regular,Active,12-05-2023,,0,0
91404104100268,115675523038,BKID089468,Savings,Regular,Active,29-08-2017,,0,0
45623948789,115675523038,BKID089468,Savings,Basic,Active,02-11-2017,,0,0
37354264590,422077649068,SBIN022638,Current,Basic,Active,17-03-2019,,0,0
64946477876,422077649068,SBIN022638,Current,BSBD,Active,25-09-2019,,0,0
9255258630365,296634145978,UTIB069006,Recurring Deposit,Basic,Active,04-09-2021,,0,0
843329687595,215434775062,ICIC014031,Savings,BSBD,Active,24-11-2023,,0,0
84325439623577,736591038802,CNRB060155,Salary,Premium,Active,21-09-2023,,0,0
9216380767743,621402199787,UTIB081258,Fixed Deposit,Regular,Active,12-01-2023,,0,0
9124037960815,621402199787,UTIB081258,Salary,BSBD,Active,28-03-2022,,0,0
16734843970,451158056894,SBIN055648,Recurring Deposit,Regular,Active,12-05-2023,,0,0
692313423751,111297240440,ICIC040753,Current,Basic,Active,20-09-2018,,0,0
9283979020126,936234204602,UTIB041869,Current,Premium,Active,23-03-2024,,0,0
9146667962843,936234204602,UTIB041869,Savings,Regular,Active,23-05-2021,,0,0
6333818870215,200492407353,BARB046742,Fixed Deposit,Premium,Active,16-07-2024,,0,0
17846421639,200492407353,BARB046742,Savings,BSBD,Active,03-07-2020,,0,0
40844054270,350935808881,BARB045172,Current,Regular,Active,01-12-2021,,0,0
9878590476600829,197956195133,PUNB098549,Salary,Regular,Active,13-09-2019,,0,0
2910148668918514,197956195133,PUNB098549,Current,BSBD,Active,20-02-2023,,0,0
35831837301420,496704392011,KKBK074504,Current,BSBD,Active,29-01-2024,,0,0
11760890634272,924049986342,BARB023695,Fixed Deposit,Regular,Active,06-07-2023,,0,0
97134586146,191750127982,SBIN046998,Salary,Basic,Active,10-11-2020,,0,0
59699086187,191750127982,SBIN046998,Savings,Basic,Active,06-02-2023,,0,0
403864232673,768328589797,ICIC037921,Current,BSBD,Active,06-03-2024,,0,0
99147222109361,381802101011,HDFC078850,Savings,BSBD,Active,26-12-2024,,0,0
40526056087245,381802101011,HDFC078850,Salary,Regular,Active,27-11-2024,,0,0
15212106496167,818091877333,BKID029847,Current,Corporate,Active,30-08-2021,,0,0
624726840135,450558872845,KKBK038698,Current,BSBD,Active,18-12-2022,,0,0
38412333733404,179545116861,IOBA026922,Salary,BSBD,Active,08-07-2022,,0,0
991723269202,179545116861,IOBA026922,Savings,BSBD,Active,05-04-2018,,0,0
5191373918469034,307681716620,PUNB075416,Salary,Premium,Active,22-02-2022,,0,0
9294678156838,351838343121,UTIB047204,Current,Corporate,Active,28-06-2024,,0,0
38752898859,885433319381,BARB020768,Savings,Regular,Active,28-04-2019,,0,0
17061264932532,916773757222,CNRB078488,Current,Corporate,Active,21-10-2021,,0,0
79624927279,993699881482,IOBA068722,Fixed Deposit,Regular,Active,01-02-2020,,0,0
17062821456345,620782982528,HDFC015264,Savings,Premium,Closed,02-05-2024,,0,0
287362728588,474316311363,ICIC038172,Current,Corporate,Active,30-08-2017,,0,0
561625637659,474316311363,ICIC038172,Fixed Deposit,Regular,Active,19-05-2019,,0,0
410281022634,403993246436,CNRB022803,Recurring Deposit,Regular,Active,21-06-2024,,0,0
68584629335,403993246436,CNRB022803,Current,Basic,Active,05-05-2020,,0,0
62615734778,434071484653,CNRB033314,Salary,Basic,Active,17-12-2024,,0,0
351381345513,434071484653,CNRB033314,Current,Regular,Active,29-12-2022,,0,0
9160985728862,837144522878,UTIB026340,Current,BSBD,Active,16-06-2024,,0,0
9252647488815,367194970610,UTIB013772,Savings,Basic,Active,04-09-2020,,0,0
9196007386278,367194970610,UTIB013772,Salary,Basic,Active,30-03-2020,,0,0
84156874107,586743101446,BARB078484,Fixed Deposit,Regular,Closed,29-09-2024,,0,0
39463090242600,586743101446,BARB078484,Fixed Deposit,Corporate,Active,10-10-2024,,0,0
40178304568161,648050562977,BKID069465,Salary,BSBD,Active,09-05-2022,,0,0
8948729578648,648050562977,BKID069465,Savings,Regular,Active,24-11-2023,,0,0
749496973057,947686031154,CNRB091571,Recurring Deposit,BSBD,Active,03-05-2021,,0,0
9232281478653,955014629730,UTIB017172,Salary,Basic,Active,01-04-2022,,0,0
88861198132,776707480003,SBIN041143,Current,BSBD,Active,12-06-2021,,0,0
768585080951,117820068418,CNRB039695,Salary,Regular,Active,12-11-2021,,0,0
271231653271,581165926507,CNRB073815,Savings,BSBD,Active,27-08-2024,,0,0
71022697501514,581165926507,CNRB073815,Savings,BSBD,Active,24-04-2024,,0,0
1245212454399,857387479426,KKBK071325,Savings,BSBD,Active,25-11-2021,,0,0
37900299187,857387479426,KKBK071325,Recurring Deposit,Basic,Active,21-09-2023,,0,0
75417740282,859108438123,SBIN018073,Current,BSBD,Active,17-10-2018,,0,0
51169099631,859108438123,SBIN018073,Current,BSBD,Closed,05-01-2017,,0,0
85837748624,723676603800,SBIN070876,Savings,BSBD,Active,27-10-2023,,0,0
480327699809,521795655303,BKID021567,Savings,Basic,Active,23-11-2022,,0,0
40419926121,304078981528,SBIN088723,Current,Basic,Active,29-01-2023,,0,0
9277952174525,241772403996,UTIB078134,Recurring Deposit,BSBD,Dormant,15-09-2023,19-11-2023,0,0
9195666120362,241772403996,UTIB078134,Salary,Regular,Active,02-05-2020,,0,0
80953179875,974104319012,BKID024926,Salary,Premium,Active,19-07-2022,,0,0
211391210128,985559555632,BARB035128,Savings,Regular,Active,12-02-2023,,0,0
96569861641300,985559555632,BARB035128,Savings,Premium,Active,07-12-2019,,0,0
52526360469,415393266058,SBIN067866,Fixed Deposit,BSBD,Active,14-05-2021,,0,0
68502447345,415393266058,SBIN067866,Savings,Regular,Active,08-11-2024,,0,0
912928685317,257099388002,ICIC027076,NRE,Premium,Active,15-08-2021,,0,0
234999708267,315682887926,ICIC066576,Savings,Regular,Active,03-06-2023,,0,0
12307346435090,360555216307,CNRB083381,Savings,Premium,Active,06-04-2023,,0,0
70508121115,797137027591,BKID022931,Salary,Basic,Active,12-07-2018,,0,0
65859647193060,797137027591,BKID022931,Savings,BSBD,Active,11-07-2024,,0,0
2566255560888,706149278905,IOBA051395,Recurring Deposit,Regular,Active,07-07-2024,,0,0
43294378957942,706149278905,IOBA051395,Fixed Deposit,Basic,Active,12-12-2024,,0,0
6402477125228,773326740316,BARB023578,Savings,Regular,Active,30-05-2024,,0,0
54925746113523,773326740316,BARB023578,Current,Regular,Active,08-07-2024,,0,0
635942019167,964564544479,ICIC079199,Current,Regular,Active,23-12-2024,,0,0
192682004633,964564544479,ICIC079199,Salary,Premium,Active,11-12-2024,,0,0
805857344789,310742242302,ICIC019424,Savings,Premium,Active,06-08-2024,,0,0
64977357270,829652435145,SBIN079241,Current,Regular,Active,15-06-2024,,0,0
74348053970,139522143848,SBIN029316,Savings,Basic,Active,16-03-2023,,0,0
527460369150,640420866800,CNRB085644,Savings,Basic,Active,29-01-2022,,0,0
7841365506583710,352082714926,PUNB032339,Salary,BSBD,Active,14-12-2023,,0,0
9020119087274688,352082714926,PUNB032339,Current,Basic,Active,04-11-2024,,0,0
71172734962,882322390063,SBIN084232,Fixed Deposit,Regular,Active,15-10-2021,,0,0
78764203109,882322390063,SBIN084232,Current,Premium,Active,23-07-2019,,0,0
529754103188,538139833735,BARB058120,Salary,BSBD,Active,04-11-2017,,0,0
54996630447566,538139833735,BARB058120,Savings,BSBD,Active,18-06-2021,,0,0
928173819214,593028891533,CNRB014182,Current,Regular,Active,27-09-2023,,0,0
91717169395021,593028891533,CNRB014182,Fixed Deposit,BSBD,Active,25-12-2023,,0,0
717972288675,239460483818,ICIC080005,Savings,Regular,Active,14-01-2019,,0,0
5805698035089,287247862541,IOBA078186,Salary,BSBD,Active,02-08-2024,,0,0
7745511747806,287247862541,IOBA078186,Salary,Regular,Active,02-07-2024,,0,0
81285558962,611568028238,SBIN036595,Salary,Basic,Active,16-05-2021,,0,0
190678229752,133778780722,BKID013142,Salary,Premium,Active,22-03-2023,,0,0
6053472120805,322081409478,KKBK083816,Current,Regular,Active,22-06-2024,,0,0
46414585091173,322081409478,KKBK083816,Savings,Basic,Active,04-05-2022,,0,0
8685120862469,780117499979,CNRB052827,Salary,Regular,Active,11-09-2024,,0,0
2950938613966,780117499979,CNRB052827,Savings,Regular,Active,01-10-2024,,0,0
3959895736045,383028282996,CNRB087028,Savings,Regular,Active,31-10-2023,,0,0
1244271525609,383028282996,CNRB087028,Savings,Basic,Active,04-11-2023,,0,0
44850948574,261177319959,KKBK024596,Fixed Deposit,Regular,Closed,18-02-2022,,0,0
253414543238,261177319959,KKBK024596,Fixed Deposit,Basic,Active,29-07-2021,,0,0
869990309840,429492681349,IOBA035908,Savings,Regular,Active,01-04-2023,,0,0
452788534937,429492681349,IOBA035908,Current,BSBD,Active,11-06-2023,,0,0
99816590211,127415033181,SBIN020825,Fixed Deposit,Corporate,Active,04-03-2022,,0,0
15038159979865,366946931313,CNRB097224,Salary,Regular,Dormant,15-09-2020,28-01-2025,0,0
48326114488,744356376143,CNRB051058,Fixed Deposit,Regular,Active,29-11-2019,,0,0
83480420391111,768203753503,KKBK072278,Recurring Deposit,Basic,Active,13-02-2024,,0,0
64057301210719,661661506374,HDFC030976,Savings,Basic,Active,11-05-2018,,0,0
90813172575,190022453233,SBIN083404,Salary,Premium,Dormant,26-07-2024,18-09-2024,0,0
90309121145,190022453233,SBIN083404,Fixed Deposit,Basic,Active,26-07-2024,,0,0
10437943612684,513894632753,BARB086602,Savings,Regular,Active,13-06-2024,,0,0
780422774020,513894632753,BARB086602,Fixed Deposit,BSBD,Active,15-11-2024,,0,0
47716283882,223005401501,SBIN040479,Recurring Deposit,Basic,Frozen,28-10-2023,,0,0
50335335004,223005401501,SBIN040479,Savings,Basic,Active,26-05-2024,,0,0
16914814825,409248776142,CNRB031456,Savings,Basic,Active,17-12-2019,,0,0
37380337985,409248776142,CNRB031456,Savings,Premium,Active,24-02-2023,,0,0
34364097760512,431051422137,HDFC078997,Salary,Basic,Closed,05-11-2024,,0,0
25197835908640,431051422137,HDFC078997,Salary,Basic,Active,14-08-2021,,0,0
9959934565993,413752030329,KKBK086925,Fixed Deposit,Regular,Active,25-06-2021,,0,0
1938288369938,413752030329,KKBK086925,Current,Corporate,Active,18-04-2023,,0,0
6734015828340,395864861124,CNRB095849,Fixed Deposit,Premium,Active,20-03-2018,,0,0
907350594944,658461149461,IOBA098768,Savings,Basic,Active,24-02-2019,,0,0
979160181672,349537156378,CNRB090530,Recurring Deposit,Basic,Active,20-10-2021,,0,0
287806138712,250764438493,ICIC012253,Recurring Deposit,Premium,Active,21-03-2024,,0,0
9202453834849,507013449389,UTIB035761,Salary,BSBD,Active,24-07-2018,,0,0
99901125081,193155434907,SBIN010742,Current,Regular,Active,24-04-2022,,0,0
58060410055364,534097241617,HDFC078192,Fixed Deposit,Premium,Active,30-06-2024,,0,0
466313532412,606824495061,ICIC072105,Current,BSBD,Active,15-11-2024,,0,0
201248512941,606824495061,ICIC072105,Savings,BSBD,Active,09-05-2024,,0,0
9229387667205,442814564749,UTIB066334,Savings,Regular,Active,01-08-2018,,0,0
9267344722641,442814564749,UTIB066334,Savings,Premium,Active,10-06-2023,,0,0
35295615297,533494326669,IOBA019166,Savings,Regular,Active,15-01-2019,,0,0
244147013962,533494326669,IOBA019166,Current,Premium,Active,14-03-2018,,0,0
92553557083105,938484903876,HDFC051573,Savings,BSBD,Active,17-06-2023,,0,0
344090047451,517880016533,ICIC079672,Savings,Basic,Active,05-10-2023,,0,0
1014063114686230,877320425768,PUNB078741,Salary,BSBD,Active,17-09-2021,,0,0
1772808588676383,877320425768,PUNB078741,Salary,Premium,Active,08-02-2024,,0,0
903676036517,567900705977,ICIC042649,Savings,BSBD,Active,14-01-2022,,0,0
421173831917,567900705977,ICIC042649,Savings,Premium,Active,02-01-2018,,0,0
79560356264623,372085070834,HDFC013919,Salary,BSBD,Active,02-07-2021,,0,0
42558117575601,372085070834,HDFC013919,Savings,Premium,Active,06-02-2021,,0,0
62670910397,322555860344,KKBK076350,Salary,BSBD,Active,09-01-2024,,0,0
32195606899348,228066672098,HDFC057555,Salary,BSBD,Active,24-05-2020,,0,0
94695193996,201951074424,SBIN091482,Savings,Premium,Active,08-04-2024,,0,0
52216015485,201951074424,SBIN091482,Savings,Premium,Active,19-03-2024,,0,0
4398347956529003,101384180938,PUNB040356,Current,Corporate,Active,23-03-2024,,0,0
440641568639,649101829759,ICIC026056,Current,Basic,Active,26-06-2024,,0,0
9259195253904,437730005586,IOBA061564,Current,Regular,Active,25-09-2019,,0,0
68182368738975,109097938223,HDFC020643,Fixed Deposit,Regular,Active,06-09-2021,,0,0
44903108960779,109097938223,HDFC020643,Savings,Regular,Active,23-10-2017,,0,0
45833405323669,237848277333,CNRB037060,Current,Corporate,Closed,14-01-2017,,0,0
72425574205,237848277333,CNRB037060,Fixed Deposit,Corporate,Active,21-11-2015,,0,0
4111841266782048,140750810560,PUNB099154,Fixed Deposit,Regular,Active,12-11-2019,,0,0
37836793109,695186192694,SBIN042534,Savings,Premium,Frozen,06-08-2024,,0,0
6244294186882453,846653492019,PUNB075852,Current,Corporate,Active,26-12-2020,,0,0
1708129062511833,846653492019,PUNB075852,Current,Regular,Active,13-07-2024,,0,0
53584282244777,777597773630,KKBK071508,Savings,BSBD,Active,05-05-2021,,0,0
85817691389,777597773630,KKBK071508,Savings,Premium,Active,03-07-2019,,0,0
1762374411181,739185027264,CNRB026976,Recurring Deposit,Premium,Active,26-05-2024,,0,0
331484094644,739185027264,CNRB026976,Savings,Premium,Active,10-06-2024,,0,0
2843759545614706,522556129518,PUNB038956,Salary,Regular,Active,26-01-2024,,0,0
2074863224284585,748118218676,PUNB089140,Current,Premium,Active,09-12-2018,,0,0
8260485679057701,748118218676,PUNB089140,Current,BSBD,Active,27-07-2017,,0,0
9142781153889,268602274194,UTIB041066,Savings,Regular,Closed,05-11-2019,,0,0
8889886776580929,500074981547,PUNB083719,Current,Regular,Active,11-11-2023,,0,0
41908640283601,629248629218,HDFC018513,Savings,Premium,Active,13-05-2023,,0,0
38873515583635,629248629218,HDFC018513,Current,BSBD,Active,31-01-2023,,0,0
9295862363048,534751410911,UTIB010306,Current,Basic,Active,29-05-2022,,0,0
9195042295792,534751410911,UTIB010306,Savings,Regular,Active,25-03-2022,,0,0
79144904561,559018903009,BKID014081,Savings,Premium,Active,18-08-2024,,0,0
33265020464,559018903009,BKID014081,Recurring Deposit,Premium,Active,03-10-2022,,0,0
97144966753,821217896809,SBIN020186,Recurring Deposit,Premium,Dormant,16-09-2017,25-03-2018,0,0
4869542277588,182226498152,BARB080698,Salary,Regular,Dormant,20-08-2024,28-10-2024,0,0
9229032418937,367720383266,UTIB045570,Savings,Regular,Active,19-12-2021,,0,0
9284830288805,367720383266,UTIB045570,Savings,Basic,Active,16-02-2021,,0,0
7345645264456382,748731106638,PUNB036059,Fixed Deposit,Regular,Active,17-10-2021,,0,0
49425365355987,577293375541,IOBA084277,Fixed Deposit,Regular,Active,17-07-2022,,0,0
45022745573066,577293375541,IOBA084277,Current,Regular,Active,12-04-2023,,0,0
25503047565,104211844236,SBIN076170,Salary,Basic,Active,30-01-2024,,0,0
32551500901,104211844236,SBIN076170,Savings,Basic,Active,23-01-2024,,0,0
141834761164,259043436683,ICIC093171,Recurring Deposit,Premium,Active,07-08-2022,,0,0
30463341119291,427189777251,HDFC012087,Savings,Basic,Active,15-06-2018,,0,0
83664097242725,427189777251,HDFC012087,Savings,Basic,Active,18-06-2018,,0,0
6682931674188,781252303284,CNRB088840,Savings,Regular,Dormant,12-11-2023,09-10-2024,0,0
765908719616,781252303284,CNRB088840,Savings,Basic,Dormant,05-02-2023,02-05-2024,0,0
15411762828876,393857822117,IOBA036294,Savings,Regular,Active,25-10-2017,,0,0
79037924002,826142124019,KKBK060681,Salary,Premium,Active,11-01-2019,,0,0
1230886923369221,275182609386,PUNB071414,NRE,Premium,Active,22-11-2019,,0,0
53027102671,265272544309,SBIN047469,Current,Premium,Dormant,29-08-2022,06-12-2022,0,0
83162935866,265272544309,SBIN047469,Current,Basic,Active,27-11-2019,,0,0
12867074710,163608384440,SBIN013868,Salary,Basic,Active,19-02-2020,,0,0
25794751424,163608384440,SBIN013868,Savings,Basic,Active,19-09-2024,,0,0
34814631205109,670228384394,HDFC039586,Recurring Deposit,Regular,Active,04-05-2024,,0,0
58785541612339,670228384394,HDFC039586,Savings,BSBD,Active,11-06-2024,,0,0
975568628268,826248740146,ICIC063892,Fixed Deposit,Corporate,Dormant,17-07-2024,18-08-2024,0,0
790013192712,826248740146,ICIC063892,Current,Corporate,Active,05-08-2024,,0,0
7386991961238,794153597693,BKID012019,Savings,Regular,Active,16-04-2018,,0,0
57359050663,627313230127,SBIN058580,Fixed Deposit,Regular,Active,25-07-2023,,0,0
9239499135966,595654249028,UTIB077586,Current,Premium,Active,09-08-2022,,0,0
9263966633070,595654249028,UTIB077586,Savings,BSBD,Active,07-02-2024,,0,0
735770731961,519822219909,ICIC072603,Savings,Basic,Active,26-11-2024,,0,0
390378729218,294095514741,CNRB067569,Fixed Deposit,Premium,Active,20-09-2024,,0,0
57387376042401,298742661706,HDFC056125,NRO,Regular,Active,05-01-2024,,0,0
67311960261761,298742661706,HDFC056125,Fixed Deposit,Premium,Active,17-03-2024,,0,0
18727616451,142432952336,BKID033967,Savings,Premium,Active,09-07-2018,,0,0
8502402653066,717421950271,CNRB093755,Salary,Basic,Active,22-02-2017,,0,0
77639891603966,717421950271,CNRB093755,Fixed Deposit,Regular,Active,26-10-2024,,0,0
761417175628,724231083802,KKBK029647,Savings,Regular,Active,16-10-2024,,0,0
656963469131,724231083802,KKBK029647,Savings,Premium,Active,25-05-2024,,0,0
65887028069,573663157669,SBIN078716,Salary,Regular,Active,20-10-2023,,0,0
9212741514182,306294004307,UTIB082726,Salary,Regular,Active,23-03-2022,,0,0
230018564699,542340023616,ICIC024786,Savings,BSBD,Active,29-02-2020,,0,0
330997038478,542340023616,ICIC024786,Savings,BSBD,Closed,01-07-2021,,0,0
77973896562635,108723928949,HDFC066005,Salary,Premium,Active,15-08-2024,,0,0
15635881676264,108723928949,HDFC066005,Current,BSBD,Active,10-11-2017,,0,0
49357072204,464640613170,SBIN095773,Savings,Regular,Closed,25-07-2024,,0,0
807337742176,921742001498,KKBK014785,Current,Premium,Active,12-05-2024,,0,0
4993841141361,921742001498,KKBK014785,Savings,Premium,Active,07-08-2024,,0,0
68895021217,770004924635,KKBK049316,Salary,BSBD,Active,08-01-2019,,0,0
49979901536,378593559969,BKID065494,Recurring Deposit,Premium,Active,14-04-2024,,0,0
97292354621612,482887326946,HDFC047175,Salary,Regular,Active,06-06-2017,,0,0
9276027131708,414919779870,UTIB059877,Current,Basic,Active,17-10-2019,,0,0
9185780076302,414919779870,UTIB059877,Fixed Deposit,Premium,Active,10-02-2018,,0,0
86441377637908,247653259483,HDFC015617,Fixed Deposit,Corporate,Active,26-12-2023,,0,0
19885729486,810789788230,SBIN074347,Savings,BSBD,Active,09-05-2023,,0,0
495889240001,759353514229,KKBK097159,Savings,Basic,Active,07-10-2024,,0,0
3530135557986,703948999006,CNRB012385,Current,Basic,Active,12-04-2023,,0,0
99276415855,299464996189,SBIN015880,Savings,BSBD,Active,21-04-2021,,0,0
19285721384,993501999103,SBIN048702,Savings,Regular,Active,22-04-2023,,0,0
12235569412,993501999103,SBIN048702,Savings,Basic,Active,29-09-2023,,0,0
5419257821656600,743806247029,PUNB029904,NRO,Regular,Active,29-06-2024,,0,0
6612346927234727,751603863672,PUNB010876,Fixed Deposit,Regular,Active,02-01-2017,,0,0
6692761261726466,751603863672,PUNB010876,Fixed Deposit,Corporate,Active,05-09-2018,,0,0
806306604958,997676890793,KKBK022638,Current,Basic,Active,31-08-2024,,0,0
67757775530,703013918280,SBIN036649,Current,BSBD,Active,09-12-2023,,0,0
75450590412,703013918280,SBIN036649,Salary,Regular,Active,14-09-2024,,0,0
6121810929111200,105173506625,PUNB054278,Savings,Regular,Active,31-03-2024,,0,0
1153806595995383,105173506625,PUNB054278,Savings,Regular,Active,16-06-2022,,0,0
39642947529,820965682862,SBIN015532,Fixed Deposit,Premium,Active,17-12-2023,,0,0
869667934723,101195754231,ICIC075524,Current,Basic,Active,07-06-2024,,0,0
493914827601,101195754231,ICIC075524,Savings,Regular,Active,28-02-2021,,0,0
222485538198,835228982539,ICIC027397,Savings,BSBD,Active,24-02-2023,,0,0
602947866879,835228982539,ICIC027397,Savings,BSBD,Active,28-12-2020,,0,0
5530174245107452,739245746399,PUNB083569,Recurring Deposit,Regular,Active,28-10-2021,,0,0
77514810319,763085520727,BKID030169,Savings,Premium,Active,16-09-2024,,0,0
313077665599,676937276061,ICIC022739,Savings,Basic,Active,10-01-2024,,0,0
909912011495,676937276061,ICIC022739,Savings,Regular,Active,02-12-2024,,0,0
9108419009250,808000264443,UTIB038457,Recurring Deposit,Regular,Active,22-12-2023,,0,0
4977253182784307,846557689386,PUNB015252,Fixed Deposit,Premium,Active,02-09-2021,,0,0
621186648451,431018350916,BARB063914,Fixed Deposit,Regular,Closed,20-11-2024,,0,0
720063085517,431018350916,BARB063914,Current,Regular,Active,19-11-2024,,0,0
56637687343334,569358953528,BKID033898,Current,Regular,Active,05-04-2023,,0,0
6026519835538,569358953528,BKID033898,Current,Regular,Active,15-09-2022,,0,0
4175645560844352,596980804921,PUNB056891,Salary,BSBD,Active,23-10-2021,,0,0
2714130386444960,596980804921,PUNB056891,Savings,Regular,Active,04-01-2024,,0,0
20424709194,973872800560,BARB069519,Savings,Basic,Active,16-03-2023,,0,0
36117885536,973872800560,BARB069519,Salary,Basic,Active,26-07-2024,,0,0
43005910958280,146498859626,HDFC068474,Current,Corporate,Dormant,14-10-2019,09-01-2022,0,0
51015777924150,146498859626,HDFC068474,Fixed Deposit,Corporate,Active,01-01-2022,,0,0
25632422267,632584659460,SBIN068763,Fixed Deposit,Regular,Dormant,05-03-2024,10-10-2024,0,0
62394035033,902175929553,BARB060248,Recurring Deposit,Premium,Active,13-09-2018,,0,0
5705990705177897,326815157804,PUNB090788,Savings,Regular,Active,16-06-2022,,0,0
961302097815,354597784475,KKBK079905,Fixed Deposit,Corporate,Active,15-02-2024,,0,0
589628586458,354597784475,KKBK079905,Fixed Deposit,Corporate,Active,06-03-2018,,0,0
7632885137023315,187543375426,PUNB030701,NRE,Premium,Active,22-03-2020,,0,0
5955416762321088,187543375426,PUNB030701,Fixed Deposit,Regular,Active,25-07-2022,,0,0
588950479390,695448781985,ICIC040783,Salary,Regular,Active,12-12-2024,,0,0
77262435968,564434172563,SBIN032123,Current,Premium,Active,22-01-2018,,0,0
646250329142,521718917036,BKID010101,Salary,BSBD,Active,12-04-2022,,0,0
659830516323,606918974038,ICIC093053,Current,BSBD,Frozen,24-12-2024,,0,0
400934452065,606918974038,ICIC093053,Salary,Premium,Active,15-06-2024,,0,0
14518267584626,196313262051,HDFC017475,Salary,BSBD,Active,08-11-2024,,0,0
9158823312112,423247113212,UTIB074427,Salary,Premium,Active,13-10-2021,,0,0
9268116699088,423247113212,UTIB074427,Salary,Basic,Active,23-05-2022,,0,0
3178319555683078,622684991096,PUNB076567,Savings,Basic,Active,28-01-2024,,0,0
3574679956139521,622684991096,PUNB076567,Salary,BSBD,Active,10-02-2024,,0,0
9318232133968,592182832634,CNRB027444,Salary,Regular,Active,13-04-2018,,0,0
11306333262,646257966137,SBIN097725,Salary,Regular,Active,22-01-2021,,0,0
30658136507,705625675897,SBIN034323,Savings,Regular,Active,21-02-2021,,0,0
705258521475,294851677088,BARB029640,Savings,Premium,Active,24-04-2021,,0,0
61447612179,294851677088,BARB029640,Salary,Basic,Active,29-01-2022,,0,0
25653645509,738497565016,CNRB023354,Savings,Basic,Closed,28-05-2024,,0,0
25583804930,353774851927,BKID024571,Savings,BSBD,Active,14-04-2020,,0,0
4964919819812715,381276438730,PUNB062311,Current,BSBD,Active,10-04-2024,,0,0
84578715155,629945208518,CNRB072893,Salary,BSBD,Active,12-01-2023,,0,0
55917030058950,362188526291,BARB010315,Savings,Premium,Active,02-01-2022,,0,0
74955594416,361546661594,SBIN061472,Salary,Premium,Active,21-02-2020,,0,0
51027766463,361546661594,SBIN061472,Recurring Deposit,Basic,Active,28-06-2019,,0,0
9261740170000,246724746699,UTIB024136,Recurring Deposit,Basic,Dormant,22-02-2023,06-03-2024,0,0
9144113770285,246724746699,UTIB024136,Savings,Regular,Active,18-01-2023,,0,0
9147283425821,726410670438,UTIB031506,Savings,Basic,Active,07-02-2022,,0,0
3468030107654760,870430022251,PUNB029284,Savings,Premium,Active,25-12-2022,,0,0
821292284497,796412825320,ICIC020204,Current,Regular,Active,05-12-2023,,0,0
40035616818160,478873480135,BARB048960,Savings,Premium,Closed,20-10-2021,,0,0
6433063086223,478873480135,BARB048960,Savings,Basic,Active,30-08-2022,,0,0
9059752678501,682707692040,KKBK031261,Fixed Deposit,Premium,Active,14-12-2024,,0,0
72015334819,682707692040,KKBK031261,Savings,Premium,Active,02-12-2023,,0,0
9029313563811545,625187083681,PUNB038975,Salary,Regular,Active,12-05-2024,,0,0
4559671659051,479047824235,BARB031360,Salary,Regular,Active,10-10-2023,,0,0
3369666833755,479047824235,BARB031360,Current,Regular,Closed,17-06-2024,,0,0
37554659051205,423985531403,KKBK015407,Recurring Deposit,Premium,Active,04-04-2022,,0,0
7131575375944,423985531403,KKBK015407,Savings,BSBD,Active,30-08-2021,,0,0
93175486857,123014648591,BARB060327,Current,Corporate,Active,14-01-2023,,0,0
947927075019,460225411017,IOBA053758,Salary,Premium,Active,07-11-2020,,0,0
12044461284387,136123266670,BKID089797,Fixed Deposit,Corporate,Active,17-09-2016,,0,0
7362683543235,136123266670,BKID089797,Current,Regular,Active,30-12-2015,,0,0
454133034015,163453208933,ICIC091491,Current,BSBD,Active,19-05-2021,,0,0
170556387681,550909790009,ICIC062537,Savings,Basic,Active,14-05-2024,,0,0
65625568293,339072851480,CNRB012528,Savings,Regular,Active,07-01-2022,,0,0
9214972118497,835872123362,UTIB023786,Salary,Basic,Active,21-09-2023,,0,0
9160554082761,835872123362,UTIB023786,Current,Regular,Active,31-12-2021,,0,0
45749410239183,636334234132,HDFC051707,Savings,Basic,Active,29-11-2024,,0,0
168471775260,780369865262,ICIC011941,Savings,Basic,Active,28-04-2023,,0,0
755086240289,746114412982,CNRB026025,NRE,Regular,Active,23-09-2023,,0,0
46134314428,263331095665,CNRB059320,Recurring Deposit,Regular,Dormant,18-09-2024,03-03-2025,0,0
37657640015923,263331095665,CNRB059320,Savings,Premium,Active,03-12-2024,,0,0
994839568129,230824385803,ICIC039446,Savings,Premium,Active,05-06-2017,,0,0
505222629396,230824385803,ICIC039446,Recurring Deposit,BSBD,Active,12-03-2019,,0,0
9141577912278,781025800784,UTIB017016,Savings,BSBD,Active,06-05-2023,,0,0
9114891802559,781025800784,UTIB017016,Savings,Basic,Active,22-02-2023,,0,0
644369262619,195502416345,BKID057805,Current,Premium,Active,06-02-2022,,0,0
7398004629853,195502416345,BKID057805,Savings,Premium,Active,14-06-2023,,0,0
37638956591,769561043460,BKID093716,Current,Corporate,Active,09-09-2021,,0,0
982112971968,769561043460,BKID093716,Fixed Deposit,Corporate,Active,03-10-2022,,0,0
5681744652190177,891691021616,PUNB085232,Current,Regular,Active,25-08-2018,,0,0
7226271175826501,891691021616,PUNB085232,Savings,Basic,Active,07-04-2022,,0,0
25889128304008,684412256870,CNRB023760,Savings,BSBD,Active,09-03-2023,,0,0
444322140933,341433925551,KKBK026629,Salary,Premium,Active,14-06-2024,,0,0
61178061764894,110790870509,HDFC042637,Savings,BSBD,Active,10-10-2018,,0,0
9185006440540,378715095804,UTIB062538,Current,Regular,Active,20-02-2023,,0,0
9131294701795,378715095804,UTIB062538,Fixed Deposit,Regular,Active,18-11-2024,,0,0
688305186739,558159327705,ICIC097259,Current,Regular,Frozen,03-02-2024,,0,0
624876839120,558159327705,ICIC097259,Current,Regular,Active,05-11-2024,,0,0
18703948811301,624916037824,BARB042517,Savings,Premium,Dormant,06-08-2022,04-01-2025,0,0
5306287068878,624916037824,BARB042517,Current,BSBD,Active,21-02-2021,,0,0
994420832041,347047682688,ICIC082697,Current,Basic,Active,29-04-2022,,0,0
56104363094197,920135898376,IOBA074282,Savings,Basic,Active,18-04-2024,,0,0
43809141405,131229146382,SBIN098745,Current,Corporate,Active,27-03-2023,,0,0
68109272235,131229146382,SBIN098745,Current,Corporate,Active,21-03-2023,,0,0
75196167769,231169687778,SBIN070693,Salary,BSBD,Dormant,08-11-2019,03-10-2020,0,0
42443153671,132949904198,SBIN027498,NRO,Regular,Dormant,16-01-2016,21-06-2022,0,0
27624807607,806533171773,SBIN093156,Salary,Premium,Active,30-10-2023,,0,0
44023344736,806533171773,SBIN093156,Recurring Deposit,BSBD,Active,30-10-2023,,0,0
39700465813792,273793467232,HDFC038896,Current,Regular,Frozen,09-08-2024,,0,0
99993798677860,273793467232,HDFC038896,Current,Regular,Active,19-03-2017,,0,0
2532544378879968,164065756172,PUNB061307,Recurring Deposit,Basic,Active,13-01-2023,,0,0
88360548313870,158452763026,IOBA044726,Recurring Deposit,BSBD,Active,30-06-2023,,0,0
660720320186,158452763026,IOBA044726,Savings,Basic,Dormant,25-10-2023,28-02-2025,0,0
44536011003,481386034190,CNRB091484,Fixed Deposit,Basic,Active,19-06-2019,,0,0
13702273291,395139720504,KKBK045771,Salary,Basic,Active,02-10-2021,,0,0
9115348264590,569202273758,UTIB035024,Current,Basic,Active,09-10-2024,,0,0
732984958273,784338327967,KKBK048050,Savings,Regular,Active,02-07-2024,,0,0
52187822409004,784338327967,KKBK048050,Salary,Premium,Active,29-03-2024,,0,0
73529122504511,986356494953,HDFC057383,Savings,Basic,Active,31-12-2017,,0,0
81406301579057,986356494953,HDFC057383,Savings,BSBD,Active,09-02-2022,,0,0
2697820106310,417103565486,IOBA052035,Salary,BSBD,Active,09-08-2019,,0,0
13630942012800,417103565486,IOBA052035,Salary,Premium,Active,08-10-2017,,0,0
2667785538369,740470110440,IOBA080055,Savings,Premium,Active,21-12-2017,,0,0
8031357868872,243376970362,CNRB069006,Recurring Deposit,Regular,Active,25-01-2024,,0,0
76977540578,715136229683,BKID015169,Savings,Basic,Active,30-10-2022,,0,0
68074280331,216501695742,IOBA026477,Fixed Deposit,Corporate,Active,26-06-2022,,0,0
2584367831544,216501695742,IOBA026477,Fixed Deposit,Regular,Active,05-04-2024,,0,0
43818055847472,157414983384,HDFC047692,Current,Regular,Active,18-02-2024,,0,0
178389207056,122731660593,ICIC025665,Savings,Regular,Active,21-06-2024,,0,0
670293409663,270216261611,KKBK046289,Savings,Basic,Active,07-11-2024,,0,0
8342408032128,243937550589,KKBK012251,Fixed Deposit,Premium,Active,05-05-2021,,0,0
116246170959,243937550589,KKBK012251,Salary,Basic,Active,13-01-2024,,0,0
257708379275,700874549913,ICIC095893,Savings,Basic,Active,24-04-2020,,0,0
2085620712231,856585863085,IOBA028262,Savings,BSBD,Active,19-12-2021,,0,0
96138648621,856585863085,IOBA028262,Salary,BSBD,Active,29-11-2024,,0,0
6180414326199,187152155210,KKBK049736,Current,Premium,Closed,23-07-2024,,0,0
15958616045445,249280750660,HDFC059767,Savings,BSBD,Dormant,07-01-2023,31-03-2023,0,0
78845321119,492815986045,SBIN016485,Savings,BSBD,Active,08-10-2021,,0,0
39366407766,492815986045,SBIN016485,Savings,Regular,Active,25-06-2023,,0,0
9105735500415,264104917543,UTIB047643,Fixed Deposit,Regular,Active,30-04-2016,,0,0
9174127063546,264104917543,UTIB047643,Salary,Premium,Dormant,19-11-2020,28-07-2024,0,0
125019030041,798056700911,IOBA038329,Recurring Deposit,Premium,Active,03-01-2022,,0,0
9240104457576,671468537682,UTIB045772,Savings,Regular,Active,25-03-2023,,0,0
936809264695,697636963641,IOBA063134,Fixed Deposit,Corporate,Active,23-08-2021,,0,0
186930170139,697636963641,IOBA063134,Fixed Deposit,Corporate,Active,11-10-2023,,0,0
4754987656772,944951622024,IOBA072898,Salary,BSBD,Active,01-06-2019,,0,0
549712655526,261816246152,ICIC069948,Savings,Premium,Active,27-12-2024,,0,0
180882032351,261816246152,ICIC069948,Salary,Basic,Active,05-08-2017,,0,0
1485123835747383,605829853411,PUNB063843,Recurring Deposit,Basic,Active,21-02-2023,,0,0
9895617961661799,605829853411,PUNB063843,Salary,Regular,Dormant,03-01-2024,13-01-2024,0,0
653323065859,784830174831,IOBA046955,Savings,Premium,Frozen,25-11-2023,,0,0
21591177941,509329339662,SBIN060763,Fixed Deposit,Regular,Active,30-09-2021,,0,0
50702276139525,585720790756,KKBK046559,Savings,Basic,Active,28-11-2021,,0,0
84345804130,545460512257,SBIN032449,Recurring Deposit,BSBD,Dormant,11-03-2019,18-11-2021,0,0
10117217576,545460512257,SBIN032449,Salary,Regular,Active,06-08-2022,,0,0
7232457694687121,717901873333,PUNB055418,Current,Basic,Active,08-09-2019,,0,0
5023891747606274,717901873333,PUNB055418,Savings,Premium,Active,07-09-2024,,0,0
72225653342094,709354092384,HDFC064037,Current,Regular,Active,07-09-2024,,0,0
1152037347436859,401512680379,PUNB077469,Current,Basic,Active,21-04-2020,,0,0
7850797473287044,401512680379,PUNB077469,Current,Premium,Active,10-12-2024,,0,0
623712144437,849048621723,BARB016806,Current,Basic,Active,02-09-2023,,0,0
5975381953459,849048621723,BARB016806,Savings,Regular,Active,21-03-2024,,0,0
38445729274,907039020003,SBIN010339,Current,BSBD,Active,04-09-2023,,0,0
57892281655926,859486414105,BARB082178,Savings,Basic,Active,27-11-2024,,0,0
5978774485807,955578568457,KKBK065149,Recurring Deposit,Premium,Active,02-12-2023,,0,0
4228542551439,955578568457,KKBK065149,Current,BSBD,Active,01-10-2024,,0,0
38997170309296,885277623309,BARB094518,Salary,Regular,Active,21-11-2024,,0,0
70103715765771,899139326491,HDFC051046,Fixed Deposit,Corporate,Active,05-04-2017,,0,0
277391561187,291331184672,BARB040424,Savings,BSBD,Dormant,12-05-2019,18-05-2019,0,0
21536312470738,110780893473,KKBK095154,Savings,Basic,Active,19-04-2024,,0,0
85477526520,110780893473,KKBK095154,Savings,BSBD,Active,01-08-2024,,0,0
11958751255545,929286519655,CNRB041030,Salary,Premium,Active,11-08-2019,,0,0
86110018394,929286519655,CNRB041030,Savings,Basic,Active,13-07-2024,,0,0
930553858601,818727010527,ICIC078353,Fixed Deposit,Basic,Active,23-10-2024,,0,0
640928576332,804878663251,ICIC078217,Savings,Regular,Active,31-07-2024,,0,0
913284836037,804878663251,ICIC078217,Savings,Basic,Active,13-02-2024,,0,0
3713759661183,143242786822,IOBA078222,Fixed Deposit,Corporate,Active,11-09-2022,,0,0
61355757947941,143242786822,IOBA078222,Current,Corporate,Active,15-02-2024,,0,0
9101135143988,324217929816,UTIB036413,Savings,Regular,Active,07-02-2023,,0,0
485213334990,806644533368,IOBA038502,Fixed Deposit,Basic,Active,01-02-2019,,0,0
3583937497146,797486216236,BKID014202,Fixed Deposit,Basic,Active,21-06-2023,,0,0
93528523881095,797486216236,BKID014202,Savings,Basic,Active,20-04-2023,,0,0
64932626940,162968938385,BKID084174,Salary,BSBD,Active,22-08-2024,,0,0
57540690409238,757158113688,BKID043966,Current,Regular,Active,24-09-2024,,0,0
777954050226,365426566417,ICIC064416,Fixed Deposit,Regular,Active,02-02-2024,,0,0
4374058484990,367482788561,IOBA029281,Current,Basic,Active,12-11-2021,,0,0
1918831473575038,342412503644,PUNB071714,Recurring Deposit,Regular,Active,07-09-2022,,0,0
708141123485,761198214223,ICIC058965,Savings,BSBD,Active,30-05-2024,,0,0
1400029128016414,707496451671,PUNB044464,Savings,Basic,Active,17-10-2021,,0,0
9018835076945151,707496451671,PUNB044464,Salary,BSBD,Active,23-05-2021,,0,0
4835456727364557,845726600759,PUNB041286,Fixed Deposit,BSBD,Active,01-11-2023,,0,0
9898550109444729,845726600759,PUNB041286,Salary,Premium,Active,03-08-2023,,0,0
3238542350074,990748624598,BARB074285,Salary,BSBD,Active,29-03-2020,,0,0
48062604576,990748624598,BARB074285,Fixed Deposit,Premium,Active,05-07-2020,,0,0
77171571354,482932243715,CNRB057049,Recurring Deposit,Premium,Active,16-09-2022,,0,0
90041486737710,482932243715,CNRB057049,Fixed Deposit,BSBD,Active,26-08-2023,,0,0
85835321224786,808054023265,HDFC038728,Current,Premium,Active,09-09-2024,,0,0
7751606348650,481356323786,BARB027601,Salary,Regular,Active,22-10-2023,,0,0
84031096599682,481356323786,BARB027601,Fixed Deposit,Basic,Active,19-01-2024,,0,0
67513959733000,637311591592,HDFC010683,Fixed Deposit,Basic,Active,18-10-2020,,0,0
59568436587019,637311591592,HDFC010683,Salary,Basic,Active,12-12-2019,,0,0
6752703897098946,466906342617,PUNB035375,Recurring Deposit,Regular,Closed,26-10-2024,,0,0
8918184626144372,466906342617,PUNB035375,Salary,BSBD,Active,24-04-2022,,0,0
332392948135,655666825288,ICIC074448,Salary,Regular,Active,04-07-2022,,0,0
638406165603,655666825288,ICIC074448,Recurring Deposit,Premium,Active,11-03-2023,,0,0
9109540614012,496073840961,UTIB010657,Fixed Deposit,Regular,Dormant,09-02-2023,03-06-2024,0,0
73720482915,274219329002,SBIN018634,Recurring Deposit,BSBD,Active,06-05-2024,,0,0
67510656878,274219329002,SBIN018634,Savings,BSBD,Active,04-10-2024,,0,0
6793430316750236,809589624715,PUNB095587,Salary,Premium,Active,29-06-2023,,0,0
1224047545972662,809589624715,PUNB095587,Savings,Basic,Active,25-07-2024,,0,0
78056331377,114953463591,SBIN015984,Recurring Deposit,Basic,Active,06-01-2023,,0,0
48850638461,114953463591,SBIN015984,Salary,Basic,Active,02-11-2019,,0,0
6080547763729642,474072306518,PUNB053203,Recurring Deposit,Basic,Active,14-07-2022,,0,0
3627603617502,248798240710,IOBA098710,Savings,Regular,Active,01-08-2023,,0,0
66931383081,248798240710,IOBA098710,Fixed Deposit,Basic,Dormant,22-03-2020,13-08-2023,0,0
48764046211,764888181535,BARB073665,Salary,Basic,Active,02-06-2018,,0,0
44815298639400,764888181535,BARB073665,Salary,Premium,Active,23-07-2023,,0,0
6130042376217214,486007442964,PUNB085466,Current,Corporate,Active,13-07-2016,,0,0
35025523067,504736919967,BKID012787,Savings,Premium,Dormant,20-04-2020,14-04-2021,0,0
59186970433,324633873429,IOBA083430,Salary,Regular,Active,02-10-2021,,0,0
2483574282010712,957173050010,PUNB093841,Current,Regular,Active,25-04-2023,,0,0
7954136565492,126190641404,IOBA018376,Fixed Deposit,Regular,Active,05-05-2023,,0,0
631091333625,126190641404,IOBA018376,Recurring Deposit,Premium,Active,24-11-2022,,0,0
61544755922799,663194789584,HDFC054107,Salary,Regular,Active,09-06-2018,,0,0
59978315788124,663194789584,HDFC054107,Current,Regular,Active,19-07-2019,,0,0
9264551134710,555950558237,UTIB021065,Savings,Basic,Active,14-07-2024,,0,0
9230493761804,555950558237,UTIB021065,Savings,Premium,Active,07-06-2023,,0,0
882694165535,745228506216,IOBA011042,Fixed Deposit,BSBD,Active,01-12-2023,,0,0
7596638336708,745228506216,IOBA011042,Savings,Basic,Active,16-05-2024,,0,0
651335266672,172363808769,ICIC051146,Recurring Deposit,Premium,Active,08-11-2021,,0,0
79942098402,709455776090,CNRB048236,Savings,Premium,Active,05-05-2023,,0,0
3463835314629,709455776090,CNRB048236,Savings,Regular,Active,26-03-2022,,0,0
812293224225,784232148437,IOBA098705,Savings,Premium,Active,27-02-2021,,0,0
61979205827,732974646287,SBIN014922,Salary,BSBD,Active,07-10-2020,,0,0
90274146783746,241097030587,KKBK078291,Salary,Premium,Active,02-09-2024,,0,0
58560483583450,241097030587,KKBK078291,Salary,Regular,Closed,02-03-2024,,0,0
3450193305897,780894521143,BARB050122,Savings,Regular,Active,23-06-2024,,0,0
54438044254517,458134837105,BARB038157,Fixed Deposit,Corporate,Active,12-02-2023,,0,0
6561168657087,961959541483,CNRB080669,Savings,Basic,Active,13-04-2024,,0,0
18015940323,783092560267,CNRB055940,Recurring Deposit,Basic,Active,14-04-2024,,0,0
53215900945,783092560267,CNRB055940,Savings,Basic,Active,01-07-2024,,0,0
668673892942,152512034052,ICIC031623,Salary,Basic,Active,22-08-2021,,0,0
3074770181464,506800369842,BARB020795,Savings,BSBD,Active,07-08-2020,,0,0
9205587113558,166169213479,UTIB046991,Savings,BSBD,Active,25-09-2020,,0,0
9210755339762,166169213479,UTIB046991,Savings,Basic,Active,25-07-2020,,0,0
199972555564,824535741987,IOBA025373,Salary,Premium,Active,07-12-2023,,0,0
45363816479,824535741987,IOBA025373,Fixed Deposit,Basic,Active,01-10-2024,,0,0
565587733035,311211415518,BARB079318,Salary,Basic,Active,11-06-2023,,0,0
831674695806,311211415518,BARB079318,Salary,Regular,Active,23-03-2022,,0,0
57786568115,307965408659,SBIN047931,Savings,BSBD,Active,18-03-2021,,0,0
91734047784,307965408659,SBIN047931,Current,Regular,Active,03-11-2020,,0,0
40686290255,457120375635,SBIN063104,Savings,Regular,Active,01-03-2021,,0,0
4102032370717,153536983832,KKBK099190,Savings,Basic,Active,07-03-2024,,0,0
985131312199,153536983832,KKBK099190,Current,BSBD,Active,12-06-2024,,0,0
25104189352,510222040245,IOBA058692,Salary,Regular,Active,16-01-2024,,0,0
987595910392,510222040245,IOBA058692,Salary,Basic,Active,12-08-2024,,0,0
63478278675,348448102259,SBIN041564,NRE,Regular,Active,13-11-2023,,0,0
88970183919,443383655840,KKBK061153,Savings,BSBD,Active,02-01-2024,,0,0
108985646256,509526424587,ICIC037242,Fixed Deposit,Corporate,Active,14-03-2020,,0,0
68593122617,410597313235,SBIN054184,Savings,BSBD,Active,24-05-2019,,0,0
11032333748,410597313235,SBIN054184,Savings,BSBD,Active,06-04-2020,,0,0
79841958395908,813333739485,CNRB042594,Savings,Basic,Dormant,21-05-2017,25-06-2024,0,0
187146931676,813333739485,CNRB042594,Salary,BSBD,Frozen,31-05-2020,,0,0
45772827852790,670913091329,HDFC019802,Fixed Deposit,Regular,Active,16-10-2023,,0,0
329753248325,717608168177,ICIC072127,Current,Regular,Active,19-04-2018,,0,0
631844686380,717608168177,ICIC072127,Savings,Premium,Active,18-12-2023,,0,0
4955740439888,276806217132,BKID051560,Current,Premium,Active,02-10-2020,,0,0
57088927342869,276806217132,BKID051560,Savings,Premium,Active,06-09-2020,,0,0
829342908519,137614787457,ICIC049957,Recurring Deposit,Regular,Active,24-09-2022,,0,0
8086700971137685,191964717563,PUNB080087,Salary,Regular,Active,08-12-2024,,0,0
5406383362919346,191964717563,PUNB080087,Current,BSBD,Active,13-10-2023,,0,0
9176115716302,283811801081,UTIB035243,Fixed Deposit,Premium,Active,28-07-2024,,0,0
9201727807334,283811801081,UTIB035243,Savings,Premium,Active,23-10-2022,,0,0
765498046604,128068796786,KKBK039926,Salary,Basic,Active,07-08-2020,,0,0
825580998308,128068796786,KKBK039926,Savings,Premium,Active,05-09-2021,,0,0
206595067412,644833193942,ICIC020175,Fixed Deposit,Regular,Active,04-02-2023,,0,0
208518797877,644833193942,ICIC020175,Fixed Deposit,Corporate,Active,19-11-2017,,0,0
3677940174989,436084116529,IOBA050578,Savings,Basic,Active,14-02-2023,,0,0
539246427527,358809918068,IOBA049472,Current,Premium,Active,27-03-2024,,0,0
1593172863260,712603639040,BARB030561,Salary,Basic,Active,31-08-2024,,0,0
942635638219,712603639040,BARB030561,Savings,Basic,Active,09-10-2023,,0,0
58577431178,458635668540,KKBK093387,Savings,BSBD,Dormant,22-07-2022,05-03-2023,0,0
9738761876108724,643741791319,PUNB098064,Salary,Regular,Active,06-03-2024,,0,0
4664203420531569,643741791319,PUNB098064,Salary,Basic,Active,04-04-2021,,0,0
399638124704,684008361640,ICIC033547,Current,Corporate,Active,31-01-2017,,0,0
196937100671,684008361640,ICIC033547,Current,Regular,Active,05-12-2015,,0,0
75729247273139,644800413319,CNRB061642,Current,Regular,Active,16-11-2022,,0,0
80748316844059,644800413319,CNRB061642,Salary,BSBD,Active,23-11-2023,,0,0
17931756263,516911615878,SBIN091279,Savings,Basic,Active,11-06-2024,,0,0
97645573338,250164855976,SBIN068566,Savings,Basic,Active,16-01-2021,,0,0
49128419176,250164855976,SBIN068566,Savings,Basic,Active,27-08-2017,,0,0
927932685224,232755972379,BKID047698,Fixed Deposit,Regular,Active,26-11-2023,,0,0
23896987553,232755972379,BKID047698,Fixed Deposit,Regular,Active,21-08-2018,,0,0
9223711816514,419362911944,UTIB053800,Savings,Regular,Dormant,05-04-2017,04-11-2023,0,0
9264989822585,642075774411,UTIB032169,Salary,Premium,Active,01-12-2022,,0,0
9159302087006,642075774411,UTIB032169,Salary,BSBD,Active,29-09-2022,,0,0
91533078864,704802791322,SBIN041040,Savings,BSBD,Active,09-07-2023,,0,0
26029390072,587422259398,SBIN084645,Recurring Deposit,Basic,Active,08-12-2017,,0,0
54735428271304,461712854823,IOBA011228,Fixed Deposit,Premium,Active,29-07-2024,,0,0
56180033021738,461712854823,IOBA011228,Savings,Basic,Active,24-11-2024,,0,0
705761524755,516295911192,BKID083075,Savings,Regular,Active,24-05-2024,,0,0
374549617506,282805800636,ICIC088563,Fixed Deposit,Regular,Active,24-02-2023,,0,0
18183769652,667822346127,KKBK064214,Salary,Premium,Active,06-02-2020,,0,0
9157803843649,963136709704,UTIB038509,Savings,BSBD,Active,05-01-2019,,0,0
9148451758365,963136709704,UTIB038509,Savings,BSBD,Active,20-04-2015,,0,0
855242173697,561696078850,KKBK013115,Fixed Deposit,BSBD,Active,01-07-2023,,0,0
80894505341012,282944839632,HDFC031158,Fixed Deposit,Regular,Active,20-09-2024,,0,0
55009248656,127636707963,BARB065804,Recurring Deposit,Premium,Active,29-10-2015,,0,0
6497522805984,240329444017,IOBA047192,Salary,Regular,Active,26-10-2024,,0,0
9998608453008594,844425206792,PUNB026632,Salary,Regular,Active,20-12-2023,,0,0
4687697666097166,844425206792,PUNB026632,Fixed Deposit,Basic,Dormant,09-10-2023,13-06-2024,0,0
467423477672,131263789436,ICIC048576,Salary,Basic,Active,14-07-2020,,0,0
769970421036,131263789436,ICIC048576,Savings,Basic,Active,15-08-2021,,0,0
43537329810,254286538767,BARB072741,Savings,Premium,Active,28-11-2021,,0,0
6405749504491,703380482055,BARB075655,Savings,Premium,Frozen,15-05-2022,,0,0
2122644383012,703380482055,BARB075655,Savings,Premium,Active,15-02-2021,,0,0
97116620029,638481999924,BARB084008,Salary,BSBD,Active,04-07-2024,,0,0
20867473962854,581593170629,HDFC016665,Savings,Basic,Active,18-10-2024,,0,0
67543246459,443341886456,IOBA043071,Savings,Basic,Active,03-06-2018,,0,0
6078291244366621,266180636271,PUNB050048,Fixed Deposit,Corporate,Active,20-12-2023,,0,0
27681984679433,268229712509,KKBK069817,Salary,BSBD,Active,20-10-2022,,0,0
25848162135,268229712509,KKBK069817,Savings,Premium,Active,28-02-2024,,0,0
23111230034533,301218361926,BKID097129,Salary,Basic,Active,30-12-2024,,0,0
20036472520458,485100680916,BARB091758,Salary,BSBD,Dormant,30-01-2019,07-07-2023,0,0
3436826106061,661621636875,BARB011655,Current,Premium,Active,02-09-2024,,0,0
315056852826,489268692997,ICIC079399,Current,Regular,Active,20-04-2024,,0,0
9202995586079,597450170831,UTIB061896,Recurring Deposit,Premium,Active,24-04-2019,,0,0
9101853232686,597450170831,UTIB061896,Recurring Deposit,Basic,Active,30-01-2019,,0,0
77330295655,105937278667,SBIN082009,Salary,Basic,Active,24-05-2021,,0,0
6519371195660079,288458255176,PUNB065352,Recurring Deposit,Regular,Dormant,08-01-2024,05-07-2024,0,0
8754048547484529,288458255176,PUNB065352,Savings,Premium,Active,10-03-2024,,0,0
8653005667760,906300365851,CNRB067258,Savings,Basic,Active,29-10-2017,,0,0
7905059621684,906300365851,CNRB067258,Salary,Basic,Active,08-08-2022,,0,0
31270820957605,981956691761,IOBA038407,Fixed Deposit,Corporate,Active,01-02-2024,,0,0
161197992646,981956691761,IOBA038407,Fixed Deposit,Regular,Active,31-10-2024,,0,0
39529578294,167443921617,SBIN098725,Savings,Basic,Active,02-02-2023,,0,0
7533250745422,254611964046,BARB023197,Savings,Regular,Active,04-02-2019,,0,0
86940322742253,124916424193,IOBA054320,Savings,Regular,Dormant,06-03-2021,12-11-2021,0,0
38469634003,124916424193,IOBA054320,Salary,Regular,Active,22-11-2024,,0,0
483619495796,596696223876,ICIC033102,Savings,Regular,Active,11-08-2021,,0,0
738362248280,596696223876,ICIC033102,Salary,Premium,Active,28-12-2017,,0,0
26574333651654,983050180684,KKBK072463,Savings,Premium,Dormant,01-07-2024,26-11-2024,0,0
4872035948578,380069458810,CNRB014613,Recurring Deposit,Regular,Active,08-03-2021,,0,0
49672379927,686818134880,SBIN052842,Salary,Regular,Frozen,11-04-2022,,0,0
47339810717,155181328227,CNRB067902,Savings,BSBD,Active,23-01-2023,,0,0
23206915677,155181328227,CNRB067902,Salary,BSBD,Active,26-12-2023,,0,0
63070187870,910833751364,BARB067661,Savings,Premium,Active,17-07-2020,,0,0
9214221873666,243055913002,UTIB040232,Salary,Regular,Active,08-02-2021,,0,0
9127761762435,243055913002,UTIB040232,Savings,BSBD,Active,14-01-2019,,0,0
31078379662,812431544838,KKBK031698,Fixed Deposit,BSBD,Active,31-12-2019,,0,0
45242041197589,812431544838,KKBK031698,Salary,BSBD,Active,13-12-2021,,0,0
31515872585,617423934477,SBIN093863,Savings,BSBD,Active,22-03-2024,,0,0
58341532109,617423934477,SBIN093863,Savings,Premium,Active,19-11-2023,,0,0
680554479585,321248864992,CNRB016698,Fixed Deposit,Regular,Dormant,15-01-2018,30-03-2020,0,0
99798937583744,214562165650,HDFC094004,Salary,Basic,Active,20-11-2017,,0,0
82718315663153,798304439761,HDFC010601,Salary,BSBD,Active,28-12-2023,,0,0
15693733766829,798304439761,HDFC010601,Savings,BSBD,Active,13-07-2021,,0,0
48274854617,266096338172,KKBK044014,Salary,BSBD,Active,23-09-2017,,0,0
168120254574,553432053023,CNRB082005,Current,Regular,Active,05-11-2018,,0,0
25946604563182,952029474780,HDFC029804,Recurring Deposit,Premium,Active,27-05-2023,,0,0
5302666692803,157848283938,KKBK046949,Salary,Premium,Active,05-10-2018,,0,0
787832011143,442465636400,IOBA059070,Savings,Basic,Active,19-08-2023,,0,0
127410918062,630266934896,ICIC044355,Recurring Deposit,BSBD,Active,05-07-2023,,0,0
254795376489,630266934896,ICIC044355,Savings,Regular,Active,21-03-2024,,0,0
40118401804,559471675183,KKBK036420,Savings,Basic,Active,13-12-2024,,0,0
22709915631528,934226219415,KKBK086676,Savings,Regular,Active,26-05-2021,,0,0
61505125474,128894670278,IOBA078809,Savings,Premium,Active,30-10-2024,,0,0
94057089171924,128894670278,IOBA078809,Salary,Basic,Active,28-03-2022,,0,0
37282949386465,692771962927,BARB036140,Salary,Premium,Active,07-01-2019,,0,0
40451505089,692771962927,BARB036140,Savings,Basic,Active,01-07-2021,,0,0
8899766953086864,565634630339,PUNB096380,Salary,Regular,Active,13-05-2024,,0,0
5120965802283794,565634630339,PUNB096380,Savings,Regular,Active,09-03-2023,,0,0
93811058315004,619574271504,BARB095076,Salary,Basic,Active,30-09-2024,,0,0
34391220743,740228497377,SBIN086406,Salary,BSBD,Active,10-05-2022,,0,0
56601149312,740228497377,SBIN086406,Fixed Deposit,Regular,Active,14-01-2023,,0,0
77765175503843,165089739489,CNRB042049,Current,BSBD,Active,15-12-2019,,0,0
6919206228227,421268028264,IOBA061476,Salary,Basic,Active,13-10-2024,,0,0
7038858544285,794600538895,IOBA045277,NRE,Regular,Active,20-01-2017,,0,0
31074703935,794600538895,IOBA045277,NRO,Regular,Active,25-01-2022,,0,0
29006085236568,170615533295,KKBK025688,Savings,Premium,Active,26-12-2024,,0,0
83833030279887,439604451823,KKBK080785,Savings,Basic,Active,16-10-2018,,0,0
325602966933,439604451823,KKBK080785,Savings,BSBD,Active,18-12-2024,,0,0
8544653642997,862766673744,IOBA013732,Savings,Regular,Active,22-04-2020,,0,0
4536280581990,862766673744,IOBA013732,Savings,Basic,Active,17-08-2018,,0,0
9287105871361,671385793005,BARB069455,Fixed Deposit,Regular,Active,22-10-2024,,0,0
33114320626569,389495491434,HDFC099732,Salary,Basic,Dormant,10-10-2022,11-08-2024,0,0
55198222688,836883085698,BARB093101,Savings,BSBD,Active,05-03-2018,,0,0
72808251650316,238360051329,HDFC067379,Savings,Basic,Active,31-10-2024,,0,0
40846973711960,238360051329,HDFC067379,Current,Premium,Active,13-07-2024,,0,0
98701878125,437361092628,SBIN099868,Salary,BSBD,Active,31-07-2019,,0,0
781299711615,561994013894,BKID036516,Current,Premium,Active,25-02-2024,,0,0
88267518185576,561994013894,BKID036516,Recurring Deposit,BSBD,Active,21-10-2024,,0,0
6007781018041466,476651868445,PUNB084223,Fixed Deposit,Regular,Active,19-12-2024,,0,0
6699593806445793,476651868445,PUNB084223,Current,Regular,Active,11-10-2023,,0,0
47811117571,496145792214,CNRB068943,Current,BSBD,Active,23-11-2022,,0,0
816680251337,248454300009,ICIC059580,Savings,Basic,Active,05-08-2021,,0,0
27363482338844,142307428466,KKBK099790,Current,BSBD,Active,18-08-2023,,0,0
985969356501,421214324106,KKBK071352,Savings,BSBD,Active,30-09-2023,,0,0
76492286356138,852310920205,HDFC032530,Recurring Deposit,Regular,Active,13-04-2022,,0,0
59159096819814,639979591153,BARB093097,Salary,Basic,Active,10-05-2024,,0,0
992349027369,771248842350,ICIC071821,Recurring Deposit,BSBD,Frozen,28-09-2024,,0,0
296448614277,771248842350,ICIC071821,Savings,Basic,Active,25-08-2023,,0,0
30940426928632,231766647007,CNRB054976,Current,Basic,Active,12-06-2024,,0,0
1357941977620,889508785337,CNRB065862,Salary,Basic,Active,09-02-2024,,0,0
6205876169902,269960157239,BKID035550,Salary,BSBD,Frozen,16-08-2023,,0,0
22803244516,269960157239,BKID035550,Savings,Regular,Active,26-11-2023,,0,0
6303629538467,328639534053,CNRB027240,Fixed Deposit,Basic,Active,04-09-2021,,0,0
51047316887,349493710238,KKBK039560,Savings,Basic,Active,12-10-2021,,0,0
124051142590,349493710238,KKBK039560,Savings,Basic,Frozen,18-12-2021,,0,0
22971350685,840035761386,SBIN031362,Savings,BSBD,Active,12-10-2021,,0,0
499843392882,911775496303,BKID074230,Savings,Basic,Active,21-04-2022,,0,0
69045157479,911775496303,BKID074230,Current,Premium,Active,13-04-2024,,0,0
189923435333,280876962815,CNRB017482,Fixed Deposit,Corporate,Active,03-11-2024,,0,0
2999680445099,280876962815,CNRB017482,Current,Regular,Dormant,16-07-2024,29-11-2024,0,0
94664585371452,530614889340,BARB091811,Savings,Basic,Active,19-07-2024,,0,0
2248451832971,530614889340,BARB091811,Savings,Premium,Active,09-11-2024,,0,0
227529404055,204461416864,ICIC091063,Current,Basic,Active,17-06-2020,,0,0
46841362046,429143084791,IOBA047953,Savings,Regular,Active,19-01-2016,,0,0
67417750591,429143084791,IOBA047953,Recurring Deposit,Regular,Active,18-02-2017,,0,0
14322334634454,835900512795,BKID045963,Current,Basic,Active,21-05-2022,,0,0
142246664525,493427482190,KKBK024680,Salary,BSBD,Active,12-04-2022,,0,0
9168741998591,295322261092,UTIB014345,Savings,Premium,Active,13-07-2018,,0,0
3779675763209,902980542925,BARB050975,Savings,BSBD,Closed,24-02-2023,,0,0
9269252383395,824944410594,UTIB042860,Savings,Premium,Active,07-06-2022,,0,0
737005266749,188177531999,BARB072982,Current,Corporate,Active,11-01-2021,,0,0
33360530001856,188177531999,BARB072982,Fixed Deposit,Corporate,Active,24-08-2015,,0,0
9266050257320874,848304042541,PUNB058446,Salary,Basic,Active,25-09-2024,,0,0
42523196810,326478003661,SBIN013571,Fixed Deposit,Corporate,Active,09-10-2024,,0,0
3564867825080891,105503263053,PUNB070096,Fixed Deposit,Premium,Active,08-12-2017,,0,0
7668002943115762,105503263053,PUNB070096,Savings,Basic,Dormant,16-02-2021,15-03-2021,0,0
78263783487128,395506771828,BARB028077,Savings,BSBD,Frozen,03-03-2024,,0,0
487373638296,395506771828,BARB028077,Savings,Basic,Active,27-01-2023,,0,0
50540978145,961635665780,SBIN026406,Savings,Premium,Active,01-07-2016,,0,0
17479420031,961635665780,SBIN026406,Current,Premium,Active,10-02-2018,,0,0
9291031696589,436555753791,UTIB060324,Salary,BSBD,Active,08-02-2020,,0,0
9108860876203,436555753791,UTIB060324,Salary,Premium,Active,08-07-2023,,0,0
51410627597102,110541209439,HDFC080253,Savings,Regular,Active,22-02-2024,,0,0
58313458813,461039591254,SBIN053313,Salary,Basic,Active,13-05-2021,,0,0
43269027185,461039591254,SBIN053313,Salary,BSBD,Active,13-06-2021,,0,0
39927045057,523419963043,SBIN024026,Salary,Basic,Active,28-04-2024,,0,0
86033557260,523419963043,SBIN024026,Recurring Deposit,Premium,Active,03-02-2023,,0,0
13663071370073,118422705292,IOBA044369,Current,BSBD,Active,05-01-2023,,0,0
71069796048,751152406614,SBIN055184,Savings,Basic,Active,27-09-2024,,0,0
9249082676695,453570528291,UTIB029182,Savings,Premium,Active,18-09-2020,,0,0
4405151138937,688729237934,IOBA092295,Fixed Deposit,Basic,Active,27-12-2023,,0,0
20706828645,688729237934,IOBA092295,Salary,Premium,Active,06-07-2024,,0,0
57852892253,510448745177,SBIN027052,Salary,BSBD,Active,16-09-2016,,0,0
727841409693,236333289254,IOBA051989,Current,BSBD,Active,10-05-2021,,0,0
17601150398646,317903399593,HDFC053926,Savings,Premium,Active,02-12-2024,,0,0
66282819487615,778839529512,HDFC094128,Salary,Basic,Active,16-12-2022,,0,0
1927567912131513,694378098623,PUNB077408,Salary,BSBD,Active,21-09-2024,,0,0
3031667533028508,694378098623,PUNB077408,Savings,Regular,Active,29-12-2024,,0,0
78847844441235,764356859224,CNRB015959,Savings,BSBD,Active,22-03-2024,,0,0
1654444297476053,798609085632,PUNB075944,Salary,Regular,Active,11-10-2024,,0,0
5392998004310103,798609085632,PUNB075944,Savings,Regular,Active,01-12-2022,,0,0
