wallet_id,customer_cif,wallet_kyc_category,wallet_status,wallet_opening_date,escrow_account_linked,per_txn_limit,daily_txn_limit,monthly_txn_limit,annual_txn_limit,max_balance_limit,linked_bank_account
WLT705686372790,120479081055,Full KYC,Suspended,14-08-2023,ESC5046514276775,200000,200000,200000,2400000,200000,834643499966
WLT924374738274,331119470295,Full KYC,Active,23-11-2019,ESC2219555885072,200000,200000,200000,2400000,200000,65896050753953
WLT940017546896,348195837372,Minimum KYC,Active,31-12-2024,ESC4867299017935,10000,10000,10000,120000,10000,91836061361
WLT923382706423,821906673446,Full KYC,Active,30-01-2023,ESC6907691479085,200000,200000,200000,2400000,200000,9247165892269741
WLT692094394913,438792146580,Full KYC,Active,28-12-2024,ESC1028977605354,200000,200000,200000,2400000,200000,3640016923414
WLT049595050130,638863685000,Full KYC,Active,05-06-2021,ESC3607403113319,200000,200000,200000,2400000,200000,24677876760
WLT763170981294,867589450881,Minimum KYC,Active,10-08-2024,ESC3321457448411,10000,10000,10000,120000,10000,29558107308
WLT359876478317,526205393054,Minimum KYC,Active,23-08-2021,ESC2157255502934,10000,10000,10000,120000,10000,28283244178926
WLT666204932119,688057095874,Full KYC,Active,19-06-2024,ESC5036960281308,200000,200000,200000,2400000,200000,68365267041260
WLT947208002731,139507525172,Full KYC,Active,04-03-2022,ESC4903117113415,200000,200000,200000,2400000,200000,98629098045
WLT800998957166,433361460217,Full KYC,Active,18-03-2019,ESC5501103376311,200000,200000,200000,2400000,200000,9179305810360
WLT504415584518,592682778421,Full KYC,Closed,16-08-2018,ESC2786271372273,200000,200000,200000,2400000,200000,801425608829
WLT298752485614,283721580779,Minimum KYC,Active,07-06-2023,ESC5282191470488,10000,10000,10000,120000,10000,102490163342
WLT452970522434,970098008916,Minimum KYC,Active,19-03-2022,ESC4314254027432,10000,10000,10000,120000,10000,6596239425972
WLT787342739045,990943453762,Full KYC,Active,01-02-2023,ESC2867854473235,200000,200000,200000,2400000,200000,1387503947178
WLT504303754838,929863985872,Full KYC,Active,29-04-2024,ESC5241223851514,200000,200000,200000,2400000,200000,69559714740
WLT197859527982,211244545066,Full KYC,Active,23-12-2019,ESC7558489909309,200000,200000,200000,2400000,200000,366587348472
WLT146538258828,989502767451,Minimum KYC,Active,29-05-2024,ESC7444134159955,10000,10000,10000,120000,10000,75604863917513
WLT935717443815,504484526057,Full KYC,Active,05-03-2019,ESC6537649118648,200000,200000,200000,2400000,200000,9181920534480
WLT475509497328,965392644206,Full KYC,Active,23-06-2020,ESC6600684271228,200000,200000,200000,2400000,200000,181893677715
WLT013590999428,904350946688,Full KYC,Active,20-01-2021,ESC3958856491718,200000,200000,200000,2400000,200000,942610112721
WLT342825059177,139335292878,Full KYC,Closed,24-08-2020,ESC7791313402963,200000,200000,200000,2400000,200000,8329745233365
WLT906203422414,330214324888,Minimum KYC,Active,10-11-2017,ESC6704404275276,10000,10000,10000,120000,10000,509117279660
WLT406461914868,121951003398,Minimum KYC,Active,05-04-2021,ESC5696814452984,10000,10000,10000,120000,10000,9149091404115
WLT573451570223,438575379525,Minimum KYC,Active,09-05-2024,ESC1934582450069,10000,10000,10000,120000,10000,78811795154
WLT185430783691,809019854091,Minimum KYC,Active,30-07-2022,ESC8113079898768,10000,10000,10000,120000,10000,19600275326381
WLT186826938185,422498908131,Minimum KYC,Active,19-09-2021,ESC5911879802623,10000,10000,10000,120000,10000,45133088190
WLT914390670920,222563016287,Minimum KYC,Active,30-04-2021,ESC3764394090445,10000,10000,10000,120000,10000,4801166920748
WLT441298988532,803626240784,Minimum KYC,Active,07-08-2019,ESC6222408391573,10000,10000,10000,120000,10000,9208875367606
WLT047811100489,975360117095,Minimum KYC,Suspended,14-10-2024,ESC2838018536909,10000,10000,10000,120000,10000,67855073202518
WLT953605484896,332761995746,Full KYC,Closed,16-11-2024,ESC7375113273273,200000,200000,200000,2400000,200000,924872071603
WLT930712453303,272958542410,Full KYC,Active,14-05-2024,ESC2579862380990,200000,200000,200000,2400000,200000,26252143283978
WLT537428506820,154179612284,Full KYC,Active,20-04-2024,ESC3583802420988,200000,200000,200000,2400000,200000,51619352155
WLT096391729746,486480532763,Full KYC,Closed,17-03-2022,ESC2616184917256,200000,200000,200000,2400000,200000,11374060382
WLT248097670422,644379634590,Full KYC,Closed,26-04-2022,ESC5106002368738,200000,200000,200000,2400000,200000,655869947571
WLT302235811365,749137053957,Full KYC,Active,24-05-2019,ESC7756662395293,200000,200000,200000,2400000,200000,28918444981
WLT821129732751,258702260396,Full KYC,Active,12-10-2015,ESC7681368442155,200000,200000,200000,2400000,200000,6279295823317
WLT881599654403,763992842529,Full KYC,Active,05-11-2022,ESC4031369640104,200000,200000,200000,2400000,200000,9256268582416
WLT557044769279,145858808062,Minimum KYC,Active,22-02-2023,ESC6616002711452,10000,10000,10000,120000,10000,35002660084
WLT032369734779,495621294680,Full KYC,Active,07-12-2024,ESC6542308083066,200000,200000,200000,2400000,200000,9161116375449
WLT578542826208,890822967397,Full KYC,Active,16-06-2022,ESC3024630503116,200000,200000,200000,2400000,200000,9218816296849
WLT930644818952,490702330959,Minimum KYC,Active,05-12-2021,ESC5024780936134,10000,10000,10000,120000,10000,8985580034027
WLT022232032157,401877905375,Full KYC,Active,27-07-2024,ESC7068658918872,200000,200000,200000,2400000,200000,41435685401
WLT965378709806,470395495484,Minimum KYC,Active,02-08-2024,ESC7199687969077,10000,10000,10000,120000,10000,52850616754
WLT507249617294,254355158987,Minimum KYC,Active,03-12-2023,ESC1848671227374,10000,10000,10000,120000,10000,31233396794571
WLT348788200855,300465034196,Full KYC,Active,08-04-2024,ESC9033269922346,200000,200000,200000,2400000,200000,79942098402
WLT291988261715,277306787253,Minimum KYC,Active,26-04-2023,ESC7205605355271,10000,10000,10000,120000,10000,9232806913284
WLT030656297603,398766398740,Full KYC,Active,09-04-2020,ESC3697732127425,200000,200000,200000,2400000,200000,659157689962
WLT577465454900,737683573862,Full KYC,Active,12-07-2018,ESC2515852138346,200000,200000,200000,2400000,200000,56737881562
WLT921525098137,952380130444,Full KYC,Active,30-11-2021,ESC2320519815697,200000,200000,200000,2400000,200000,48376484395012
WLT911846727518,314483304091,Full KYC,Active,06-02-2018,ESC2065061339135,200000,200000,200000,2400000,200000,3676392677354
WLT181785031403,485550868940,Full KYC,Active,24-11-2021,ESC6193720394963,200000,200000,200000,2400000,200000,99816590211
WLT102732609957,328941905237,Full KYC,Active,29-05-2024,ESC4914125325818,200000,200000,200000,2400000,200000,435692169006
WLT046635936023,589100206342,Full KYC,Active,13-01-2019,ESC4019417685199,200000,200000,200000,2400000,200000,9527926025215867
WLT044932827955,942263315083,Full KYC,Active,21-07-2024,ESC9458484400762,200000,200000,200000,2400000,200000,679606301041
WLT718809246815,722798122833,Full KYC,Active,19-12-2024,ESC8695027248893,200000,200000,200000,2400000,200000,56223651435
WLT160626060765,872488583738,Full KYC,Active,29-08-2024,ESC6075874263260,200000,200000,200000,2400000,200000,756016846022
WLT873543489992,865537726229,Full KYC,Active,02-06-2024,ESC6995420450748,200000,200000,200000,2400000,200000,76418549405
WLT936901166365,511112171660,Minimum KYC,Active,08-11-2024,ESC3413303309783,10000,10000,10000,120000,10000,28678702053
WLT687667159644,128565433616,Full KYC,Active,30-07-2020,ESC1037738672677,200000,200000,200000,2400000,200000,4001605507571404
WLT650592484146,433174053930,Full KYC,Active,28-05-2022,ESC4249599760124,200000,200000,200000,2400000,200000,4662189267638876
WLT935665546931,133574983470,Minimum KYC,Closed,08-12-2019,ESC3698823270377,10000,10000,10000,120000,10000,27132365787795
WLT315345652230,792232849414,Full KYC,Active,06-02-2022,ESC8703071941210,200000,200000,200000,2400000,200000,443526840463
WLT364257525879,171727606899,Minimum KYC,Active,31-10-2022,ESC1233317573178,10000,10000,10000,120000,10000,9175471425063
WLT030861703283,429807732751,Minimum KYC,Active,22-04-2024,ESC4044682703034,10000,10000,10000,120000,10000,14751523808909
WLT366564126345,288083222415,Minimum KYC,Active,09-06-2021,ESC1746845318914,10000,10000,10000,120000,10000,50352557798640
WLT251262272414,255218672356,Minimum KYC,Active,12-03-2024,ESC1265905839362,10000,10000,10000,120000,10000,3625387598169677
WLT082695482638,575555165757,Minimum KYC,Suspended,22-03-2024,ESC4976228273179,10000,10000,10000,120000,10000,595955273300
WLT177203520694,822190118928,Full KYC,Active,21-05-2022,ESC3049808857710,200000,200000,200000,2400000,200000,88305534597
WLT102880636224,507702952738,Minimum KYC,Active,08-09-2023,ESC5695465504780,10000,10000,10000,120000,10000,40334248861418
WLT694694184520,735082346881,Minimum KYC,Active,02-06-2022,ESC4751519818436,10000,10000,10000,120000,10000,73620896595601
WLT258634984876,364070232374,Full KYC,Active,06-09-2021,ESC5140425831064,200000,200000,200000,2400000,200000,13912543619588
WLT605634535916,985647822468,Full KYC,Active,25-12-2020,ESC7642912576039,200000,200000,200000,2400000,200000,9197011543658
WLT373155353576,931219012534,Full KYC,Active,16-06-2022,ESC5372188722343,200000,200000,200000,2400000,200000,56632994535465
WLT115717593131,649480487353,Minimum KYC,Closed,03-02-2024,ESC7784462651512,10000,10000,10000,120000,10000,1510226784879301
WLT218992807233,553451477456,Full KYC,Active,27-01-2023,ESC9636252424483,200000,200000,200000,2400000,200000,58495690823
WLT739719723000,923815045250,Full KYC,Active,28-03-2021,ESC7863186630118,200000,200000,200000,2400000,200000,34508300014462
WLT204468825670,758493594019,Full KYC,Active,10-07-2024,ESC6480142736250,200000,200000,200000,2400000,200000,9875403060070
WLT891035735904,595553434067,Minimum KYC,Active,22-09-2021,ESC1542128751856,10000,10000,10000,120000,10000,28395833260
WLT188026219618,615205311350,Full KYC,Active,11-10-2019,ESC4078713963721,200000,200000,200000,2400000,200000,64391236411
WLT960543631140,928807851096,Full KYC,Active,07-03-2024,ESC9237705697020,200000,200000,200000,2400000,200000,811392761594
WLT130562471232,284687819470,Minimum KYC,Active,08-05-2022,ESC6978994951700,10000,10000,10000,120000,10000,55009248656
WLT907423203877,928468492384,Full KYC,Active,04-05-2023,ESC2175499038561,200000,200000,200000,2400000,200000,9184807514791
WLT389534519575,198540051822,Minimum KYC,Active,07-06-2019,ESC9400703080846,10000,10000,10000,120000,10000,57086666435
WLT365206504417,164866540987,Minimum KYC,Active,24-01-2024,ESC7853653859171,10000,10000,10000,120000,10000,74103746358153
WLT332210844238,379374905805,Full KYC,Active,20-11-2023,ESC5120500108724,200000,200000,200000,2400000,200000,9170177600937
WLT565125376484,679669683046,Full KYC,Active,09-08-2022,ESC3569817155555,200000,200000,200000,2400000,200000,9159933355850
WLT152083695689,130586128289,Full KYC,Active,02-02-2024,ESC6660227487373,200000,200000,200000,2400000,200000,670630922114
WLT537203290026,160699250519,Full KYC,Active,18-11-2024,ESC5475353226689,200000,200000,200000,2400000,200000,661164828142
WLT338244432219,177042171445,Minimum KYC,Active,21-06-2023,ESC5411080469200,10000,10000,10000,120000,10000,296674776090
WLT470193813995,274118136706,Full KYC,Active,16-02-2021,ESC2190432627633,200000,200000,200000,2400000,200000,92358290335360
WLT340121567495,730724470143,Full KYC,Active,01-07-2023,ESC3329423730418,200000,200000,200000,2400000,200000,9190802309744
WLT365751188995,578084731975,Minimum KYC,Active,10-07-2018,ESC1891278708680,10000,10000,10000,120000,10000,676917657769
WLT232910550057,791454410774,Full KYC,Active,15-04-2016,ESC8451315837082,200000,200000,200000,2400000,200000,2255568532602
WLT231750972855,238090030024,Full KYC,Active,16-03-2022,ESC6225443859473,200000,200000,200000,2400000,200000,41071695462249
WLT200442787692,341562310814,Full KYC,Active,04-02-2023,ESC9511433528217,200000,200000,200000,2400000,200000,8552397807450824
WLT963062712950,632988984686,Minimum KYC,Active,23-12-2024,ESC7468454348778,10000,10000,10000,120000,10000,647490503599
WLT959067995918,465113294754,Full KYC,Active,03-11-2019,ESC2294767398274,200000,200000,200000,2400000,200000,566137055937
WLT595455944964,651318128571,Full KYC,Active,18-05-2022,ESC7877456101026,200000,200000,200000,2400000,200000,301210542514
WLT733802641198,892785630662,Full KYC,Active,01-08-2016,ESC1585882672515,200000,200000,200000,2400000,200000,81836408249
WLT658896147029,531812741218,Full KYC,Closed,21-08-2024,ESC7952136151331,200000,200000,200000,2400000,200000,72386688539613
WLT416698477596,289392167938,Full KYC,Active,30-03-2020,ESC8153994500076,200000,200000,200000,2400000,200000,40380590844
WLT833050881236,117122923227,Full KYC,Active,06-10-2024,ESC5727177085183,200000,200000,200000,2400000,200000,866725476932
WLT285490542509,419505049784,Full KYC,Active,24-06-2019,ESC5798883018527,200000,200000,200000,2400000,200000,67610129321
WLT077998929373,464732712267,Full KYC,Active,02-11-2021,ESC3072309921222,200000,200000,200000,2400000,200000,22777727691330
WLT945710776934,101708804760,Minimum KYC,Active,24-10-2024,ESC5996522990945,10000,10000,10000,120000,10000,678249036172
WLT151180900508,353555163447,Full KYC,Active,25-05-2017,ESC2259932466960,200000,200000,200000,2400000,200000,80804842815
WLT193220267923,995374375927,Full KYC,Active,07-02-2019,ESC7893142924141,200000,200000,200000,2400000,200000,137784322952
WLT901969246458,373368259976,Full KYC,Active,20-07-2023,ESC1842978243582,200000,200000,200000,2400000,200000,426728315406
WLT773740004815,444646442273,Full KYC,Active,27-01-2016,ESC7247917813289,200000,200000,200000,2400000,200000,29641277415
WLT763088609782,597191117776,Full KYC,Active,30-03-2024,ESC2685182599612,200000,200000,200000,2400000,200000,8353965860344230
WLT290652605280,326131674478,Full KYC,Active,27-01-2020,ESC3825807029451,200000,200000,200000,2400000,200000,60300438788552
WLT655778429488,317655330424,Full KYC,Active,19-01-2019,ESC4598890987825,200000,200000,200000,2400000,200000,283382630643
WLT182583504188,402278107705,Full KYC,Active,13-06-2024,ESC4335368518045,200000,200000,200000,2400000,200000,49559227686358
WLT138633986804,345805134906,Full KYC,Active,14-08-2021,ESC8953285118408,200000,200000,200000,2400000,200000,9158183653701
WLT953531680734,204367042202,Minimum KYC,Active,10-08-2024,ESC2664492901229,10000,10000,10000,120000,10000,756261067555
WLT210876345747,914857437477,Full KYC,Active,26-01-2022,ESC9409681879476,200000,200000,200000,2400000,200000,9106262278943
WLT436468244700,888822917916,Minimum KYC,Active,01-11-2023,ESC2817681978888,10000,10000,10000,120000,10000,3656552478977
WLT160330198603,436734096267,Minimum KYC,Active,21-08-2024,ESC8176977929800,10000,10000,10000,120000,10000,41234966682295
WLT359644640476,631514085147,Minimum KYC,Closed,03-11-2023,ESC1714074148829,10000,10000,10000,120000,10000,86865127217
WLT810334765221,877372943513,Full KYC,Active,03-01-2021,ESC4207292859425,200000,200000,200000,2400000,200000,41422303587866
WLT799205436609,269301592402,Minimum KYC,Active,07-11-2024,ESC7353269214218,10000,10000,10000,120000,10000,62483435651816
WLT539583234371,870630766808,Full KYC,Active,14-02-2022,ESC5267939764335,200000,200000,200000,2400000,200000,29167355224732
WLT375505878807,967684615720,Full KYC,Active,11-04-2024,ESC2368751020582,200000,200000,200000,2400000,200000,99653162585406
WLT992730704774,783079737997,Minimum KYC,Active,01-02-2021,ESC4353857553554,10000,10000,10000,120000,10000,872866676465
WLT920248866827,165118235103,Minimum KYC,Active,31-07-2023,ESC1640443184015,10000,10000,10000,120000,10000,35228617821197
WLT800218889530,263198732925,Minimum KYC,Active,26-04-2021,ESC6241887769940,10000,10000,10000,120000,10000,6601691567166267
WLT011329845540,755753425673,Minimum KYC,Active,07-04-2024,ESC4511851574425,10000,10000,10000,120000,10000,56888315394
WLT777118209927,359034435792,Full KYC,Active,17-02-2024,ESC7502219763315,200000,200000,200000,2400000,200000,3649612980536
WLT493937417164,536951657902,Minimum KYC,Active,03-10-2024,ESC6674126693686,10000,10000,10000,120000,10000,208641416447
WLT143034483645,378841452307,Minimum KYC,Active,25-03-2020,ESC2805229511081,10000,10000,10000,120000,10000,23358405196
WLT645390921613,426675585182,Minimum KYC,Active,12-01-2021,ESC4641658494589,10000,10000,10000,120000,10000,5535619696528147
WLT077369789734,997551496055,Full KYC,Active,07-08-2023,ESC1505156954945,200000,200000,200000,2400000,200000,57992688387466
WLT390025123308,605139837636,Full KYC,Active,25-11-2022,ESC8439987297826,200000,200000,200000,2400000,200000,3066690936503
WLT741280332128,780429720262,Full KYC,Closed,01-09-2024,ESC5248041521914,200000,200000,200000,2400000,200000,573838020725
WLT938717440398,355208587476,Minimum KYC,Active,09-01-2025,ESC6456126785338,10000,10000,10000,120000,10000,41274086402
WLT521785986157,288363433420,Minimum KYC,Active,02-07-2020,ESC7279242854932,10000,10000,10000,120000,10000,70828936882481
WLT106336810410,895113875332,Full KYC,Active,20-05-2021,ESC1288590854292,200000,200000,200000,2400000,200000,12701128236
WLT846681835406,551210817572,Minimum KYC,Active,04-10-2015,ESC4014662487044,10000,10000,10000,120000,10000,964623462717
WLT001274513660,976462839072,Minimum KYC,Active,18-07-2020,ESC1753271535581,10000,10000,10000,120000,10000,4835456727364557
WLT556046901366,108250599576,Minimum KYC,Active,06-03-2020,ESC9709953185807,10000,10000,10000,120000,10000,2241950523058
WLT287629999054,414121795722,Full KYC,Active,23-04-2023,ESC9412816810762,200000,200000,200000,2400000,200000,355101489291
WLT186017228310,708038104853,Minimum KYC,Active,06-12-2024,ESC4329734828710,10000,10000,10000,120000,10000,341765086102
WLT880089007093,780803790082,Full KYC,Active,27-04-2018,ESC3365171004375,200000,200000,200000,2400000,200000,55683128897452
WLT600207085468,884879075474,Minimum KYC,Active,12-11-2021,ESC3792852919398,10000,10000,10000,120000,10000,9126654009263
WLT073442352186,421268028264,Full KYC,Active,27-04-2024,ESC3293349805150,200000,200000,200000,2400000,200000,389054460210
WLT572308364131,838018636669,Minimum KYC,Active,25-01-2018,ESC6739885411968,10000,10000,10000,120000,10000,86905814954038
WLT998763353698,138800001878,Full KYC,Active,13-04-2024,ESC8228166377580,200000,200000,200000,2400000,200000,29079972434
WLT559519867720,684412256870,Full KYC,Active,07-12-2019,ESC1535689664385,200000,200000,200000,2400000,200000,4319959342177513
WLT348977678383,824580086953,Full KYC,Active,21-05-2023,ESC4335444636010,200000,200000,200000,2400000,200000,27334462657
WLT265463646195,363370737212,Full KYC,Closed,30-07-2022,ESC2438543894524,200000,200000,200000,2400000,200000,9210103591049
WLT045917900546,388886223240,Full KYC,Active,20-04-2017,ESC2667464660464,200000,200000,200000,2400000,200000,34234896018241
WLT522603860790,228022204290,Minimum KYC,Active,06-08-2024,ESC4654798085414,10000,10000,10000,120000,10000,9348008722693
WLT919484930518,629991167658,Minimum KYC,Active,23-11-2022,ESC1159205172170,10000,10000,10000,120000,10000,39766908347008
WLT997215116602,204733942516,Full KYC,Active,28-06-2022,ESC5939846966826,200000,200000,200000,2400000,200000,9245035288344
WLT771224492875,796895126323,Minimum KYC,Closed,04-08-2022,ESC7290289230583,10000,10000,10000,120000,10000,8900066912453
WLT354108577009,658426373820,Full KYC,Active,01-02-2024,ESC8734421434799,200000,200000,200000,2400000,200000,17602210106155
WLT709965542632,940370825913,Minimum KYC,Active,17-07-2020,ESC6590330951886,10000,10000,10000,120000,10000,52996878836149
WLT983982683747,497241309092,Full KYC,Active,08-02-2020,ESC1734741200578,200000,200000,200000,2400000,200000,8899766953086864
WLT388113368783,606142340073,Full KYC,Active,10-01-2017,ESC4933540123353,200000,200000,200000,2400000,200000,57501581223
WLT590859856936,960200384210,Minimum KYC,Active,11-09-2024,ESC6357440719270,10000,10000,10000,120000,10000,97056598631
WLT503303802770,572833012143,Full KYC,Active,07-05-2022,ESC3173379367429,200000,200000,200000,2400000,200000,61287870973040
WLT133401960547,999668322573,Full KYC,Active,04-02-2021,ESC3166682725271,200000,200000,200000,2400000,200000,7184772258119
WLT105173406508,774307156576,Full KYC,Active,18-08-2024,ESC6493801138659,200000,200000,200000,2400000,200000,16820338815
WLT906795947989,369458665853,Full KYC,Active,10-10-2023,ESC6034023575555,200000,200000,200000,2400000,200000,9221258221533
WLT227431971181,425470207121,Full KYC,Active,07-09-2022,ESC5553026306521,200000,200000,200000,2400000,200000,74413770838340
WLT109372320964,223520104944,Full KYC,Active,21-07-2022,ESC6127119939325,200000,200000,200000,2400000,200000,664398127336
WLT394256320430,874538960670,Minimum KYC,Active,20-09-2023,ESC5519663268515,10000,10000,10000,120000,10000,79585623338675
WLT610109573532,994342053506,Full KYC,Active,21-06-2021,ESC7249245364455,200000,200000,200000,2400000,200000,3643353137799201
WLT662648731421,506328301367,Minimum KYC,Active,17-02-2024,ESC7578494860529,10000,10000,10000,120000,10000,87745040529
WLT527540164988,458793004690,Minimum KYC,Active,23-05-2023,ESC3321268674584,10000,10000,10000,120000,10000,93668933303
WLT681104501347,775108434997,Minimum KYC,Suspended,03-09-2023,ESC1104403330199,10000,10000,10000,120000,10000,9123970138074
WLT430653141460,212529925289,Minimum KYC,Active,12-02-2023,ESC3094109967449,10000,10000,10000,120000,10000,51554847097
WLT214386185754,440571854207,Full KYC,Active,16-03-2017,ESC9588697603650,200000,200000,200000,2400000,200000,90813172575
WLT616369827664,396394882451,Minimum KYC,Active,13-02-2017,ESC8178469564485,10000,10000,10000,120000,10000,9142781153889
WLT062244139476,857463562426,Full KYC,Active,25-01-2021,ESC7913131778396,200000,200000,200000,2400000,200000,5807052596468
WLT768613138796,936543429829,Full KYC,Active,30-11-2021,ESC4733406126443,200000,200000,200000,2400000,200000,37355362088
WLT669637408434,929857997326,Full KYC,Active,28-12-2018,ESC5685304531945,200000,200000,200000,2400000,200000,66914341951
WLT508709290845,201589554257,Full KYC,Active,24-01-2019,ESC7663568241791,200000,200000,200000,2400000,200000,5191373918469034
WLT102327448063,474494078679,Minimum KYC,Active,09-07-2020,ESC6963975768688,10000,10000,10000,120000,10000,9240152567519
WLT763151727713,383763849237,Full KYC,Active,26-01-2024,ESC9618245593322,200000,200000,200000,2400000,200000,2310813155665801
WLT249909414239,880683561700,Full KYC,Active,04-06-2024,ESC4988184970114,200000,200000,200000,2400000,200000,808450732685
WLT113699194639,103356707745,Minimum KYC,Active,22-10-2024,ESC3543191261275,10000,10000,10000,120000,10000,7870369556575163
WLT618934896760,780032351343,Full KYC,Active,26-02-2024,ESC2383419527578,200000,200000,200000,2400000,200000,371376816765
WLT451276730279,748820057139,Full KYC,Active,16-08-2024,ESC6795819777259,200000,200000,200000,2400000,200000,9256318681821
WLT781659285760,137735029656,Full KYC,Active,14-03-2018,ESC1378213366320,200000,200000,200000,2400000,200000,819564630329
WLT575248685784,569095597486,Minimum KYC,Active,11-08-2023,ESC3905535536315,10000,10000,10000,120000,10000,52592514624
WLT878940555669,247902086065,Full KYC,Active,27-05-2024,ESC9597011438488,200000,200000,200000,2400000,200000,69831794311
WLT181219671383,200701942014,Minimum KYC,Active,19-02-2022,ESC9883876067291,10000,10000,10000,120000,10000,157781318117
WLT593506033392,878075971446,Minimum KYC,Active,22-01-2025,ESC4090832899399,10000,10000,10000,120000,10000,9750183774544
WLT956234789507,223666028864,Minimum KYC,Active,29-10-2020,ESC8277498049165,10000,10000,10000,120000,10000,7841365506583710
WLT854218353535,501378639926,Minimum KYC,Active,17-02-2024,ESC9471133452921,10000,10000,10000,120000,10000,275923016854
WLT797603527851,133081763217,Full KYC,Active,26-11-2021,ESC4761965736661,200000,200000,200000,2400000,200000,10074400692086
WLT182854222452,911642612660,Minimum KYC,Active,13-08-2020,ESC5720666711060,10000,10000,10000,120000,10000,7008048239656341
WLT449997601241,242237240777,Full KYC,Active,05-04-2021,ESC3798780996650,200000,200000,200000,2400000,200000,258702901263
WLT761479506165,685227488631,Full KYC,Active,01-01-2023,ESC4984085704105,200000,200000,200000,2400000,200000,9192360601114
WLT185245541373,296939920977,Full KYC,Active,24-06-2020,ESC5660186888389,200000,200000,200000,2400000,200000,2207221890004231
WLT262572779580,469285735456,Minimum KYC,Active,01-04-2024,ESC2582217688476,10000,10000,10000,120000,10000,45047408991
WLT489670833752,138592428268,Full KYC,Active,29-07-2023,ESC4069372294734,200000,200000,200000,2400000,200000,2776281072600007
WLT050825644124,923136530902,Minimum KYC,Active,06-10-2024,ESC1732185829276,10000,10000,10000,120000,10000,42821416160296
WLT568722191463,230621862986,Full KYC,Active,20-05-2024,ESC8980301299055,200000,200000,200000,2400000,200000,347314556530
WLT849203431834,504089237037,Full KYC,Active,23-04-2023,ESC8653576765024,200000,200000,200000,2400000,200000,35295615297
WLT784994721260,217642394954,Minimum KYC,Active,02-12-2019,ESC9408283477166,10000,10000,10000,120000,10000,29772781392
WLT539089030782,360464468262,Full KYC,Active,26-11-2024,ESC5796906947030,200000,200000,200000,2400000,200000,9288318937630
WLT617815536632,936915146029,Full KYC,Active,09-08-2022,ESC7685301198998,200000,200000,200000,2400000,200000,74013248727
WLT866298626181,351076952070,Full KYC,Active,01-12-2023,ESC8207317929459,200000,200000,200000,2400000,200000,56080897977645
WLT884146748732,819683982346,Full KYC,Suspended,16-01-2024,ESC4662243983154,200000,200000,200000,2400000,200000,9266066148484909
WLT719001622574,104749866293,Full KYC,Active,08-05-2019,ESC2693785830234,200000,200000,200000,2400000,200000,9224075762866
WLT334140393114,753072343321,Full KYC,Active,10-12-2023,ESC4464158129959,200000,200000,200000,2400000,200000,1530941708830
WLT179270407947,776547820028,Full KYC,Active,04-10-2023,ESC1462886714089,200000,200000,200000,2400000,200000,930176013443
WLT481892799404,536372328442,Minimum KYC,Active,26-11-2024,ESC8042733771628,10000,10000,10000,120000,10000,1416914503525444
WLT234039860576,975812260897,Full KYC,Closed,15-08-2019,ESC2346162520299,200000,200000,200000,2400000,200000,59263928454
WLT164648036887,348240937962,Full KYC,Suspended,22-07-2022,ESC6753724167741,200000,200000,200000,2400000,200000,123385248504
WLT911635032021,538139833735,Full KYC,Active,28-08-2020,ESC9943205552681,200000,200000,200000,2400000,200000,48274854617
WLT846083882087,723832339282,Full KYC,Active,05-10-2024,ESC9038302520244,200000,200000,200000,2400000,200000,133242491195
WLT218444276682,322118403691,Full KYC,Active,24-06-2023,ESC6619055475361,200000,200000,200000,2400000,200000,8225187700157622
WLT835391391210,366893636311,Full KYC,Active,12-07-2021,ESC2767855872718,200000,200000,200000,2400000,200000,871063301546
WLT531513856471,499890244822,Full KYC,Active,17-04-2016,ESC5390674947969,200000,200000,200000,2400000,200000,80266594730828
WLT213365284977,417059606074,Minimum KYC,Active,20-05-2021,ESC8725819928986,10000,10000,10000,120000,10000,9166443943596
WLT926965309983,177183248094,Minimum KYC,Active,20-12-2023,ESC8231569803235,10000,10000,10000,120000,10000,508695517845
WLT467580970686,244879382019,Minimum KYC,Active,25-04-2024,ESC8618350519084,10000,10000,10000,120000,10000,1913027692841336
WLT245264800323,212293224469,Minimum KYC,Active,15-10-2022,ESC1742840645638,10000,10000,10000,120000,10000,9158315189211
WLT386343847464,943088704409,Full KYC,Active,25-02-2022,ESC8588438573178,200000,200000,200000,2400000,200000,641516210914
WLT095902240018,820608473530,Minimum KYC,Active,17-06-2024,ESC7597407214115,10000,10000,10000,120000,10000,982325040241
WLT872161814118,136264671225,Full KYC,Active,25-10-2023,ESC7507938003436,200000,200000,200000,2400000,200000,611669709323
WLT623072155666,499920937327,Full KYC,Active,09-03-2021,ESC9830865421154,200000,200000,200000,2400000,200000,9223935655622
WLT091684004792,196332425734,Full KYC,Active,14-11-2023,ESC9724152795660,200000,200000,200000,2400000,200000,7769343074544156
WLT666874684947,284141010128,Minimum KYC,Suspended,28-02-2019,ESC8765915386037,10000,10000,10000,120000,10000,5419257821656600
WLT979891864165,690809945615,Full KYC,Closed,03-09-2024,ESC8612984015512,200000,200000,200000,2400000,200000,9246144578060
WLT325531687311,712522109889,Full KYC,Active,08-02-2024,ESC6231032911940,200000,200000,200000,2400000,200000,79478408693589
WLT671973558316,305731505003,Full KYC,Active,17-07-2022,ESC5526578911461,200000,200000,200000,2400000,200000,60071853568
WLT576660837328,371569366883,Minimum KYC,Active,05-08-2021,ESC1150908999331,10000,10000,10000,120000,10000,9204820149487
WLT594879989243,862597661634,Full KYC,Active,27-12-2023,ESC7715058762885,200000,200000,200000,2400000,200000,5521542239686156
WLT604277142382,143108536673,Full KYC,Active,26-04-2022,ESC3489509485767,200000,200000,200000,2400000,200000,1330775420393
WLT278076523495,786491364860,Minimum KYC,Active,04-09-2023,ESC6755590930103,10000,10000,10000,120000,10000,92633550031407
WLT522753216668,442611935839,Minimum KYC,Active,19-12-2022,ESC2594907136941,10000,10000,10000,120000,10000,6792013872682800
WLT666962388864,330803772119,Full KYC,Active,06-05-2023,ESC2909996989666,200000,200000,200000,2400000,200000,836023548948
WLT665765243643,514026599762,Full KYC,Active,25-02-2023,ESC1582237087139,200000,200000,200000,2400000,200000,78570232547
WLT181190172800,484979124832,Minimum KYC,Active,20-05-2022,ESC2328871902236,10000,10000,10000,120000,10000,41222202015
WLT579030172216,758593908553,Minimum KYC,Active,06-03-2020,ESC1826756055334,10000,10000,10000,120000,10000,7406965005160
WLT113432352783,250254171960,Full KYC,Closed,08-03-2019,ESC6316018390089,200000,200000,200000,2400000,200000,179773428411
WLT067803347639,989810204195,Minimum KYC,Active,08-02-2021,ESC6223663076605,10000,10000,10000,120000,10000,75373148623490
WLT254224774704,508251363440,Minimum KYC,Active,31-01-2025,ESC2761404679874,10000,10000,10000,120000,10000,10215579084777
WLT891499619084,602486241313,Full KYC,Active,30-10-2022,ESC2506263076285,200000,200000,200000,2400000,200000,80548527596
WLT389988586014,537389312093,Full KYC,Active,13-06-2023,ESC5592438216389,200000,200000,200000,2400000,200000,91600412679
WLT154602930204,163526244878,Full KYC,Active,07-09-2018,ESC7293130389112,200000,200000,200000,2400000,200000,87412253364944
WLT770449663175,806347157799,Minimum KYC,Active,08-07-2024,ESC8023543302468,10000,10000,10000,120000,10000,5596294687035150
WLT310682551270,187156368597,Full KYC,Active,25-04-2021,ESC1409159148884,200000,200000,200000,2400000,200000,83665610802
WLT653908417525,732064168169,Minimum KYC,Active,09-07-2023,ESC3834282936666,10000,10000,10000,120000,10000,20949545216
WLT008357897568,293514661984,Full KYC,Active,24-01-2024,ESC6936261064350,200000,200000,200000,2400000,200000,45778166433
WLT381908624119,240835846444,Full KYC,Closed,15-03-2023,ESC8590330387740,200000,200000,200000,2400000,200000,83480420391111
WLT935601403693,696454230499,Full KYC,Active,18-09-2024,ESC4452486560603,200000,200000,200000,2400000,200000,11538389428
WLT865903504275,378154091529,Full KYC,Active,13-02-2021,ESC3687449700144,200000,200000,200000,2400000,200000,44676891844999
WLT445830288204,884212453737,Minimum KYC,Suspended,24-04-2023,ESC6355827862848,10000,10000,10000,120000,10000,9127547625940
WLT371348013009,148083237338,Full KYC,Closed,05-03-2023,ESC5180278262180,200000,200000,200000,2400000,200000,96810889620
WLT831643833113,969612059850,Full KYC,Active,14-05-2024,ESC3372392519934,200000,200000,200000,2400000,200000,36673166458
WLT181672950216,854550660153,Minimum KYC,Active,22-11-2021,ESC5964796492967,10000,10000,10000,120000,10000,7858384734530279
WLT860704221280,732905957886,Full KYC,Active,23-05-2023,ESC2545475299518,200000,200000,200000,2400000,200000,13612299706773
WLT158472444970,771314462130,Minimum KYC,Active,21-03-2017,ESC8178704464912,10000,10000,10000,120000,10000,815464216621
WLT143705685599,601703678313,Minimum KYC,Active,27-07-2017,ESC2503473913907,10000,10000,10000,120000,10000,488100914798
WLT069324121905,147929173271,Minimum KYC,Active,04-01-2024,ESC6677959132064,10000,10000,10000,120000,10000,1336054994119099
WLT300056913760,833785990285,Minimum KYC,Active,11-09-2019,ESC5530687491672,10000,10000,10000,120000,10000,330102744094
WLT113326859147,605830063638,Minimum KYC,Active,03-10-2024,ESC2707664420246,10000,10000,10000,120000,10000,166692054455
WLT745926244687,701239978232,Full KYC,Active,23-08-2024,ESC2846274073369,200000,200000,200000,2400000,200000,9264551134710
WLT463968093125,506236351518,Full KYC,Active,14-08-2024,ESC9261381499123,200000,200000,200000,2400000,200000,3342711513352
WLT578175256196,794433196329,Minimum KYC,Active,19-07-2023,ESC5863051614911,10000,10000,10000,120000,10000,20269423324
WLT767981236431,745374769798,Full KYC,Active,20-10-2024,ESC9524554357497,200000,200000,200000,2400000,200000,9129474365454
WLT954787455569,733198364055,Full KYC,Active,25-04-2022,ESC1845034230957,200000,200000,200000,2400000,200000,84357116333708
WLT595152063736,533268993913,Full KYC,Active,24-10-2022,ESC9767143264856,200000,200000,200000,2400000,200000,77765175503843
WLT126169725994,486939958289,Full KYC,Active,05-06-2017,ESC3164685300364,200000,200000,200000,2400000,200000,50589606876257
WLT430285303892,713907225813,Full KYC,Active,13-01-2023,ESC3877192035462,200000,200000,200000,2400000,200000,67005288238
WLT830964421634,591977742266,Minimum KYC,Active,27-06-2019,ESC4361597326899,10000,10000,10000,120000,10000,33485190969
WLT494616150447,413550292874,Full KYC,Active,05-12-2023,ESC2238633320411,200000,200000,200000,2400000,200000,196710248542
WLT276083623333,964350672221,Full KYC,Active,07-10-2020,ESC5329508448571,200000,200000,200000,2400000,200000,7228867561683
WLT686232769372,847348339979,Minimum KYC,Closed,23-01-2024,ESC3326430438320,10000,10000,10000,120000,10000,51789830816
WLT454393103963,320469462793,Full KYC,Active,26-05-2022,ESC5121991877812,200000,200000,200000,2400000,200000,2316468991288694
WLT167927720042,167233145900,Minimum KYC,Active,06-12-2021,ESC2808674135400,10000,10000,10000,120000,10000,82493929704013
WLT271506175328,824702463434,Full KYC,Active,09-08-2024,ESC2361356560388,200000,200000,200000,2400000,200000,930874204602
WLT800482666105,773561069352,Minimum KYC,Active,14-07-2023,ESC1258230939019,10000,10000,10000,120000,10000,9130139117329
WLT406726336623,158794288334,Full KYC,Closed,24-11-2021,ESC4310556634112,200000,200000,200000,2400000,200000,51856005304743
WLT756100831612,934900313305,Minimum KYC,Suspended,09-03-2022,ESC8088918913150,10000,10000,10000,120000,10000,83823310219
WLT219202381457,199113863482,Full KYC,Active,30-08-2024,ESC7351094833238,200000,200000,200000,2400000,200000,78137760559600
WLT208829702678,475216835552,Full KYC,Active,20-02-2022,ESC8584302812358,200000,200000,200000,2400000,200000,9222931423330
WLT481630576257,548535442288,Full KYC,Active,21-01-2025,ESC5716840345217,200000,200000,200000,2400000,200000,7663788416050592
WLT082036124121,686999684236,Minimum KYC,Active,29-04-2019,ESC3368665106749,10000,10000,10000,120000,10000,3588859236025
WLT489502423878,458793496217,Minimum KYC,Active,03-06-2015,ESC8100763685789,10000,10000,10000,120000,10000,1709686850605
WLT412872660093,315423375168,Minimum KYC,Closed,19-10-2022,ESC7979916914896,10000,10000,10000,120000,10000,9142685299339
WLT811238870903,622684991096,Minimum KYC,Active,06-12-2024,ESC6968578380613,10000,10000,10000,120000,10000,643678406510
WLT989029274284,240260136528,Minimum KYC,Suspended,24-01-2022,ESC7629460385396,10000,10000,10000,120000,10000,729937107103
WLT096427610090,433655564660,Minimum KYC,Active,18-11-2023,ESC3877364298891,10000,10000,10000,120000,10000,161595830411
WLT976839809887,541755966805,Full KYC,Active,19-06-2024,ESC1039177861454,200000,200000,200000,2400000,200000,23425991117
WLT579921419044,945978697926,Full KYC,Active,17-12-2023,ESC7669369063792,200000,200000,200000,2400000,200000,64780835400
WLT967752167643,783938702409,Minimum KYC,Active,03-09-2023,ESC3176080792203,10000,10000,10000,120000,10000,91762529762
WLT779293125248,660527203252,Minimum KYC,Active,07-05-2024,ESC9070421923704,10000,10000,10000,120000,10000,9150462922909
WLT947743022541,972458622938,Full KYC,Active,30-08-2019,ESC1385709719819,200000,200000,200000,2400000,200000,66240498990
WLT009237193791,915757097310,Minimum KYC,Active,20-07-2023,ESC5855249233328,10000,10000,10000,120000,10000,58351626063270
WLT698971970171,295312722964,Full KYC,Active,11-10-2022,ESC8250443957503,200000,200000,200000,2400000,200000,46825470486251
WLT247675545207,651983286976,Full KYC,Closed,09-11-2016,ESC4521370919828,200000,200000,200000,2400000,200000,56892019380
WLT471657128217,865147077283,Full KYC,Active,23-03-2021,ESC6718225710120,200000,200000,200000,2400000,200000,9230305832069
WLT490702146447,367160046918,Minimum KYC,Active,25-02-2023,ESC1455279846627,10000,10000,10000,120000,10000,81093998158
WLT259199742862,747665270864,Full KYC,Active,03-11-2021,ESC5505751266751,200000,200000,200000,2400000,200000,2877844160725
WLT678803585382,238523392874,Minimum KYC,Active,06-01-2025,ESC2090040536120,10000,10000,10000,120000,10000,325473510140
WLT479548357770,676941117263,Minimum KYC,Active,03-02-2020,ESC8313345891083,10000,10000,10000,120000,10000,11876002225
WLT417415192723,546362904703,Full KYC,Active,04-10-2024,ESC3010650791669,200000,200000,200000,2400000,200000,114860186289
WLT120962709558,291102163653,Minimum KYC,Closed,06-11-2020,ESC4961095343434,10000,10000,10000,120000,10000,18727616451
WLT358148994171,903404603401,Full KYC,Active,27-02-2023,ESC1324010222263,200000,200000,200000,2400000,200000,9144577942333
WLT872264231300,931442400638,Minimum KYC,Active,28-09-2024,ESC1662718504983,10000,10000,10000,120000,10000,9261996086937
WLT245641500452,136550877879,Minimum KYC,Active,08-11-2024,ESC3561041265638,10000,10000,10000,120000,10000,20259123012486
WLT205926353289,941178240859,Minimum KYC,Active,12-02-2023,ESC2968571175614,10000,10000,10000,120000,10000,9266215460253
WLT675639072521,388371998763,Full KYC,Active,01-07-2024,ESC4038447377141,200000,200000,200000,2400000,200000,60263924552
WLT792553312126,410226134758,Full KYC,Active,05-01-2025,ESC5032075248829,200000,200000,200000,2400000,200000,49356901385
WLT047205682861,536118292069,Minimum KYC,Active,09-09-2017,ESC7455266714625,10000,10000,10000,120000,10000,7480395704334
WLT322463104101,850621009278,Full KYC,Active,22-05-2017,ESC9766192843308,200000,200000,200000,2400000,200000,871063138248
WLT325216322472,488096107077,Full KYC,Active,07-04-2018,ESC2723145337617,200000,200000,200000,2400000,200000,84578715155
WLT539656132206,419816023006,Full KYC,Active,05-01-2019,ESC5624329737123,200000,200000,200000,2400000,200000,301789532551
WLT684624178420,617931200025,Minimum KYC,Active,02-08-2024,ESC6951625467541,10000,10000,10000,120000,10000,4031103879507640
WLT217704609999,190144342751,Full KYC,Active,15-01-2025,ESC6899095199822,200000,200000,200000,2400000,200000,9100687137852
WLT526307949380,535512026055,Minimum KYC,Closed,30-01-2021,ESC1093241264170,10000,10000,10000,120000,10000,81822755069
WLT630746865723,247236757143,Minimum KYC,Active,18-08-2018,ESC1373051397179,10000,10000,10000,120000,10000,623463396298
WLT278651275832,296043794698,Full KYC,Active,03-04-2023,ESC1036920554162,200000,200000,200000,2400000,200000,73249539766470
WLT795574182303,289479672137,Minimum KYC,Closed,12-01-2023,ESC4433010225592,10000,10000,10000,120000,10000,42443153671
WLT290433027068,765015767877,Full KYC,Active,06-07-2020,ESC8319100839058,200000,200000,200000,2400000,200000,58052252385
WLT932943001530,749477720019,Minimum KYC,Active,09-05-2023,ESC9899127708196,10000,10000,10000,120000,10000,89427487806367
WLT481989894251,425624913548,Full KYC,Suspended,10-10-2024,ESC2263762587666,200000,200000,200000,2400000,200000,1485123835747383
WLT160621202331,888593528004,Full KYC,Active,05-01-2019,ESC5240849591441,200000,200000,200000,2400000,200000,9813607693546967
WLT235702795662,435883952703,Full KYC,Active,25-02-2021,ESC3368116336197,200000,200000,200000,2400000,200000,7427877959169
WLT483291845958,861073620668,Minimum KYC,Active,26-06-2017,ESC5605506885406,10000,10000,10000,120000,10000,34004254668043
WLT902229888271,936928185145,Full KYC,Active,25-07-2023,ESC6718491656066,200000,200000,200000,2400000,200000,9253950426926
WLT197408699845,201611553663,Minimum KYC,Active,05-01-2023,ESC8142276130567,10000,10000,10000,120000,10000,6561880918336237
WLT971275275096,692053346888,Full KYC,Active,09-01-2023,ESC3036818125735,200000,200000,200000,2400000,200000,9201618342096
WLT447492447906,750422523388,Minimum KYC,Active,29-03-2020,ESC2939675855179,10000,10000,10000,120000,10000,15061601216382
WLT579525678873,218954602889,Minimum KYC,Active,25-09-2023,ESC9127739606629,10000,10000,10000,120000,10000,99312944082
WLT539399256244,253667607700,Minimum KYC,Active,19-06-2022,ESC4674111313585,10000,10000,10000,120000,10000,63430725453
WLT218297884579,823470499724,Minimum KYC,Active,25-10-2021,ESC4536674749657,10000,10000,10000,120000,10000,97131030763025
WLT975495687953,201914921293,Full KYC,Active,22-11-2019,ESC8086730076208,200000,200000,200000,2400000,200000,75559206166
WLT070981166475,896435668657,Full KYC,Closed,15-08-2020,ESC5771093451962,200000,200000,200000,2400000,200000,561396319520
WLT174660023610,978385584949,Minimum KYC,Active,12-09-2024,ESC9113288072633,10000,10000,10000,120000,10000,47663007092
WLT552376876976,240506938641,Full KYC,Active,27-04-2024,ESC8123391688783,200000,200000,200000,2400000,200000,61581298188467
WLT362676279190,720252818037,Minimum KYC,Active,28-08-2017,ESC1076895127234,10000,10000,10000,120000,10000,18429254740
WLT817814892133,515197202256,Full KYC,Active,25-12-2020,ESC7128247990271,200000,200000,200000,2400000,200000,4819563344403
WLT241963178188,471366640656,Minimum KYC,Active,27-06-2024,ESC4479299658715,10000,10000,10000,120000,10000,434612145302
WLT669946390937,309336821645,Full KYC,Active,27-10-2024,ESC9634030811095,200000,200000,200000,2400000,200000,999747859208
WLT254364375453,804252370041,Full KYC,Active,04-12-2019,ESC3667501292328,200000,200000,200000,2400000,200000,7347083615708219
WLT609838439137,617825161364,Minimum KYC,Active,19-09-2017,ESC6348000640681,10000,10000,10000,120000,10000,62841376222
WLT232279038137,419425812296,Minimum KYC,Active,18-12-2024,ESC7136862374326,10000,10000,10000,120000,10000,4295591140778642
WLT471026860615,817840220670,Minimum KYC,Suspended,18-03-2018,ESC2764354786093,10000,10000,10000,120000,10000,792224944830
WLT664460875749,865436208835,Full KYC,Active,11-10-2015,ESC6038979053582,200000,200000,200000,2400000,200000,16640711368
WLT415594432651,231035467877,Full KYC,Active,20-01-2024,ESC2033419826397,200000,200000,200000,2400000,200000,500534224362
WLT108880325607,549341290465,Full KYC,Active,22-07-2022,ESC3661829940766,200000,200000,200000,2400000,200000,93811058315004
WLT294102500114,975710514087,Minimum KYC,Active,03-04-2024,ESC7235820791100,10000,10000,10000,120000,10000,23699869789
WLT182412735027,290739293283,Full KYC,Active,15-03-2023,ESC6249138141462,200000,200000,200000,2400000,200000,11141757310
WLT601453326704,578015904429,Full KYC,Active,05-02-2024,ESC8718343412744,200000,200000,200000,2400000,200000,25653645509
WLT295080881546,375287562982,Full KYC,Active,12-03-2022,ESC9134229253990,200000,200000,200000,2400000,200000,7495916018481
WLT527961184770,725200432782,Minimum KYC,Active,05-07-2021,ESC2813688271467,10000,10000,10000,120000,10000,9147283425821
WLT119494614798,590643511085,Minimum KYC,Active,14-10-2021,ESC5561634681977,10000,10000,10000,120000,10000,2796439422484
WLT238268552902,179658846208,Full KYC,Active,02-09-2023,ESC4544823160242,200000,200000,200000,2400000,200000,36183095360461
WLT184823425294,187152155210,Minimum KYC,Active,23-10-2023,ESC3862892826003,10000,10000,10000,120000,10000,50507135949016
WLT776285243520,324281659182,Full KYC,Active,25-05-2023,ESC1262411204485,200000,200000,200000,2400000,200000,616397990242
WLT126054707447,130670404344,Minimum KYC,Closed,16-02-2022,ESC2652498765701,10000,10000,10000,120000,10000,85682183274
WLT074586164483,898552964027,Minimum KYC,Active,05-11-2021,ESC9010998651790,10000,10000,10000,120000,10000,97516239171
WLT607894899709,620411312255,Minimum KYC,Active,31-07-2022,ESC2480703332588,10000,10000,10000,120000,10000,9181863375897
WLT198631369970,633518539793,Full KYC,Active,07-12-2018,ESC2391467423479,200000,200000,200000,2400000,200000,523374172436
WLT496506794652,717805673755,Minimum KYC,Active,23-05-2021,ESC6970644046837,10000,10000,10000,120000,10000,6518145084704
WLT226908000987,757009468592,Minimum KYC,Active,23-01-2024,ESC2417831658999,10000,10000,10000,120000,10000,355317274968
WLT293664899039,286486911894,Full KYC,Active,05-11-2021,ESC6062545190270,200000,200000,200000,2400000,200000,4005884089653
WLT497291618884,422827476367,Minimum KYC,Active,15-04-2022,ESC1355573824921,10000,10000,10000,120000,10000,174358588026
WLT697842615826,691260492866,Full KYC,Closed,27-01-2025,ESC6789697410020,200000,200000,200000,2400000,200000,530413876153
WLT364877703010,418327985028,Full KYC,Active,28-11-2024,ESC6655269975722,200000,200000,200000,2400000,200000,28107619353758
WLT270717832861,859823664394,Full KYC,Active,28-03-2019,ESC5827583901433,200000,200000,200000,2400000,200000,39134142933
WLT138976027888,227444249332,Minimum KYC,Active,06-08-2021,ESC8957871181258,10000,10000,10000,120000,10000,2697097793268
WLT212578221580,711614883348,Full KYC,Active,29-09-2023,ESC2856875216852,200000,200000,200000,2400000,200000,49681964357
WLT123179494237,326019446216,Minimum KYC,Active,17-06-2020,ESC1411161372766,10000,10000,10000,120000,10000,6537468824239171
WLT957328116185,891493441824,Full KYC,Suspended,26-03-2018,ESC8803270581208,200000,200000,200000,2400000,200000,8362774183965
WLT905241179830,324429278213,Minimum KYC,Active,15-11-2022,ESC9193270917941,10000,10000,10000,120000,10000,17555929855
WLT421275867714,170027349279,Full KYC,Active,11-07-2020,ESC6027383393290,200000,200000,200000,2400000,200000,23341702466969
WLT768209314802,498735442948,Full KYC,Closed,05-04-2023,ESC8605919669694,200000,200000,200000,2400000,200000,10791769274
WLT940034759914,967699635075,Minimum KYC,Active,23-10-2023,ESC8732275145399,10000,10000,10000,120000,10000,9251109927057
WLT521586048828,212272146241,Full KYC,Active,27-04-2020,ESC4348258320780,200000,200000,200000,2400000,200000,5090270070852961
WLT669543204869,369567029517,Minimum KYC,Active,04-06-2020,ESC3031752334360,10000,10000,10000,120000,10000,4453358824530683
WLT502137175870,325757591531,Full KYC,Active,06-05-2021,ESC3780913437225,200000,200000,200000,2400000,200000,601882035098
WLT804127218917,283344469909,Minimum KYC,Active,14-10-2024,ESC6838523568948,10000,10000,10000,120000,10000,257506840779
WLT648944511713,424441732950,Full KYC,Active,12-02-2023,ESC9132550416053,200000,200000,200000,2400000,200000,9320485542834544
WLT084971506611,873691701637,Minimum KYC,Active,24-09-2024,ESC5350823387271,10000,10000,10000,120000,10000,4210863490116
WLT281621030474,106878708928,Full KYC,Active,08-05-2024,ESC7873947160783,200000,200000,200000,2400000,200000,640928576332
WLT110708565326,857387479426,Full KYC,Active,19-03-2021,ESC2328459010637,200000,200000,200000,2400000,200000,4543114546599
WLT000227547008,760764175514,Full KYC,Active,22-09-2023,ESC4556033951884,200000,200000,200000,2400000,200000,837877137687
WLT772235494512,918639108314,Full KYC,Active,14-09-2024,ESC6021215331207,200000,200000,200000,2400000,200000,3269750355597
WLT439826033933,500744800972,Minimum KYC,Active,20-05-2021,ESC8288146037325,10000,10000,10000,120000,10000,3044029557815
WLT429190531855,858072616128,Full KYC,Active,10-01-2025,ESC9374581831085,200000,200000,200000,2400000,200000,31773094607947
WLT982279602187,163453208933,Full KYC,Active,21-09-2022,ESC6626320045045,200000,200000,200000,2400000,200000,9279118195121
WLT738872689880,897904212029,Minimum KYC,Active,20-06-2022,ESC3697925281720,10000,10000,10000,120000,10000,2295135937089246
WLT720929952549,468221597216,Full KYC,Active,18-12-2023,ESC4109596517855,200000,200000,200000,2400000,200000,4694629546818
WLT433147091872,351271589374,Full KYC,Active,25-07-2019,ESC8887002237136,200000,200000,200000,2400000,200000,649781096430
WLT690022174040,179357346925,Full KYC,Active,14-08-2023,ESC4603685516427,200000,200000,200000,2400000,200000,530022394654
WLT773883514362,110664321676,Minimum KYC,Active,23-04-2019,ESC6510261053652,10000,10000,10000,120000,10000,2074863224284585
WLT860237620528,301100942503,Full KYC,Active,19-06-2024,ESC5031131228617,200000,200000,200000,2400000,200000,25168857622
WLT474335433457,979115525005,Full KYC,Closed,20-03-2024,ESC3072600953356,200000,200000,200000,2400000,200000,1057712941919146
WLT015458223192,308294851576,Full KYC,Active,30-08-2018,ESC4315103778088,200000,200000,200000,2400000,200000,538522095085
WLT514352344506,514676544963,Full KYC,Active,22-07-2019,ESC3218727422125,200000,200000,200000,2400000,200000,3164010945369450
WLT680204376724,637800641861,Full KYC,Active,19-08-2022,ESC9643167004654,200000,200000,200000,2400000,200000,6410423336657518
WLT650572219909,701422112832,Full KYC,Active,16-01-2022,ESC6741797664508,200000,200000,200000,2400000,200000,87203139195
WLT209711574242,904367507503,Full KYC,Active,31-07-2022,ESC5601374274181,200000,200000,200000,2400000,200000,8499903209806255
WLT197516836774,742974574883,Full KYC,Active,03-09-2023,ESC5222179648551,200000,200000,200000,2400000,200000,9286006571892
WLT823764126712,154465712578,Full KYC,Active,18-08-2019,ESC3422115386505,200000,200000,200000,2400000,200000,7423215839062682
WLT301149873094,256824981856,Minimum KYC,Active,17-11-2024,ESC1997489192019,10000,10000,10000,120000,10000,9126912510002
WLT067916493499,725849103563,Minimum KYC,Active,08-03-2020,ESC6991441349030,10000,10000,10000,120000,10000,3684366491363
WLT475844728846,875804034529,Minimum KYC,Active,22-05-2021,ESC5795269412488,10000,10000,10000,120000,10000,66984367564424
WLT808992643146,916208785602,Minimum KYC,Active,12-07-2024,ESC3397535342049,10000,10000,10000,120000,10000,1014063114686230
WLT222245710840,497301874873,Full KYC,Active,09-01-2024,ESC9357417974976,200000,200000,200000,2400000,200000,43686729986
WLT994891165348,332874529954,Full KYC,Active,06-04-2023,ESC8545350235711,200000,200000,200000,2400000,200000,15645789923
WLT050127255149,656832040779,Minimum KYC,Active,16-08-2024,ESC8785055705418,10000,10000,10000,120000,10000,287362728588
WLT681351474838,624126410907,Minimum KYC,Active,14-03-2021,ESC8630067843826,10000,10000,10000,120000,10000,2770849184218134
WLT657052004292,739533509906,Minimum KYC,Active,28-12-2024,ESC9009021446321,10000,10000,10000,120000,10000,91054272934877
WLT132139018914,193607680476,Full KYC,Active,15-05-2022,ESC7160740626238,200000,200000,200000,2400000,200000,61309235641618
WLT275615247476,760515248050,Full KYC,Active,21-06-2023,ESC9087559868539,200000,200000,200000,2400000,200000,846611002254
WLT528070270241,243376970362,Full KYC,Active,19-09-2024,ESC9162012767556,200000,200000,200000,2400000,200000,7741218733183
WLT795608059718,177692648020,Minimum KYC,Active,21-10-2023,ESC4195469905396,10000,10000,10000,120000,10000,81891589807
WLT170885325087,211059880783,Minimum KYC,Active,03-04-2017,ESC6715023747933,10000,10000,10000,120000,10000,24525445699
WLT827557317364,273712877652,Minimum KYC,Active,18-04-2020,ESC4974351257041,10000,10000,10000,120000,10000,6792422494185575
WLT619690392331,354618199782,Full KYC,Active,18-03-2019,ESC4766725649738,200000,200000,200000,2400000,200000,74385070916208
WLT818017638687,382002219733,Full KYC,Active,01-09-2021,ESC9797600871243,200000,200000,200000,2400000,200000,14094399190
WLT547492206277,936289263928,Full KYC,Active,03-02-2021,ESC4721901258485,200000,200000,200000,2400000,200000,251633718475
WLT270659543500,203576476778,Minimum KYC,Active,15-11-2022,ESC2541377514929,10000,10000,10000,120000,10000,9211332870104
WLT931369032129,938022738940,Full KYC,Active,15-03-2018,ESC6343518380524,200000,200000,200000,2400000,200000,51106173131996
WLT489570741793,338868900066,Full KYC,Active,31-07-2024,ESC3610065087973,200000,200000,200000,2400000,200000,32095013177497
WLT861409547010,461701821734,Full KYC,Active,18-06-2021,ESC7443880793541,200000,200000,200000,2400000,200000,109375573515
WLT781814070334,304113287102,Full KYC,Active,14-04-2024,ESC4038839431634,200000,200000,200000,2400000,200000,9203712847230
WLT966558017853,728215995310,Full KYC,Active,01-11-2021,ESC8825570081665,200000,200000,200000,2400000,200000,84724291886
WLT982890668079,330995753222,Minimum KYC,Active,26-11-2017,ESC3455744217721,10000,10000,10000,120000,10000,26792276262
WLT745087970631,289706904032,Full KYC,Active,24-02-2022,ESC5216721827347,200000,200000,200000,2400000,200000,9262170557657
WLT044071977860,565634630339,Full KYC,Active,06-12-2020,ESC2002431104572,200000,200000,200000,2400000,200000,7606359932928
WLT456707408340,250764438493,Full KYC,Active,03-12-2021,ESC8960380297139,200000,200000,200000,2400000,200000,998066037046
WLT216573358693,998772007118,Full KYC,Active,08-02-2021,ESC3943217415617,200000,200000,200000,2400000,200000,9205481718545
WLT800689080102,971880848388,Minimum KYC,Active,30-11-2024,ESC1157008016350,10000,10000,10000,120000,10000,5121699293714
WLT453300656540,178814399384,Full KYC,Active,28-07-2021,ESC3874011460036,200000,200000,200000,2400000,200000,55169792384
WLT080096892194,762942268096,Full KYC,Active,04-12-2024,ESC9398397572842,200000,200000,200000,2400000,200000,456800827047
WLT683691834919,704296825870,Minimum KYC,Active,24-10-2024,ESC4690811863159,10000,10000,10000,120000,10000,9156976344144
WLT584820573692,741080262366,Minimum KYC,Active,05-07-2016,ESC2650108231054,10000,10000,10000,120000,10000,748425982442
WLT535109893144,746969823509,Full KYC,Closed,19-02-2021,ESC8846696191971,200000,200000,200000,2400000,200000,60735110716
WLT349931366861,628593717439,Full KYC,Active,24-09-2023,ESC8143320451787,200000,200000,200000,2400000,200000,3220804282068
WLT002377446247,518940026594,Full KYC,Active,14-04-2022,ESC3915970757196,200000,200000,200000,2400000,200000,360040796998
WLT233966401900,169592256359,Full KYC,Active,28-02-2019,ESC8447437064184,200000,200000,200000,2400000,200000,91739902952
WLT015833474354,551294496127,Minimum KYC,Active,31-10-2021,ESC6882795241598,10000,10000,10000,120000,10000,95140723435
WLT969368308732,699260512507,Full KYC,Active,06-04-2021,ESC5353963583987,200000,200000,200000,2400000,200000,6402755774399
WLT155022849510,569692847662,Full KYC,Active,09-07-2021,ESC5366972227142,200000,200000,200000,2400000,200000,7355283916165931
WLT958811248973,626943657822,Minimum KYC,Active,11-05-2019,ESC3629901601293,10000,10000,10000,120000,10000,1709950702864
WLT295450028558,473504087488,Full KYC,Active,24-01-2024,ESC9222007243269,200000,200000,200000,2400000,200000,718052893885
WLT615847639120,810214602696,Minimum KYC,Active,03-12-2023,ESC6480930007165,10000,10000,10000,120000,10000,210257391820
WLT761915297674,753617751286,Minimum KYC,Active,20-09-2024,ESC5751342163236,10000,10000,10000,120000,10000,94994349283691
WLT305626956157,465047555772,Full KYC,Active,27-07-2024,ESC5572264301421,200000,200000,200000,2400000,200000,628336177817
WLT327525121084,820435261737,Full KYC,Active,19-09-2023,ESC5839439693024,200000,200000,200000,2400000,200000,9143659640013
WLT201988242452,794371693585,Full KYC,Active,03-01-2018,ESC4968311764244,200000,200000,200000,2400000,200000,2224480645708608
WLT474317113649,552714748431,Full KYC,Active,24-03-2021,ESC6494886331531,200000,200000,200000,2400000,200000,783750694800
WLT261638259757,794381535131,Full KYC,Active,21-04-2022,ESC5885530860585,200000,200000,200000,2400000,200000,364016887831
WLT103333038620,718288994789,Full KYC,Active,21-08-2018,ESC2763149692634,200000,200000,200000,2400000,200000,20691062374
WLT823438348697,127109468595,Full KYC,Active,24-06-2024,ESC4721226460524,200000,200000,200000,2400000,200000,21343074009436
WLT889851260476,360661795532,Full KYC,Active,04-05-2015,ESC1451483455031,200000,200000,200000,2400000,200000,57612647867
WLT152905414790,844238772005,Full KYC,Closed,24-09-2023,ESC1690154483559,200000,200000,200000,2400000,200000,24803833803
WLT063570159782,523650641811,Full KYC,Active,13-07-2021,ESC7531366403898,200000,200000,200000,2400000,200000,40398401864768
WLT829957247153,418774746940,Full KYC,Active,04-10-2023,ESC6299794807519,200000,200000,200000,2400000,200000,9245140850297
WLT426616047137,634021645024,Minimum KYC,Active,18-12-2021,ESC7433480906358,10000,10000,10000,120000,10000,31101008520185
WLT176394048711,499283724837,Minimum KYC,Active,20-10-2023,ESC1129580288947,10000,10000,10000,120000,10000,29854343372
WLT834823348983,868250051645,Full KYC,Active,06-10-2024,ESC8439911523730,200000,200000,200000,2400000,200000,9164801544580
WLT463738907776,826220450400,Full KYC,Active,12-03-2019,ESC4071813782602,200000,200000,200000,2400000,200000,216094138216
WLT441718250920,432929522548,Minimum KYC,Active,06-02-2023,ESC8843153617632,10000,10000,10000,120000,10000,34941820312
WLT215406228620,464428437690,Full KYC,Active,29-01-2019,ESC2798376300692,200000,200000,200000,2400000,200000,30614580560
WLT140711886642,556705951501,Minimum KYC,Suspended,01-10-2017,ESC8242061301657,10000,10000,10000,120000,10000,40286828727384
WLT250515490207,198766321252,Minimum KYC,Suspended,25-07-2022,ESC3457889097656,10000,10000,10000,120000,10000,9116492976807
WLT672684272453,599317155371,Full KYC,Active,01-04-2024,ESC7109767704914,200000,200000,200000,2400000,200000,29746033233
WLT067857994319,855783220901,Full KYC,Active,10-11-2023,ESC6219369116344,200000,200000,200000,2400000,200000,9188743479947
WLT565012351876,827743023356,Full KYC,Active,05-03-2024,ESC8894273490235,200000,200000,200000,2400000,200000,32978510825429
WLT985753910205,570122270906,Full KYC,Active,24-04-2020,ESC6527481843537,200000,200000,200000,2400000,200000,286632286266
WLT979945476443,582284352483,Full KYC,Active,04-01-2021,ESC5271768709162,200000,200000,200000,2400000,200000,18993117205829
WLT702338215830,545911399756,Minimum KYC,Active,11-09-2024,ESC8993669689269,10000,10000,10000,120000,10000,3595182131782
WLT448036635371,222928816517,Full KYC,Active,28-02-2023,ESC3138491733896,200000,200000,200000,2400000,200000,5795363411818313
WLT424782314406,320085978332,Minimum KYC,Active,14-10-2023,ESC9878163476088,10000,10000,10000,120000,10000,9120193972308
WLT434268096683,569807077531,Minimum KYC,Active,19-02-2022,ESC4550455853981,10000,10000,10000,120000,10000,59134579024
WLT004386667806,538578616614,Full KYC,Active,13-03-2024,ESC4401205858912,200000,200000,200000,2400000,200000,9157803843649
WLT097619029045,692121652969,Minimum KYC,Active,29-08-2022,ESC9536503290588,10000,10000,10000,120000,10000,4493046014263
WLT100871422721,806033177259,Full KYC,Active,04-03-2020,ESC2046339047691,200000,200000,200000,2400000,200000,25325146219801
WLT657517632812,745632926266,Minimum KYC,Active,09-06-2020,ESC4204947116987,10000,10000,10000,120000,10000,45614672058
WLT237140977129,159500770029,Full KYC,Active,30-05-2022,ESC6555167219335,200000,200000,200000,2400000,200000,3924387948202
WLT134281388290,763359466540,Minimum KYC,Active,01-10-2022,ESC5705415192025,10000,10000,10000,120000,10000,65307377076406
WLT155327902057,807642711150,Full KYC,Suspended,09-02-2023,ESC6780976469716,200000,200000,200000,2400000,200000,44563692494804
WLT004279336506,823672996535,Full KYC,Active,08-12-2020,ESC1470954049816,200000,200000,200000,2400000,200000,6516904706857879
WLT258257365229,587815211975,Minimum KYC,Active,15-08-2023,ESC5270544617979,10000,10000,10000,120000,10000,8324478679099
WLT809271602302,646542620656,Minimum KYC,Active,11-02-2020,ESC7771541208916,10000,10000,10000,120000,10000,810617781172
WLT135099000727,259125503337,Full KYC,Active,09-09-2022,ESC9886047632758,200000,200000,200000,2400000,200000,9289058277006
WLT359390677354,815161726426,Minimum KYC,Active,21-01-2017,ESC1652119332920,10000,10000,10000,120000,10000,47487222241438
WLT082723973385,174511877323,Minimum KYC,Closed,05-04-2021,ESC6653679875575,10000,10000,10000,120000,10000,9117909405292
WLT178991686594,594883958757,Minimum KYC,Active,31-12-2022,ESC6199996127562,10000,10000,10000,120000,10000,717972288675
WLT272211118892,359663738434,Minimum KYC,Active,02-12-2024,ESC4432504515943,10000,10000,10000,120000,10000,3513021091142
WLT977507372453,706247522038,Full KYC,Active,18-08-2024,ESC7424601330383,200000,200000,200000,2400000,200000,34527625518300
WLT241251500262,124045795221,Full KYC,Active,22-02-2015,ESC9510740999448,200000,200000,200000,2400000,200000,84087792977
WLT557522459623,612738740742,Minimum KYC,Active,17-01-2024,ESC5511521113516,10000,10000,10000,120000,10000,25946604563182
WLT069994478289,506370898694,Minimum KYC,Active,02-12-2024,ESC4009412958636,10000,10000,10000,120000,10000,1943907057567
WLT158676891871,513965340752,Full KYC,Active,31-01-2024,ESC4958423604281,200000,200000,200000,2400000,200000,955010416150
WLT363603326730,429501889696,Full KYC,Closed,14-01-2024,ESC5436514508406,200000,200000,200000,2400000,200000,3983502633885582
WLT805493413097,400708641630,Minimum KYC,Active,24-07-2024,ESC7900889416577,10000,10000,10000,120000,10000,94379009019695
WLT863429369234,477649282862,Full KYC,Active,20-03-2021,ESC5478333361650,200000,200000,200000,2400000,200000,47762697184094
WLT208937395802,117181943881,Minimum KYC,Active,24-11-2023,ESC1616082722631,10000,10000,10000,120000,10000,390378729218
WLT450046415783,891537663426,Full KYC,Active,27-09-2021,ESC9174293552725,200000,200000,200000,2400000,200000,120570770052
WLT924657351122,721017450744,Full KYC,Active,28-10-2024,ESC5250166802728,200000,200000,200000,2400000,200000,53578053334
WLT980332753338,493318346005,Minimum KYC,Active,22-05-2024,ESC8694187336919,10000,10000,10000,120000,10000,95102406990381
WLT810685454378,862712951237,Minimum KYC,Active,30-05-2024,ESC9559449529557,10000,10000,10000,120000,10000,62877140549
WLT692855053948,579711021710,Minimum KYC,Closed,28-04-2022,ESC9810157883540,10000,10000,10000,120000,10000,669628138204
WLT642493501522,539344348543,Minimum KYC,Active,17-12-2023,ESC8000229382339,10000,10000,10000,120000,10000,26927016163929
WLT162891743831,591814060379,Full KYC,Closed,13-12-2022,ESC1206473933477,200000,200000,200000,2400000,200000,224510378663
WLT154544019223,955752054836,Full KYC,Active,10-10-2024,ESC6805984854307,200000,200000,200000,2400000,200000,8527676187020803
WLT130454146919,503196082631,Minimum KYC,Active,25-01-2025,ESC6675879888722,10000,10000,10000,120000,10000,78221770532870
WLT298843136765,627627880104,Minimum KYC,Active,26-01-2022,ESC4234180684600,10000,10000,10000,120000,10000,9059752678501
WLT292952343678,614364189243,Full KYC,Active,04-06-2021,ESC9481670325790,200000,200000,200000,2400000,200000,38412333733404
WLT622487744332,734722710328,Full KYC,Active,10-06-2022,ESC3858013531789,200000,200000,200000,2400000,200000,3377780685038
WLT319627393373,377702297058,Minimum KYC,Active,19-06-2017,ESC7362559777941,10000,10000,10000,120000,10000,2362384264266
WLT382683995640,886828831822,Full KYC,Active,08-01-2020,ESC8560528085324,200000,200000,200000,2400000,200000,3660428320928169
WLT592612381351,409516845002,Full KYC,Active,11-08-2020,ESC3699709824731,200000,200000,200000,2400000,200000,50540978145
WLT724639380057,250836866774,Full KYC,Active,19-01-2023,ESC3476899644967,200000,200000,200000,2400000,200000,4015746316868380
WLT988582153359,907471727815,Minimum KYC,Active,10-12-2021,ESC5524878830515,10000,10000,10000,120000,10000,39901073686459
WLT616879340534,344672195229,Minimum KYC,Active,02-04-2020,ESC2042851142641,10000,10000,10000,120000,10000,358157811367
WLT268711672691,309140423999,Minimum KYC,Active,23-09-2023,ESC6986827099165,10000,10000,10000,120000,10000,97889958706726
WLT797827094282,193884723610,Minimum KYC,Active,20-07-2021,ESC7417547865631,10000,10000,10000,120000,10000,308771223753
WLT486744181500,339072851480,Full KYC,Active,10-05-2019,ESC5455543077535,200000,200000,200000,2400000,200000,9204797364314
WLT980161491270,214615570818,Full KYC,Active,27-01-2024,ESC6625179872174,200000,200000,200000,2400000,200000,59097798322990
WLT914753771904,976304843738,Full KYC,Active,08-01-2025,ESC4502820736949,200000,200000,200000,2400000,200000,53618361983
WLT770249389460,344129707432,Full KYC,Active,17-11-2020,ESC4449220352872,200000,200000,200000,2400000,200000,9235375936045
WLT621383143962,528463261950,Minimum KYC,Closed,09-09-2022,ESC5558403361967,10000,10000,10000,120000,10000,24895939219
WLT206923905465,399507395082,Full KYC,Active,12-09-2021,ESC1340167332130,200000,200000,200000,2400000,200000,36859257963
WLT192946740774,335145614166,Full KYC,Active,22-10-2023,ESC5199855722767,200000,200000,200000,2400000,200000,322472820095
WLT115052076315,941209495360,Minimum KYC,Active,28-07-2017,ESC5411799938710,10000,10000,10000,120000,10000,911386904915
WLT137147296369,430385218889,Full KYC,Active,06-10-2022,ESC7400859303858,200000,200000,200000,2400000,200000,143776734573
WLT419936833471,892374821824,Minimum KYC,Active,11-05-2020,ESC4083124319579,10000,10000,10000,120000,10000,13756626967
WLT854505242099,990556644647,Full KYC,Active,15-08-2018,ESC8421848877335,200000,200000,200000,2400000,200000,32057997799
WLT600627982554,419633394381,Full KYC,Active,16-10-2018,ESC9313024364332,200000,200000,200000,2400000,200000,78263783487128
WLT748262302593,126096889292,Minimum KYC,Active,29-05-2020,ESC7003558728625,10000,10000,10000,120000,10000,99401850787
WLT300398920114,938191888751,Minimum KYC,Active,16-10-2022,ESC4761099897066,10000,10000,10000,120000,10000,970983184773
WLT657030903871,313922442329,Full KYC,Active,01-10-2018,ESC3903551604971,200000,200000,200000,2400000,200000,78322297980
WLT959584653057,949424704620,Minimum KYC,Active,09-02-2024,ESC4995359271912,10000,10000,10000,120000,10000,47446627518772
WLT711375345957,801630280781,Full KYC,Active,09-10-2022,ESC8757723468490,200000,200000,200000,2400000,200000,30119482723
WLT495899940464,607108712347,Minimum KYC,Active,05-03-2021,ESC7314593306023,10000,10000,10000,120000,10000,65235622007794
WLT949771703792,229239265362,Minimum KYC,Active,05-11-2024,ESC3376362816164,10000,10000,10000,120000,10000,78818214430
WLT653577431504,305044632780,Full KYC,Active,22-10-2024,ESC9872515510916,200000,200000,200000,2400000,200000,1909549997337
WLT793555027455,390334539046,Minimum KYC,Active,30-10-2021,ESC5809794187427,10000,10000,10000,120000,10000,921144890176
WLT069316859609,701713617575,Minimum KYC,Active,11-07-2023,ESC7513669220723,10000,10000,10000,120000,10000,50857361821
WLT432261336073,787273574161,Minimum KYC,Suspended,03-03-2024,ESC2639754486245,10000,10000,10000,120000,10000,4571379489969
WLT503625671446,211491972372,Full KYC,Active,20-12-2023,ESC6653532487111,200000,200000,200000,2400000,200000,5489696325925
WLT154425875392,874311906989,Full KYC,Active,29-01-2024,ESC6116172059954,200000,200000,200000,2400000,200000,81496842595034
WLT339348747592,107785059144,Full KYC,Active,29-12-2020,ESC7271084731541,200000,200000,200000,2400000,200000,91573825769233
WLT187523594234,388614355697,Minimum KYC,Active,13-12-2022,ESC5427098481915,10000,10000,10000,120000,10000,42888540479
WLT559031016071,951966960713,Full KYC,Active,15-06-2021,ESC9902552274465,200000,200000,200000,2400000,200000,77171571354
WLT225913697466,875193565887,Full KYC,Active,23-08-2019,ESC4923914995460,200000,200000,200000,2400000,200000,659873979429
WLT612402476361,670313225775,Full KYC,Suspended,02-11-2023,ESC2012442572555,200000,200000,200000,2400000,200000,9258990723070
WLT908909737844,776536080513,Full KYC,Active,27-06-2022,ESC2429264356913,200000,200000,200000,2400000,200000,84792697904
WLT424882903989,830402125810,Full KYC,Active,01-10-2017,ESC7380890005392,200000,200000,200000,2400000,200000,71172734962
WLT987971570350,512104472080,Full KYC,Active,12-04-2024,ESC9783577849720,200000,200000,200000,2400000,200000,65028115175538
WLT826186076956,411283406797,Full KYC,Active,05-06-2022,ESC4129999691939,200000,200000,200000,2400000,200000,57025553986715
WLT001026335268,224468874397,Minimum KYC,Suspended,17-06-2023,ESC1920918323633,10000,10000,10000,120000,10000,5268967710450636
WLT195542008187,980649751863,Full KYC,Closed,24-08-2024,ESC7946706002042,200000,200000,200000,2400000,200000,72532823377448
WLT483919894204,944340384664,Full KYC,Active,15-07-2021,ESC4152426250445,200000,200000,200000,2400000,200000,82718315663153
WLT683638827049,253159918029,Full KYC,Active,25-03-2021,ESC3450181343540,200000,200000,200000,2400000,200000,11828603700
WLT549389263634,742049574221,Full KYC,Active,12-02-2020,ESC3152040289854,200000,200000,200000,2400000,200000,855242173697
WLT106394319646,347683094393,Full KYC,Active,30-11-2018,ESC4646248916362,200000,200000,200000,2400000,200000,955465576252
WLT659295140001,542473436073,Full KYC,Active,21-01-2024,ESC9261515910041,200000,200000,200000,2400000,200000,39463090242600
WLT544394549818,648979939138,Minimum KYC,Active,08-01-2024,ESC7752717773971,10000,10000,10000,120000,10000,9273378349407
WLT292429310663,390705421330,Minimum KYC,Closed,04-05-2020,ESC7613999816995,10000,10000,10000,120000,10000,90068826490
WLT680777116260,798765007395,Minimum KYC,Active,21-07-2022,ESC4164995398474,10000,10000,10000,120000,10000,334501584999
WLT526338162679,922231780816,Full KYC,Active,29-06-2018,ESC4167615136405,200000,200000,200000,2400000,200000,41781441469
WLT048867338053,970228413735,Minimum KYC,Active,06-02-2022,ESC6024810107777,10000,10000,10000,120000,10000,676610665644
WLT580945214643,950014468151,Full KYC,Active,30-01-2019,ESC9084418620127,200000,200000,200000,2400000,200000,68101985603
WLT971681947585,607136110737,Full KYC,Active,23-05-2022,ESC8400046291163,200000,200000,200000,2400000,200000,603171674038
WLT941393586688,869116761274,Full KYC,Active,14-05-2024,ESC9778291118597,200000,200000,200000,2400000,200000,51835643788
WLT331055517615,233721855946,Full KYC,Active,29-04-2023,ESC8891707722897,200000,200000,200000,2400000,200000,155847836534
WLT145343820045,200847905709,Minimum KYC,Active,29-05-2020,ESC1836592442317,10000,10000,10000,120000,10000,3766132166906
WLT900531172588,871026094420,Full KYC,Active,03-01-2025,ESC3769925701324,200000,200000,200000,2400000,200000,56546732790
WLT244249323669,871082767699,Full KYC,Active,17-06-2016,ESC3526912731810,200000,200000,200000,2400000,200000,4265380965398656
WLT798276526774,414798304616,Full KYC,Active,26-09-2022,ESC6786676379300,200000,200000,200000,2400000,200000,225970829207
WLT488953213419,475502695551,Full KYC,Active,31-01-2022,ESC6361618785644,200000,200000,200000,2400000,200000,47702490549
WLT435248363669,882669043920,Minimum KYC,Active,08-08-2021,ESC7591497894536,10000,10000,10000,120000,10000,9124098027020
WLT640502007185,118112874655,Minimum KYC,Active,26-06-2024,ESC6868549950116,10000,10000,10000,120000,10000,387047274622
WLT248980201855,223005401501,Full KYC,Active,22-04-2023,ESC2934384156230,200000,200000,200000,2400000,200000,6373590007434
WLT252007248120,565292528235,Full KYC,Active,17-09-2023,ESC9945775350980,200000,200000,200000,2400000,200000,25211361316707
WLT862988031186,633511897952,Full KYC,Active,14-07-2024,ESC7590226739360,200000,200000,200000,2400000,200000,41995989786331
WLT238471129434,209927581746,Full KYC,Active,25-10-2024,ESC7388448636122,200000,200000,200000,2400000,200000,473498908266
WLT874599985162,835559982130,Full KYC,Suspended,27-10-2021,ESC5563581189155,200000,200000,200000,2400000,200000,46726651684722
WLT696885864719,223287234262,Minimum KYC,Closed,08-09-2017,ESC9185841270603,10000,10000,10000,120000,10000,96851501988
WLT942861155253,123158191415,Minimum KYC,Active,13-06-2019,ESC1319103276675,10000,10000,10000,120000,10000,59183819504681
WLT536493171901,195411333339,Minimum KYC,Active,20-04-2024,ESC8184811377548,10000,10000,10000,120000,10000,4596098872101224
WLT811986048542,458069302124,Minimum KYC,Suspended,06-05-2023,ESC3549622091905,10000,10000,10000,120000,10000,9269494976365
WLT062387734860,701017524462,Full KYC,Active,24-12-2021,ESC6534778667372,200000,200000,200000,2400000,200000,43862838491956
WLT846840448637,311745128683,Full KYC,Active,26-02-2023,ESC7219161711632,200000,200000,200000,2400000,200000,1791542722805
WLT858300226924,585068196637,Minimum KYC,Active,04-06-2024,ESC4137279308743,10000,10000,10000,120000,10000,4941793402685
WLT663112109501,432530303884,Minimum KYC,Active,09-07-2022,ESC2046059929235,10000,10000,10000,120000,10000,88408955102
WLT908988736668,915860963590,Full KYC,Active,30-03-2023,ESC5132254572041,200000,200000,200000,2400000,200000,91937623116
WLT354642862259,626006801963,Full KYC,Active,06-03-2024,ESC1111447570701,200000,200000,200000,2400000,200000,12639084263316
WLT140824663567,180867901636,Full KYC,Active,23-12-2024,ESC5080615793615,200000,200000,200000,2400000,200000,74160120737958
WLT047226557994,772571463773,Full KYC,Active,03-09-2019,ESC3477301729637,200000,200000,200000,2400000,200000,9297624794313
WLT878316788134,671982905361,Full KYC,Active,08-03-2019,ESC1888055656146,200000,200000,200000,2400000,200000,79254276552747
WLT556905434923,832259696835,Full KYC,Active,18-10-2023,ESC1683567046844,200000,200000,200000,2400000,200000,63750955213
WLT863414765754,157898492032,Full KYC,Active,18-04-2024,ESC6853094475057,200000,200000,200000,2400000,200000,12201797958
WLT175592117447,535875746520,Full KYC,Active,07-05-2021,ESC7957387833149,200000,200000,200000,2400000,200000,437254391515
WLT344993270416,959794496296,Full KYC,Active,02-02-2024,ESC6270047875055,200000,200000,200000,2400000,200000,40419926121
WLT333405427162,294937352531,Full KYC,Active,11-05-2022,ESC2071695371063,200000,200000,200000,2400000,200000,6439139560656995
WLT305028447750,763560979619,Full KYC,Active,10-01-2023,ESC5631013545294,200000,200000,200000,2400000,200000,8230443171304763
WLT080383389613,961201910060,Full KYC,Active,22-02-2017,ESC5033899354252,200000,200000,200000,2400000,200000,4834203453199
WLT367191310204,321689632299,Full KYC,Active,17-10-2019,ESC9459863118492,200000,200000,200000,2400000,200000,787832011143
WLT185198442308,459207957008,Minimum KYC,Closed,22-09-2024,ESC5490217281223,10000,10000,10000,120000,10000,21987629356822
WLT100573311435,165171199462,Minimum KYC,Active,09-06-2020,ESC7491850128430,10000,10000,10000,120000,10000,907350594944
WLT419557279624,605509455902,Minimum KYC,Active,07-08-2017,ESC4015752020036,10000,10000,10000,120000,10000,77514810319
WLT525249442644,171512284232,Minimum KYC,Active,02-12-2016,ESC8843663951390,10000,10000,10000,120000,10000,77659426366
WLT109930853732,321448773598,Full KYC,Active,22-10-2024,ESC4057035484512,200000,200000,200000,2400000,200000,9211363048691
WLT243308193335,794833539305,Full KYC,Active,17-09-2023,ESC2066739957914,200000,200000,200000,2400000,200000,952451875962
WLT589041777783,215845286454,Full KYC,Active,01-12-2016,ESC6351478172072,200000,200000,200000,2400000,200000,19327803571510
WLT961507962377,743443172817,Minimum KYC,Active,30-09-2024,ESC5387200109764,10000,10000,10000,120000,10000,8270377069162
WLT752770116805,508566708888,Full KYC,Active,27-04-2023,ESC9487785253155,200000,200000,200000,2400000,200000,2669637684663
WLT628373996388,765389121598,Minimum KYC,Active,07-02-2024,ESC1031568261485,10000,10000,10000,120000,10000,45012223340723
WLT233810944547,619931349447,Full KYC,Active,03-11-2022,ESC1741847595038,200000,200000,200000,2400000,200000,849126737476
WLT819118402542,714109431660,Full KYC,Active,23-07-2021,ESC5818487486177,200000,200000,200000,2400000,200000,5530174245107452
WLT399076274858,950315259306,Full KYC,Active,03-12-2022,ESC6816080769767,200000,200000,200000,2400000,200000,6915383093764
WLT079594692780,132915018273,Minimum KYC,Active,10-10-2021,ESC1756083077415,10000,10000,10000,120000,10000,86840670000
WLT324184312241,549674323287,Full KYC,Active,09-03-2024,ESC5589884415709,200000,200000,200000,2400000,200000,6919206228227
WLT228083621845,779998645791,Minimum KYC,Active,14-09-2019,ESC9132651975345,10000,10000,10000,120000,10000,381438294474
WLT025570417755,217671339032,Minimum KYC,Active,22-08-2022,ESC5879317998411,10000,10000,10000,120000,10000,9159631144920
WLT899098477365,505546826730,Full KYC,Active,07-03-2024,ESC1560235961178,200000,200000,200000,2400000,200000,88209031335
WLT778618327529,811734011396,Full KYC,Active,25-02-2022,ESC7458139331665,200000,200000,200000,2400000,200000,631090680806
WLT425402104382,514874368835,Full KYC,Active,03-09-2020,ESC4111226377136,200000,200000,200000,2400000,200000,2286149514007583
WLT821799887750,845195656773,Full KYC,Active,05-12-2022,ESC9347196176213,200000,200000,200000,2400000,200000,30611040679267
WLT031251585951,389285392052,Full KYC,Active,01-02-2017,ESC1892419158665,200000,200000,200000,2400000,200000,9656021721432
WLT878735714072,711037588124,Full KYC,Active,24-05-2023,ESC3922282827891,200000,200000,200000,2400000,200000,32121937018
WLT270117590469,232113225931,Full KYC,Suspended,30-11-2024,ESC2867610703382,200000,200000,200000,2400000,200000,1082863173363033
WLT384070795122,305561618553,Minimum KYC,Suspended,19-05-2022,ESC6931545558500,10000,10000,10000,120000,10000,9143654046757
WLT967110599730,728263126078,Minimum KYC,Active,26-04-2021,ESC6185518720770,10000,10000,10000,120000,10000,8941546677201
WLT796207912306,897050470846,Minimum KYC,Active,16-06-2018,ESC8038948082884,10000,10000,10000,120000,10000,672030517972
WLT310301276602,595654249028,Full KYC,Active,25-08-2022,ESC4643056656015,200000,200000,200000,2400000,200000,678882909105
WLT794094571084,291835665845,Minimum KYC,Active,10-06-2022,ESC2316590891313,10000,10000,10000,120000,10000,1200217615793
WLT924764087673,302401003317,Full KYC,Closed,04-04-2023,ESC4349582712233,200000,200000,200000,2400000,200000,65387442580
WLT791104232661,383898979686,Full KYC,Active,14-02-2024,ESC1704484142753,200000,200000,200000,2400000,200000,99059282514
WLT788178527186,470056397268,Full KYC,Closed,06-07-2023,ESC9004226955411,200000,200000,200000,2400000,200000,9402553964346
WLT071582090236,356401681658,Full KYC,Active,22-10-2024,ESC9397974496240,200000,200000,200000,2400000,200000,935770571173
WLT882656317809,141604539546,Full KYC,Active,01-09-2023,ESC3522578372029,200000,200000,200000,2400000,200000,54735428271304
WLT053095064462,252125146799,Full KYC,Active,26-01-2016,ESC9806025460158,200000,200000,200000,2400000,200000,5761762632932
WLT056094480148,840035761386,Full KYC,Active,28-08-2020,ESC1642971667580,200000,200000,200000,2400000,200000,671466560355
WLT295300252905,743614874129,Minimum KYC,Active,24-03-2023,ESC2403326958002,10000,10000,10000,120000,10000,893384033298
WLT753007748808,601212495286,Full KYC,Active,01-05-2022,ESC4209885166762,200000,200000,200000,2400000,200000,190309405837
WLT111336344399,564962317038,Minimum KYC,Suspended,02-12-2021,ESC9789490038442,10000,10000,10000,120000,10000,61234918002521
WLT375838979272,686968000575,Minimum KYC,Active,09-07-2020,ESC9897830485187,10000,10000,10000,120000,10000,2480723706349782
WLT780520531937,864552350209,Full KYC,Suspended,07-09-2024,ESC8311422326645,200000,200000,200000,2400000,200000,475524421439
WLT006108669648,616434119144,Full KYC,Suspended,30-06-2020,ESC6857989141098,200000,200000,200000,2400000,200000,625009030316
WLT317202664521,670643059676,Minimum KYC,Active,06-10-2023,ESC2862572600365,10000,10000,10000,120000,10000,86095709700087
WLT311024932590,718380235104,Minimum KYC,Active,23-11-2023,ESC5011691705685,10000,10000,10000,120000,10000,4519677704257892
WLT384827634179,790699866455,Full KYC,Active,20-10-2022,ESC8795512494527,200000,200000,200000,2400000,200000,33427634661563
WLT968635036333,597527919256,Minimum KYC,Active,18-04-2023,ESC9830981668710,10000,10000,10000,120000,10000,27074078295
WLT815992399531,248512541669,Minimum KYC,Active,25-04-2022,ESC4400741708901,10000,10000,10000,120000,10000,56213808741
WLT750290046268,326474229650,Minimum KYC,Active,30-03-2019,ESC4194800347162,10000,10000,10000,120000,10000,9298956295701
WLT947669889198,529222629971,Minimum KYC,Active,08-06-2020,ESC3682893658279,10000,10000,10000,120000,10000,1494337326893384
WLT638386340761,404834536610,Full KYC,Active,31-10-2023,ESC5037576776746,200000,200000,200000,2400000,200000,8254931828159190
WLT700513179058,755032155184,Minimum KYC,Active,02-08-2024,ESC6947005810494,10000,10000,10000,120000,10000,9868057198643377
WLT775107163643,248405426476,Full KYC,Closed,01-08-2019,ESC9320750752366,200000,200000,200000,2400000,200000,947101196190
WLT848090676103,251437733806,Minimum KYC,Active,03-08-2021,ESC4656323007365,10000,10000,10000,120000,10000,87871587422655
WLT293104383274,445892408746,Full KYC,Active,28-04-2023,ESC6439556771390,200000,200000,200000,2400000,200000,206791840081
WLT982429640625,157572787156,Minimum KYC,Active,15-03-2021,ESC1129502471811,10000,10000,10000,120000,10000,94373682940097
WLT512225918422,157784350786,Full KYC,Active,22-11-2019,ESC1079274051067,200000,200000,200000,2400000,200000,5941416903858607
WLT745777869232,540944421295,Full KYC,Active,28-12-2023,ESC5842510370197,200000,200000,200000,2400000,200000,48517552092
WLT588983318229,991235629998,Full KYC,Active,30-12-2018,ESC2804278098055,200000,200000,200000,2400000,200000,9272866668051
WLT833828966317,584832345935,Minimum KYC,Active,29-07-2023,ESC3481161916661,10000,10000,10000,120000,10000,596224024329
WLT924469161111,985183575681,Minimum KYC,Active,09-09-2021,ESC8638924149405,10000,10000,10000,120000,10000,64932626940
WLT982381222893,564090016185,Full KYC,Active,23-11-2024,ESC1587508335738,200000,200000,200000,2400000,200000,91831897082
WLT589421256827,147881185225,Minimum KYC,Active,19-02-2021,ESC6762546133663,10000,10000,10000,120000,10000,68086084862895
WLT196187485061,142324648464,Full KYC,Active,12-08-2019,ESC7834188794161,200000,200000,200000,2400000,200000,9229387667205
WLT568981961344,177969917621,Minimum KYC,Active,21-01-2019,ESC1392411163030,10000,10000,10000,120000,10000,41991224506
WLT514467958244,468457053323,Minimum KYC,Active,29-04-2024,ESC1333896762857,10000,10000,10000,120000,10000,26819636691437
WLT381719529075,356173794571,Full KYC,Active,02-09-2022,ESC9549420885877,200000,200000,200000,2400000,200000,6164862087122
WLT193517579237,168809200260,Full KYC,Active,10-07-2022,ESC7205653027244,200000,200000,200000,2400000,200000,94572005375
WLT523866713023,311712511088,Minimum KYC,Active,25-01-2021,ESC1509044671575,10000,10000,10000,120000,10000,19638599729903
WLT293310443420,771108179554,Full KYC,Active,25-05-2023,ESC6412394965300,200000,200000,200000,2400000,200000,876821703777
WLT194698477930,970853497614,Minimum KYC,Active,06-09-2023,ESC2596280563152,10000,10000,10000,120000,10000,999323265088
WLT402769049928,197406620753,Minimum KYC,Active,13-04-2019,ESC6923928605256,10000,10000,10000,120000,10000,90585432759797
WLT518528480337,956228799524,Full KYC,Active,15-01-2023,ESC2767994617258,200000,200000,200000,2400000,200000,405988599039
WLT891839987664,430056203826,Minimum KYC,Active,04-03-2020,ESC6556686585610,10000,10000,10000,120000,10000,68129186860224
WLT608493320602,899754766723,Full KYC,Active,27-05-2016,ESC6883478625880,200000,200000,200000,2400000,200000,5071702391629
WLT878108355645,389495491434,Minimum KYC,Suspended,10-12-2022,ESC7233391925097,10000,10000,10000,120000,10000,20173041731903
WLT232659636043,291331184672,Full KYC,Active,21-09-2019,ESC7253282530589,200000,200000,200000,2400000,200000,928373908476
WLT971410496055,715955602951,Full KYC,Active,30-05-2024,ESC8582818786249,200000,200000,200000,2400000,200000,9922171209878
WLT128703866690,422485994934,Full KYC,Closed,07-03-2018,ESC6312244552925,200000,200000,200000,2400000,200000,82126204341519
WLT407291601069,692026487232,Full KYC,Active,10-01-2025,ESC6169651826192,200000,200000,200000,2400000,200000,93001777674
WLT749613940282,115172514132,Full KYC,Active,06-07-2023,ESC3430609795611,200000,200000,200000,2400000,200000,9984217173695570
WLT569117705277,932068026722,Full KYC,Active,07-01-2023,ESC9671970396985,200000,200000,200000,2400000,200000,149697248519
WLT495677032314,531372744686,Minimum KYC,Active,24-02-2016,ESC4323926651629,10000,10000,10000,120000,10000,505768957602
WLT839294758700,329912673771,Full KYC,Active,07-02-2024,ESC9744690918172,200000,200000,200000,2400000,200000,6408380788810
WLT010926907307,265635039674,Minimum KYC,Active,23-11-2023,ESC8937887311546,10000,10000,10000,120000,10000,75177607458421
WLT811044865288,308376067041,Full KYC,Active,10-05-2023,ESC2844859499730,200000,200000,200000,2400000,200000,73321177704
WLT179128922562,201123328168,Full KYC,Active,10-07-2023,ESC8278739739054,200000,200000,200000,2400000,200000,25997210684097
WLT914156209886,897717778513,Full KYC,Active,23-07-2020,ESC7103703102868,200000,200000,200000,2400000,200000,15144537056
WLT250289611828,192925409973,Minimum KYC,Closed,18-10-2017,ESC3743881519138,10000,10000,10000,120000,10000,8376001512512798
WLT963465328303,315329341346,Full KYC,Closed,07-07-2022,ESC4170097046114,200000,200000,200000,2400000,200000,415894295773
WLT778131309079,472685472572,Minimum KYC,Suspended,27-08-2020,ESC9757520353336,10000,10000,10000,120000,10000,96500934950298
WLT172994290083,466623592048,Minimum KYC,Active,26-08-2024,ESC5343320480375,10000,10000,10000,120000,10000,17642808155424
WLT679572176676,854374418311,Full KYC,Closed,05-09-2015,ESC3195717228883,200000,200000,200000,2400000,200000,603515524842
WLT121197160205,853245194538,Minimum KYC,Active,01-03-2024,ESC8861630260287,10000,10000,10000,120000,10000,958251364857
WLT448249106704,131928044778,Full KYC,Active,15-07-2022,ESC8888747661012,200000,200000,200000,2400000,200000,21846016665
WLT936512608422,228218892838,Full KYC,Active,13-01-2024,ESC7523647598962,200000,200000,200000,2400000,200000,599278570035
WLT232431672926,474666929442,Full KYC,Active,25-02-2021,ESC2455692637334,200000,200000,200000,2400000,200000,5752922423554592
WLT520688141035,682134510744,Minimum KYC,Active,23-06-2022,ESC7243331676428,10000,10000,10000,120000,10000,82038271436914
WLT810299093552,325169885597,Full KYC,Active,05-08-2024,ESC7153264268323,200000,200000,200000,2400000,200000,217767713467
WLT462942787973,862426005442,Full KYC,Active,13-09-2022,ESC9880294017333,200000,200000,200000,2400000,200000,67138336094737
WLT607853669263,570993250146,Minimum KYC,Active,02-10-2017,ESC7228709207975,10000,10000,10000,120000,10000,81885730108
WLT157052957920,575681001821,Full KYC,Closed,14-06-2017,ESC6074047386543,200000,200000,200000,2400000,200000,24838933303565
WLT634330510333,210381537816,Full KYC,Active,21-08-2022,ESC6944658185704,200000,200000,200000,2400000,200000,3678493139790
WLT834452726845,210239275440,Full KYC,Active,10-06-2024,ESC2382864812799,200000,200000,200000,2400000,200000,668228928863
WLT867118332090,297261903211,Minimum KYC,Active,08-12-2016,ESC4541686841938,10000,10000,10000,120000,10000,30646664142
WLT687823265825,858172500885,Full KYC,Active,22-05-2022,ESC8886899958544,200000,200000,200000,2400000,200000,88352320341
WLT707909202686,524250760232,Full KYC,Active,05-01-2019,ESC8642024968924,200000,200000,200000,2400000,200000,72801433269
WLT663669239761,211855196868,Minimum KYC,Active,12-09-2023,ESC2215637956622,10000,10000,10000,120000,10000,9217166556570
WLT243387398461,275232796136,Minimum KYC,Active,15-03-2023,ESC6962827309344,10000,10000,10000,120000,10000,80672958810026
WLT518343076892,703013918280,Full KYC,Active,09-02-2024,ESC2861710074015,200000,200000,200000,2400000,200000,10519446573278
WLT373524835320,447001190613,Minimum KYC,Active,09-05-2024,ESC3171062451476,10000,10000,10000,120000,10000,36947866718341
WLT224875038484,467607464803,Minimum KYC,Active,17-03-2022,ESC7981131354352,10000,10000,10000,120000,10000,271820450596
WLT047429086018,617493623745,Minimum KYC,Active,28-08-2022,ESC2110097022262,10000,10000,10000,120000,10000,5037335301738
WLT906001378743,539672505694,Full KYC,Active,07-09-2017,ESC1281526955028,200000,200000,200000,2400000,200000,48522101271533
WLT122863701437,796257933479,Full KYC,Active,15-08-2022,ESC6038345252401,200000,200000,200000,2400000,200000,41554745830599
WLT835908947885,673174141229,Full KYC,Active,09-11-2019,ESC1707319527848,200000,200000,200000,2400000,200000,26029390072
WLT188981403352,854184571803,Full KYC,Active,22-02-2024,ESC5726339192078,200000,200000,200000,2400000,200000,43537329810
WLT801615638332,731241638577,Minimum KYC,Active,23-04-2023,ESC4243681970281,10000,10000,10000,120000,10000,12044564151927
WLT916385463130,331956794051,Full KYC,Active,03-07-2022,ESC3124563451673,200000,200000,200000,2400000,200000,74121155146
WLT870805067420,199037658877,Minimum KYC,Suspended,18-04-2022,ESC1938225251468,10000,10000,10000,120000,10000,3444062875735733
WLT166254201286,570522050065,Full KYC,Active,08-11-2024,ESC6868065784849,200000,200000,200000,2400000,200000,20140706223394
WLT728942461378,414828383341,Minimum KYC,Closed,31-01-2024,ESC5696965201796,10000,10000,10000,120000,10000,9254328772738
WLT185132937748,794322409311,Full KYC,Active,23-11-2022,ESC9783507753398,200000,200000,200000,2400000,200000,61853916490
WLT398265465862,739757689375,Full KYC,Active,08-01-2025,ESC6473281310526,200000,200000,200000,2400000,200000,69034199106394
WLT248789985470,597844078996,Minimum KYC,Active,22-12-2024,ESC3598525635464,10000,10000,10000,120000,10000,344090047451
WLT425348132051,254626694922,Full KYC,Active,14-06-2024,ESC9693838971219,200000,200000,200000,2400000,200000,7853284246802200
WLT123783991488,173342972183,Minimum KYC,Active,22-01-2022,ESC7566689186847,10000,10000,10000,120000,10000,9270962611787
WLT168406008985,651854159496,Minimum KYC,Active,08-10-2022,ESC1971446349051,10000,10000,10000,120000,10000,661308604325
WLT978663207772,947403946499,Minimum KYC,Active,25-08-2023,ESC2277233798711,10000,10000,10000,120000,10000,72416579173309
WLT434268962310,264020211646,Minimum KYC,Active,18-05-2022,ESC8210914089829,10000,10000,10000,120000,10000,790995970229
WLT948692584208,693857018821,Minimum KYC,Suspended,03-09-2022,ESC7930531990245,10000,10000,10000,120000,10000,1357941977620
WLT271341595901,130399591753,Full KYC,Active,22-06-2020,ESC9155830599795,200000,200000,200000,2400000,200000,249317076612
WLT748519254693,134399488300,Full KYC,Active,19-07-2021,ESC7155243184611,200000,200000,200000,2400000,200000,2462831940192
WLT773204128018,971517821573,Full KYC,Active,01-04-2021,ESC6567135878064,200000,200000,200000,2400000,200000,24694425660
WLT776282952022,999446221376,Minimum KYC,Active,19-11-2021,ESC9484774209226,10000,10000,10000,120000,10000,9197058631553
WLT797454768516,904602054154,Full KYC,Active,31-07-2022,ESC8597084532462,200000,200000,200000,2400000,200000,1775774854788116
WLT265999142682,180720251494,Full KYC,Active,29-08-2016,ESC2347326676084,200000,200000,200000,2400000,200000,85786735615
WLT397467853699,771274781663,Minimum KYC,Active,21-07-2023,ESC7540924554291,10000,10000,10000,120000,10000,52463595959284
WLT524375377018,325358866424,Full KYC,Active,11-09-2024,ESC9998848417478,200000,200000,200000,2400000,200000,2467586246900573
WLT751511748050,640606961201,Full KYC,Active,19-05-2020,ESC2942325314795,200000,200000,200000,2400000,200000,54069076720
WLT198973853561,628975454160,Full KYC,Active,27-05-2022,ESC8239043323530,200000,200000,200000,2400000,200000,54215554414
WLT025999506400,548623432804,Minimum KYC,Active,10-12-2020,ESC9250048513467,10000,10000,10000,120000,10000,291080920835
WLT092677638364,227201137248,Full KYC,Active,16-01-2025,ESC2885845391455,200000,200000,200000,2400000,200000,14906487711
WLT430599626464,510442328249,Full KYC,Active,20-07-2023,ESC8816966242718,200000,200000,200000,2400000,200000,383419591819
WLT084540591329,502172314573,Full KYC,Active,04-05-2024,ESC5032652959622,200000,200000,200000,2400000,200000,3153160754418
WLT022984385172,566914094311,Full KYC,Active,12-06-2024,ESC9587444002638,200000,200000,200000,2400000,200000,9145230280048
WLT718294769265,327420308502,Full KYC,Active,01-11-2024,ESC4850160822112,200000,200000,200000,2400000,200000,3941846710610
WLT271309484283,459424199189,Full KYC,Active,26-05-2019,ESC8924501852425,200000,200000,200000,2400000,200000,85201176184
WLT255442448841,297344757909,Full KYC,Active,25-03-2024,ESC6593756684040,200000,200000,200000,2400000,200000,24861810681305
WLT067794313654,642075774411,Minimum KYC,Active,04-09-2024,ESC4331180704873,10000,10000,10000,120000,10000,57668569048449
WLT718271010698,514583989664,Full KYC,Closed,26-06-2017,ESC9074264684302,200000,200000,200000,2400000,200000,22673624638
WLT025816169398,422818081520,Full KYC,Active,16-10-2022,ESC9297237069418,200000,200000,200000,2400000,200000,23703730183121
WLT644155667646,577486649430,Minimum KYC,Active,16-10-2018,ESC7415734863251,10000,10000,10000,120000,10000,7022888717693
WLT440131666788,556736625336,Minimum KYC,Active,03-08-2022,ESC3680712070394,10000,10000,10000,120000,10000,768831283566
WLT197292159385,234710776481,Minimum KYC,Active,30-11-2021,ESC6235264487093,10000,10000,10000,120000,10000,841595232685
WLT079180274798,874944951440,Full KYC,Active,08-03-2024,ESC4602386574661,200000,200000,200000,2400000,200000,9124520445779
WLT977706733117,660929980577,Full KYC,Active,26-12-2022,ESC5297351029007,200000,200000,200000,2400000,200000,24126068031
WLT438923285880,894525466009,Full KYC,Active,21-09-2024,ESC4134949807220,200000,200000,200000,2400000,200000,9229388297149
WLT498425336061,972923358446,Full KYC,Active,06-11-2023,ESC7933379219708,200000,200000,200000,2400000,200000,493486115640
WLT163450766677,430085750522,Full KYC,Active,29-03-2022,ESC8400234752912,200000,200000,200000,2400000,200000,13314238791402
WLT613748455649,481061264923,Minimum KYC,Active,30-03-2024,ESC6301899254739,10000,10000,10000,120000,10000,63314930964295
WLT541622534022,653047039769,Full KYC,Active,19-10-2021,ESC8184336363384,200000,200000,200000,2400000,200000,1898020009869
WLT179117834479,966754883406,Full KYC,Active,30-09-2018,ESC5437574721611,200000,200000,200000,2400000,200000,5697584453033743
WLT512473245086,102673969737,Full KYC,Active,03-08-2017,ESC9597707716924,200000,200000,200000,2400000,200000,78238163091
WLT440066877648,633715163465,Full KYC,Active,02-11-2018,ESC9106575389214,200000,200000,200000,2400000,200000,4790219570453960
WLT332529700390,604773008884,Full KYC,Active,04-08-2020,ESC5420707933330,200000,200000,200000,2400000,200000,26258407039
WLT517162076572,404212388703,Full KYC,Active,26-04-2021,ESC2673378245116,200000,200000,200000,2400000,200000,4837267380359
WLT212115052597,239671903924,Full KYC,Active,08-08-2019,ESC2282672281828,200000,200000,200000,2400000,200000,9198568235835
WLT744450959879,540236713221,Full KYC,Active,28-07-2022,ESC1461875231510,200000,200000,200000,2400000,200000,655009052140
WLT059500142847,461567306567,Minimum KYC,Active,04-02-2023,ESC9715109198800,10000,10000,10000,120000,10000,8104046611560
WLT321322692570,563021875144,Minimum KYC,Active,30-01-2021,ESC3533730355145,10000,10000,10000,120000,10000,9104008173978
WLT651929557188,263138844473,Full KYC,Active,18-03-2023,ESC9218496681804,200000,200000,200000,2400000,200000,76881259924
WLT096964515801,101377478076,Minimum KYC,Active,02-06-2024,ESC5616165986112,10000,10000,10000,120000,10000,78879336251
WLT418249496518,525487797650,Full KYC,Active,01-11-2021,ESC7072944207263,200000,200000,200000,2400000,200000,77326319122
WLT186722484418,338464024839,Minimum KYC,Active,15-03-2022,ESC6461553899799,10000,10000,10000,120000,10000,856498493105
WLT791425808312,659902724578,Full KYC,Suspended,12-01-2024,ESC4174365842955,200000,200000,200000,2400000,200000,51714369048206
WLT205499618286,149770421896,Full KYC,Active,24-07-2017,ESC4399101919411,200000,200000,200000,2400000,200000,5150726284443
WLT775385844567,879364755348,Minimum KYC,Suspended,02-12-2019,ESC2090751726078,10000,10000,10000,120000,10000,986192630434
WLT647818339557,230467394341,Full KYC,Active,27-02-2021,ESC8172815130973,200000,200000,200000,2400000,200000,657709537840
WLT870665918816,694427603905,Full KYC,Active,18-10-2020,ESC1148737255774,200000,200000,200000,2400000,200000,35887055388
WLT801736904829,686674937525,Minimum KYC,Active,30-07-2022,ESC9098813563270,10000,10000,10000,120000,10000,730061916390
WLT129292740519,957222340722,Minimum KYC,Active,30-10-2023,ESC9659751702486,10000,10000,10000,120000,10000,83588385649366
WLT165393995176,836237655440,Full KYC,Active,09-01-2017,ESC9282731566244,200000,200000,200000,2400000,200000,7010961126609
WLT393648462862,738146769089,Full KYC,Active,04-10-2021,ESC2662510806607,200000,200000,200000,2400000,200000,16373137820
WLT164292676763,478834903928,Minimum KYC,Active,11-02-2022,ESC6215276899909,10000,10000,10000,120000,10000,88718479650
WLT691360822209,750488605610,Full KYC,Active,05-09-2022,ESC4739726132340,200000,200000,200000,2400000,200000,528009411441
WLT186428745046,555313311177,Minimum KYC,Active,06-09-2024,ESC3729479556627,10000,10000,10000,120000,10000,5283965423643
WLT713716269506,936583032309,Full KYC,Active,04-07-2020,ESC5567574945514,200000,200000,200000,2400000,200000,71610370559451
WLT015193673397,873585855532,Full KYC,Closed,14-04-2018,ESC6595085449206,200000,200000,200000,2400000,200000,278306001225
WLT648327656863,195502416345,Minimum KYC,Active,11-07-2023,ESC4675689011742,10000,10000,10000,120000,10000,9936201115299964
WLT701427493189,161989269638,Full KYC,Active,25-09-2022,ESC1748687238199,200000,200000,200000,2400000,200000,91205782692121
WLT032909895271,521750298059,Minimum KYC,Active,22-11-2017,ESC2560703531381,10000,10000,10000,120000,10000,3364430962610748
WLT668112695460,200838741502,Full KYC,Active,03-10-2023,ESC5391833773800,200000,200000,200000,2400000,200000,2039560883212
WLT716222855623,759420408577,Full KYC,Suspended,12-07-2024,ESC8287980158683,200000,200000,200000,2400000,200000,6503847137856
WLT757326811508,365614534060,Full KYC,Active,29-08-2021,ESC7865498505073,200000,200000,200000,2400000,200000,42738120338007
WLT626116360613,716761441893,Full KYC,Active,14-11-2021,ESC7695354892532,200000,200000,200000,2400000,200000,99994493050011
WLT483574382829,681716732397,Full KYC,Active,10-04-2024,ESC6832350766301,200000,200000,200000,2400000,200000,2179359642678765
WLT517104158286,547143090807,Minimum KYC,Active,04-05-2023,ESC3302700828856,10000,10000,10000,120000,10000,58978165268799
WLT902058684458,380905521409,Minimum KYC,Active,22-06-2024,ESC9074358411217,10000,10000,10000,120000,10000,54189520567316
WLT432400336182,609136562669,Full KYC,Active,30-03-2023,ESC3705604512998,200000,200000,200000,2400000,200000,72745169811785
WLT433230662167,349947518253,Full KYC,Active,29-03-2023,ESC8851527184939,200000,200000,200000,2400000,200000,9198752323666
WLT727577895864,314850783850,Full KYC,Active,06-01-2019,ESC6689217266368,200000,200000,200000,2400000,200000,35780603609675
WLT862305063003,933084176838,Full KYC,Active,24-06-2023,ESC7024311015971,200000,200000,200000,2400000,200000,845200154072
WLT270956229529,721365138782,Full KYC,Active,14-05-2023,ESC2783448349926,200000,200000,200000,2400000,200000,9265335320981
WLT904235767682,759031935125,Minimum KYC,Active,29-03-2024,ESC5164330933438,10000,10000,10000,120000,10000,37507269250746
WLT106843706581,971835470523,Full KYC,Active,28-08-2021,ESC8521236143508,200000,200000,200000,2400000,200000,93630189409
WLT523315425300,873948417193,Minimum KYC,Active,25-03-2021,ESC5802621311993,10000,10000,10000,120000,10000,99140818264
WLT861819512894,784458343972,Full KYC,Suspended,03-06-2022,ESC8190028617926,200000,200000,200000,2400000,200000,92706497202865
WLT286973636756,717403591683,Minimum KYC,Active,21-09-2019,ESC6700810057501,10000,10000,10000,120000,10000,410281022634
WLT102562986214,815065151560,Full KYC,Active,13-03-2018,ESC8350037361500,200000,200000,200000,2400000,200000,61919265659
WLT861005881049,411796556469,Full KYC,Active,28-01-2023,ESC3900123709323,200000,200000,200000,2400000,200000,58571103587056
WLT662035100165,978707940082,Minimum KYC,Active,10-11-2019,ESC7837308121696,10000,10000,10000,120000,10000,5020029438575
WLT473187783146,238075401419,Full KYC,Active,18-11-2023,ESC7616383893257,200000,200000,200000,2400000,200000,9121896479146
WLT160527579923,137614787457,Full KYC,Active,31-07-2023,ESC6289955403813,200000,200000,200000,2400000,200000,9132608733517
WLT528525093880,182687238759,Minimum KYC,Active,08-01-2025,ESC2155009322986,10000,10000,10000,120000,10000,35789154529
WLT769588319052,397744233667,Full KYC,Active,11-05-2024,ESC7438155898589,200000,200000,200000,2400000,200000,69525249977374
WLT765347352725,619100877618,Full KYC,Active,02-08-2018,ESC6115398471262,200000,200000,200000,2400000,200000,16453780478
WLT345198704910,373649283184,Full KYC,Active,26-01-2025,ESC7671214233287,200000,200000,200000,2400000,200000,65894187138
WLT813054261750,347511797108,Full KYC,Suspended,07-04-2019,ESC8737362739558,200000,200000,200000,2400000,200000,27231581427963
WLT274285192144,752400370033,Full KYC,Active,19-12-2016,ESC5328989854970,200000,200000,200000,2400000,200000,52226390225
WLT115392007105,630179003095,Full KYC,Active,11-02-2024,ESC5680711652597,200000,200000,200000,2400000,200000,9198523001468
WLT409255051430,254083923890,Minimum KYC,Active,30-12-2022,ESC2495034418865,10000,10000,10000,120000,10000,9281695274528
WLT218845243140,883607397800,Full KYC,Active,11-11-2024,ESC4722805706734,200000,200000,200000,2400000,200000,3870598036737057
WLT601186400953,828042626110,Minimum KYC,Closed,10-04-2024,ESC1742918727843,10000,10000,10000,120000,10000,110359228876
WLT749603774631,570080228688,Minimum KYC,Active,10-08-2020,ESC6607319873191,10000,10000,10000,120000,10000,240307673720
WLT588960057121,445629948191,Full KYC,Active,23-11-2024,ESC2604576737753,200000,200000,200000,2400000,200000,9187867283952
WLT233511520486,409232409841,Minimum KYC,Active,22-11-2017,ESC6546034183357,10000,10000,10000,120000,10000,19621335073885
WLT742775326477,727963302561,Full KYC,Active,04-07-2024,ESC2902928223345,200000,200000,200000,2400000,200000,3311807572509
WLT558682226298,731227464227,Full KYC,Active,26-10-2018,ESC6909936648902,200000,200000,200000,2400000,200000,24726737112537
WLT998320745379,300498645309,Minimum KYC,Active,22-09-2019,ESC9614050246717,10000,10000,10000,120000,10000,17589935063
WLT908515554478,139580888230,Full KYC,Active,28-07-2020,ESC2543763394174,200000,200000,200000,2400000,200000,353433971404
WLT098135212486,645675512347,Full KYC,Active,20-03-2016,ESC3901032466136,200000,200000,200000,2400000,200000,43796137747839
WLT697513157001,642468507299,Full KYC,Active,16-07-2021,ESC3171202961218,200000,200000,200000,2400000,200000,83826540994
WLT737982514672,586053786083,Full KYC,Active,10-05-2023,ESC1887421897705,200000,200000,200000,2400000,200000,9226962263579
WLT460272294356,593127750045,Minimum KYC,Active,12-08-2023,ESC6507750793575,10000,10000,10000,120000,10000,51668538881
WLT743563120477,578607970659,Full KYC,Active,19-07-2021,ESC3924681978870,200000,200000,200000,2400000,200000,78749983882725
WLT654539691472,405922997442,Minimum KYC,Active,06-03-2021,ESC6795377572750,10000,10000,10000,120000,10000,9116139761892
WLT622626174034,705965793552,Minimum KYC,Active,11-12-2023,ESC4926754234730,10000,10000,10000,120000,10000,44868708639800
WLT661718665590,919617255256,Full KYC,Active,09-11-2024,ESC4953219371756,200000,200000,200000,2400000,200000,510410298086
WLT054921925537,852724804094,Full KYC,Active,29-10-2022,ESC3722512332874,200000,200000,200000,2400000,200000,19927677849055
WLT842648879967,504872103653,Minimum KYC,Active,25-09-2024,ESC4780901927594,10000,10000,10000,120000,10000,9659467377596374
WLT918030074947,385857906535,Minimum KYC,Active,14-04-2024,ESC5116089449572,10000,10000,10000,120000,10000,76108232473
WLT745350366665,891427204354,Full KYC,Active,02-01-2025,ESC3860335040425,200000,200000,200000,2400000,200000,14554191716
WLT707250567013,115327885109,Full KYC,Active,12-02-2024,ESC8340736929236,200000,200000,200000,2400000,200000,80887665510568
WLT640550042550,680962071251,Full KYC,Active,30-01-2023,ESC1153586455522,200000,200000,200000,2400000,200000,64069459599
WLT708738883856,703822090594,Full KYC,Active,29-07-2020,ESC5800008266801,200000,200000,200000,2400000,200000,8972986870081006
WLT084799912613,808760116864,Minimum KYC,Active,07-05-2022,ESC8083474541366,10000,10000,10000,120000,10000,90721825544849
WLT541775947315,949139006180,Minimum KYC,Active,16-11-2022,ESC4927270693217,10000,10000,10000,120000,10000,694634293668
WLT210913261496,154435430645,Full KYC,Active,23-09-2024,ESC1636272845810,200000,200000,200000,2400000,200000,2262405258074
WLT470560542762,677996157642,Minimum KYC,Active,07-10-2016,ESC8051024273809,10000,10000,10000,120000,10000,28801185666704
WLT071286629695,314773666229,Full KYC,Active,12-08-2021,ESC5901366587556,200000,200000,200000,2400000,200000,52010285069175
WLT421410820086,133639036813,Minimum KYC,Active,04-10-2023,ESC9705233206691,10000,10000,10000,120000,10000,6789654411716199
WLT230704700373,329654258594,Full KYC,Active,30-11-2017,ESC7517792082908,200000,200000,200000,2400000,200000,9275464185116
WLT172043503684,444481169107,Full KYC,Active,17-09-2020,ESC3945312140032,200000,200000,200000,2400000,200000,75917991915218
WLT679460107800,661721020205,Full KYC,Active,27-03-2019,ESC6380674253970,200000,200000,200000,2400000,200000,9170213301205
WLT458060718072,506399441272,Full KYC,Active,19-03-2024,ESC2533516317221,200000,200000,200000,2400000,200000,49180861399
WLT637929651432,730127553236,Minimum KYC,Closed,26-05-2024,ESC9610894224857,10000,10000,10000,120000,10000,71069796048
WLT017323701287,208463804902,Full KYC,Active,18-05-2023,ESC2217299604175,200000,200000,200000,2400000,200000,8411496228371139
WLT903304912055,568868714027,Full KYC,Active,14-10-2024,ESC8497779537971,200000,200000,200000,2400000,200000,65707647324
WLT560282052710,247691241136,Full KYC,Active,18-10-2024,ESC9762201530849,200000,200000,200000,2400000,200000,31547400911
WLT405933898062,826142124019,Full KYC,Active,06-11-2024,ESC2297470322229,200000,200000,200000,2400000,200000,71997899339
WLT246046471498,916766154695,Minimum KYC,Active,11-06-2018,ESC5337741954830,10000,10000,10000,120000,10000,86226666569
WLT371133543415,136568242100,Minimum KYC,Active,06-02-2024,ESC3253128337392,10000,10000,10000,120000,10000,9326124595130727
WLT224284564911,618929013017,Full KYC,Active,04-01-2019,ESC9241469917576,200000,200000,200000,2400000,200000,88757634369
WLT181407355883,123285523055,Full KYC,Active,09-04-2021,ESC5764077897345,200000,200000,200000,2400000,200000,144545245709
WLT340958420450,468321096909,Full KYC,Active,25-03-2023,ESC4373792280068,200000,200000,200000,2400000,200000,45968659460605
WLT867680185441,591214143429,Minimum KYC,Active,06-01-2023,ESC9230285155356,10000,10000,10000,120000,10000,9104387939650
WLT522400886206,652436624808,Full KYC,Active,29-05-2019,ESC6009922305073,200000,200000,200000,2400000,200000,31416162212
WLT488970926686,639294042313,Full KYC,Active,18-08-2024,ESC6563515785516,200000,200000,200000,2400000,200000,13549112154969
WLT528833420106,480764249227,Full KYC,Active,28-06-2023,ESC6432725591400,200000,200000,200000,2400000,200000,88350835308
WLT728039795797,426129551412,Full KYC,Active,04-02-2022,ESC8823890647253,200000,200000,200000,2400000,200000,788932412911
WLT942821083067,483923215645,Minimum KYC,Active,20-09-2024,ESC7275756118568,10000,10000,10000,120000,10000,41528316039
WLT222226585867,707907602456,Minimum KYC,Closed,23-07-2022,ESC5832678322105,10000,10000,10000,120000,10000,86672041644
WLT787337768975,717873326831,Minimum KYC,Closed,04-03-2022,ESC6624708263537,10000,10000,10000,120000,10000,447116290335
WLT863285164642,259585539221,Minimum KYC,Active,26-11-2023,ESC5523873341592,10000,10000,10000,120000,10000,680967032319
WLT634786780845,296759877202,Full KYC,Active,01-06-2023,ESC5103485926906,200000,200000,200000,2400000,200000,10583315985262
WLT065420176359,533893182687,Minimum KYC,Active,02-08-2022,ESC3370621621900,10000,10000,10000,120000,10000,897331795856
WLT425617036090,300441160681,Full KYC,Active,26-11-2020,ESC4048429740467,200000,200000,200000,2400000,200000,44175056378253
WLT533450141307,774653390273,Minimum KYC,Active,27-07-2021,ESC2797604412361,10000,10000,10000,120000,10000,9105991273278
WLT771601420152,661607225341,Full KYC,Active,21-08-2024,ESC7996080144489,200000,200000,200000,2400000,200000,27104874230
WLT074021199905,495971905041,Full KYC,Active,17-07-2023,ESC4137868030429,200000,200000,200000,2400000,200000,9262242242124
WLT561437198791,210474879372,Minimum KYC,Active,15-04-2022,ESC4719228746581,10000,10000,10000,120000,10000,9592358434792
WLT043749065054,832347471829,Full KYC,Active,28-12-2016,ESC4920020685495,200000,200000,200000,2400000,200000,9240130021745
WLT140580430696,341433925551,Full KYC,Active,24-08-2024,ESC5803332974432,200000,200000,200000,2400000,200000,12279297076
WLT970401328305,501344318327,Full KYC,Active,31-05-2024,ESC4192449109264,200000,200000,200000,2400000,200000,845034826727
WLT475877667603,257303763006,Full KYC,Active,16-07-2020,ESC5448664522418,200000,200000,200000,2400000,200000,4592888094686
WLT116330625587,319881015035,Minimum KYC,Active,07-06-2024,ESC1466939593531,10000,10000,10000,120000,10000,92553557083105
WLT657400255066,264803129015,Minimum KYC,Active,01-01-2019,ESC6705668007828,10000,10000,10000,120000,10000,9180265718540
WLT216568884759,211073764326,Minimum KYC,Closed,27-08-2020,ESC3866135426216,10000,10000,10000,120000,10000,33938978598402
WLT215283359010,384819013473,Minimum KYC,Active,16-11-2022,ESC1438041861206,10000,10000,10000,120000,10000,815912327864
WLT220850168772,843306597305,Full KYC,Active,27-05-2021,ESC5066498206038,200000,200000,200000,2400000,200000,7418732061422732
WLT889272129268,756870213158,Full KYC,Active,31-03-2015,ESC5199824272823,200000,200000,200000,2400000,200000,31698232921
WLT788580783693,207389896742,Full KYC,Active,01-06-2024,ESC2209834959618,200000,200000,200000,2400000,200000,495400065264
WLT304705044740,337226234615,Full KYC,Closed,12-02-2020,ESC7406348278718,200000,200000,200000,2400000,200000,9142063671334
WLT295622063286,343237493349,Full KYC,Active,13-05-2024,ESC5164071304114,200000,200000,200000,2400000,200000,96885701450684
WLT521539735856,554069699321,Full KYC,Active,01-03-2024,ESC7441623892704,200000,200000,200000,2400000,200000,103805652145
WLT990009859994,493049218308,Minimum KYC,Active,06-11-2023,ESC3873762321895,10000,10000,10000,120000,10000,6484085002326
